protein_a,protein_b,score
TNFRSF1A,LTA,0.999
TNFRSF1A,BIRC2,0.999
TNFRSF1A,TRAF5,0.999
TNFRSF1A,CYLD,0.999
TNFRSF1A,TRADD,0.999
TNFRSF1A,IKBKB,0.999
TNFRSF1A,TNF,0.999
TNFRSF1A,CHUK,0.999
TNFRSF1A,RIPK1,0.999
TNFRSF1A,TRAF2,0.999
TNFRSF1A,BIRC3,0.999
TNFRSF1A,TNFRSF1B,0.999
TNFRSF1A,IKBKG,0.999
TNFRSF1A,FAS,0.999
TNFRSF1A,MAP3K7,0.999
TNFRSF1A,FADD,0.999
TNFRSF1A,CASP8,0.998
TNFRSF1A,TAB2,0.998
TNFRSF1A,FASLG,0.998
TNFRSF1A,SHARPIN,0.998
TNFRSF1A,RBCK1,0.998
TNFRSF1A,TBK1,0.998
TNFRSF1A,TNFAIP3,0.998
TNFRSF1A,IKBKE,0.998
TNFRSF1A,RNF31,0.998
MIF,CD74,0.999
MIF,CXCR2,0.993
MIF,CXCR4,0.991
MIF,COPS5,0.976
MIF,GOT2,0.929
MIF,GOT1,0.915
MIF,TAT,0.91
MIF,HPD,0.909
MIF,GOT1L1,0.907
MIF,IL4I1,0.902
MIF,CD44,0.863
MIF,CCL2,0.836
MIF,STAT4,0.78
MIF,KRT7,0.76
MIF,CCL5,0.756
MIF,SOD1,0.744
MIF,CXCL12,0.737
MIF,NME1,0.732
MIF,TP53,0.731
MIF,ACKR3,0.718
MIF,PARK7,0.718
MIF,IL6,0.708
DHODH,UMPS,0.999
DHODH,CAD,0.994
DHODH,GMPS,0.94
DHODH,CYB5R4,0.935
DHODH,CYB5RL,0.928
DHODH,CYB5R1,0.923
DHODH,CYB5R2,0.918
DHODH,CYB5R3,0.912
DHODH,DHFR2,0.91
DHODH,DHFR,0.888
DHODH,OXNAD1,0.869
DHODH,TYMP,0.864
DHODH,CPS1,0.86
DHODH,GOLT1B,0.855
DHODH,KISS1,0.855
DHODH,GOLT1A,0.855
DHODH,TMEM116,0.834
DHODH,GPR143,0.828
DHODH,NT5E,0.821
DHODH,DPYS,0.805
DHODH,FDXR,0.803
DHODH,UPP1,0.797
DHODH,OPLAH,0.797
DHODH,UPP2,0.79
DHODH,FADS6,0.789
CLNK,LAT,0.796
IL23A,IL12B,0.999
IL23A,IL23R,0.999
IL23A,IL12RB1,0.998
IL23A,TYK2,0.937
IL23A,JAK2,0.934
IL23A,IL12RB2,0.929
IL23A,IL17F,0.921
IL23A,IL17A,0.92
IL23A,IL22,0.892
IL23A,IL6,0.858
IL23A,IL10,0.838
IL23A,IL6ST,0.806
IL23A,IL22RA1,0.804
IL23A,STAT4,0.803
IL23A,IGHV3-43D,0.8
IL23A,IL27RA,0.797
IL23A,IL10RA,0.786
IL23A,IL4R,0.783
IL23A,IL27,0.78
IL23A,IL6R,0.776
IL23A,P4HB,0.75
IL23A,STAT3,0.75
IL23A,IL7R,0.748
IL23A,IL21R,0.747
IL23A,IL13RA1,0.745
IL12B,IL12A,0.999
IL12B,IL23A,0.999
IL12B,IL12RB1,0.998
IL12B,IL23R,0.986
IL12B,IL12RB2,0.958
IL12B,IGHV3-43D,0.902
IL12B,IFNGR1,0.867
IL12B,IL2RA,0.828
IL12B,TYK2,0.769
IL12B,P4HB,0.767
IL12B,CSF3R,0.759
IL12B,IL6R,0.757
IL12B,VAMP7,0.75
IL12B,IFNG,0.74
IL12B,IL10,0.725
IL12B,IL22RA2,0.723
IL12B,IL27RA,0.716
IL12B,TNF,0.714
IL12B,IFNAR1,0.709
IL12B,CNTFR,0.707
IL12B,IL21R,0.705
IL12B,IL10RB,0.7
NR3C1,FKBP5,0.999
NR3C1,HSP90AA1,0.999
NR3C1,NCOA2,0.998
NR3C1,HSP90AB1,0.998
NR3C1,PTGES3,0.997
NR3C1,NCOA1,0.997
NR3C1,FKBP4,0.996
NR3C1,NCOR1,0.995
NR3C1,STIP1,0.993
NR3C1,HSPA4,0.992
NR3C1,PPARGC1A,0.987
NR3C1,HSPA1L,0.985
NR3C1,STAT3,0.981
NR3C1,FOS,0.961
NR3C1,JUN,0.961
NR3C1,CREBBP,0.943
NR3C1,SMAD3,0.942
NR3C1,TP53,0.936
NR3C1,HSPA1B,0.935
NR3C1,NR3C2,0.929
NR3C1,HDAC1,0.929
NR3C1,SMARCA4,0.924
NR3C1,CREB1,0.924
NR3C1,CRY1,0.914
NR3C1,EP300,0.914
FLT3,FLT3LG,0.999
FLT3,KITLG,0.983
FLT3,CEBPA,0.981
FLT3,GRB2,0.972
FLT3,STAT3,0.971
FLT3,STAT5A,0.97
FLT3,STAT5B,0.97
FLT3,SPI1,0.965
FLT3,PIK3CA,0.958
FLT3,PIK3R1,0.956
FLT3,NPM1,0.943
FLT3,PIK3CD,0.94
FLT3,PIK3CB,0.93
FLT3,PIK3R2,0.922
FLT3,PIK3R3,0.92
FLT3,PTPRJ,0.905
FLT3,CSF1,0.9
FLT3,NRAS,0.9
FLT3,PTPN11,0.889
FLT3,FGF2,0.881
FLT3,CD34,0.88
FLT3,SOCS2,0.874
FLT3,IL3,0.867
FLT3,KRAS,0.865
FLT3,ASXL1,0.861
BACH2,MAF,0.993
BACH2,MAFG,0.981
BACH2,MAFK,0.98
BACH2,MAFF,0.955
BACH2,NCOR1,0.89
BACH2,IRF4,0.853
BACH2,NCOR2,0.851
BACH2,PRDM1,0.809
BACH2,PAX5,0.803
BACH2,AICDA,0.769
BACH2,BATF,0.764
BACH2,BATF3,0.711
BACH2,XBP1,0.709
BLK,FAM167A,0.978
BLK,CD79A,0.956
BLK,CD79B,0.921
BLK,BANK1,0.912
BLK,CD19,0.878
BLK,FCRLA,0.855
BLK,KLF11,0.828
BLK,STAT3,0.821
BLK,EGFR,0.807
BLK,PAX5,0.795
BLK,VPREB3,0.763
BLK,PAX4,0.758
BLK,POU2AF1,0.741
BLK,MS4A1,0.738
BLK,CD22,0.734
BLK,TNFAIP3,0.726
BLK,HNF1A,0.711
BLK,MTMR9,0.71
BLK,NIBAN3,0.705
CCL21,CXCL12,0.999
CCL21,ACKR4,0.999
CCL21,CXCR4,0.999
CCL21,CCR7,0.999
CCL21,CCL5,0.999
CCL21,CXCL11,0.999
CCL21,CXCL10,0.999
CCL21,CXCL2,0.999
CCL21,CXCL9,0.999
CCL21,CCL13,0.998
CCL21,PF4,0.998
CCL21,CCL17,0.998
CCL21,XCL1,0.998
CCL21,CCL24,0.998
CCL21,PPBP,0.998
CCL21,CCL28,0.997
CCL21,CXCR3,0.997
CCL21,CCL26,0.997
CCL21,CCL19,0.997
CCL21,CXCR5,0.997
CCL21,CXCL14,0.997
CCL21,XCL2,0.997
CCL21,CCL23,0.997
CCL21,CXCL17,0.995
CCL21,PF4V1,0.995
IL12RB2,IL12RB1,0.999
IL12RB2,JAK2,0.998
IL12RB2,STAT4,0.996
IL12RB2,IL27RA,0.995
IL12RB2,TYK2,0.994
IL12RB2,IL12A,0.971
IL12RB2,IL12B,0.958
IL12RB2,IFNG,0.949
IL12RB2,IL6,0.943
IL12RB2,IL10,0.93
IL12RB2,IL23A,0.929
IL12RB2,IL4,0.901
IL12RB2,TBX21,0.881
IL12RB2,STAT1,0.879
IL12RB2,JAK1,0.876
IL12RB2,STAT3,0.85
IL12RB2,IL15,0.849
IL12RB2,IL2,0.846
IL12RB2,IL22,0.824
IL12RB2,IL13,0.821
IL12RB2,IL5,0.821
IL12RB2,IL27,0.811
IL12RB2,IFNA2,0.788
IL12RB2,IL18R1,0.786
IL12RB2,IL7,0.784
ATP4A,ATP4B,0.999
ATP4A,PPA1,0.961
ATP4A,CYP2C19,0.948
ATP4A,GAST,0.935
ATP4A,ATP6V1B1,0.927
ATP4A,TCIRG1,0.927
ATP4A,PPA2,0.926
ATP4A,LHPP,0.913
ATP4A,ATP6V0A4,0.908
ATP4A,ATP12A,0.902
ATP4A,ATP6V0A1,0.893
ATP4A,HRH2,0.88
ATP4A,ATP6V0C,0.86
ATP4A,ATP6V0A2,0.838
ATP4A,CLCN7,0.835
ATP4A,ATP6V1D,0.83
ATP4A,CA2,0.797
ATP4A,ATP6V0E2,0.794
ATP4A,ALB,0.776
ATP4A,ACE,0.771
ATP4A,CYP3A4,0.738
ATP4A,SYP,0.732
ATP4A,ALG2,0.731
ATP4A,CBLIF,0.731
ATP4A,ATP1B1,0.718
PPAT,GART,0.999
PPAT,PAICS,0.999
PPAT,ADSL,0.997
PPAT,ATIC,0.995
PPAT,CAD,0.991
PPAT,PFAS,0.987
PPAT,PRPS2,0.975
PPAT,PRPS1,0.975
PPAT,GLUL,0.973
PPAT,PRPS1L1,0.966
PPAT,GFPT1,0.941
PPAT,GLS2,0.938
PPAT,GLS,0.937
PPAT,GFPT2,0.937
PPAT,MTHFD1,0.9
PPAT,GATB,0.89
PPAT,SHMT1,0.887
PPAT,GMPS,0.886
PPAT,SHMT2,0.863
PPAT,ACACA,0.846
PPAT,TMEM109,0.846
PPAT,MTHFD1L,0.845
PPAT,IMPDH2,0.839
PPAT,ACACB,0.823
PPAT,MMS19,0.82
CD80,CTLA4,0.999
CD80,CD86,0.999
CD80,CD274,0.999
CD80,CD28,0.999
CD80,CD40,0.999
CD80,ICAM1,0.998
CD80,PDCD1,0.998
CD80,CD40LG,0.998
CD80,ICOS,0.997
CD80,TNFRSF4,0.994
CD80,CD58,0.994
CD80,PDCD1LG2,0.993
CD80,LAG3,0.99
CD80,CD27,0.989
CD80,CD276,0.987
CD80,HAVCR2,0.972
CD80,TNFRSF9,0.963
CD80,IL10,0.962
CD80,CD8A,0.959
CD80,CD4,0.958
CD80,IFNG,0.943
CD80,B2M,0.939
CD80,SLC44A4,0.927
CD80,CD83,0.914
CD80,FOXP3,0.909
FCGR2A,SYK,0.995
FCGR2A,CRP,0.992
FCGR2A,APCS,0.97
FCGR2A,SRC,0.963
FCGR2A,LYN,0.962
FCGR2A,HCK,0.952
FCGR2A,LOC102723407,0.929
FCGR2A,FCGR1A,0.923
FCGR2A,FCGR3A,0.917
FCGR2A,FCER1G,0.907
FCGR2A,PF4,0.895
FCGR2A,FCGR2B,0.892
FCGR2A,IGF2,0.886
FCGR2A,PTPRC,0.886
FCGR2A,ITGAM,0.882
FCGR2A,ITGAX,0.875
FCGR2A,FCGRT,0.871
FCGR2A,FCAR,0.856
FCGR2A,CD4,0.837
FCGR2A,TLR4,0.818
FCGR2A,ITGB2,0.813
FCGR2A,CR1,0.791
FCGR2A,CD86,0.788
FCGR2A,TLR2,0.785
FCGR2A,CD8A,0.78
NFKBIE,REL,0.999
NFKBIE,RELA,0.999
NFKBIE,RELB,0.996
NFKBIE,NFKB1,0.995
NFKBIE,NFKBIB,0.993
NFKBIE,NFKBIA,0.987
NFKBIE,IKBKB,0.978
NFKBIE,CHUK,0.978
NFKBIE,IKBKG,0.968
NFKBIE,PPP6C,0.922
NFKBIE,PPP6R1,0.903
NFKBIE,NFKB2,0.901
NFKBIE,PPP6R2,0.893
NFKBIE,BTRC,0.751
NFKBIE,PPP6R3,0.75
NFKBIE,TNF,0.737
NFKBIE,PSMD10,0.723
NFKBIE,CARD11,0.722
NFKBIE,NFKBIZ,0.716
ARID5B,PHF2,0.976
ARID5B,CEBPE,0.917
ARID5B,C16orf87,0.852
ARID5B,SMARCB1,0.806
ARID5B,HDAC1,0.774
ARID5B,PBRM1,0.744
ARID5B,PIP4K2A,0.7
TNFSF4,TNFRSF4,0.999
TNFSF4,TNFRSF9,0.993
TNFSF4,CD27,0.986
TNFSF4,CD28,0.981
TNFSF4,CD40LG,0.958
TNFSF4,ICOS,0.942
TNFSF4,TNFSF9,0.907
TNFSF4,LOC102723996,0.904
TNFSF4,TNFRSF8,0.897
TNFSF4,TNFSF18,0.88
TNFSF4,CD40,0.873
TNFSF4,CD70,0.843
TNFSF4,TNFSF8,0.842
TNFSF4,ICOSLG,0.831
TNFSF4,TSLP,0.817
TNFSF4,CD276,0.813
TNFSF4,CTLA4,0.812
TNFSF4,CD274,0.79
TNFSF4,PDCD1LG2,0.775
TNFSF4,TNFRSF18,0.774
TNFSF4,IL10,0.757
TNFSF4,TNF,0.754
TNFSF4,PXK,0.735
TNFSF4,TNFRSF14,0.733
TNFSF4,CD80,0.73
AIRE,H3C12,0.989
AIRE,H3-4,0.987
AIRE,H3C13,0.983
AIRE,H3-2,0.983
AIRE,H3-3B,0.983
AIRE,H3-5,0.983
AIRE,H3C1,0.955
AIRE,H3C7,0.916
AIRE,H3C3,0.915
AIRE,H3-3A,0.915
AIRE,H3C6,0.915
AIRE,H3C15,0.915
AIRE,H3C11,0.915
AIRE,H3C8,0.915
AIRE,H3C14,0.915
AIRE,H3C10,0.915
AIRE,H3C2,0.915
AIRE,H3C4,0.915
AIRE,EGLN2,0.869
AIRE,NUDT10,0.839
AIRE,NLRP5,0.803
AIRE,LTBR,0.772
AIRE,PRKDC,0.766
AIRE,CHRNA1,0.764
AIRE,FOXN1,0.756
REL,NFKBIA,0.999
REL,NFKBIE,0.999
REL,NFKBIB,0.999
REL,NFKB2,0.999
REL,RELA,0.999
REL,NFKB1,0.999
REL,RELB,0.998
REL,CD40,0.992
REL,CHUK,0.967
REL,TBK1,0.957
REL,IKBKB,0.956
REL,BCL3,0.952
REL,NFKBID,0.952
REL,EP300,0.903
REL,TNIP2,0.899
REL,IKBKG,0.899
REL,TNF,0.899
REL,FOXP3,0.882
REL,MALT1,0.874
REL,CREB1,0.859
REL,ANK2,0.857
REL,ANK3,0.854
REL,ANK1,0.852
REL,NFKBIZ,0.84
REL,TP53,0.831
ERAP1,NUCB2,0.924
ERAP1,HLA-C,0.887
ERAP1,HLA-B,0.876
ERAP1,TPP2,0.868
ERAP1,TAPBP,0.827
ERAP1,IL23R,0.8
ERAP1,ANTXR2,0.776
ERAP1,TNF,0.728
RUNX1,RUNX1T1,0.999
RUNX1,ETS1,0.999
RUNX1,FOXP3,0.999
RUNX1,CBFB,0.999
RUNX1,HDAC1,0.998
RUNX1,TAL1,0.996
RUNX1,GATA2,0.996
RUNX1,CEBPA,0.994
RUNX1,SPI1,0.993
RUNX1,EP300,0.989
RUNX1,GATA3,0.989
RUNX1,GATA1,0.989
RUNX1,LMO2,0.988
RUNX1,MECOM,0.988
RUNX1,HDAC2,0.984
RUNX1,CSF1R,0.983
RUNX1,ETV6,0.983
RUNX1,RUNX3,0.98
RUNX1,CREBBP,0.977
RUNX1,CBFA2T3,0.976
RUNX1,TCF3,0.975
RUNX1,PML,0.974
RUNX1,TBX21,0.974
RUNX1,CTBP1,0.973
RUNX1,IL3,0.973
IL12A,IL12B,0.999
IL12A,EBI3,0.985
IL12A,IL12RB1,0.974
IL12A,IL12RB2,0.971
IL12A,LEPR,0.772
IL12A,STAT4,0.771
IL12A,P4HB,0.751
IL12A,VAMP7,0.75
IL12A,STAT1,0.75
IL12A,CSF3R,0.734
IL12A,IL4R,0.733
IL12A,IL23R,0.724
IL12A,IL22RA1,0.718
IL12A,IFNGR1,0.709
IL12A,IL6R,0.703
IL12A,IL27RA,0.702
IL12A,IL6ST,0.702
IL13,IL13RA1,0.999
IL13,IL4R,0.999
IL13,IL13RA2,0.999
IL13,IL4,0.993
IL13,IL5,0.991
IL13,STAT6,0.971
IL13,IFNG,0.961
IL13,TNF,0.957
IL13,IL6,0.957
IL13,IL1B,0.953
IL13,IL10,0.952
IL13,IL9,0.947
IL13,CCL11,0.944
IL13,IL1A,0.943
IL13,CXCL8,0.94
IL13,IL17A,0.94
IL13,IL33,0.937
IL13,CSF2,0.934
IL13,IL2,0.934
IL13,CCL2,0.932
IL13,IL2RG,0.932
IL13,CD4,0.931
IL13,IL6R,0.92
IL13,IL18,0.916
IL13,CCL17,0.913
RASGRP1,RAP1B,0.973
RASGRP1,RAP1A,0.967
RASGRP1,PLCG1,0.962
RASGRP1,NRAS,0.949
RASGRP1,HRAS,0.942
RASGRP1,KRAS,0.937
RASGRP1,SOS1,0.929
RASGRP1,SOS2,0.928
RASGRP1,RASGRP2,0.914
RASGRP1,DGKA,0.871
RASGRP1,GRB2,0.849
RASGRP1,RRAS2,0.839
RASGRP1,RASA4,0.827
RASGRP1,RABIF,0.827
RASGRP1,RASGRP3,0.817
RASGRP1,RRAS,0.812
RASGRP1,FERMT3,0.796
RASGRP1,MRAS,0.771
RASGRP1,LCP2,0.765
RASGRP1,GRAP2,0.727
RASGRP1,ITK,0.725
RASGRP1,DGKZ,0.714
PTPN2,STAT3,0.99
PTPN2,STAT1,0.978
PTPN2,JAK3,0.971
PTPN2,STAT4,0.965
PTPN2,JAK1,0.961
PTPN2,JAK2,0.957
PTPN2,TYK2,0.953
PTPN2,STAT6,0.953
PTPN2,STAT5A,0.948
PTPN2,STAT5B,0.948
PTPN2,STAT2,0.937
PTPN2,PTS,0.831
PTPN2,PTPN6,0.814
PTPN2,RMDN3,0.763
PTPN2,NKX2-3,0.752
PTPN2,SRC,0.74
PTPN2,EGFR,0.714
PTPN2,IL2RA,0.703
PTPN2,CLEC16A,0.7
UBASH3A,ZAP70,0.963
UBASH3A,CBL,0.961
UBASH3A,LCP2,0.867
UBASH3A,TRAT1,0.826
UBASH3A,EGFR,0.758
UBASH3A,UBC,0.753
TNIP1,TNFAIP3,0.999
TNIP1,TNF,0.997
TNIP1,TNFRSF1A,0.995
TNIP1,UBC,0.982
TNIP1,IKBKG,0.982
TNIP1,NFKB1,0.932
TNIP1,OPTN,0.922
TNIP1,UBB,0.9
TNIP1,TAX1BP1,0.871
TNIP1,TNIP2,0.821
TNIP1,IRF5,0.77
TNIP1,TBK1,0.755
TNIP1,SPATA2,0.74
WDFY4,LRRC18,0.727
IL17RA,IL17A,0.999
IL17RA,IL17F,0.999
IL17RA,IL17RB,0.999
IL17RA,IL25,0.999
IL17RA,IL17RE,0.999
IL17RA,IL17RC,0.998
IL17RA,IL17C,0.991
IL17RA,IL17RD,0.982
IL17RA,TRAF3IP2,0.976
IL17RA,IL17B,0.962
IL17RA,TRAF6,0.897
IL17RA,IL17D,0.886
IL17RA,TRAF3,0.876
IL17RA,IL6,0.85
IL17RA,IL22RA1,0.834
IL17RA,TNF,0.825
IL17RA,IL22,0.822
IL17RA,CXCL1,0.82
IL17RA,CXCL8,0.792
IL17RA,CD4,0.779
IL17RA,TRAF4,0.777
IL17RA,IL1B,0.774
IL17RA,IL23R,0.756
IL17RA,IL1R1,0.727
IL17RA,CSF3,0.726
IL23R,IL23A,0.999
IL23R,IL12RB1,0.999
IL23R,JAK2,0.995
IL23R,IL12B,0.986
IL23R,STAT3,0.98
IL23R,TYK2,0.979
IL23R,IL10,0.97
IL23R,IFNG,0.959
IL23R,IL22,0.947
IL23R,IL6,0.934
IL23R,IL17A,0.927
IL23R,IL17F,0.924
IL23R,STAT4,0.911
IL23R,IL4,0.909
IL23R,NOD2,0.909
IL23R,IL2,0.901
IL23R,RORC,0.875
IL23R,CSF2,0.84
IL23R,IFNA1,0.837
IL23R,TNF,0.833
IL23R,IL13,0.83
IL23R,IL9,0.821
IL23R,TBX21,0.818
IL23R,IL7,0.806
IL23R,CD4,0.804
C5orf30,UNC119,0.873
C5orf30,SPDEF,0.793
NOS2,CALM3,0.999
NOS2,CALML6,0.993
NOS2,CALML3,0.993
NOS2,CALML5,0.993
NOS2,CALML4,0.993
NOS2,ARG1,0.98
NOS2,CALM1,0.977
NOS2,AKT1,0.976
NOS2,ASS1,0.973
NOS2,ARG2,0.97
NOS2,ASL,0.954
NOS2,AKT2,0.942
NOS2,NOS1,0.939
NOS2,AZIN2,0.927
NOS2,OTC,0.922
NOS2,GATM,0.916
NOS2,NOS3,0.912
NOS2,PTGS2,0.908
NOS2,AKT3,0.904
NOS2,CALM2,0.903
NOS2,SPSB2,0.867
NOS2,IFNG,0.862
NOS2,TNF,0.858
NOS2,IL1B,0.803
NOS2,IL6,0.781
CD86,CTLA4,0.999
CD86,CD28,0.999
CD86,CD80,0.999
CD86,CD40LG,0.998
CD86,PDCD1,0.996
CD86,ICOS,0.996
CD86,CD27,0.992
CD86,TNFRSF4,0.99
CD86,CD40,0.988
CD86,CD276,0.988
CD86,ICAM1,0.985
CD86,LAG3,0.979
CD86,PDCD1LG2,0.972
CD86,CD274,0.972
CD86,HAVCR2,0.971
CD86,IL10,0.966
CD86,CD4,0.958
CD86,IFNG,0.943
CD86,CD8A,0.933
CD86,CD83,0.926
CD86,TNFRSF9,0.925
CD86,TNF,0.922
CD86,IL4,0.917
CD86,ITGAM,0.913
CD86,ITGAX,0.912
SYNGR1,SYNPR,0.926
SYNGR1,SYP,0.795
SYNGR1,TAB1,0.783
SYNGR1,SYT1,0.715
ATP4B,ATP4A,0.999
ATP4B,ATP12A,0.995
ATP4B,PPA1,0.916
ATP4B,LHPP,0.912
ATP4B,PPA2,0.909
ATP4B,CBLIF,0.875
ATP4B,FXYD2,0.805
ATP4B,ATP1A2,0.77
ATP4B,ATP1A4,0.769
ATP4B,ATP1A3,0.768
ATP4B,ATP1A1,0.763
ATP4B,LIPF,0.757
ATP4B,ATP7B,0.731
ETV7,ETV6,0.971
ETV7,BATF2,0.866
ANKRD55,IFT52,0.84
ANKRD55,IFT46,0.832
ANKRD55,IFT74,0.819
ANKRD55,TTC30A,0.804
ANKRD55,TTC30B,0.778
PDE4B,DISC1,0.998
PDE4B,ALDH7A1,0.942
PDE4B,ENPP1,0.924
PDE4B,ADK,0.92
PDE4B,ENPP3,0.914
PDE4B,AK3,0.911
PDE4B,DCK,0.909
PDE4B,APRT,0.907
PDE4B,ADSL,0.9
PDE4B,ADCY8,0.878
PDE4B,ADCY3,0.863
PDE4B,PRKACB,0.846
PDE4B,PRKACA,0.844
PDE4B,PRKACG,0.842
PDE4B,ADCY7,0.841
PDE4B,NDEL1,0.805
PDE4B,NDE1,0.802
PDE4B,ADCY6,0.798
PDE4B,ADCY5,0.797
PDE4B,PPP1R1B,0.792
PDE4B,ADCY9,0.789
PDE4B,ADCY1,0.788
PDE4B,CACNA1C,0.775
PDE4B,ADCY2,0.773
PDE4B,ADCY4,0.773
NKX2-3,MADCAM1,0.756
NKX2-3,PTPN2,0.752
CCR6,CCL20,0.999
CCR6,DEFB4A,0.997
CCR6,CCL2,0.996
CCR6,DEFB1,0.994
CCR6,CXCL16,0.99
CCR6,CCL19,0.989
CCR6,DEFB103A,0.987
CCR6,CCR2,0.986
CCR6,CXCL9,0.98
CCR6,CCL3,0.973
CCR6,CCL5,0.965
CCR6,CCL4,0.965
CCR6,CCL17,0.964
CCR6,CXCL13,0.958
CCR6,CXCL12,0.957
CCR6,CXCL10,0.946
CCR6,CCL21,0.945
CCR6,CCL1,0.942
CCR6,CCL22,0.937
CCR6,CCL27,0.928
CCR6,CCR1,0.927
CCR6,CCR3,0.921
CCR6,GNAQ,0.913
CCR6,CCL25,0.9
CCR6,CXCL8,0.9
IFNAR2,IFNAR1,0.999
IFNAR2,TYK2,0.999
IFNAR2,IFNB1,0.999
IFNAR2,IFNA1,0.999
IFNAR2,JAK1,0.999
IFNAR2,USP18,0.999
IFNAR2,IFNA2,0.999
IFNAR2,STAT1,0.998
IFNAR2,STAT2,0.997
IFNAR2,IFNW1,0.997
IFNAR2,IFNE,0.995
IFNAR2,IFNGR1,0.992
IFNAR2,IFNK,0.991
IFNAR2,IFNG,0.986
IFNAR2,RACK1,0.976
IFNAR2,JAK2,0.968
IFNAR2,IL10RB,0.947
IFNAR2,IFNA17,0.937
IFNAR2,JAK3,0.935
IFNAR2,IRF9,0.914
IFNAR2,IFNL1,0.908
IFNAR2,IFNA8,0.902
IFNAR2,IFNL2,0.897
IFNAR2,IFNGR2,0.893
IFNAR2,IFNA5,0.889
SH2B3,JAK2,0.988
SH2B3,GRB2,0.972
SH2B3,NTRK3,0.927
SH2B3,SH2B1,0.916
SH2B3,NTRK1,0.916
SH2B3,NTRK2,0.905
SH2B3,ASXL1,0.888
SH2B3,KIT,0.875
SH2B3,TET2,0.839
SH2B3,TAGAP,0.812
SH2B3,THPO,0.79
SH2B3,FLT3,0.777
SH2B3,LCK,0.768
SH2B3,ATXN2,0.765
SH2B3,NAA25,0.76
SH2B3,MPL,0.757
SH2B3,EZH2,0.746
SH2B3,CLEC16A,0.727
PDE4D,PDE4DIP,0.984
PDE4D,PRKACA,0.968
PDE4D,AKAP6,0.944
PDE4D,ARRB2,0.933
PDE4D,DCK,0.932
PDE4D,ADK,0.923
PDE4D,PRKACB,0.919
PDE4D,PRKACG,0.918
PDE4D,ALDH7A1,0.91
PDE4D,ENPP1,0.91
PDE4D,RAPGEF3,0.91
PDE4D,AK3,0.91
PDE4D,APRT,0.908
PDE4D,ENPP3,0.907
PDE4D,ADSL,0.9
PDE4D,AKAP1,0.892
PDE4D,RACK1,0.88
PDE4D,ARRB1,0.873
PDE4D,AKAP7,0.872
PDE4D,AKAP12,0.825
PDE4D,ADCY5,0.816
PDE4D,AKAP9,0.809
PDE4D,ADCY9,0.806
PDE4D,ADCY6,0.801
PDE4D,ADCY7,0.798
TRAF3IP2,TRAF3,0.988
TRAF3IP2,IL17RA,0.976
TRAF3IP2,TRAF6,0.968
TRAF3IP2,IKBKG,0.937
TRAF3IP2,IKBKB,0.885
TRAF3IP2,IL17RC,0.865
TRAF3IP2,IL17A,0.849
TRAF3IP2,TRAF5,0.848
TRAF3IP2,IL17RB,0.755
TRAF3IP2,HSP90AA1,0.749
TRAF3IP2,CHUK,0.746
TRAF3IP2,TNFAIP3,0.737
TRAF3IP2,CD40,0.716
TRAF3IP2,TRAF2,0.713
SPRED2,SPRED1,0.892
SPRED2,NF1,0.884
SPRED2,NBR1,0.809
SPRED2,KRAS,0.742
SPRED2,FGFRL1,0.718
SPRED2,SPRY4,0.709
PTGER3,GNAI1,0.994
PTGER3,GNB1,0.969
PTGER3,GNAS,0.939
PTGER3,GNG2,0.934
PTGER3,GNAQ,0.919
PTGER3,GNAI3,0.915
PTGER3,GNAI2,0.914
PTGER3,PTGS2,0.802
PTGER3,GNG7,0.791
PTGER3,GNB3,0.79
PTGER3,GHRL,0.781
PTGER3,EDN1,0.757
PTGER3,PTGES,0.749
PTGER3,PTGDR2,0.745
PTGER3,OXT,0.744
PTGER3,TSNAX,0.738
PTGER3,GNGT1,0.728
PTGER3,GNA15,0.718
PTGER3,GNB4,0.71
PTGER3,DISC1,0.706
PTGER3,NPY,0.706
PTGER3,GNB2,0.706
PTGER3,GNB5,0.702
PTGER3,PTGS1,0.7
PTGER3,EDN3,0.7
STAT4,IL12RB2,0.996
STAT4,STAT1,0.994
STAT4,IL12RB1,0.99
STAT4,JAK1,0.988
STAT4,IFNG,0.981
STAT4,JAK2,0.977
STAT4,IRF9,0.977
STAT4,STAT3,0.973
STAT4,TYK2,0.973
STAT4,JAK3,0.973
STAT4,PTPN2,0.965
STAT4,CISH,0.959
STAT4,STAT2,0.946
STAT4,IL10,0.941
STAT4,STAT6,0.932
STAT4,IL23R,0.911
STAT4,TBX21,0.908
STAT4,FHL1,0.9
STAT4,IRF5,0.863
STAT4,IFNAR1,0.862
STAT4,IL6,0.861
STAT4,PTPN22,0.84
STAT4,CD4,0.832
STAT4,STAT5A,0.832
STAT4,STAT5B,0.827
PTPN22,CSK,0.999
PTPN22,HLA-DRB1,0.968
PTPN22,PSTPIP1,0.957
PTPN22,C1QBP,0.943
PTPN22,LCK,0.924
PTPN22,ZAP70,0.91
PTPN22,CD8A,0.91
PTPN22,HLA-DQA1,0.879
PTPN22,PADI4,0.867
PTPN22,CTLA4,0.864
PTPN22,JAK1,0.857
PTPN22,HLA-DQB1,0.847
PTPN22,STAT4,0.84
PTPN22,CD247,0.816
PTPN22,FCRL3,0.809
PTPN22,TRAF3,0.808
PTPN22,TNFAIP3,0.807
PTPN22,IRF5,0.803
PTPN22,CD4,0.793
PTPN22,BANK1,0.769
PTPN22,HLA-DRA,0.769
PTPN22,HLA-DPA1,0.766
PTPN22,IL2RA,0.733
PTPN22,TRAF1,0.723
PTPN22,VAV1,0.715
TLR9,MYD88,0.999
TLR9,HMGB1,0.997
TLR9,TLR7,0.992
TLR9,IRAK1,0.988
TLR9,TIRAP,0.988
TLR9,TRAF6,0.982
TLR9,TLR4,0.979
TLR9,IL1B,0.975
TLR9,UNC93B1,0.97
TLR9,TICAM1,0.969
TLR9,IRF7,0.969
TLR9,CAMP,0.967
TLR9,TLR2,0.961
TLR9,TICAM2,0.943
TLR9,IRAK4,0.942
TLR9,NOD2,0.92
TLR9,BTK,0.911
TLR9,DDX58,0.902
TLR9,IFNA1,0.899
TLR9,IL1A,0.897
TLR9,TNF,0.896
TLR9,IL6,0.895
TLR9,IRF3,0.895
TLR9,IFNG,0.891
TLR9,IFNB1,0.874
PTGS1,PTGIS,0.973
PTGS1,PTGES,0.973
PTGS1,ALOX5,0.97
PTGS1,PTGES2,0.962
PTGS1,ALOX15,0.96
PTGS1,ALOX12,0.96
PTGS1,PTGES3,0.956
PTGS1,PTGDS,0.949
PTGS1,HPGDS,0.946
PTGS1,PTGS2,0.946
PTGS1,ALOX15B,0.939
PTGS1,CYP2C9,0.936
PTGS1,CYP2C19,0.935
PTGS1,CYP2E1,0.921
PTGS1,ALOX12B,0.92
PTGS1,CYP2C8,0.92
PTGS1,CYP2B6,0.918
PTGS1,CYP4A11,0.915
PTGS1,PLA2G4A,0.914
PTGS1,CYP4F2,0.914
PTGS1,CYP4F3,0.913
PTGS1,CYP2J2,0.912
PTGS1,CYP4F8,0.909
PTGS1,CYP4A22,0.904
PTGS1,CYP2U1,0.902
TAGAP,RSPH3,0.837
TAGAP,SH2B3,0.812
TAGAP,RGS1,0.799
TAGAP,KIAA1109,0.74
PTGS2,PTGIS,0.988
PTGS2,PTGES,0.982
PTGS2,CXCL8,0.975
PTGS2,IL1B,0.974
PTGS2,TP53,0.974
PTGS2,ALOX5,0.973
PTGS2,PTGES2,0.963
PTGS2,ALOX15,0.963
PTGS2,PLA2G4A,0.962
PTGS2,IL6,0.96
PTGS2,PTGES3,0.954
PTGS2,ALOX12,0.947
PTGS2,CYP4F3,0.946
PTGS2,PTGS1,0.946
PTGS2,PTGDS,0.945
PTGS2,HPGDS,0.944
PTGS2,CYP4F8,0.944
PTGS2,CYP2E1,0.943
PTGS2,CYP2C8,0.943
PTGS2,CYP4F2,0.942
PTGS2,ALOX15B,0.941
PTGS2,CYP2C9,0.936
PTGS2,STAT3,0.93
PTGS2,PLA2G10,0.927
PTGS2,CYP2C19,0.927
NCF2,NCF4,0.999
NCF2,RAC1,0.999
NCF2,NOX1,0.999
NCF2,CYBB,0.999
NCF2,RAC2,0.999
NCF2,NCF1,0.999
NCF2,CYBA,0.999
NCF2,NOXO1,0.999
NCF2,NOX4,0.998
NCF2,NOXA1,0.995
NCF2,AKT1,0.994
NCF2,NOX3,0.983
NCF2,DUOX1,0.979
NCF2,DUOX2,0.958
NCF2,MT-CYB,0.95
NCF2,MMP9,0.941
NCF2,PRKCD,0.94
NCF2,NOX5,0.937
NCF2,MAPK3,0.935
NCF2,RAP1A,0.934
NCF2,VCAM1,0.928
NCF2,PRKCB,0.922
NCF2,MMP2,0.917
NCF2,MAPK1,0.915
NCF2,RAP2B,0.904
FCRL3,ZAP70,0.83
FCRL3,PTPN22,0.809
FCRL3,SYK,0.8
FCRL3,PIGR,0.757
FCRL3,PTPN11,0.741
FCRL3,MS4A1,0.7
IL6R,IL6ST,0.999
IL6R,IL6,0.999
IL6R,IL11,0.993
IL6R,STAT3,0.993
IL6R,JAK1,0.986
IL6R,TNF,0.982
IL6R,CNTF,0.978
IL6R,IL1B,0.975
IL6R,JAK2,0.963
IL6R,TYK2,0.962
IL6R,SHC1,0.942
IL6R,SRC,0.937
IL6R,SOCS3,0.936
IL6R,IL10,0.923
IL6R,IL13,0.92
IL6R,TNFRSF1A,0.916
IL6R,PLCG1,0.91
IL6R,CNTFR,0.91
IL6R,PLCG2,0.91
IL6R,IGLL5,0.908
IL6R,IL7,0.908
IL6R,GAB1,0.906
IL6R,IL4,0.905
IL6R,SHC4,0.904
IL6R,SHC3,0.901
CD2,CD58,0.999
CD2,CD48,0.998
CD2,CD8A,0.998
CD2,CD4,0.996
CD2,CD5,0.994
CD2,ICAM1,0.992
CD2,CD2BP2,0.992
CD2,CD2AP,0.991
CD2,LCK,0.986
CD2,CD28,0.985
CD2,CD7,0.979
CD2,CD3E,0.959
CD2,PSTPIP1,0.958
CD2,CD3D,0.956
CD2,CD59,0.952
CD2,CD6,0.95
CD2,CD247,0.944
CD2,CD19,0.942
CD2,CD53,0.941
CD2,CD3G,0.93
CD2,ITGAL,0.925
CD2,GZMA,0.923
CD2,FCGR3A,0.922
CD2,NCAM1,0.921
CD2,KLRB1,0.918
PHTF1,RSBN1,0.872
PHTF1,HNF1A,0.791
PHTF1,MAGI3,0.767
CD40,CD80,0.999
CD40,TRAF3,0.999
CD40,TRAF6,0.999
CD40,CD40LG,0.999
CD40,CD28,0.997
CD40,TRAF2,0.996
CD40,TRAF5,0.993
CD40,REL,0.992
CD40,TNF,0.992
CD40,HSPA4,0.991
CD40,RELA,0.991
CD40,CD86,0.988
CD40,ICOS,0.987
CD40,SELP,0.985
CD40,TNFRSF13C,0.984
CD40,LOC102723996,0.976
CD40,CTLA4,0.973
CD40,ICAM1,0.972
CD40,BIRC2,0.972
CD40,TRAF1,0.968
CD40,TNFSF13B,0.959
CD40,ICOSLG,0.957
CD40,TNFRSF8,0.952
CD40,CD83,0.951
CD40,FASLG,0.95
TRAF1,BIRC3,0.999
TRAF1,TRADD,0.999
TRAF1,TRAF2,0.999
TRAF1,BIRC2,0.999
TRAF1,TNFRSF1B,0.997
TRAF1,TNFRSF1A,0.995
TRAF1,RIPK1,0.988
TRAF1,TNFRSF9,0.984
TRAF1,TANK,0.979
TRAF1,TNFAIP3,0.979
TRAF1,CASP8,0.973
TRAF1,CD40,0.968
TRAF1,CFLAR,0.961
TRAF1,XIAP,0.956
TRAF1,TNF,0.948
TRAF1,TNFRSF8,0.922
TRAF1,TRAIP,0.896
TRAF1,TRAF6,0.89
TRAF1,FADD,0.888
TRAF1,MAP3K14,0.868
TRAF1,TNFRSF14,0.847
TRAF1,EDA2R,0.828
TRAF1,TRAF3,0.826
TRAF1,MAP3K5,0.824
TRAF1,IKBKG,0.815
ALOX5,ALOX5AP,0.998
ALOX5,LTA4H,0.992
ALOX5,COTL1,0.989
ALOX5,LTC4S,0.986
ALOX5,PTGS2,0.973
ALOX5,PTGS1,0.97
ALOX5,CYP2C9,0.955
ALOX5,CYP2C19,0.953
ALOX5,GPX3,0.94
ALOX5,GPX2,0.939
ALOX5,GPX7,0.937
ALOX5,CYP2J2,0.937
ALOX5,GPX8,0.937
ALOX5,GPX5,0.937
ALOX5,GPX6,0.937
ALOX5,CYP4F3,0.934
ALOX5,CYP4F2,0.93
ALOX5,PLA2G4A,0.925
ALOX5,CYP2C8,0.924
ALOX5,CYP4A11,0.922
ALOX5,CYP2E1,0.92
ALOX5,CYP2B6,0.917
ALOX5,ALOX15B,0.916
ALOX5,ALOX15,0.914
ALOX5,ALOX12,0.914
PADI4,H3C13,0.956
PADI4,H3C12,0.94
PADI4,H3-2,0.905
PADI4,H3-4,0.905
PADI4,H3-3B,0.905
PADI4,H3-5,0.905
PADI4,ELANE,0.877
PADI4,PTPN22,0.867
PADI4,TP53,0.861
PADI4,PRTN3,0.86
PADI4,MPO,0.84
PADI4,SLC22A4,0.775
PADI4,CTSG,0.754
PADI4,TRAF1,0.754
PADI4,ING4,0.72
PADI2,H3C13,0.807
PADI2,H3C12,0.801
PADI2,POFUT2,0.777
HRH2,GNAS,0.951
HRH2,ATP12A,0.88
HRH2,ATP4A,0.88
HRH2,GNAL,0.799
HRH2,HDC,0.799
HRH2,GAST,0.765
CD83,CD1B,0.962
CD83,CD40,0.951
CD83,CD1C,0.942
CD83,CD86,0.926
CD83,TNF,0.923
CD83,CD1E,0.916
CD83,CD1D,0.914
CD83,CD80,0.914
CD83,CD1A,0.888
CD83,CCR7,0.876
CD83,CCL3,0.823
CD83,IL10,0.823
CD83,ITGAX,0.8
CD83,CSF2,0.8
CD83,CD68,0.793
CD83,CD19,0.793
CD83,IL4,0.792
CD83,CD209,0.787
CD83,CD4,0.754
CD83,IL6,0.742
CD83,IFNG,0.74
CD83,IL1B,0.727
CD83,CD8A,0.726
CD83,CD28,0.724
CD83,CD40LG,0.715
GATA3,FOXA1,0.997
GATA3,TBX21,0.997
GATA3,TAL1,0.993
GATA3,RUNX1,0.989
GATA3,ESR1,0.982
GATA3,STAT6,0.971
GATA3,EP300,0.959
GATA3,LDB1,0.932
GATA3,USP21,0.924
GATA3,IL4,0.911
GATA3,HDAC1,0.911
GATA3,ETS1,0.907
GATA3,CD4,0.899
GATA3,FOXP3,0.898
GATA3,JUN,0.897
GATA3,BMI1,0.892
GATA3,IFNG,0.89
GATA3,NRIP1,0.889
GATA3,TCF3,0.885
GATA3,STAT3,0.883
GATA3,IL13,0.882
GATA3,YY1,0.877
GATA3,IL5,0.876
GATA3,LMO2,0.871
GATA3,FOS,0.868
IL2RA,IL2,0.999
IL2RA,IL2RG,0.999
IL2RA,IL2RB,0.999
IL2RA,JAK3,0.996
IL2RA,STAT5A,0.995
IL2RA,STAT5B,0.989
IL2RA,IL15,0.989
IL2RA,IL4,0.984
IL2RA,JAK1,0.978
IL2RA,IL7,0.972
IL2RA,IL10,0.972
IL2RA,FOXP3,0.97
IL2RA,IFNG,0.967
IL2RA,IL15RA,0.954
IL2RA,IL6,0.953
IL2RA,CD8A,0.943
IL2RA,CD4,0.936
IL2RA,IL7R,0.914
IL2RA,IL5,0.912
IL2RA,RHOA,0.91
IL2RA,IL9,0.905
IL2RA,IL13,0.905
IL2RA,RUNX1,0.896
IL2RA,IL3,0.894
IL2RA,TNFRSF18,0.888
TLR7,MYD88,0.999
TLR7,TLR8,0.997
TLR7,UNC93B1,0.997
TLR7,TLR9,0.992
TLR7,IRAK1,0.972
TLR7,IRAK4,0.963
TLR7,TLR3,0.962
TLR7,IRF7,0.96
TLR7,TLR4,0.94
TLR7,TRAF6,0.927
TLR7,DDX58,0.92
TLR7,IFNA1,0.92
TLR7,HMGB1,0.897
TLR7,IFNB1,0.891
TLR7,IL6,0.888
TLR7,IRF3,0.886
TLR7,TNF,0.88
TLR7,IFNA2,0.868
TLR7,IFNG,0.867
TLR7,IRAK2,0.867
TLR7,IL1B,0.865
TLR7,IFNL1,0.856
TLR7,IFIH1,0.855
TLR7,CD4,0.834
TLR7,PTPRC,0.821
PDE4A,DISC1,0.993
PDE4A,AKAP1,0.973
PDE4A,ALDH7A1,0.972
PDE4A,PRKACA,0.966
PDE4A,PRKACG,0.964
PDE4A,PRKACB,0.964
PDE4A,ARRB1,0.952
PDE4A,AKAP6,0.941
PDE4A,ARRB2,0.938
PDE4A,ADK,0.92
PDE4A,APRT,0.909
PDE4A,ENPP1,0.907
PDE4A,ENPP3,0.907
PDE4A,AK3,0.904
PDE4A,DCK,0.904
PDE4A,ADSL,0.9
PDE4A,RAPGEF3,0.897
PDE4A,ADCY5,0.85
PDE4A,ADCY6,0.847
PDE4A,RACK1,0.842
PDE4A,ADCY8,0.838
PDE4A,CAMK2A,0.832
PDE4A,ADCY9,0.83
PDE4A,ADCY3,0.822
PDE4A,ADCY7,0.82
IRF4,SPI1,0.998
IRF4,BATF,0.995
IRF4,MYD88,0.983
IRF4,STAT6,0.975
IRF4,STAT3,0.973
IRF4,PAX5,0.95
IRF4,BCL6,0.942
IRF4,PRDM1,0.938
IRF4,SPIB,0.933
IRF4,TRAF6,0.903
IRF4,FOXP3,0.896
IRF4,PPARGC1A,0.878
IRF4,GATA3,0.853
IRF4,BACH2,0.853
IRF4,JUN,0.842
IRF4,DEF6,0.829
IRF4,IL9,0.828
IRF4,IL2,0.821
IRF4,XBP1,0.814
IRF4,STAT1,0.81
IRF4,IL4,0.807
IRF4,SDC1,0.801
IRF4,CD38,0.797
IRF4,NFATC2,0.782
IRF4,BATF3,0.77
JAK2,STAT1,0.999
JAK2,LEPR,0.999
JAK2,STAT5A,0.999
JAK2,SOCS3,0.999
JAK2,EPOR,0.999
JAK2,IFNGR2,0.999
JAK2,STAT3,0.999
JAK2,IFNGR1,0.999
JAK2,STAT5B,0.999
JAK2,GHR,0.999
JAK2,JAK1,0.999
JAK2,SOCS1,0.999
JAK2,IL12RB2,0.998
JAK2,IL12RB1,0.998
JAK2,PTPN11,0.998
JAK2,IFNG,0.998
JAK2,TYK2,0.997
JAK2,IRS1,0.996
JAK2,IL6,0.995
JAK2,PRLR,0.995
JAK2,IL23R,0.995
JAK2,SHC1,0.993
JAK2,IL6ST,0.993
JAK2,IL13RA1,0.992
JAK2,CSF2RB,0.992
IFNGR2,JAK2,0.999
IFNGR2,IFNG,0.999
IFNGR2,IFNGR1,0.999
IFNGR2,JAK1,0.998
IFNGR2,CYC1,0.933
IFNGR2,UQCRQ,0.924
IFNGR2,UQCRC2,0.914
IFNGR2,STAT1,0.912
IFNGR2,UQCRB,0.908
IFNGR2,IL12RB1,0.9
IFNGR2,IFNAR2,0.893
IFNGR2,UQCRFS1,0.866
IFNGR2,UQCR10,0.854
IFNGR2,STAT2,0.84
IFNGR2,IFNA1,0.818
IFNGR2,IFNAR1,0.817
IFNGR2,TYK2,0.803
IFNGR2,IFNLR1,0.776
IFNGR2,UQCRC1,0.77
IFNGR2,PMPCB,0.769
IFNGR2,SOCS3,0.75
IFNGR2,DNAJA3,0.738
IFNGR2,SOCS1,0.719
IFNGR2,IL13RA1,0.708
IFNGR2,IRF9,0.703
ETS1,RUNX1,0.999
ETS1,PAX5,0.996
ETS1,MAPK1,0.992
ETS1,FOXO1,0.978
ETS1,TP53,0.972
ETS1,ETS2,0.958
ETS1,EP300,0.954
ETS1,MAPK3,0.945
ETS1,NFKB2,0.945
ETS1,SRF,0.919
ETS1,GATA3,0.907
ETS1,CREBBP,0.895
ETS1,TBX21,0.876
ETS1,CREB1,0.873
ETS1,JUN,0.873
ETS1,MAFB,0.87
ETS1,STAT5B,0.839
ETS1,GATA1,0.833
ETS1,DAXX,0.83
ETS1,CBFB,0.825
ETS1,SMAD3,0.816
ETS1,RUNX2,0.812
ETS1,CEBPA,0.806
ETS1,TAL1,0.789
ETS1,CDKN2A,0.786
BCL2L11,MCL1,0.999
BCL2L11,BCL2L1,0.999
BCL2L11,BCL2,0.999
BCL2L11,DYNLL1,0.999
BCL2L11,BCL2A1,0.999
BCL2L11,BCL2L2,0.999
BCL2L11,BAK1,0.998
BCL2L11,BAX,0.998
BCL2L11,PMAIP1,0.996
BCL2L11,BCL2L10,0.993
BCL2L11,BECN1,0.987
BCL2L11,FOXO3,0.984
BCL2L11,BID,0.982
BCL2L11,BBC3,0.971
BCL2L11,MAPK3,0.97
BCL2L11,BIK,0.968
BCL2L11,DDIT3,0.956
BCL2L11,MAPK1,0.953
BCL2L11,MAPK8,0.948
BCL2L11,BAD,0.918
BCL2L11,BMF,0.901
BCL2L11,CYCS,0.899
BCL2L11,FASLG,0.893
BCL2L11,APAF1,0.893
BCL2L11,VDAC1,0.889
SUOX,ETHE1,0.985
SUOX,TST,0.982
SUOX,PAPSS2,0.979
SUOX,MOCS1,0.978
SUOX,MPST,0.977
SUOX,PAPSS1,0.976
SUOX,MOCS2,0.969
SUOX,AOX1,0.966
SUOX,CYB5R3,0.951
SUOX,CYB5R1,0.948
SUOX,CYB5R2,0.942
SUOX,CYCS,0.909
SUOX,GPHN,0.908
SUOX,SQOR,0.865
SUOX,NPVF,0.76
SUOX,CTH,0.748
SUOX,XDH,0.726
SUOX,MOCS3,0.717
SUOX,CDO1,0.71
RUNX3,CBFB,0.999
RUNX3,TBX21,0.991
RUNX3,RUNX1,0.98
RUNX3,CTNNB1,0.977
RUNX3,ZFHX3,0.955
RUNX3,SMAD3,0.954
RUNX3,EP300,0.948
RUNX3,TP53,0.936
RUNX3,RUNX2,0.933
RUNX3,SRC,0.933
RUNX3,IKZF1,0.903
RUNX3,TCF7L2,0.899
RUNX3,SUV39H1,0.862
RUNX3,TGFB1,0.859
RUNX3,CCND1,0.855
RUNX3,IKZF3,0.85
RUNX3,RORC,0.848
RUNX3,CDKN1A,0.846
RUNX3,TCF7,0.84
RUNX3,MYC,0.837
RUNX3,MDM2,0.836
RUNX3,LEF1,0.834
RUNX3,RBPJ,0.83
RUNX3,HNF4A,0.829
RUNX3,SPP1,0.827
IL6,IL6R,0.999
IL6,IL2,0.999
IL6,IL6ST,0.999
IL6,IL3,0.998
IL6,IL1R1,0.997
IL6,TNFRSF1A,0.997
IL6,IL10,0.997
IL6,IL1B,0.996
IL6,JAK1,0.996
IL6,JAK2,0.995
IL6,TNF,0.994
IL6,NFKB1,0.994
IL6,CXCL8,0.991
IL6,IL9,0.99
IL6,JUN,0.989
IL6,IL1A,0.989
IL6,CSF3,0.988
IL6,IL4,0.986
IL6,RELA,0.986
IL6,TYK2,0.986
IL6,CCL2,0.985
IL6,STAT3,0.984
IL6,IL7,0.983
IL6,IFNG,0.983
IL6,CXCL1,0.982
IL1R1,IL1B,0.999
IL1R1,TRAF6,0.999
IL1R1,IL1A,0.999
IL1R1,IRAK1,0.999
IL1R1,IL1RAP,0.999
IL1R1,IL1RN,0.999
IL1R1,MYD88,0.999
IL1R1,IL1R2,0.997
IL1R1,IL6,0.997
IL1R1,TNF,0.996
IL1R1,IRAK4,0.996
IL1R1,IL33,0.99
IL1R1,TIRAP,0.986
IL1R1,TOLLIP,0.971
IL1R1,IL1RL2,0.966
IL1R1,IRAK2,0.966
IL1R1,IL18,0.965
IL1R1,TLR4,0.944
IL1R1,IL1RL1,0.938
IL1R1,IL36RN,0.924
IL1R1,TNFRSF1A,0.921
IL1R1,IL10,0.917
IL1R1,IL1F10,0.898
IL1R1,IRAK3,0.877
IL1R1,CASP1,0.876
AFF3,MLLT3,0.964
AFF3,MLLT1,0.959
AFF3,CDK9,0.947
AFF3,EAF1,0.9
AFF3,AFF4,0.835
AFF3,ELL,0.834
AFF3,ELL2,0.782
AFF3,CCNT1,0.771
AFF3,AFF1,0.769
AFF3,ELL3,0.701
EOMES,CD8A,0.92
EOMES,TBXT,0.916
EOMES,SMAD2,0.914
EOMES,GZMK,0.9
EOMES,MIXL1,0.894
EOMES,CTNNB1,0.884
EOMES,FOXH1,0.882
EOMES,SMAD3,0.871
EOMES,KLRG1,0.858
EOMES,TCF7,0.854
EOMES,SOX2,0.848
EOMES,GZMB,0.843
EOMES,PRF1,0.839
EOMES,GATA3,0.836
EOMES,POU5F1,0.825
EOMES,SNAI1,0.821
EOMES,NANOG,0.818
EOMES,GZMA,0.814
EOMES,PAX6,0.811
EOMES,TBPL2,0.802
EOMES,CDX2,0.799
EOMES,LEF1,0.787
EOMES,IFNG,0.786
EOMES,CUX1,0.784
EOMES,IL2RB,0.783
MLN,MLNR,0.999
MLN,GAST,0.934
MLN,GHSR,0.931
MLN,NTS,0.924
MLN,CCK,0.903
MLN,GHRL,0.898
MLN,PPY,0.869
MLN,GRP,0.848
MLN,SCT,0.84
MLN,GPR39,0.839
MLN,SST,0.831
MLN,GCG,0.83
MLN,TAC1,0.824
MLN,VIP,0.81
MLN,NMU,0.785
MLN,GIP,0.774
MLN,NTSR1,0.758
MLN,PYY,0.741
MLN,BRS3,0.7
DHFR,TYMS,0.999
DHFR,FPGS,0.995
DHFR,SHMT1,0.995
DHFR,SHMT2,0.992
DHFR,MTHFD1,0.99
DHFR,GART,0.989
DHFR,ATIC,0.987
DHFR,SPR,0.982
DHFR,QDPR,0.979
DHFR,MTR,0.978
DHFR,CBR1,0.975
DHFR,AKR1B1,0.974
DHFR,MTHFD1L,0.972
DHFR,GGH,0.966
DHFR,AMT,0.958
DHFR,MTFMT,0.957
DHFR,ALDH1L2,0.952
DHFR,ALDH1L1,0.945
DHFR,FTCD,0.94
DHFR,TPH1,0.932
DHFR,PAH,0.93
DHFR,TH,0.916
DHFR,AKR1B10,0.909
DHFR,DHFR2,0.909
DHFR,TPH2,0.904
TNF,TAB2,0.999
TNF,NFKB1,0.999
TNF,TRAF2,0.999
TNF,RIPK1,0.999
TNF,CHUK,0.999
TNF,TRADD,0.999
TNF,IKBKB,0.999
TNF,BIRC2,0.999
TNF,CASP8,0.999
TNF,MAP3K7,0.999
TNF,TNFRSF1A,0.999
TNF,IKBKG,0.999
TNF,TNFRSF1B,0.999
TNF,TNFAIP3,0.999
TNF,MLKL,0.998
TNF,IL1B,0.998
TNF,TRAF6,0.998
TNF,RIPK3,0.998
TNF,TAB1,0.998
TNF,RNF31,0.998
TNF,IKBKE,0.998
TNF,TBK1,0.998
TNF,UBC,0.998
TNF,SHARPIN,0.998
TNF,TNFRSF10B,0.997
IL10,IL10RA,0.999
IL10,IL10RB,0.999
IL10,IL6,0.997
IL10,IFNG,0.995
IL10,TNF,0.992
IL10,IL1B,0.991
IL10,IL7,0.988
IL10,IL4,0.986
IL10,IL5,0.982
IL10,IL17A,0.98
IL10,JAK1,0.976
IL10,CD4,0.976
IL10,IL2RA,0.972
IL10,CCL3,0.972
IL10,IL1A,0.971
IL10,CXCL8,0.97
IL10,IL23R,0.97
IL10,TNFRSF1A,0.968
IL10,STAT3,0.968
IL10,CD86,0.966
IL10,IL4R,0.965
IL10,IL2,0.964
IL10,CCL2,0.963
IL10,CD80,0.962
IL10,CXCL10,0.962
IRF5,TRAF6,0.999
IRF5,MYD88,0.995
IRF5,CCL4,0.934
IRF5,CCL4L2,0.907
IRF5,STAT1,0.892
IRF5,IRAK1,0.868
IRF5,STAT4,0.863
IRF5,TYK2,0.834
IRF5,TNFAIP3,0.807
IRF5,PTPN22,0.803
IRF5,STAT2,0.789
IRF5,IFIH1,0.78
IRF5,IL10,0.775
IRF5,HLA-DRB1,0.773
IRF5,TNIP1,0.77
IRF5,BANK1,0.759
IRF5,IRF8,0.754
IRF5,TLR8,0.747
IRF5,TNF,0.735
IRF5,MAVS,0.724
IRF5,TLR7,0.722
IRF5,CREBBP,0.718
IRF5,IRAK4,0.712
TYK2,SOCS3,0.999
TYK2,IL12RB1,0.999
TYK2,IFNAR1,0.999
TYK2,IL10RB,0.999
TYK2,IFNAR2,0.999
TYK2,SOCS1,0.999
TYK2,IL13RA1,0.998
TYK2,JAK1,0.998
TYK2,STAT2,0.998
TYK2,JAK2,0.997
TYK2,STAT1,0.997
TYK2,STAT3,0.997
TYK2,IL10RA,0.997
TYK2,IL12RB2,0.994
TYK2,IFNA1,0.992
TYK2,IRF9,0.987
TYK2,IL6,0.986
TYK2,STAT5B,0.984
TYK2,STAT5A,0.982
TYK2,IL23R,0.979
TYK2,IFNGR1,0.976
TYK2,STAT4,0.973
TYK2,PTPN11,0.964
TYK2,STAT6,0.964
TYK2,IL6R,0.962
JAK3,IL2,0.999
JAK3,IL2RG,0.999
JAK3,JAK1,0.999
JAK3,STAT5A,0.998
JAK3,IL4,0.998
JAK3,STAT3,0.998
JAK3,IL7,0.997
JAK3,STAT5B,0.997
JAK3,IL9,0.996
JAK3,IL15,0.996
JAK3,IL2RA,0.996
JAK3,STAT1,0.992
JAK3,STAM2,0.99
JAK3,STAT6,0.99
JAK3,IL4R,0.988
JAK3,IL7R,0.988
JAK3,STAM,0.986
JAK3,STAT2,0.982
JAK3,IL2RB,0.98
JAK3,JAK2,0.975
JAK3,STAT4,0.973
JAK3,PTPN2,0.971
JAK3,PIK3CA,0.967
JAK3,SOCS1,0.966
JAK3,PTPN11,0.962
MS4A1,CD19,0.976
MS4A1,MS4A3,0.96
MS4A1,CD79A,0.935
MS4A1,CD22,0.928
MS4A1,IGKV2D-29,0.922
MS4A1,IGHV3-43D,0.905
MS4A1,POU2AF1,0.889
MS4A1,CD79B,0.879
MS4A1,BANK1,0.875
MS4A1,TCL1A,0.837
MS4A1,FCRL1,0.826
MS4A1,CR2,0.82
MS4A1,IGLL5,0.819
MS4A1,IGLV10-54,0.808
MS4A1,FCER1A,0.805
MS4A1,FCRLA,0.8
MS4A1,MS4A7,0.797
MS4A1,MZB1,0.784
MS4A1,VPREB3,0.772
MS4A1,IFITM1,0.768
MS4A1,BTLA,0.761
MS4A1,FCER1G,0.758
MS4A1,CD3D,0.749
MS4A1,CD69,0.748
MS4A1,NIBAN3,0.742
CD226,PVR,0.999
CD226,NECTIN2,0.999
CD226,NECTIN1,0.992
CD226,TIGIT,0.986
CD226,ITGB2,0.97
CD226,ITGAL,0.961
CD226,NCR3,0.946
CD226,KLRK1,0.936
CD226,NCR1,0.927
CD226,ULBP1,0.91
CD226,KLRD1,0.898
CD226,KLRC1,0.873
CD226,SLAMF6,0.871
CD226,KLRC2,0.867
CD226,IL2RB,0.846
CD226,CD48,0.838
CD226,ULBP2,0.816
CD226,NCR2,0.815
CD226,KLRF1,0.805
CD226,MICB,0.802
CD226,CD244,0.802
CD226,ULBP3,0.797
CD226,FAU,0.796
CD226,HLA-E,0.791
CD226,NCR3LG1,0.788
PDE4C,ALDH7A1,0.909
PDE4C,PKD2,0.899
PDE4C,ADCY5,0.891
PDE4C,PDE4C-2,0.802
TNFAIP3,TNF,0.999
TNFAIP3,TNIP1,0.999
TNFAIP3,TRAF6,0.998
TNFAIP3,TNIP2,0.998
TNFAIP3,TNFRSF1A,0.998
TNFAIP3,TAX1BP1,0.996
TNFAIP3,UBC,0.995
TNFAIP3,RIPK1,0.992
TNFAIP3,IKBKG,0.98
TNFAIP3,TRAF1,0.979
TNFAIP3,RPS27A,0.977
TNFAIP3,RNF11,0.966
TNFAIP3,RIPK2,0.962
TNFAIP3,UBE2D1,0.955
TNFAIP3,UBB,0.953
TNFAIP3,TRAF2,0.948
TNFAIP3,RIPK3,0.939
TNFAIP3,UBA52,0.938
TNFAIP3,TNIP3,0.935
TNFAIP3,BIRC2,0.931
TNFAIP3,BIRC3,0.916
TNFAIP3,NFKB1,0.908
TNFAIP3,RNF31,0.904
TNFAIP3,IKBKB,0.887
TNFAIP3,CARD11,0.883
CTLA4,CD86,0.999
CTLA4,LOC102723996,0.999
CTLA4,CD80,0.999
CTLA4,CD274,0.999
CTLA4,ICOS,0.998
CTLA4,PDCD1LG2,0.998
CTLA4,PDCD1,0.992
CTLA4,ICOSLG,0.992
CTLA4,LGALS9,0.991
CTLA4,CD28,0.991
CTLA4,PTPN11,0.991
CTLA4,LCN2,0.988
CTLA4,CD276,0.985
CTLA4,FOXP3,0.976
CTLA4,LGALS9C,0.973
CTLA4,CD40,0.973
CTLA4,LGALS9B,0.973
CTLA4,LAG3,0.965
CTLA4,CD4,0.955
CTLA4,PTPN6,0.954
CTLA4,VTCN1,0.953
CTLA4,IFNG,0.951
CTLA4,PVR,0.95
CTLA4,IL2,0.943
CTLA4,CD8A,0.94
IFIH1,DHX58,0.999
IFIH1,MAVS,0.999
IFIH1,ISG15,0.994
IFIH1,NLRC5,0.994
IFIH1,ATG12,0.991
IFIH1,DDX60,0.987
IFIH1,ATG5,0.985
IFIH1,RNF125,0.984
IFIH1,TBK1,0.982
IFIH1,IFIT1,0.982
IFIH1,TRIM65,0.98
IFIH1,TRIM25,0.98
IFIH1,IFIT2,0.976
IFIH1,TLR3,0.975
IFIH1,IRF7,0.974
IFIH1,IFIT3,0.972
IFIH1,IRF3,0.972
IFIH1,IKBKE,0.97
IFIH1,MX1,0.966
IFIH1,TKFC,0.964
IFIH1,STAT1,0.963
IFIH1,EIF2AK2,0.962
IFIH1,DDX58,0.96
IFIH1,IFI44,0.954
IFIH1,RSAD2,0.954
IL17A,IL17RA,0.999
IL17A,IL17RC,0.999
IL17A,IL17F,0.994
IL17A,IL2,0.984
IL17A,IL10,0.98
IL17A,IL6,0.98
IL17A,IFNG,0.978
IL17A,IL22,0.976
IL17A,CD4,0.972
IL17A,IL1B,0.962
IL17A,IL4,0.959
IL17A,TNF,0.958
IL17A,FOXP3,0.953
IL17A,STAT3,0.944
IL17A,IL13,0.94
IL17A,IL5,0.939
IL17A,TBX21,0.937
IL17A,CD8A,0.936
IL17A,RORC,0.933
IL17A,IL1A,0.929
IL17A,CSF3,0.928
IL17A,IL23R,0.927
IL17A,CXCL8,0.924
IL17A,IL23A,0.92
IL17A,IL17RB,0.918
JAK1,IFNGR1,0.999
JAK1,IFNAR1,0.999
JAK1,STAT5B,0.999
JAK1,IL10RA,0.999
JAK1,JAK3,0.999
JAK1,SOCS1,0.999
JAK1,IL2RG,0.999
JAK1,IFNAR2,0.999
JAK1,JAK2,0.999
JAK1,STAT1,0.999
JAK1,STAT5A,0.999
JAK1,IL4R,0.999
JAK1,SOCS3,0.999
JAK1,IFNLR1,0.999
JAK1,STAT3,0.999
JAK1,TYK2,0.998
JAK1,IL6ST,0.998
JAK1,IL10RB,0.998
JAK1,IFNGR2,0.998
JAK1,IL2RB,0.998
JAK1,IL4,0.997
JAK1,STAT6,0.996
JAK1,STAT2,0.996
JAK1,IL6,0.996
JAK1,PTPN11,0.994
SLC22A4,NOD2,0.841
SLC22A4,RUNX1,0.779
SLC22A4,PADI4,0.775
SLC22A4,SLC47A1,0.74
SLC22A4,SLC47A2,0.718
NFKBIA,SKP1,0.999
NFKBIA,IKBKG,0.999
NFKBIA,NFKBIB,0.999
NFKBIA,REL,0.999
NFKBIA,BTRC,0.999
NFKBIA,CHUK,0.999
NFKBIA,IKBKB,0.999
NFKBIA,NFKB1,0.999
NFKBIA,CUL1,0.999
NFKBIA,RELA,0.999
NFKBIA,NFKB2,0.995
NFKBIA,RELB,0.995
NFKBIA,UBE2D2,0.994
NFKBIA,FBXW11,0.989
NFKBIA,NFKBIE,0.987
NFKBIA,RBX1,0.987
NFKBIA,RPS27A,0.986
NFKBIA,ARRB2,0.986
NFKBIA,TNF,0.967
NFKBIA,TRAF6,0.966
NFKBIA,PRKACG,0.965
NFKBIA,PRKACA,0.965
NFKBIA,PRKACB,0.965
NFKBIA,CSNK2B,0.964
NFKBIA,UBE2D1,0.964
NFKB1,TNF,0.999
NFKB1,CHUK,0.999
NFKB1,IKBKB,0.999
NFKB1,BCL3,0.999
NFKB1,REL,0.999
NFKB1,RELB,0.999
NFKB1,RELA,0.999
NFKB1,IKBKG,0.999
NFKB1,NFKB2,0.999
NFKB1,NFKBIA,0.999
NFKB1,EP300,0.998
NFKB1,NFKBIB,0.998
NFKB1,IL1B,0.996
NFKB1,HDAC1,0.996
NFKB1,MAP3K8,0.996
NFKB1,NFKBIE,0.995
NFKB1,TNIP2,0.995
NFKB1,IL6,0.994
NFKB1,JUN,0.994
NFKB1,TLR4,0.993
NFKB1,KPNA4,0.992
NFKB1,TLR2,0.992
NFKB1,TBK1,0.99
NFKB1,TP53,0.989
NFKB1,CXCL8,0.988
AARS2,DARS2,0.955
AARS2,VARS2,0.937
AARS2,YARS1,0.927
AARS2,EARS2,0.927
AARS2,LARS2,0.924
AARS2,IARS2,0.918
AARS2,VARS1,0.915
AARS2,TARS2,0.91
AARS2,AARS1,0.91
AARS2,RARS2,0.905
AARS2,EPRS1,0.898
AARS2,YARS2,0.89
AARS2,PARS2,0.886
AARS2,GARS1,0.877
AARS2,WARS2,0.876
AARS2,QARS1,0.875
AARS2,HARS2,0.871
AARS2,TARS3,0.87
AARS2,TARS1,0.864
AARS2,IARS1,0.863
AARS2,HARS1,0.856
AARS2,MARS2,0.853
AARS2,WARS1,0.85
AARS2,ANAPC4,0.848
AARS2,NARS2,0.845
CCN4,BGN,0.962
CCN4,NDRG1,0.816
CCN4,WNT1,0.813
CCN4,DCN,0.766
MICB,KLRK1,0.999
MICB,ULBP1,0.973
MICB,ULBP2,0.971
MICB,HCST,0.964
MICB,NCR1,0.955
MICB,NCR3,0.945
MICB,KLRC1,0.941
MICB,NCR2,0.932
MICB,MICA,0.918
MICB,KLRD1,0.879
MICB,CD8A,0.875
MICB,LILRB1,0.831
MICB,PDIA6,0.819
MICB,CD226,0.802
MICB,RAET1G,0.794
MICB,B2M,0.791
MICB,RAET1L,0.779
MICB,CD33,0.756
MICB,IL15,0.752
MICB,CD34,0.747
MICB,KLRC2,0.744
FAM8A1,OS9,0.988
FAM8A1,SYVN1,0.988
FAM8A1,SEL1L,0.978
FAM8A1,ERLEC1,0.92
FAM8A1,USP33,0.903
FAM8A1,AUP1,0.78
FAM8A1,ATG3,0.729
FAM8A1,DERL2,0.727
FAM8A1,DERL1,0.701
SYT1,VAMP2,0.999
SYT1,CPLX1,0.999
SYT1,STX1A,0.999
SYT1,SNAP25,0.999
SYT1,S100A13,0.999
SYT1,STON2,0.987
SYT1,RAB3A,0.978
SYT1,FGF1,0.978
SYT1,VAMP3,0.975
SYT1,DNAJC5,0.956
SYT1,STXBP1,0.949
SYT1,UNC13B,0.946
SYT1,SLC17A7,0.946
SYT1,SYN1,0.945
SYT1,SYP,0.942
SYT1,SV2A,0.941
SYT1,L7N2F9_HUMAN,0.925
SYT1,SLC32A1,0.922
SYT1,SYN2,0.888
SYT1,SLC18A3,0.886
SYT1,STX1B,0.882
SYT1,SLC18A2,0.881
SYT1,SPHK1,0.88
SYT1,UNC13A,0.877
SYT1,GAD2,0.872
PRKCQ,CARD11,0.998
PRKCQ,CD28,0.994
PRKCQ,IKBKB,0.981
PRKCQ,BCL10,0.973
PRKCQ,PLCG1,0.971
PRKCQ,CHUK,0.969
PRKCQ,IKBKG,0.968
PRKCQ,MAP3K7,0.955
PRKCQ,NFKB1,0.953
PRKCQ,CARD10,0.949
PRKCQ,PTPN6,0.948
PRKCQ,LCK,0.94
PRKCQ,PRKCD,0.935
PRKCQ,IRS1,0.934
PRKCQ,RELA,0.934
PRKCQ,CARD14,0.932
PRKCQ,PTPN11,0.927
PRKCQ,GLRX3,0.922
PRKCQ,PRKCB,0.915
PRKCQ,MALT1,0.913
PRKCQ,MAPK8,0.913
PRKCQ,MAPK9,0.91
PRKCQ,PRKCE,0.907
PRKCQ,PDPK1,0.905
PRKCQ,TRAF2,0.905
IL1B,IL1R2,0.999
IL1B,CASP1,0.999
IL1B,IL2,0.999
IL1B,IL1A,0.999
IL1B,MYD88,0.999
IL1B,IL1R1,0.999
IL1B,IL1RAP,0.999
IL1B,IL4,0.998
IL1B,TNF,0.998
IL1B,IL5,0.998
IL1B,CSF2,0.998
IL1B,IFNG,0.998
IL1B,NLRP3,0.997
IL1B,TNFRSF1A,0.997
IL1B,IL6,0.996
IL1B,NFKB1,0.996
IL1B,CSF3,0.996
IL1B,CXCL8,0.994
IL1B,IRAK1,0.991
IL1B,IL10,0.991
IL1B,RELA,0.99
IL1B,IL18,0.99
IL1B,PYCARD,0.989
IL1B,JUN,0.987
IL1B,TLR4,0.986
TREH,GALM,0.817
TREH,GNE,0.812
TREH,CAT,0.795
TREH,MGAM,0.789
TREH,SI,0.753
TREH,MGAM2,0.742
TREH,PABPN1,0.712
LEF1,HNF4A,0.999
LEF1,SMAD4,0.999
LEF1,CTNNB1,0.999
LEF1,NLK,0.993
LEF1,FHL2,0.988
LEF1,EP300,0.981
LEF1,SMAD2,0.978
LEF1,SMAD3,0.978
LEF1,JUP,0.971
LEF1,HDAC1,0.966
LEF1,AXIN2,0.964
LEF1,RUNX1,0.963
LEF1,CTBP1,0.961
LEF1,CREBBP,0.961
LEF1,AXIN1,0.959
LEF1,TLE1,0.955
LEF1,CTBP2,0.954
LEF1,SOX17,0.953
LEF1,PYGO2,0.947
LEF1,RUVBL1,0.94
LEF1,CCND1,0.93
LEF1,CTNND2,0.919
LEF1,BCL9,0.91
LEF1,PYGO1,0.906
LEF1,NOTCH1,0.896
ERBB3,GRB2,0.999
ERBB3,NRG2,0.999
ERBB3,SHC1,0.999
ERBB3,EGF,0.999
ERBB3,ERBB4,0.999
ERBB3,EGFR,0.999
ERBB3,NRG1,0.999
ERBB3,ERBB2,0.999
ERBB3,TGFA,0.998
ERBB3,PIK3R1,0.998
ERBB3,PA2G4,0.996
ERBB3,RNF41,0.995
ERBB3,PIK3CA,0.993
ERBB3,AREG,0.993
ERBB3,HBEGF,0.991
ERBB3,PIK3R2,0.99
ERBB3,MET,0.987
ERBB3,EREG,0.982
ERBB3,NRG4,0.982
ERBB3,BTC,0.975
ERBB3,SRC,0.968
ERBB3,PIK3CB,0.966
ERBB3,GRB7,0.964
ERBB3,PIK3R3,0.96
ERBB3,SHC2,0.959
CBFA2T3,LDB1,0.991
CBFA2T3,LDB2,0.981
CBFA2T3,RUNX1,0.976
CBFA2T3,TAL1,0.958
CBFA2T3,GATA1,0.949
CBFA2T3,CBFA2T2,0.906
CBFA2T3,HDAC1,0.882
CBFA2T3,TCF3,0.881
CBFA2T3,LYL1,0.843
CBFA2T3,NCOR1,0.838
CBFA2T3,ZNF652,0.827
CBFA2T3,CBFB,0.818
CBFA2T3,GLIS2,0.798
CBFA2T3,SPI1,0.797
CBFA2T3,ZBTB47,0.78
CBFA2T3,RUNX1T1,0.775
CBFA2T3,LMO2,0.765
CBFA2T3,PRDM14,0.76
CBFA2T3,HDAC2,0.729
CBFA2T3,TCF4,0.717
GUCY1A2,GUCY1B1,0.997
GUCY1A2,GUCY1A1,0.967
GUCY1A2,PRKG2,0.953
GUCY1A2,PRKG1,0.952
GUCY1A2,NOS1,0.912
GUCY1A2,ITPA,0.911
GUCY1A2,PKM,0.903
GUCY1A2,ENPP1,0.903
GUCY1A2,ENPP3,0.903
GUCY1A2,NUDT2,0.903
GUCY1A2,PKLR,0.903
GUCY1A2,PDE9A,0.828
GUCY1A2,MOCS1,0.818
GUCY1A2,GCH1,0.808
GUCY1A2,PDE2A,0.805
GUCY1A2,PDE5A,0.804
GUCY1A2,PDE11A,0.803
GUCY1A2,PDE3A,0.791
GUCY1A2,PDE10A,0.783
GUCY1A2,PDE6A,0.782
GUCY1A2,PDE1A,0.782
GUCY1A2,PDE6B,0.775
GUCY1A2,PDE6G,0.771
GUCY1A2,PDE3B,0.75
GUCY1A2,PDE6C,0.744
JAZF1,NR2C2,0.988
JAZF1,SUZ12,0.935
JAZF1,MEAF6,0.931
JAZF1,MBTD1,0.917
JAZF1,WDR82,0.89
JAZF1,SYMPK,0.863
JAZF1,BRD8,0.845
JAZF1,TRRAP,0.841
JAZF1,EPC2,0.833
JAZF1,YEATS4,0.827
JAZF1,CDC123,0.82
JAZF1,EP400,0.784
JAZF1,CDKAL1,0.762
JAZF1,EPC1,0.761
JAZF1,MYCL,0.725
JAZF1,PHF1,0.714
JAZF1,NUTM2A,0.704
JAZF1,KAT5,0.701
CXCL13,CCR7,0.999
CXCL13,CXCR5,0.999
CXCL13,PF4V1,0.999
CXCL13,CXCR4,0.998
CXCL13,CCL19,0.998
CXCL13,CCL2,0.998
CXCL13,CCL28,0.997
CXCL13,CXCR3,0.997
CXCL13,CXCR2,0.997
CXCL13,CCL4L2,0.996
CXCL13,CXCL9,0.996
CXCL13,CXCL10,0.994
CXCL13,ACKR4,0.992
CXCL13,CCL21,0.991
CXCL13,CXCR1,0.987
CXCL13,CXCL11,0.987
CXCL13,CXCL12,0.964
CXCL13,CCR6,0.958
CXCL13,CCL5,0.956
CXCL13,CCL4,0.949
CXCL13,PF4,0.946
CXCL13,CXCL1,0.933
CXCL13,CCR1,0.929
CXCL13,CCR5,0.917
CXCL13,CCL27,0.913
CSF2,CSF3,0.999
CSF2,CSF2RA,0.999
CSF2,CSF2RB,0.999
CSF2,IL1B,0.998
CSF2,IL3,0.998
CSF2,IL2,0.997
CSF2,IL1A,0.997
CSF2,CCL11,0.996
CSF2,IL5,0.993
CSF2,IFNG,0.984
CSF2,IL5RA,0.977
CSF2,CSF1R,0.974
CSF2,IL6,0.974
CSF2,CSF3R,0.973
CSF2,CXCL8,0.972
CSF2,TNF,0.97
CSF2,FGF2,0.965
CSF2,CSF1,0.964
CSF2,IL4,0.963
CSF2,IL10,0.959
CSF2,FLT3LG,0.957
CSF2,JAK2,0.956
CSF2,FGF13,0.954
CSF2,CX3CL1,0.953
CSF2,IL3RA,0.949
NOD2,RIPK2,0.999
NOD2,ATG16L1,0.999
NOD2,NLRP1,0.996
NOD2,MAVS,0.995
NOD2,CARD9,0.995
NOD2,ERBIN,0.993
NOD2,TLR2,0.983
NOD2,NOD1,0.975
NOD2,ATG5,0.967
NOD2,ATG12,0.953
NOD2,AAMP,0.952
NOD2,CASP1,0.923
NOD2,NLRC4,0.921
NOD2,TLR9,0.92
NOD2,IL23R,0.909
NOD2,TLR4,0.899
NOD2,IRGM,0.898
NOD2,DDX58,0.891
NOD2,DLG5,0.891
NOD2,OAS2,0.891
NOD2,CYLD,0.888
NOD2,MAP3K7,0.877
NOD2,IKBKG,0.867
NOD2,TLR5,0.867
NOD2,IL1B,0.866
MAGI3,PTEN,0.972
MAGI3,CTNNB1,0.959
MAGI3,MAGI1,0.947
MAGI3,MAGI2,0.945
MAGI3,RAPGEF2,0.931
MAGI3,LPAR2,0.918
MAGI3,RAPGEF6,0.914
MAGI3,FZD4,0.89
MAGI3,PHTF1,0.767
MAGI3,MAST3,0.763
MAGI3,VANGL2,0.739
B3GNT2,GCNT2,0.988
B3GNT2,B4GALT1,0.966
B3GNT2,B4GALT2,0.96
B3GNT2,B4GALT4,0.954
B3GNT2,B4GALT3,0.944
B3GNT2,FUT1,0.944
B3GNT2,ST3GAL6,0.942
B3GNT2,FUT5,0.941
B3GNT2,FUT9,0.936
B3GNT2,FUT2,0.93
B3GNT2,FUT3,0.928
B3GNT2,FUT6,0.928
B3GNT2,B3GNT3,0.926
B3GNT2,FUT4,0.925
B3GNT2,B3GNT4,0.913
PPARD,RXRA,0.995
PPARD,FABP5,0.988
PPARD,NCOR1,0.974
PPARD,PPARGC1A,0.969
PPARD,RXRB,0.948
PPARD,NCOR2,0.919
PPARD,RXRG,0.891
PPARD,PPARA,0.887
PPARD,NCOA1,0.882
PPARD,CD36,0.787
PPARD,PPARGC1B,0.775
PPARD,UCP3,0.771
PPARD,SCARB2,0.763
PPARD,SCARB1,0.763
PPARD,CPT1B,0.759
PPARD,HDAC1,0.756
PPARD,FABP4,0.753
PPARD,XPR1,0.748
PPARD,UCP1,0.744
PPARD,UCP2,0.743
PPARD,SLC2A4,0.739
PPARD,CPT1C,0.737
PPARD,CRABP2,0.73
PPARD,RARS1,0.729
PPARD,NCOA2,0.724
ELMO1,DOCK1,0.999
ELMO1,DOCK2,0.999
ELMO1,CRK,0.998
ELMO1,RHOG,0.997
ELMO1,RAC3,0.991
ELMO1,DOCK5,0.99
ELMO1,WDR35,0.986
ELMO1,ELMO3,0.981
ELMO1,ELMO2,0.98
ELMO1,RAC2,0.975
ELMO1,HCK,0.965
ELMO1,CRKL,0.961
ELMO1,BCAR1,0.952
ELMO1,DOCK3,0.944
ELMO1,DOCK4,0.935
ELMO1,ADGRB1,0.932
ELMO1,SRC,0.928
ELMO1,LYN,0.908
ELMO1,FGR,0.907
ELMO1,GULP1,0.893
ELMO1,RAC1,0.839
ELMO1,MACF1,0.784
ELMO1,ARL4A,0.773
ELMO1,ZNF398,0.773
ELMO1,LAMTOR2,0.735
SWAP70,BRK1,0.728
SYTL2,RAB27A,0.998
SYTL2,RAB27B,0.948
SYTL2,MLPH,0.942
SYTL2,MYO5A,0.784
CD6,ALCAM,0.999
CD6,CD5,0.985
CD6,CD2,0.95
CD6,LCP2,0.905
CD6,CD7,0.882
CD6,SDCBP,0.876
CD6,CD247,0.875
CD6,ITK,0.874
CD6,CD3D,0.856
CD6,CD3E,0.849
CD6,CD4,0.811
CD6,CD8A,0.799
CD6,CD3G,0.795
CD6,SLC15A3,0.79
CD6,CDCP1,0.786
CD6,CD28,0.785
CD6,SH2D1A,0.781
CD6,CNTN6,0.774
CD6,LCK,0.728
CD6,ITGAL,0.725
CD6,SDCBP2,0.72
CD6,VAV1,0.704
IKZF1,CRBN,0.999
IKZF1,HDAC1,0.987
IKZF1,SIN3A,0.971
IKZF1,CHD4,0.969
IKZF1,PAX5,0.954
IKZF1,DDB1,0.945
IKZF1,RUNX1,0.941
IKZF1,GATA1,0.939
IKZF1,EBF1,0.931
IKZF1,HDAC2,0.928
IKZF1,CTBP1,0.927
IKZF1,IKZF3,0.918
IKZF1,RUNX3,0.903
IKZF1,CHD3,0.898
IKZF1,SIN3B,0.894
IKZF1,SPI1,0.864
IKZF1,PTCRA,0.849
IKZF1,ABL1,0.845
IKZF1,ETV6,0.838
IKZF1,IKZF5,0.832
IKZF1,P2RY8,0.815
IKZF1,IKZF4,0.81
IKZF1,PTPRC,0.806
IKZF1,IL7R,0.8
IKZF1,IKZF2,0.798
CARMIL1,TMOD4,0.972
CARMIL1,CAPZA2,0.966
CARMIL1,CAPZB,0.937
CARMIL1,CAPZA1,0.932
CARMIL1,SCIN,0.816
CARMIL1,MYO1C,0.777
CARMIL1,GSN,0.775
CARMIL1,CD2AP,0.773
FLRT2,UNC5D,0.981
FLRT2,ADGRL3,0.905
FLRT2,UNC5C,0.846
FLRT2,FN1,0.809
FLRT2,ADGRL1,0.778
FLRT2,UNC5A,0.769
FLRT2,ADGRL2,0.757
FLRT2,UNC5B,0.707
SMAD3,NEDD4L,0.999
SMAD3,EP300,0.999
SMAD3,SMAD4,0.999
SMAD3,ZFYVE9,0.999
SMAD3,SMAD2,0.999
SMAD3,E2F4,0.999
SMAD3,TGFBR1,0.999
SMAD3,CTNNB1,0.999
SMAD3,SKIL,0.998
SMAD3,FOXH1,0.998
SMAD3,TGFBR2,0.998
SMAD3,JUN,0.997
SMAD3,TRIM33,0.997
SMAD3,SMURF2,0.997
SMAD3,AKT1,0.996
SMAD3,E2F5,0.996
SMAD3,FOXO3,0.995
SMAD3,CREBBP,0.995
SMAD3,SNAI1,0.994
SMAD3,MYC,0.993
SMAD3,SMAD9,0.99
SMAD3,TGFB1,0.99
SMAD3,FOXO1,0.99
SMAD3,ATF3,0.988
SMAD3,SKI,0.983
NAB1,EGR1,0.993
NAB1,EGR2,0.978
NAB1,EGR3,0.952
NAB1,EGR4,0.886
IL17F,IL17RC,0.999
IL17F,IL17RA,0.999
IL17F,IL17A,0.994
IL17F,IL22,0.971
IL17F,IL17RE,0.966
IL17F,IL25,0.957
IL17F,IL6,0.934
IL17F,IL23R,0.924
IL17F,IL23A,0.921
IL17F,IL17RB,0.919
IL17F,IGHV3-43D,0.9
IL17F,IL1B,0.899
IL17F,IFNG,0.882
IL17F,RORC,0.878
IL17F,IL10,0.874
IL17F,CD4,0.87
IL17F,STAT3,0.868
IL17F,IL5,0.845
IL17F,TBX21,0.843
IL17F,IL13,0.842
IL17F,TNF,0.832
IL17F,FOXP3,0.803
IL17F,TGFB1,0.801
IL17F,IL1A,0.792
IL17F,IL17RD,0.787
IL21R,IL21,0.999
IL21R,IL2RG,0.996
IL21R,JAK1,0.982
IL21R,STAT3,0.981
IL21R,IL4,0.978
IL21R,IL7,0.955
IL21R,JAK3,0.945
IL21R,IL15,0.941
IL21R,IL2,0.939
IL21R,IL6,0.929
IL21R,IL9,0.924
IL21R,IGHV3-43D,0.902
IL21R,IFNG,0.872
IL21R,IL10,0.845
IL21R,CXCR5,0.842
IL21R,CSF2,0.84
IL21R,STAT1,0.833
IL21R,IL2RA,0.833
IL21R,ICOS,0.832
IL21R,CD19,0.823
IL21R,IL22,0.823
IL21R,IL13,0.787
IL21R,IL3,0.786
IL21R,IL12RB1,0.784
IL21R,CD4,0.781
PARK7,PINK1,0.999
PARK7,PRKN,0.999
PARK7,SOD1,0.997
PARK7,SNCA,0.994
PARK7,HSPA9,0.992
PARK7,MAP3K5,0.991
PARK7,LRRK2,0.988
PARK7,BCL2L1,0.97
PARK7,DAXX,0.969
PARK7,NFE2L2,0.969
PARK7,ATP13A2,0.957
PARK7,HSPA4,0.953
PARK7,VDAC1,0.934
PARK7,EFCAB6,0.934
PARK7,SOD2,0.923
PARK7,SOD2-2,0.923
PARK7,PTEN,0.92
PARK7,KEAP1,0.915
PARK7,SOD3,0.901
PARK7,OTUD7B,0.888
PARK7,NCL,0.875
PARK7,PRDX2,0.867
PARK7,FBXO7,0.864
PARK7,PIAS2,0.862
PARK7,COQ2,0.86
TCF7,CTNNB1,0.999
TCF7,AXIN2,0.983
TCF7,JUP,0.975
TCF7,AXIN1,0.974
TCF7,CTBP2,0.965
TCF7,CTBP1,0.965
TCF7,APC,0.956
TCF7,NLK,0.955
TCF7,APC2,0.954
TCF7,TCF7L1,0.944
TCF7,TCF7L2,0.943
TCF7,EP300,0.928
TCF7,SMAD4,0.925
TCF7,CREBBP,0.92
TCF7,SOX17,0.916
TCF7,TERT,0.915
TCF7,RUVBL1,0.905
TCF7,CTNND2,0.904
TCF7,EOMES,0.854
TCF7,LEF1,0.851
TCF7,YAP1,0.843
TCF7,RUNX3,0.84
TCF7,TEAD1,0.836
TCF7,TEAD3,0.822
TCF7,TEAD4,0.82
ENO4,PKLR,0.984
ENO4,PKM,0.979
ENO4,PGAM2,0.976
ENO4,PGAM1,0.973
ENO4,GPI,0.973
ENO4,BPGM,0.96
ENO4,PGAM4,0.958
ENO4,PCK1,0.956
ENO4,PCK2,0.955
ENO4,GLYCTK,0.938
ENO4,MINPP1,0.913
ENO4,ALDOC,0.912
ENO4,ALDOA,0.912
ENO4,ALDOB,0.909
ENO4,CSTF3,0.908
ENO4,TPI1,0.906
ENO4,TALDO1,0.905
ENO4,TKTL1,0.891
ENO4,TKTL2,0.89
ENO4,TKT,0.89
ENO4,PGK2,0.882
ENO4,H6PD,0.876
ENO4,PGK1,0.855
ENO4,G6PD,0.852
ENO4,DERA,0.826
TEAD3,YAP1,0.998
TEAD3,WWTR1,0.994
TEAD3,VGLL4,0.941
TEAD3,VGLL1,0.84
TEAD3,TCF7L2,0.839
TEAD3,TCF7,0.822
TEAD3,TCF7L1,0.817
TEAD3,LEF1,0.816
TEAD3,CSH2,0.785
TEAD3,KCNIP3,0.777
TEAD3,CCN2,0.73
TNFRSF14,BTLA,0.999
TNFRSF14,LTA,0.999
TNFRSF14,TNFSF14,0.999
TNFRSF14,CD160,0.998
TNFRSF14,ACKR1,0.998
TNFRSF14,TRAF5,0.992
TNFRSF14,TRAF2,0.978
TNFRSF14,ERVW-1,0.965
TNFRSF14,TNF,0.915
TNFRSF14,NECTIN1,0.887
TNFRSF14,TNFRSF8,0.856
TNFRSF14,TRAF1,0.847
TNFRSF14,LGALS9,0.842
TNFRSF14,TNFRSF4,0.838
TNFRSF14,PILRA,0.826
TNFRSF14,NECTIN2,0.822
TNFRSF14,LTB,0.82
TNFRSF14,TNFSF18,0.82
TNFRSF14,CTLA4,0.809
TNFRSF14,TRAF3,0.809
TNFRSF14,GYPC,0.776
TNFRSF14,PDCD1,0.774
TNFRSF14,CD27,0.77
TNFRSF14,TNFRSF18,0.764
TNFRSF14,LAG3,0.762
TXNDC11,EDEM2,0.966
HLA-DRB1,HLA-DMA,0.999
HLA-DRB1,HLA-DRA,0.999
HLA-DRB1,HLA-DMB,0.997
HLA-DRB1,CD74,0.995
HLA-DRB1,CD4,0.994
HLA-DRB1,HLA-DQA1,0.991
HLA-DRB1,HLA-DPA1,0.979
HLA-DRB1,PTPN22,0.968
HLA-DRB1,HLA-C,0.967
HLA-DRB1,HLA-B,0.963
HLA-DRB1,HLA-DQA2,0.955
HLA-DRB1,HLA-DRB5,0.955
HLA-DRB1,HLA-DOA,0.947
HLA-DRB1,HLA-DOB,0.944
HLA-DRB1,HLA-DPB1,0.943
HLA-DRB1,HLA-A,0.942
HLA-DRB1,ENO1,0.942
HLA-DRB1,HLA-F,0.94
HLA-DRB1,HLA-E,0.939
HLA-DRB1,CAMP,0.934
HLA-DRB1,VIM,0.932
HLA-DRB1,EEF1A1,0.914
HLA-DRB1,EEF1A2,0.908
HLA-DRB1,MLANA,0.906
HLA-DRB1,TPI1,0.904
TLR1,TLR2,0.999
TLR1,TLR6,0.999
TLR1,MYD88,0.998
TLR1,TLR4,0.996
TLR1,TIRAP,0.992
TLR1,TLR10,0.989
TLR1,CD36,0.968
TLR1,LY96,0.957
TLR1,SCARB1,0.941
TLR1,SCARB2,0.932
TLR1,HSPA9,0.907
TLR1,IL6,0.889
TLR1,IRAK4,0.871
TLR1,TLR5,0.86
TLR1,ITGB2,0.86
TLR1,IL1B,0.842
TLR1,NOD2,0.841
TLR1,TNF,0.834
TLR1,DEFB103A,0.83
TLR1,CLEC7A,0.824
TLR1,IRAK1,0.808
TLR1,TLR8,0.8
TLR1,FSTL1,0.799
TLR1,IL10,0.793
TLR1,TRAF6,0.787
OLIG3,TNFAIP3,0.801
ATG5,DDX58,0.999
ATG5,ATG3,0.999
ATG5,TECPR1,0.999
ATG5,GABARAPL1,0.999
ATG5,ATG12,0.999
ATG5,ATG16L1,0.999
ATG5,ATG7,0.999
ATG5,ATG16L2,0.999
ATG5,GABARAPL2,0.999
ATG5,MAVS,0.999
ATG5,ATG10,0.998
ATG5,WIPI2,0.997
ATG5,ULK1,0.997
ATG5,FADD,0.994
ATG5,GABARAP,0.994
ATG5,SIRT1,0.993
ATG5,WDFY3,0.992
ATG5,BCL2L1,0.992
ATG5,IRGM,0.991
ATG5,SQSTM1,0.991
ATG5,VIPR1,0.988
ATG5,MAP1LC3B,0.987
ATG5,BECN1,0.986
ATG5,IFIH1,0.985
ATG5,MAP1LC3A,0.977
PRDM1,STAT3,0.942
PRDM1,IRF4,0.938
PRDM1,EHMT2,0.923
PRDM1,PAX5,0.907
PRDM1,HDAC2,0.901
PRDM1,TP53,0.87
PRDM1,XBP1,0.866
PRDM1,PRMT5,0.858
PRDM1,SDC1,0.827
PRDM1,BACH2,0.809
PRDM1,TBX21,0.805
PRDM1,BATF,0.804
PRDM1,DPPA3,0.802
PRDM1,SIN3A,0.798
PRDM1,HDAC1,0.785
PRDM1,AICDA,0.78
PRDM1,CD40,0.773
PRDM1,EZH2,0.769
PRDM1,IL7R,0.764
PRDM1,EOMES,0.748
PRDM1,IRF1,0.742
PRDM1,CD19,0.726
PRDM1,RUNX1,0.713
PRDM1,IL21R,0.705
PRDM1,IL2RA,0.704
TCTE1,DRC7,0.838
TCTE1,TCTE3,0.837
TCTE1,TCP10,0.831
TCTE1,CCDC65,0.794
TCTE1,DYNLT1,0.785
TCTE1,GAS8,0.783
TCTE1,DRC3,0.721
TCTE1,IQCG,0.708
CARD9,MALT1,0.999
CARD9,SYK,0.999
CARD9,BCL10,0.999
CARD9,CASP8,0.998
CARD9,NOD2,0.995
CARD9,CLEC7A,0.973
CARD9,RIPK2,0.971
CARD9,PRKCD,0.955
CARD9,IKBKB,0.949
CARD9,MAPK11,0.943
CARD9,MAPK14,0.939
CARD9,MAPK12,0.938
CARD9,IRF3,0.936
CARD9,IKBKG,0.929
CARD9,CHUK,0.928
CARD9,MAPK3,0.926
CARD9,CLEC6A,0.922
CARD9,MAPK8,0.921
CARD9,MAPK1,0.916
CARD9,MAPK13,0.913
CARD9,MAPK9,0.909
CARD9,TRIM62,0.894
CARD9,CLEC4E,0.877
CARD9,MYD88,0.847
CARD9,DDX58,0.845
TLR4,HMGB1,0.999
TLR4,TICAM2,0.999
TLR4,MYD88,0.999
TLR4,LY96,0.999
TLR4,TICAM1,0.999
TLR4,TIRAP,0.999
TLR4,TLR2,0.999
TLR4,TLR6,0.999
TLR4,TRAF6,0.999
TLR4,HSPD1,0.999
TLR4,IRAK4,0.999
TLR4,CD36,0.998
TLR4,IFNB1,0.998
TLR4,IRAK1,0.998
TLR4,NOX4,0.996
TLR4,SCARB1,0.996
TLR4,HSPA4,0.996
TLR4,TLR1,0.996
TLR4,SCARB2,0.996
TLR4,CD14,0.995
TLR4,FN1,0.995
TLR4,BGN,0.994
TLR4,RETN,0.993
TLR4,NFKB1,0.993
TLR4,TLR5,0.992
TNFSF15,TNFRSF6B,0.999
TNFSF15,TNFRSF25,0.999
TNFSF15,TNFSF8,0.878
TNFSF15,CCDC122,0.779
TNFSF15,NOD2,0.77
TNFSF15,TNFRSF21,0.766
TNFSF15,TNFRSF14,0.758
TNFSF15,TNFRSF1A,0.734
TNFSF15,LACC1,0.728
TNFSF15,TNFSF18,0.7
ITPR3,VDAC1,0.997
ITPR3,HSPA9,0.996
ITPR3,ANK2,0.995
ITPR3,BCL2,0.993
ITPR3,TRPC1,0.992
ITPR3,BECN1,0.987
ITPR3,MRVI1,0.986
ITPR3,CALM3,0.985
ITPR3,ANK1,0.984
ITPR3,CALML3,0.982
ITPR3,CALML5,0.981
ITPR3,CALML6,0.979
ITPR3,ANK3,0.979
ITPR3,CYCS,0.979
ITPR3,CALML4,0.979
ITPR3,PLCG1,0.973
ITPR3,PRKACA,0.972
ITPR3,PRKACG,0.968
ITPR3,PRKACB,0.968
ITPR3,AKT1,0.967
ITPR3,PLCB3,0.967
ITPR3,PLCB2,0.966
ITPR3,ITPR1,0.965
ITPR3,PSEN2,0.956
ITPR3,ITPR2,0.953
BAK1,BCL2L1,0.999
BAK1,BCL2,0.999
BAK1,BID,0.999
BAK1,MCL1,0.998
BAK1,BCL2L11,0.998
BAK1,TP53,0.997
BAK1,BAX,0.996
BAK1,BCL2A1,0.983
BAK1,CYCS,0.975
BAK1,BCL2L2,0.959
BAK1,CAPN1,0.948
BAK1,BBC3,0.923
BAK1,TMBIM6,0.918
BAK1,CAPN2,0.915
BAK1,VDAC1,0.899
BAK1,VDAC2,0.882
BAK1,DIABLO-2,0.858
BAK1,PMAIP1,0.823
BAK1,BIK,0.799
BAK1,PPIF,0.794
BAK1,MFN1,0.787
BAK1,MFN2,0.78
BAK1,ERN1,0.769
BAK1,BECN1,0.761
BAK1,BCL2L10,0.759
SYK,CLEC7A,0.999
SYK,LCP2,0.999
SYK,TYROBP,0.999
SYK,VAV1,0.999
SYK,LYN,0.999
SYK,CARD9,0.999
SYK,BLNK,0.999
SYK,BTK,0.999
SYK,PLCG2,0.999
SYK,SRC,0.999
SYK,FCER1G,0.999
SYK,PLCG1,0.998
SYK,CD247,0.997
SYK,VAV3,0.997
SYK,CD79B,0.997
SYK,CD3E,0.997
SYK,CBL,0.997
SYK,CD79A,0.996
SYK,PTPN6,0.995
SYK,CLEC4E,0.995
SYK,FCGR2A,0.995
SYK,CLEC1B,0.992
SYK,FCGR3A,0.989
SYK,CD3G,0.989
SYK,VAV2,0.989
TNFSF13B,TNFRSF17,0.999
TNFSF13B,TNFRSF13C,0.999
TNFSF13B,TNFRSF13B,0.999
TNFSF13B,CD40LG,0.961
TNFSF13B,CD40,0.959
TNFSF13B,TNFSF12,0.943
TNFSF13B,IGLL5,0.936
TNFSF13B,LTBR,0.912
TNFSF13B,TNF,0.894
TNFSF13B,TNFSF11,0.88
TNFSF13B,LOC102723996,0.873
TNFSF13B,TRAF3,0.871
TNFSF13B,ICOS,0.87
TNFSF13B,TNFRSF1A,0.857
TNFSF13B,LTB,0.852
TNFSF13B,TNFSF13,0.85
TNFSF13B,TNFRSF1B,0.838
TNFSF13B,CXCL13,0.833
TNFSF13B,NFKB2,0.825
TNFSF13B,FAM160A2,0.802
TNFSF13B,MAP3K14,0.793
TNFSF13B,CAMLG,0.792
TNFSF13B,AKTIP,0.783
TNFSF13B,CR2,0.781
TNFSF13B,BTK,0.778
NFKBIL1,ATP6V1G2,0.916
NFKBIL1,LTA,0.765
NFKBIL1,LUC7L,0.726
NFKBIL1,LST1,0.716
MMEL1,IDE,0.948
MMEL1,APP,0.891
MMEL1,ACE,0.889
MMEL1,BACE1,0.861
MMEL1,NR3C2,0.841
MMEL1,REN,0.793
MMEL1,PSEN1,0.791
MMEL1,NCSTN,0.766
MMEL1,AGT,0.766
MMEL1,PSEN2,0.732
MMEL1,APH1A,0.724
MMEL1,LRP1,0.713
MMEL1,NPPA,0.708
MMEL1,SLC5A2,0.703
TEC,BLNK,0.951
TEC,VAV1,0.937
TEC,PLCG2,0.919
TEC,LCP2,0.917
TEC,BTK,0.916
TEC,PLCG1,0.914
TEC,VAV2,0.907
TEC,VAV3,0.907
TEC,ITK,0.904
TEC,KIT,0.806
TEC,LYN,0.772
STAG1,WAPL,0.999
STAG1,SMC1A,0.999
STAG1,RAD21,0.999
STAG1,SMC3,0.999
STAG1,PDS5A,0.999
STAG1,SMC1B,0.998
STAG1,NIPBL,0.997
STAG1,STAG2,0.996
STAG1,REC8,0.994
STAG1,PDS5B,0.99
STAG1,ESPL1,0.989
STAG1,CDCA5,0.975
STAG1,RAD21L1,0.965
STAG1,STAG3,0.962
STAG1,ESCO1,0.952
STAG1,SGO2,0.937
STAG1,MAU2,0.911
STAG1,TERF1,0.902
STAG1,ESCO2,0.881
STAG1,CTCF,0.864
STAG1,SMC5,0.855
STAG1,SMC6,0.831
STAG1,MDC1,0.822
STAG1,TINF2,0.788
STAG1,PLK1,0.761
ATG16L1,ATG3,0.999
ATG16L1,NOD2,0.999
ATG16L1,ATG5,0.999
ATG16L1,RAB33B,0.999
ATG16L1,WIPI2,0.999
ATG16L1,NOD1,0.999
ATG16L1,RB1CC1,0.999
ATG16L1,ATG12,0.999
ATG16L1,ATG7,0.995
ATG16L1,GABARAPL1,0.99
ATG16L1,GABARAPL2,0.99
ATG16L1,WIPI1,0.99
ATG16L1,ULK1,0.983
ATG16L1,GABARAP,0.979
ATG16L1,ATG10,0.973
ATG16L1,SQSTM1,0.973
ATG16L1,IRGM,0.97
ATG16L1,BECN1,0.965
ATG16L1,TUFM,0.962
ATG16L1,C3,0.961
ATG16L1,MAP1LC3B,0.955
ATG16L1,ATG14,0.953
ATG16L1,RAB26,0.952
ATG16L1,NLRX1,0.949
ATG16L1,ATG13,0.949
ARAP1,SH3KBP1,0.943
ARAP1,PTK6,0.919
ARAP1,CDC42,0.771
ARAP1,GRB2,0.742
ARAP1,ANK1,0.727
FDX2,FDXR,0.988
FDX2,ISCU,0.976
FDX2,NFS1,0.962
FDX2,LYRM4,0.953
FDX2,NDUFS8,0.916
FDX2,NDUFS2,0.906
FDX2,BOLA3,0.9
FDX2,MT-ND3,0.899
FDX2,NDUFS3,0.89
FDX2,MT-ND4,0.887
FDX2,FXN,0.878
FDX2,MT-ND1,0.878
FDX2,SDHA,0.872
FDX2,FADS6,0.868
FDX2,GLRX5,0.861
FDX2,NDUFAB1,0.86
FDX2,BOLA1,0.857
FDX2,FDX1,0.856
FDX2,ISCA2,0.856
FDX2,ISCA1,0.852
FDX2,NFU1,0.846
FDX2,IYD,0.84
FDX2,GLRX3,0.833
FDX2,MT-ND4L,0.818
FDX2,NDUFV1,0.81
IL4R,IL13RA2,0.999
IL4R,STAT6,0.999
IL4R,JAK1,0.999
IL4R,IL2RG,0.999
IL4R,IL4,0.999
IL4R,IL13RA1,0.999
IL4R,IL13,0.999
IL4R,JAK3,0.988
IL4R,JAK2,0.977
IL4R,SOCS5,0.97
IL4R,IL10,0.965
IL4R,IFNG,0.962
IL4R,IL7,0.943
IL4R,IL6,0.937
IL4R,IL5,0.933
IL4R,IL2,0.932
IL4R,IL9,0.924
IL4R,IGHV3-43D,0.907
IL4R,TYK2,0.902
IL4R,IGKV2D-28,0.9
IL4R,IL15,0.88
IL4R,TSLP,0.877
IL4R,CSF2,0.843
IL4R,CSF3,0.836
IL4R,IL21,0.835
TNFSF11,TNFRSF11B,0.999
TNFSF11,TNFRSF11A,0.999
TNFSF11,CSF1R,0.987
TNFSF11,TRAF6,0.986
TNFSF11,ACP5,0.962
TNFSF11,NFATC1,0.945
TNFSF11,SOST,0.927
TNFSF11,SFRP1,0.925
TNFSF11,BGLAP,0.915
TNFSF11,CSF1,0.912
TNFSF11,CTSK,0.896
TNFSF11,LGR4,0.893
TNFSF11,TNFSF13B,0.88
TNFSF11,CD40,0.878
TNFSF11,SRC,0.876
TNFSF11,RUNX2,0.876
TNFSF11,PTH,0.875
TNFSF11,BMP2,0.864
TNFSF11,FOS,0.856
TNFSF11,IL1B,0.854
TNFSF11,LTA,0.848
TNFSF11,DCSTAMP,0.831
TNFSF11,TNF,0.831
TNFSF11,OSCAR,0.816
TNFSF11,IL6,0.81
TNFSF18,TNFRSF18,0.999
TNFSF18,TNFSF4,0.88
TNFSF18,TNFRSF4,0.877
TNFSF18,TNFSF9,0.85
TNFSF18,TNFRSF9,0.841
TNFSF18,IDO1,0.822
TNFSF18,TNFRSF14,0.82
TNFSF18,IDO2,0.806
TNFSF18,ICOSLG,0.786
TNFSF18,CD70,0.769
TNFSF18,CD27,0.768
TNFSF18,LOC102723996,0.768
TNFSF18,CTLA4,0.713
TNFSF18,TNFSF15,0.7
TET3,OGT,0.975
TET3,TET2,0.964
TET3,NANOG,0.886
TET3,PRMT5,0.882
TET3,DNMT1,0.881
TET3,SIN3A,0.86
TET3,TDG,0.809
TET3,DNMT3A,0.802
TET3,DNMT3B,0.783
TET3,TET1,0.779
TET3,HCFC1,0.711
NFATC1,PPP3CA,0.999
NFATC1,PPP3R1,0.998
NFATC1,NFATC2,0.979
NFATC1,JUN,0.963
NFATC1,GATA4,0.957
NFATC1,PPP3CC,0.956
NFATC1,SP7,0.955
NFATC1,ACP5,0.954
NFATC1,GSK3B,0.953
NFATC1,MAPK8,0.951
NFATC1,PPP3R2,0.948
NFATC1,MAPK3,0.947
NFATC1,TNFSF11,0.945
NFATC1,PPP3CB,0.945
NFATC1,FOS,0.942
NFATC1,MAPK9,0.937
NFATC1,MEF2D,0.933
NFATC1,MAPK1,0.927
NFATC1,PRKACA,0.927
NFATC1,PRKACB,0.927
NFATC1,PRKACG,0.926
NFATC1,MEF2A,0.925
NFATC1,SRF,0.923
NFATC1,NFATC3,0.921
NFATC1,MEF2B,0.92
INAVA,CYTH2,0.847
INAVA,CYTH1,0.827
INAVA,CYTH3,0.747
KCNK2,KCNK1,0.975
KCNK2,KCNK10,0.968
KCNK2,PRKACG,0.96
KCNK2,PRKACB,0.96
KCNK2,PRKACA,0.96
KCNK2,KRT76,0.903
KCNK2,KCNK4,0.816
KCNK2,POPDC2,0.765
KCNK2,BVES,0.751
KCNK2,PIEZO1,0.735
KCNK2,SPTBN4,0.723
DAP,DAPK1,0.87
TNRC18,SIN3B,0.83
TNRC18,SINHCAF,0.763
COG6,COG5,0.999
COG6,COG4,0.999
COG6,COG2,0.999
COG6,COG7,0.999
COG6,COG8,0.999
COG6,COG1,0.999
COG6,COG3,0.999
COG6,STX6,0.914
COG6,SNAP29,0.905
COG6,GOSR2,0.897
COG6,STX5,0.897
COG6,VPS52,0.891
COG6,GOLGA5,0.876
COG6,STX16,0.86
COG6,H3BMQ9_HUMAN,0.855
COG6,H3BUN2_HUMAN,0.855
COG6,RAB6A,0.849
COG6,GOSR1,0.838
COG6,VPS53,0.834
COG6,VPS54,0.833
COG6,VTI1A,0.822
COG6,EXOC7,0.817
COG6,RAB36,0.801
COG6,VAMP4,0.791
COG6,ARL1,0.786
GNG4,GNB5,0.999
GNG4,GNB4,0.999
GNG4,GNB2,0.999
GNG4,GNB1,0.999
GNG4,GNB3,0.999
GNG4,GNG11,0.986
GNG4,GNAS,0.98
GNG4,GNAI1,0.972
GNG4,GNAI3,0.965
GNG4,GNAI2,0.95
GNG4,GNGT2,0.94
GNG4,GNGT1,0.93
GNG4,CXCR4,0.919
GNG4,HTR7,0.919
GNG4,MTNR1B,0.913
GNG4,CCR5,0.913
GNG4,APLNR,0.91
GNG4,PLCB2,0.908
GNG4,PREX1,0.903
GNG4,DRD2,0.884
GNG4,GNAO1,0.881
GNG4,GNG13,0.863
GNG4,PLCB3,0.813
GNG4,PLCB1,0.796
GNG4,GNA13,0.795
TESPA1,PLCG1,0.95
TESPA1,GRB2,0.939
TESPA1,ITPR1,0.908
TESPA1,COPS9,0.9
TESPA1,COPS3,0.9
TESPA1,COPS2,0.9
TESPA1,COPS7A,0.9
TESPA1,COPS6,0.9
TESPA1,COPS5,0.9
TESPA1,COPS7B,0.9
TESPA1,COPS8,0.9
TESPA1,GPS1,0.9
TESPA1,COPS4,0.9
TESPA1,HSPA9,0.885
TESPA1,THEMIS,0.871
TESPA1,LAT,0.857
TESPA1,ITPR3,0.828
PLCL1,GABRG1,0.918
PLCL1,GABRD,0.916
PLCL1,GABRA1,0.913
PLCL1,GABRA5,0.91
PLCL1,GABRE,0.91
PLCL1,GABRB2,0.909
PLCL1,GABRA4,0.909
PLCL1,GABRA6,0.909
PLCL1,GABRB1,0.908
PLCL1,GABRA3,0.905
PLCL1,GABRG3,0.905
PLCL1,GABRB3,0.904
PLCL1,GABRP,0.901
PLCL1,GABRQ,0.9
LTA,LTBR,0.999
LTA,TNFRSF14,0.999
LTA,LTB,0.999
LTA,TNFRSF1B,0.999
LTA,TNFRSF1A,0.999
LTA,TNF,0.984
LTA,CD40,0.873
LTA,IFNG,0.861
LTA,IL1B,0.86
LTA,CD40LG,0.858
LTA,TNFSF11,0.848
LTA,IL10,0.846
LTA,CSF2,0.822
LTA,TNFSF14,0.822
LTA,CXCL8,0.818
LTA,IL15,0.813
LTA,LGALS2,0.807
LTA,CCR7,0.803
LTA,IL2,0.795
LTA,IL6,0.793
LTA,TNFSF12,0.788
LTA,IL5,0.783
LTA,IL4,0.779
LTA,IL1A,0.779
LTA,CD4,0.777
ACOXL,ECI2,0.851
ACOXL,HSDL2,0.821
ACOXL,ACOX2,0.785
ACOXL,ETFA,0.751
ACOXL,ETFB,0.738
GPR35,CXCL17,0.962
GPR35,CAPN10,0.843
MICA,KLRK1,0.999
MICA,MICB,0.918
MICA,IGHV3-43D,0.909
MICA,IGHV3-16,0.9
MICA,ULBP2,0.844
MICA,ULBP1,0.813
MST1,MST1R,0.999
MST1,SPINT1,0.847
MST1,APEH,0.837
MST1,HPN,0.827
MST1,SPINT2,0.818
MST1,SAV1,0.817
MST1,MET,0.758
PPIA,BSG,0.999
PPIA,PPP3R1,0.985
PPIA,PPP3CA,0.985
PPIA,AIFM1,0.93
PPIA,H2AX,0.923
PPIA,PPID,0.919
PPIA,TRIM5,0.899
PPIA,RGPD2,0.884
PPIA,CFL1,0.88
PPIA,ENO1,0.87
PPIA,ACTB,0.866
PPIA,GAPDH,0.846
PPIA,PRPF3,0.83
PPIA,FKBP1C,0.79
PPIA,PTMA,0.788
PPIA,RANBP1,0.787
PPIA,FKBP2,0.783
PPIA,HSPA8,0.777
PPIA,RAN,0.773
PPIA,PFN1,0.77
PPIA,STAT4,0.768
PPIA,CPSF6,0.761
PPIA,PGK1,0.753
PPIA,HSP90AB1,0.747
PPIA,RPLP0,0.741
RAD51B,RAD51D-2,0.999
RAD51B,RAD51C,0.999
RAD51B,RAD51D,0.999
RAD51B,XRCC2,0.999
RAD51B,XRCC3,0.985
RAD51B,RAD1,0.982
RAD51B,BRCA2,0.961
RAD51B,FANCM,0.958
RAD51B,SWI5,0.942
RAD51B,BRCA1,0.922
RAD51B,SFR1,0.916
RAD51B,MRE11,0.908
RAD51B,RAD51,0.904
RAD51B,PALB2,0.89
RAD51B,RAD52,0.889
RAD51B,MUS81,0.879
RAD51B,ATM,0.865
RAD51B,WRN,0.861
RAD51B,EXO1,0.859
RAD51B,BARD1,0.856
RAD51B,RAD54L,0.844
RAD51B,RPA1,0.843
RAD51B,HMGA2,0.821
RAD51B,BLM,0.82
RAD51B,FBH1,0.819
RNASET2,FGFR1OP,0.885
RNASET2,RNASE6,0.882
RNASET2,ANG,0.829
RNASET2,RNASE2,0.82
RNASET2,RNASE1,0.773
TPD52,MAL2,0.948
TPD52,TPD52L1,0.889
TPD52,TPD52L2,0.825
TPD52,TPD52L3,0.711
TPD52,MRPS2,0.706
CCDC91,GGA1,0.989
PLD4,PLD2,0.956
PLD4,PLD1,0.924
PLD4,CEPT1,0.913
PLD4,CHPT1,0.913
PLD4,PLD3,0.911
PLD4,MBOAT2,0.911
PLD4,LPCAT3,0.91
PLD4,MBOAT1,0.908
PLD4,SELENOI,0.908
PLD4,PLAAT3,0.907
PLD4,LCAT,0.907
PLD4,PEMT,0.906
PLD4,PISD,0.906
PLD4,PLPP4,0.901
PLD4,LPCAT1,0.9
PLD4,PTDSS2,0.9
PLD4,PLPP5,0.9
PLD4,TMEM189-UBE2V1,0.9
PLD4,PTDSS1,0.9
PLD4,CDS1,0.9
PLD4,TMEM189,0.9
PLD4,CDS2,0.9
PLD4,LPCAT2,0.9
PLD4,LPCAT4,0.9
PLD4,CHDH,0.805
PSTPIP1,MEFV,0.999
PSTPIP1,PTPN12,0.998
PSTPIP1,WAS,0.996
PSTPIP1,CD2,0.958
PSTPIP1,PTPN22,0.957
PSTPIP1,PTS,0.901
PSTPIP1,PTPN18,0.864
PSTPIP1,PYCARD,0.846
PSTPIP1,ABL1,0.828
PSTPIP1,WASL,0.794
PSTPIP1,LPIN2,0.721
PSTPIP1,PXN,0.714
PSTPIP1,WIPF1,0.701
UQCC2,UQCC1,0.963
UQCC2,COX20,0.887
UQCC2,MT-CYB,0.725
UQCC2,UQCC3,0.7
MYC,EP300,0.999
MYC,FBXW7,0.999
MYC,TRRAP,0.999
MYC,BRCA1,0.999
MYC,BIN1,0.999
MYC,ZBTB17,0.999
MYC,MAX,0.999
MYC,CDKN2A,0.998
MYC,TP53,0.997
MYC,GSK3B,0.996
MYC,KAT2A,0.996
MYC,CDCA7L,0.995
MYC,E2F1,0.995
MYC,SMAD3,0.993
MYC,HIF1A,0.993
MYC,HDAC1,0.991
MYC,DNMT3A,0.991
MYC,KAT2B,0.99
MYC,SKP1,0.989
MYC,IGF2BP1,0.988
MYC,ZNF346,0.987
MYC,MAPK3,0.986
MYC,STAT3,0.985
MYC,CTNNB1,0.985
MYC,EZH2,0.984
PACSIN1,PACSIN3,0.945
PACSIN1,PACSIN2,0.938
PACSIN1,HTT,0.917
PACSIN1,COBL,0.891
PACSIN1,DNM1,0.889
PACSIN1,SYNJ1,0.881
PACSIN1,WASL,0.879
PACSIN1,COBLL1,0.847
PACSIN1,SOBP,0.809
PACSIN1,TRIP10,0.746
PACSIN1,EHD1,0.736
PACSIN1,FCHO1,0.704
CIITA,RFX5,0.999
CIITA,RFXANK,0.998
CIITA,RFXAP,0.996
CIITA,CREB1,0.978
CIITA,NFYC,0.96
CIITA,NFYA,0.96
CIITA,RFX1,0.958
CIITA,STAT1,0.957
CIITA,NFYB,0.95
CIITA,NAIP,0.931
CIITA,CEBPB,0.915
CIITA,CEBPG,0.903
CIITA,HDAC2,0.842
CIITA,CD74,0.833
CIITA,HLA-DRA,0.831
CIITA,HLA-DOA,0.822
CIITA,ZXDC,0.803
CIITA,MEFV,0.802
CIITA,HLA-DMA,0.793
CIITA,CCNT1,0.776
CIITA,IFNG,0.764
CIITA,CREBBP,0.753
CIITA,PYCARD,0.748
CIITA,CD4,0.745
CIITA,HLA-DMB,0.71
GRHL2,ESRP1,0.891
GRHL2,OVOL2,0.832
PRKCB,NCF1,0.975
PRKCB,PLCG2,0.973
PRKCB,CARD11,0.972
PRKCB,PRKCD,0.966
PRKCB,PRKCA,0.963
PRKCB,PLCG1,0.952
PRKCB,MAPK3,0.949
PRKCB,LYN,0.947
PRKCB,PRKCG,0.946
PRKCB,MTOR,0.937
PRKCB,ITPR1,0.937
PRKCB,PLCB1,0.935
PRKCB,CACNA1D,0.933
PRKCB,IRS1,0.932
PRKCB,CASP3,0.931
PRKCB,PLCB2,0.931
PRKCB,FOS,0.93
PRKCB,TRPC3,0.929
PRKCB,MAPK1,0.928
PRKCB,NCF4,0.926
PRKCB,RACK1,0.925
PRKCB,PLCB4,0.924
PRKCB,ITPR3,0.923
PRKCB,KRAS,0.923
PRKCB,RRAS2,0.923
DCLRE1B,TERF2,0.999
DCLRE1B,TINF2,0.951
DCLRE1B,TERF1,0.95
DCLRE1B,SLX4,0.944
DCLRE1B,TERF2IP,0.934
DCLRE1B,POT1,0.904
DCLRE1B,MUS81,0.89
DCLRE1B,FANCD2,0.849
DCLRE1B,FANCM,0.806
DCLRE1B,PRKDC,0.798
DCLRE1B,SLX1A,0.797
DCLRE1B,ERCC1,0.784
DCLRE1B,FANCI,0.761
DCLRE1B,EME1,0.759
DCLRE1B,FAN1,0.751
DCLRE1B,EXO1,0.734
DCLRE1B,ERCC4,0.721
DCLRE1B,POLN,0.712
DCLRE1B,WRN,0.711
FAS,CASP8,0.999
FAS,DAXX,0.999
FAS,FASLG,0.999
FAS,TNFRSF1A,0.999
FAS,FADD,0.999
FAS,TNF,0.997
FAS,CFLAR,0.997
FAS,CASP10,0.996
FAS,TNFSF10,0.996
FAS,FAF1,0.993
FAS,TRADD,0.992
FAS,TNFRSF10B,0.977
FAS,PTPN13,0.97
FAS,RIPK1,0.966
FAS,TNFRSF10A,0.964
FAS,IGLL5,0.915
FAS,CASP3,0.911
FAS,TP53,0.877
FAS,BID,0.873
FAS,CD40,0.865
FAS,EZR,0.841
FAS,CD8A,0.841
FAS,CD4,0.84
FAS,CASP1,0.838
FAS,MAPK8,0.825
IL19,IL20RB,0.998
IL19,IL20RA,0.998
IL19,IL24,0.97
IL19,IL22RA1,0.952
IL19,IL10RB,0.93
IL19,IL20,0.919
IL19,IL10RA,0.914
IL19,IL26,0.897
IL19,IL10,0.872
IL19,IL22RA2,0.863
IL19,IL13RA2,0.862
IL19,IFNLR1,0.852
IL19,STAT3,0.837
IL19,IL4R,0.834
IL19,IL22,0.83
IL19,IL13RA1,0.8
IL19,JAK1,0.779
IL19,IL23R,0.763
IL19,IL12RB1,0.73
IL19,IL2RA,0.73
IL19,CSF3R,0.728
IL19,IL21R,0.727
IL19,IL6R,0.725
IL19,IL12RB2,0.715
IL19,IL9,0.71
HDAC7,KAT5,0.98
HDAC7,FOXA1,0.976
HDAC7,MEF2A,0.959
HDAC7,NCOR1,0.959
HDAC7,FOXP3,0.953
HDAC7,EP300,0.94
HDAC7,NCOR2,0.93
HDAC7,HIF1A,0.927
HDAC7,HDAC1,0.886
HDAC7,HDAC2,0.836
HDAC7,MEF2D,0.825
HDAC7,MMP10,0.807
HDAC7,HDAC3,0.804
HDAC7,SIRT1,0.802
HDAC7,UBE2I,0.792
HDAC7,H2BC21,0.787
HDAC7,CHD4,0.785
HDAC7,NR2E1,0.785
HDAC7,H2AC18,0.783
HDAC7,BCORL1,0.783
HDAC7,H2AC20,0.781
HDAC7,CTNNB1,0.777
HDAC7,PML,0.775
HDAC7,KAT2B,0.764
HDAC7,BCL6,0.762
ACTA2,MYH11,0.997
ACTA2,ACTG2,0.988
ACTA2,GC,0.972
ACTA2,MYL9,0.97
ACTA2,ACTC1,0.96
ACTA2,MYH10,0.959
ACTA2,TAGLN,0.954
ACTA2,MYH9,0.953
ACTA2,MYL6,0.944
ACTA2,MYL6B,0.934
ACTA2,COL1A1,0.928
ACTA2,ACTA1,0.91
ACTA2,MYH14,0.907
ACTA2,SETD3,0.904
ACTA2,CNN1,0.892
ACTA2,MYLK,0.89
ACTA2,COL3A1,0.882
ACTA2,TPM1,0.838
ACTA2,TPM2,0.824
ACTA2,COL1A2,0.814
ACTA2,PDGFRB,0.781
ACTA2,VIM,0.776
ACTA2,LMOD1,0.773
ACTA2,ACTN2,0.759
ACTA2,MYL12B,0.755
CCL2,CCL4L2,0.999
CCL2,CCL5,0.999
CCL2,CCL8,0.999
CCL2,CCL15,0.999
CCL2,CCR5,0.999
CCL2,CXCL8,0.999
CCL2,CXCL9,0.999
CCL2,CCR1,0.999
CCL2,CCR2,0.999
CCL2,CXCL13,0.998
CCL2,CCL26,0.998
CCL2,CCL11,0.998
CCL2,CXCR3,0.998
CCL2,PF4,0.998
CCL2,CXCR4,0.998
CCL2,CX3CR1,0.998
CCL2,CCR3,0.998
CCL2,CXCR2,0.997
CCL2,CCR6,0.996
CCL2,CXCL17,0.996
CCL2,CXCR1,0.996
CCL2,ACKR1,0.994
CCL2,CCRL2,0.99
CCL2,RELA,0.987
CCL2,ACKR2,0.985
MAPK14,MAP2K3,0.999
MAPK14,TAB1,0.999
MAPK14,MAPKAPK2,0.999
MAPK14,DUSP1,0.998
MAPK14,ATF2,0.998
MAPK14,MAP2K6,0.997
MAPK14,MAPKAPK3,0.996
MAPK14,MAPK1,0.995
MAPK14,TP53,0.994
MAPK14,JUN,0.992
MAPK14,AKT1,0.99
MAPK14,PTPN7,0.99
MAPK14,DUSP10,0.989
MAPK14,MAPK3,0.989
MAPK14,PTPRR,0.988
MAPK14,MAP2K4,0.987
MAPK14,FOS,0.985
MAPK14,RPS6KA4,0.984
MAPK14,RPS6KA5,0.976
MAPK14,MAX,0.976
MAPK14,DUSP9,0.971
MAPK14,MAP2K1,0.97
MAPK14,CDC42,0.968
MAPK14,MEF2A,0.962
MAPK14,HSPB2,0.962
SSPN,DAG1,0.999
SSPN,DMD,0.998
SSPN,SGCD,0.997
SSPN,SGCA,0.997
SSPN,DTNA,0.99
SSPN,SGCG,0.989
SSPN,SGCE,0.984
SSPN,UTRN,0.968
SSPN,SNTA1,0.96
SSPN,SGCB,0.939
SSPN,CAV3,0.931
SSPN,SGCZ,0.879
SSPN,SNTB1,0.877
SSPN,ITPR2,0.784
SSPN,SNTG1,0.771
SSPN,SNTB2,0.762
SSPN,SNTG2,0.754
SSPN,PGM5,0.747
RSRP1,CLK2,0.849
RSRP1,CLK3,0.835
PSD4,ARL14,0.813
PSD4,ARF6,0.808
THOC2,THOC6,0.999
THOC2,THOC5,0.999
THOC2,THOC7,0.999
THOC2,THOC1,0.999
THOC2,DDX39B,0.999
THOC2,THOC3,0.999
THOC2,ALYREF,0.999
THOC2,CYLD,0.992
THOC2,GLI2,0.992
THOC2,CHTOP,0.987
THOC2,SARNP,0.984
THOC2,DDX39A,0.98
THOC2,NCBP1,0.966
THOC2,NCBP2,0.964
THOC2,CDC5L,0.953
THOC2,NCBP3,0.916
THOC2,TPR,0.914
THOC2,RAE1,0.914
THOC2,FYTTD1,0.909
THOC2,DHX16,0.906
THOC2,ZC3H11A,0.888
THOC2,NXF1,0.885
THOC2,PRPF19,0.873
THOC2,NCBP2L,0.872
THOC2,U2SURP,0.864
ADAMTS2,COL1A2,0.946
ADAMTS2,COL1A1,0.936
ADAMTS2,COL3A1,0.891
ADAMTS2,CCBE1,0.852
ADAMTS2,EFEMP2,0.837
ADAMTS2,COL5A1,0.826
ADAMTS2,COL5A2,0.797
ADAMTS2,FBLN5,0.789
ADAMTS2,ATP6V0A2,0.786
ADAMTS2,LOX,0.75
ADAMTS2,FBN1,0.736
NXPE1,NXPE4,0.792
NDFIP1,NEDD4,0.999
NDFIP1,WWP2,0.978
NDFIP1,NEDD4L,0.915
NDFIP1,ITCH,0.898
NDFIP1,HECW1,0.861
NDFIP1,SLC11A2,0.846
NDFIP1,PTEN,0.827
NDFIP1,WWP1,0.815
NDFIP1,SMURF1,0.788
NDFIP1,SMURF2,0.744
RIPOR2,RHOA,0.905
RIPOR2,GRXCR2,0.896
RIPOR2,TPRN,0.875
RIPOR2,CLIC5,0.851
RIPOR2,GRXCR1,0.848
RIPOR2,MYO7A,0.835
RIPOR2,XIRP2,0.832
RIPOR2,MYH9,0.83
RIPOR2,RDX,0.825
RIPOR2,FSCN2,0.824
RIPOR2,PLS1,0.816
RIPOR2,MSN,0.807
RIPOR2,FAU,0.806
RIPOR2,TWF1,0.804
RIPOR2,EPB41L1,0.802
RIPOR2,MYO1C,0.801
RIPOR2,EZR,0.8
SLC6A4,DRD4,0.978
SLC6A4,HTR1A,0.968
SLC6A4,HTR2A,0.961
SLC6A4,TPH1,0.95
SLC6A4,COMT,0.943
SLC6A4,MAOA,0.942
SLC6A4,HTR1B,0.932
SLC6A4,STX1A,0.931
SLC6A4,TPH2,0.925
SLC6A4,BDNF,0.922
SLC6A4,HTR1D,0.921
SLC6A4,HTR2C,0.914
SLC6A4,DRD2,0.91
SLC6A4,SLC18A2,0.886
SLC6A4,HTR2B,0.872
SLC6A4,MAOB,0.868
SLC6A4,FKBP5,0.787
SLC6A4,DRD3,0.787
SLC6A4,ALDH2,0.763
SLC6A4,DRD1,0.763
SLC6A4,CRH,0.763
SLC6A4,ANKK1,0.763
SLC6A4,DDC,0.756
SLC6A4,ITGB3,0.741
SLC6A4,HTR3A,0.726
FOSL2,JUND,0.999
FOSL2,JUNB,0.999
FOSL2,JUN,0.999
FOSL2,FOS,0.998
FOSL2,FOSB,0.998
FOSL2,FOSL1,0.998
FOSL2,MAPK8,0.946
FOSL2,MAPK9,0.936
FOSL2,ATF7,0.918
FOSL2,CREB5,0.836
FOSL2,EGR1,0.828
FOSL2,ATF2,0.824
FOSL2,STK40,0.812
FOSL2,TRIB1,0.807
FOSL2,GLRX3,0.803
FOSL2,MAF,0.796
FOSL2,NFKB1,0.793
FOSL2,MAPK14,0.792
FOSL2,MAPK12,0.786
FOSL2,MAPK13,0.785
FOSL2,MAPK11,0.778
FOSL2,CEBPB,0.775
FOSL2,MAFK,0.715
TP63,TP73,0.997
TP63,TP53,0.953
TP63,SOX2,0.93
TP63,PERP,0.93
TP63,MDM2,0.9
TP63,CSNK1D,0.9
TP63,GABPB1,0.9
TP63,ITCH,0.894
TP63,KRT5,0.861
TP63,EP300,0.85
TP63,DDIT4,0.842
TP63,YAP1,0.796
TP63,KRT14,0.79
TP63,WNT10B,0.76
TP63,GSDME,0.756
TP63,CDKN2A,0.741
TP63,DLX6,0.725
TP63,SFN,0.716
TP63,PPP1R13L,0.703
GAL,GALR1,0.999
GAL,GALR2,0.999
GAL,GALR3,0.999
GAL,NPY,0.982
GAL,SST,0.95
GAL,TAC1,0.946
GAL,GALP,0.943
GAL,VIP,0.923
GAL,PDYN,0.907
GAL,POMC,0.892
GAL,NMU,0.886
GAL,CCK,0.865
GAL,PNOC,0.862
GAL,OXT,0.862
GAL,NTS,0.857
GAL,HCRT,0.845
GAL,TH,0.842
GAL,FFAR3,0.837
GAL,GPR151,0.836
GAL,PMCH,0.83
GAL,DBH,0.821
GAL,GHRH,0.812
GAL,GRP,0.807
GAL,GNG2,0.806
GAL,GNAS,0.805
SLIT1,ROBO1,0.999
SLIT1,ROBO2,0.999
SLIT1,ROBO4,0.987
SLIT1,ROBO3,0.947
SLIT1,SRGAP1,0.835
SLIT1,DCC,0.829
SLIT1,NTN1,0.809
SLIT1,NKX6-2,0.732
SLIT1,COL4A5,0.732
SLIT1,NKX6-1,0.731
SLIT1,SRGAP2,0.726
SLIT1,SRGAP3,0.718
OSMR,IL31,0.999
OSMR,OSM,0.999
OSMR,IL31RA,0.997
OSMR,JAK1,0.992
OSMR,IL6ST,0.975
OSMR,IL11,0.956
OSMR,CTF1,0.95
OSMR,IL6,0.932
OSMR,LIF,0.932
OSMR,CNTF,0.928
OSMR,JAK2,0.923
OSMR,LIFR,0.913
OSMR,SHC1,0.904
OSMR,ERBB2,0.874
OSMR,TYK2,0.853
OSMR,JAK3,0.848
OSMR,EGF,0.822
OSMR,CNTFR,0.746
OSMR,IL4,0.74
OSMR,IL6R,0.736
OSMR,IL13,0.733
OSMR,TSLP,0.727
OSMR,IFNG,0.722
OSMR,IL10,0.71
OSMR,IL5,0.707
CDKN2B,CDK4,0.999
CDKN2B,CDK6,0.999
CDKN2B,CCND1,0.974
CDKN2B,MYC,0.966
CDKN2B,CCND2,0.962
CDKN2B,CDKN2A,0.951
CDKN2B,CCND3,0.946
CDKN2B,CDKN1A,0.89
CDKN2B,TP53,0.86
CDKN2B,CDKN1B,0.859
CDKN2B,CCNL2,0.846
CDKN2B,CDKN1C,0.835
CDKN2B,CEBPB,0.825
CDKN2B,MTAP,0.818
CDKN2B,SMAD4,0.812
CDKN2B,CDK2,0.799
CDKN2B,IGF2BP2,0.773
CDKN2B,CDKN2C,0.751
CDKN2B,SMAD3,0.745
CDKN2B,CBX7,0.737
CDKN2B,SP1,0.727
CDKN2B,CDKN3,0.722
CDKN2B,MDM2,0.72
CDKN2B,SMAD2,0.714
CDKN2B,CDKAL1,0.712
FAM167A,BLK,0.978
FAM167A,MTMR9,0.871
FAM167A,XKR6,0.744
FAM167A,MTMR7,0.714
ALDH1A1,RDH12,0.969
ALDH1A1,RDH10,0.969
ALDH1A1,CYP26A1,0.968
ALDH1A1,CYP26B1,0.964
ALDH1A1,DHRS4,0.963
ALDH1A1,ADH1A,0.959
ALDH1A1,CYP26C1,0.953
ALDH1A1,AOX1,0.951
ALDH1A1,RDH11,0.951
ALDH1A1,DHRS3,0.951
ALDH1A1,ADH1B,0.949
ALDH1A1,ADH4,0.949
ALDH1A1,BCO1,0.946
ALDH1A1,RDH5,0.945
ALDH1A1,DHRS9,0.942
ALDH1A1,SDR16C5,0.941
ALDH1A1,CYP1A1,0.939
ALDH1A1,CYP3A4,0.937
ALDH1A1,RDH8,0.937
ALDH1A1,CYP2B6,0.933
ALDH1A1,CYP3A5,0.933
ALDH1A1,CYP1A2,0.931
ALDH1A1,ADH7,0.929
ALDH1A1,CYP2C9,0.928
ALDH1A1,RDH16,0.927
PTGER4,GNAS,0.986
PTGER4,PTGER1,0.977
PTGER4,PTGER2,0.962
PTGER4,GNAI3,0.914
PTGER4,GNAI1,0.911
PTGER4,GNAI2,0.911
PTGER4,PTGS2,0.895
PTGER4,ARRB1,0.873
PTGER4,PTGES,0.871
PTGER4,GNB1,0.855
PTGER4,GNB4,0.854
PTGER4,SRC,0.84
PTGER4,GNG2,0.834
PTGER4,GNB2,0.822
PTGER4,GNB3,0.812
PTGER4,GNB5,0.803
PTGER4,GNG4,0.791
PTGER4,PRKACB,0.788
PTGER4,PRKACA,0.787
PTGER4,PRKACG,0.787
PTGER4,PTGS1,0.751
PTGER4,FEM1A,0.734
PTGER4,GNAL,0.702
SIRPG,CD47,0.999
SIRPG,SIRPA,0.977
SIRPG,TYROBP,0.954
SIRPG,SYK,0.913
SIRPG,TREM2,0.903
FOS,FOSB,0.999
FOS,JUND,0.999
FOS,JUN,0.999
FOS,JUNB,0.999
FOS,ESR1,0.999
FOS,MAF,0.998
FOS,NFATC2,0.998
FOS,FOSL2,0.998
FOS,CREB1,0.998
FOS,FOSL1,0.998
FOS,EGR1,0.995
FOS,STAT3,0.995
FOS,MAPK3,0.994
FOS,ATF3,0.994
FOS,MAPK1,0.992
FOS,ATF2,0.99
FOS,RUNX2,0.987
FOS,MAPK8,0.986
FOS,SRC,0.986
FOS,MAPK14,0.985
FOS,MAFB,0.983
FOS,ATF7,0.983
FOS,MAPK9,0.977
FOS,SMAD3,0.976
FOS,SPI1,0.975
CAMTA1,WWTR1,0.864
CAMTA1,CALM3,0.765
CAMTA1,TFE3,0.714
XCR1,XCL2,0.999
XCR1,XCL1,0.999
XCR1,CCL8,0.94
XCR1,CCL5,0.921
XCR1,GNAQ,0.916
XCR1,CCL3,0.901
XCR1,CXCL9,0.866
XCR1,CXCL12,0.864
XCR1,MPPE1,0.864
XCR1,CXCL8,0.857
XCR1,CCL4,0.856
XCR1,CCL2,0.853
XCR1,CX3CL1,0.85
XCR1,CCL1,0.848
XCR1,CCL7,0.84
XCR1,CXCL1,0.838
XCR1,CCL16,0.835
XCR1,CCL19,0.809
XCR1,CLEC9A,0.808
XCR1,CXCL5,0.807
XCR1,CCL21,0.806
XCR1,CXCL10,0.796
XCR1,GPBAR1,0.794
XCR1,THBD,0.785
XCR1,NR1H4,0.783
FRG2C,ZNF354A,0.7
ZNF366,CTBP1,0.839
DLGAP1,DLG4,0.999
DLGAP1,SHANK3,0.997
DLGAP1,SHANK1,0.996
DLGAP1,HOMER1,0.986
DLGAP1,SHANK2,0.981
DLGAP1,DLG1,0.952
DLGAP1,HOMER3,0.943
DLGAP1,GRM1,0.938
DLGAP1,NLGN1,0.927
DLGAP1,GRM5,0.915
DLGAP1,GRIN2B,0.9
DLGAP1,DLG2,0.89
DLGAP1,DLG3,0.887
DLGAP1,GRIN2A,0.885
DLGAP1,NLGN4X,0.861
DLGAP1,HOMER2,0.857
DLGAP1,HCLS1,0.857
DLGAP1,NLGN3,0.855
DLGAP1,GRIA1,0.852
DLGAP1,NLGN2,0.844
DLGAP1,NLGN4Y,0.843
DLGAP1,CTTN,0.834
DLGAP1,KCNA4,0.786
DLGAP1,SYNGAP1,0.784
DLGAP1,NRXN1,0.774
CEP57,CEP63,0.956
CEP57,PLK1,0.834
CEP57,CEP152,0.784
BANK1,BLK,0.912
BANK1,MS4A1,0.875
BANK1,LYN,0.854
BANK1,ITPR1,0.79
BANK1,PXK,0.782
BANK1,PTPN22,0.769
BANK1,PHRF1,0.765
BANK1,IRF5,0.759
BANK1,NIBAN3,0.743
BANK1,ITPR3,0.734
BANK1,TNFSF4,0.706
DCAF4L1,DDB1,0.974
DCAF4L1,DCAF4,0.905
DCAF4L1,CUL4A,0.803
DCAF4L1,CUL4B,0.796
IFNLR1,JAK1,0.999
IFNLR1,IL10RB,0.999
IFNLR1,IFNL1,0.999
IFNLR1,IFNL2,0.999
IFNLR1,IFNL3,0.999
IFNLR1,IFNAR1,0.966
IFNLR1,TYK2,0.951
IFNLR1,IFNA1,0.934
IFNLR1,IL10RA,0.93
IFNLR1,IL10,0.928
IFNLR1,STAT1,0.923
IFNLR1,IFNB1,0.92
IFNLR1,IL22,0.915
IFNLR1,STAT2,0.897
IFNLR1,IFNA2,0.897
IFNLR1,IFNG,0.893
IFNLR1,IFNE,0.861
IFNLR1,JAK2,0.859
IFNLR1,IFNK,0.857
IFNLR1,IL19,0.852
IFNLR1,IL6,0.844
IFNLR1,IL24,0.834
IFNLR1,IFNAR2,0.828
IFNLR1,IL22RA1,0.822
IFNLR1,IL26,0.82
TPH2,PCBD1,0.978
TPH2,PCBD2,0.977
TPH2,DDC,0.973
TPH2,TPH1,0.96
TPH2,IDO1,0.953
TPH2,IDO2,0.952
TPH2,SPR,0.947
TPH2,QDPR,0.946
TPH2,TDO2,0.942
TPH2,SLC6A4,0.925
TPH2,DHFR,0.904
TPH2,IL4I1,0.904
TPH2,DHFR2,0.904
TPH2,AKR1B1,0.902
TPH2,AKR1B10,0.902
TPH2,YWHAZ,0.868
TPH2,HTR1B,0.807
TPH2,YWHAE,0.784
TPH2,HTR2A,0.762
TPH2,HTR2C,0.752
TPH2,HGD,0.723
TPH2,SLC18A2,0.72
TPH2,YWHAH,0.711
OPCML,NTM,0.845
OPCML,RYR3,0.729
ZNF704,ING2,0.796
ZNF704,FAU,0.796
ZNF704,SAP30,0.701
UNC5A,NTN1,0.999
UNC5A,ADGRL1,0.977
UNC5A,ADGRL3,0.973
UNC5A,ADGRL2,0.972
UNC5A,MAGED1,0.969
UNC5A,DCC,0.925
UNC5A,SRC,0.916
UNC5A,PTK2,0.907
UNC5A,NTN4,0.906
UNC5A,PTPN11,0.904
UNC5A,FLRT1,0.873
UNC5A,NEO1,0.82
UNC5A,CASP3,0.785
UNC5A,FLRT2,0.769
PDE2A,PDE5A,0.95
PDE2A,ADK,0.918
PDE2A,ENPP1,0.918
PDE2A,ENPP3,0.914
PDE2A,ITPA,0.913
PDE2A,APRT,0.91
PDE2A,DCK,0.909
PDE2A,GMPR,0.908
PDE2A,GUK1,0.906
PDE2A,AK3,0.904
PDE2A,HPRT1,0.902
PDE2A,ADSL,0.901
PDE2A,GMPS,0.9
PDE2A,PDE6G,0.865
PDE2A,ADCY5,0.847
PDE2A,GUCY1B1,0.82
PDE2A,GUCY1A2,0.805
PDE2A,NPR1,0.799
PDE2A,ADCY8,0.799
PDE2A,ADCY4,0.798
PDE2A,NPR2,0.798
PDE2A,ADCY3,0.798
PDE2A,GUCY1A1,0.787
PDE2A,GUCY2D,0.785
PDE2A,GUCY2F,0.782
ZFP36L1,MAPKAPK2,0.983
ZFP36L1,DCP2,0.929
ZFP36L1,ZFP36L2,0.917
ZFP36L1,YWHAB,0.885
ZFP36L1,AKT1,0.849
ZFP36L1,XRN1,0.849
ZFP36L1,EXOSC2,0.811
ZFP36L1,CNOT1,0.772
ZFP36L1,ELAVL1,0.742
ZFP36L1,UPF1,0.731
ZFP36L1,MAPK14,0.712
NPAS2,ARNTL,0.999
NPAS2,CRY1,0.999
NPAS2,CRY2,0.998
NPAS2,CLOCK,0.998
NPAS2,ARNTL2,0.997
NPAS2,CSNK1E,0.989
NPAS2,PER2,0.988
NPAS2,NR1D1,0.985
NPAS2,RORA,0.981
NPAS2,BHLHE40,0.972
NPAS2,BHLHE41,0.969
NPAS2,CSNK1D,0.968
NPAS2,EP300,0.948
NPAS2,NR1D2,0.947
NPAS2,NFIL3,0.931
NPAS2,RORB,0.927
NPAS2,PER3,0.911
NPAS2,PER1,0.91
NPAS2,TIMELESS,0.896
NPAS2,RORC,0.889
NPAS2,CIPC,0.802
NPAS2,FBXL3,0.798
NPAS2,PPARA,0.797
NPAS2,DBP,0.797
NPAS2,RXRA,0.79
VWC2,CHRD,0.826
RBPJ,MAML3,0.999
RBPJ,MAML1,0.999
RBPJ,MAML2,0.999
RBPJ,NOTCH1,0.999
RBPJ,NCOR2,0.998
RBPJ,NOTCH2,0.998
RBPJ,NOTCH3,0.998
RBPJ,KAT2B,0.992
RBPJ,CIR1,0.989
RBPJ,NOTCH4,0.988
RBPJ,KAT2A,0.988
RBPJ,PTF1A,0.987
RBPJ,FHL1,0.986
RBPJ,HDAC1,0.986
RBPJ,SNW1,0.981
RBPJ,EP300,0.98
RBPJ,SPEN,0.973
RBPJ,CTNNB1,0.971
RBPJ,HDAC2,0.969
RBPJ,CTBP1,0.969
RBPJ,ATXN1,0.967
RBPJ,GNLY,0.965
RBPJ,ATXN1L,0.964
RBPJ,SIN3A,0.963
RBPJ,NRARP,0.96
RPLP1,RPL23,0.999
RPLP1,RPS19,0.999
RPLP1,RPL15,0.999
RPLP1,RACK1,0.999
RPLP1,RPSA,0.999
RPLP1,RPL35,0.999
RPLP1,RPS18,0.999
RPLP1,RPL34,0.999
RPLP1,RPL10,0.999
RPLP1,RPS16,0.999
RPLP1,RPL19,0.999
RPLP1,RPS12,0.999
RPLP1,RPL5,0.999
RPLP1,RPL11,0.999
RPLP1,RPS24,0.999
RPLP1,RPL7,0.999
RPLP1,RPS21,0.999
RPLP1,RPL18,0.999
RPLP1,RPL9,0.999
RPLP1,RPL13,0.999
RPLP1,RPS10,0.999
RPLP1,RPL27A,0.999
RPLP1,RPL7A,0.999
RPLP1,RPL6,0.999
RPLP1,RPL36,0.999
SHTN1,L1CAM,0.98
SHTN1,RUFY3,0.966
SHTN1,LNX1,0.76
SLC26A8,RACGAP1,0.95
SLC26A8,ANLN,0.767
SLC26A8,CFTR,0.725
CCL20,CCRL2,0.999
CCL20,CCL5,0.999
CCL20,CXCL12,0.999
CCL20,CCR6,0.999
CCL20,CXCL11,0.999
CCL20,CXCL5,0.999
CCL20,PF4,0.998
CCL20,CXCL17,0.997
CCL20,XCL2,0.995
CCL20,CCR2,0.995
CCL20,CCR7,0.994
CCL20,CCR5,0.994
CCL20,CXCR3,0.993
CCL20,CXCL1,0.981
CCL20,CCL2,0.979
CCL20,CCR1,0.973
CCL20,CCL3,0.97
CCL20,CCL19,0.961
CCL20,CXCR4,0.958
CCL20,IL1B,0.958
CCL20,CXCR6,0.956
CCL20,CXCL3,0.951
CCL20,CXCL2,0.951
CCL20,CCR8,0.949
CCL20,CXCR2,0.949
REV3L,MAD2L2,0.999
REV3L,POLD2,0.999
REV3L,REV1,0.999
REV3L,POLD3,0.997
REV3L,POLE,0.989
REV3L,FANCM,0.987
REV3L,POLH,0.986
REV3L,POLA2,0.985
REV3L,POLD1,0.984
REV3L,PRIM2,0.98
REV3L,POLE3,0.974
REV3L,POLE2,0.973
REV3L,PRIM1,0.972
REV3L,POLE4,0.959
REV3L,POLI,0.954
REV3L,POLA1,0.946
REV3L,POLG,0.94
REV3L,RAD52,0.938
REV3L,PCNA,0.937
REV3L,POLG2,0.924
REV3L,RAD18,0.917
REV3L,UBE2V2,0.912
REV3L,POLK,0.91
REV3L,CHRAC1,0.905
REV3L,CRCP,0.901
PDE3A,SLFN12,0.973
PDE3A,PRKACA,0.928
PDE3A,ADK,0.924
PDE3A,PDE3B,0.919
PDE3A,ENPP1,0.908
PDE3A,GMPR,0.907
PDE3A,AK3,0.907
PDE3A,ENPP3,0.906
PDE3A,APRT,0.904
PDE3A,HPRT1,0.903
PDE3A,ITPA,0.902
PDE3A,DCK,0.901
PDE3A,GUK1,0.9
PDE3A,ADSL,0.9
PDE3A,GMPS,0.9
PDE3A,ALDH7A1,0.899
PDE3A,PRKACB,0.898
PDE3A,PRKACG,0.897
PDE3A,NPR2,0.859
PDE3A,ADCY8,0.83
PDE3A,ADCY5,0.823
PDE3A,ADCY6,0.816
PDE3A,GUCY1B1,0.813
PDE3A,ADCY7,0.81
PDE3A,ADCY3,0.809
ANKS1A,RIN1,0.79
ANKS1A,DAB2IP,0.771
ANKS1A,EGFR,0.752
DPP4,ACE2,0.999
DPP4,ADA,0.999
DPP4,CAV1,0.991
DPP4,PTPRC,0.99
DPP4,GCG,0.987
DPP4,CXCR4,0.985
DPP4,FN1,0.983
DPP4,GIP,0.98
DPP4,ITGB1,0.967
DPP4,PRCP,0.967
DPP4,GLP1R,0.965
DPP4,MME,0.962
DPP4,XPNPEP2,0.946
DPP4,IGF2R,0.945
DPP4,PREP,0.941
DPP4,ANPEP,0.931
DPP4,MEP1A,0.926
DPP4,MEP1B,0.925
DPP4,BSG,0.919
DPP4,SLC5A2,0.909
DPP4,INS,0.906
DPP4,PLG,0.904
DPP4,SI,0.887
DPP4,MGAM,0.885
DPP4,CD9,0.882
NR5A2,NR0B2,0.999
NR5A2,PPARGC1A,0.983
NR5A2,NR0B1,0.967
NR5A2,NCOA2,0.964
NR5A2,CTNNB1,0.961
NR5A2,CYP7A1,0.946
NR5A2,NCOA3,0.897
NR5A2,CYP8B1,0.89
NR5A2,PDX1,0.831
NR5A2,PROX1,0.819
NR5A2,ZNF217,0.806
NR5A2,EDF1,0.801
NR5A2,RAD54L2,0.792
NR5A2,NCOA1,0.776
NR5A2,ZNF653,0.764
NR5A2,CYP27A1,0.745
NR5A2,FABP6,0.733
NR5A2,UBE2I,0.731
NR5A2,NANOG,0.728
NR5A2,PTF1A,0.728
NR5A2,NCOR2,0.724
NR5A2,CLPTM1L,0.723
NR5A2,SOX2,0.715
NR5A2,NR1H4,0.705
NR5A2,KLF4,0.704
LMO4,LDB1,0.979
LMO4,SSBP3,0.863
LMO4,RBBP8,0.853
LMO4,SSBP2,0.853
LMO4,SSBP4,0.852
LMO4,IDI2,0.844
LMO4,LDB2,0.756
LMO4,ISL2,0.717
LMO4,BRCA1,0.71
ADGRL2,TENM2,0.998
ADGRL2,TENM4,0.993
ADGRL2,TENM1,0.986
ADGRL2,TENM3,0.983
ADGRL2,UNC5D,0.974
ADGRL2,UNC5A,0.972
ADGRL2,UNC5C,0.971
ADGRL2,GNB2,0.97
ADGRL2,UNC5CL,0.97
ADGRL2,SZRD1,0.969
ADGRL2,GNB1,0.969
ADGRL2,VEGFB,0.969
ADGRL2,GNB4,0.968
ADGRL2,FRMD6,0.968
ADGRL2,GNB5,0.967
ADGRL2,GNB3,0.967
ADGRL2,MGAT1,0.925
ADGRL2,FLRT3,0.872
ADGRL2,FLRT1,0.803
ADGRL2,GNAO1,0.779
ADGRL2,GNA12,0.776
ADGRL2,POMGNT1,0.773
ADGRL2,GNAI1,0.766
ADGRL2,GNA13,0.764
ADGRL2,FLRT2,0.757
CTH,CBSL,0.999
CTH,CBS,0.999
CTH,MPST,0.998
CTH,TST,0.995
CTH,MTHFR,0.994
CTH,MTR,0.994
CTH,BHMT,0.99
CTH,AHCY,0.983
CTH,BHMT2,0.979
CTH,CDO1,0.974
CTH,AHCYL2,0.971
CTH,AHCYL1,0.969
CTH,KYAT1,0.963
CTH,GOT1,0.958
CTH,KYAT3,0.955
CTH,BCAT1,0.948
CTH,MARS1,0.948
CTH,BCAT2,0.944
CTH,GOT2,0.942
CTH,TXNRD1,0.94
CTH,AGXT2,0.935
CTH,MARS2,0.934
CTH,TXNRD2,0.931
CTH,GOT1L1,0.93
CTH,TXNRD3,0.928
LHX2,LDB1,0.984
LHX2,LDB2,0.941
LHX2,EBF1,0.938
LHX2,CITED2,0.895
LHX2,ROBO2,0.833
LHX2,ROBO1,0.811
LHX2,LHX9,0.809
LHX2,MSX1,0.78
LHX2,NEUROG2,0.765
LHX2,SIX3,0.763
LHX2,ASCL1,0.749
LHX2,FOXG1,0.731
LHX2,RLIM,0.727
LHX2,SSBP3,0.726
LHX2,NEUROG1,0.719
COL15A1,COL4A3,0.935
COL15A1,COL4A4,0.915
COL15A1,COL18A1,0.904
COL15A1,GPC4,0.816
COL15A1,COL8A1,0.801
COL15A1,COL5A1,0.793
COL15A1,COL3A1,0.791
COL15A1,COL14A1,0.779
COL15A1,COL6A2,0.777
COL15A1,COL4A2,0.777
COL15A1,COL4A5,0.767
COL15A1,SERPINH1,0.766
COL15A1,COL5A2,0.766
COL15A1,COL6A1,0.76
COL15A1,GPC1,0.76
COL15A1,COL4A1,0.74
COL15A1,COL1A1,0.713
COL15A1,COL1A2,0.702
OTUD3,PTEN,0.941
OTUD3,MRPS6,0.903
OTUD3,MRPL32,0.903
OTUD3,MRPL20,0.902
OTUD3,RPL5,0.901
OTUD3,RPL11,0.899
OTUD3,RPS3,0.897
OTUD3,MRPS9,0.896
OTUD3,RPS11,0.893
OTUD3,RPL23,0.893
OTUD3,RPS18,0.892
OTUD3,UBC,0.876
OTUD3,MRPL17,0.876
OTUD3,MRPS16,0.872
OTUD3,RPL35,0.869
OTUD3,MRPL21,0.868
OTUD3,MRPL19,0.867
OTUD3,RRM1,0.867
OTUD3,MRPL27,0.866
OTUD3,RPL23A,0.862
OTUD3,MRPL36,0.853
OTUD3,MRPL33,0.848
OTUD3,RPS15,0.846
OTUD3,MRPL9,0.844
OTUD3,RPS2,0.831
CEMIP2,LRRTM2,0.924
NRSN1,PPEF2,0.972
NRSN1,AK9,0.83
NRSN1,RRM1,0.782
CXorf21,SLC15A4,0.885
CXorf21,TLR7,0.709
LHFPL6,HMGA2,0.818
POSTN,FN1,0.996
POSTN,BMP1,0.983
POSTN,COL3A1,0.976
POSTN,NOTCH1,0.969
POSTN,COL1A2,0.918
POSTN,LUM,0.913
POSTN,COL1A1,0.903
POSTN,CLCA1,0.898
POSTN,NDUFS2,0.876
POSTN,SERPINB2,0.853
POSTN,BGN,0.83
POSTN,ASPN,0.83
POSTN,THBS2,0.828
POSTN,PTK7,0.824
POSTN,COL6A3,0.819
POSTN,LOX,0.811
POSTN,FBLN2,0.802
POSTN,SPARC,0.797
POSTN,COL5A2,0.792
POSTN,TGFB1,0.791
POSTN,WNT3A,0.79
POSTN,IL13,0.788
POSTN,MMP2,0.787
POSTN,FBN1,0.785
POSTN,COL5A1,0.78
GLIS3,SUFU,0.929
GLIS3,GPR152,0.802
GLIS3,WWTR1,0.763
GLIS3,NEUROD1,0.752
GLIS3,NEUROG3,0.751
GLIS3,INHA,0.747
GLIS3,DHX9,0.743
GLIS3,SLC1A1,0.72
DMRT2,SRY,0.808
FSCN1,ESPN,0.949
FSCN1,FLNA,0.887
FSCN1,RAB35,0.865
FSCN1,CTNNB1,0.858
FSCN1,ANGPTL4,0.844
FSCN1,LCP1,0.816
FSCN1,AKT1,0.799
FSCN1,FLNC,0.794
FSCN1,FLNB,0.788
FSCN1,WASL,0.786
FSCN1,PLS3,0.782
FSCN1,ACTN4,0.777
FSCN1,PLS1,0.777
FSCN1,CFL1,0.775
FSCN1,CTTN,0.771
FSCN1,DMTN,0.771
FSCN1,HCLS1,0.77
FSCN1,CFL2,0.758
FSCN1,WAS,0.755
FSCN1,VASP,0.752
FSCN1,STAT3,0.742
FSCN1,SYNE2,0.704
SP140,SP140L,0.903
SP140,IGKV1-33,0.9
SP140,IGKV1D-33,0.9
USP8,RNF41,0.999
USP8,UBC,0.997
USP8,EGFR,0.994
USP8,STAM2,0.993
USP8,YWHAZ,0.971
USP8,UBB,0.97
USP8,OTUB1,0.97
USP8,RPS27A,0.968
USP8,UBA52,0.954
USP8,PRKN,0.945
USP8,STAM,0.933
USP8,HGS,0.914
USP8,GRAP2,0.909
USP8,BIRC6,0.903
USP8,RNF128,0.892
USP8,ZUP1,0.889
USP8,CHMP1A,0.866
USP8,CHMP1B,0.861
USP8,USP28,0.844
USP8,STAMBP,0.833
USP8,UBE2E1,0.807
USP8,YWHAE,0.803
USP8,YWHAB,0.786
USP8,QTRT1,0.774
USP8,PIK3R2,0.752
CSF2RB,IL3RA,0.999
CSF2RB,CSF2RA,0.999
CSF2RB,CSF2,0.999
CSF2RB,IL3,0.999
CSF2RB,IL5,0.997
CSF2RB,IL5RA,0.993
CSF2RB,JAK2,0.992
CSF2RB,EPOR,0.985
CSF2RB,KRAS,0.903
CSF2RB,HRAS,0.901
CSF2RB,NRAS,0.901
CSF2RB,IGHV3-43D,0.9
CSF2RB,JAK1,0.9
CSF2RB,EPO,0.898
CSF2RB,STAT5A,0.87
CSF2RB,PTPN11,0.867
CSF2RB,PTPN6,0.849
CSF2RB,IL4,0.832
CSF2RB,CSF3,0.811
CSF2RB,IL2,0.808
CSF2RB,SHC1,0.801
CSF2RB,IL10,0.8
CSF2RB,NCF4,0.795
CSF2RB,IL15,0.788
CSF2RB,IFNA1,0.777
IL18R1,IL37,0.999
IL18R1,IL18,0.999
IL18R1,IL18RAP,0.999
IL18R1,IL1RAP,0.955
IL18R1,IL18BP,0.921
IL18R1,SIGIRR,0.919
IL18R1,IL33,0.895
IL18R1,IL1A,0.849
IL18R1,IL1B,0.842
IL18R1,IL12RB1,0.831
IL18R1,IL1R1,0.824
IL18R1,IL12RB2,0.786
IL18R1,CCRL2,0.755
IL18R1,CCR6,0.741
IL18R1,IL1F10,0.727
IL18R1,IL7R,0.712
IL18R1,KLRB1,0.708
IL18R1,ICOS,0.702
IL18R1,IL2RA,0.701
ANXA11,S100A6,0.985
ANXA11,ANXA7,0.92
ANXA11,PDCD6,0.889
ANXA11,BTNL2,0.841
ANXA11,TFG,0.7
ERAP2,TPP2,0.905
ERAP2,HLA-C,0.727
HIPK1,TP53,0.967
HIPK1,RASSF5,0.929
HIPK1,DAXX,0.814
PTPRC,LCK,0.999
PTPRC,CD22,0.999
PTPRC,SPN,0.993
PTPRC,DPP4,0.99
PTPRC,PTPRCAP,0.988
PTPRC,FYN,0.988
PTPRC,LGALS3,0.983
PTPRC,LYN,0.981
PTPRC,CD4,0.981
PTPRC,CD47,0.977
PTPRC,SEMA4D,0.977
PTPRC,ITGAM,0.971
PTPRC,CD8A,0.969
PTPRC,HCK,0.965
PTPRC,ITGAX,0.939
PTPRC,CD200,0.937
PTPRC,LCP2,0.935
PTPRC,CXCR4,0.933
PTPRC,ITGAL,0.931
PTPRC,CD44,0.931
PTPRC,SELL,0.928
PTPRC,IFNG,0.924
PTPRC,LGALS9,0.923
PTPRC,CD19,0.921
PTPRC,CD34,0.919
KIF21B,TRIM3,0.765
KIF21B,KIF11,0.703
SLC9A8,SLC9B2,0.8
SLC9A8,RACK1,0.739
FTO,ALKBH5,0.99
FTO,ALKBH1,0.958
FTO,MC4R,0.944
FTO,METTL14,0.939
FTO,WTAP,0.915
FTO,IGF2BP2,0.914
FTO,TMEM18,0.905
FTO,METTL3,0.9
FTO,YTHDF1,0.898
FTO,YTHDF2,0.892
FTO,YTHDC1,0.889
FTO,YTHDF3,0.883
FTO,VIRMA,0.882
FTO,GNPDA2,0.88
FTO,CDKAL1,0.872
FTO,SH2B1,0.868
FTO,KCTD15,0.866
FTO,HHEX,0.863
FTO,NEGR1,0.86
FTO,YTHDC2,0.852
FTO,ZC3H13,0.839
FTO,RBM15,0.83
FTO,ALKBH3,0.816
FTO,SLC30A8,0.814
FTO,IRX3,0.812
FAM49B,RAC3,0.812
IGSF9B,NLGN2,0.744
HDGFL1,NCL,0.748
ATXN2,PABPC1,0.998
ATXN2,ITPR1,0.996
ATXN2,RBFOX1,0.995
ATXN2,ATXN3,0.993
ATXN2,DDX6,0.993
ATXN2,TARDBP,0.992
ATXN2,LSM12,0.985
ATXN2,ATXN1,0.969
ATXN2,ATXN3L,0.961
ATXN2,ATXN2L,0.953
ATXN2,G3BP1,0.948
ATXN2,FUS,0.924
ATXN2,SH3GL2,0.924
ATXN2,ITPR2,0.916
ATXN2,ATXN7-2,0.914
ATXN2,ATXN7,0.913
ATXN2,ITPR3,0.913
ATXN2,FMR1,0.901
ATXN2,PABPC4,0.898
ATXN2,TIA1,0.895
ATXN2,SH3GL3,0.882
ATXN2,FAM98A,0.88
ATXN2,CACNA1A,0.858
ATXN2,C9orf72,0.856
ATXN2,SNRPN,0.852
ZBED6,ZC3H11A,0.98
ZBED6,IGF2,0.842
ELANE,SERPINA1,0.999
ELANE,AZU1,0.999
ELANE,DEFA4,0.999
ELANE,MPO,0.999
ELANE,CTSG,0.999
ELANE,SLPI,0.998
ELANE,LTF,0.997
ELANE,PRTN3,0.997
ELANE,CAMP,0.991
ELANE,BPI,0.975
ELANE,MMP9,0.973
ELANE,SERPINB1,0.973
ELANE,CEACAM8,0.907
ELANE,RNASE3,0.9
ELANE,THBS1,0.895
ELANE,GSDMD,0.882
ELANE,CTSS,0.878
ELANE,PADI4,0.877
ELANE,MMP8,0.875
ELANE,ELN,0.873
ELANE,HMGB1,0.869
ELANE,HAX1,0.857
ELANE,F2,0.855
ELANE,MS4A3,0.845
ELANE,SERPINF2,0.826
NUDT3,NUDT2,0.711
NOS1,CALML4,0.999
NOS1,NOS1AP,0.999
NOS1,CALM3,0.999
NOS1,CALML3,0.999
NOS1,CALML6,0.999
NOS1,CALML5,0.999
NOS1,DLG4,0.996
NOS1,RASD1,0.99
NOS1,GRIN2B,0.984
NOS1,SNTA1,0.979
NOS1,GRIN2A,0.974
NOS1,ATP2B4,0.969
NOS1,ASS1,0.96
NOS1,ARG2,0.959
NOS1,RYR2,0.958
NOS1,DYNLL1,0.957
NOS1,ASL,0.956
NOS1,GRIN1,0.955
NOS1,RYR1,0.954
NOS1,AKT1,0.953
NOS1,ARG1,0.951
NOS1,GRIN2D,0.945
NOS1,AZIN2,0.94
NOS1,NOS2,0.939
NOS1,MAPK3,0.936
DENND1B,RAB35,0.999
DENND1B,DENND1A,0.819
DENND1B,YWHAE,0.8
DENND1B,LHX9,0.723
RPS10,RPLP1,0.999
RPS10,RPS7,0.999
RPS10,RPS4X,0.999
RPS10,RPL4,0.999
RPS10,RPS28,0.999
RPS10,RPS5,0.999
RPS10,RPS17,0.999
RPS10,RPL30,0.999
RPS10,RPL24,0.999
RPS10,RPS2,0.999
RPS10,RPS15,0.999
RPS10,RPS8,0.999
RPS10,RPS6,0.999
RPS10,RPL26,0.999
RPS10,RPS25,0.999
RPS10,RPL23A,0.999
RPS10,RPL17,0.999
RPS10,RPS20,0.999
RPS10,RPL8,0.999
RPS10,RPL13,0.999
RPS10,RPL7A,0.999
RPS10,RPL27A,0.999
RPS10,RPL36,0.999
RPS10,RPL6,0.999
RPS10,RPS24,0.999
ZC3H11A,ZBED6,0.98
ZC3H11A,SARNP,0.975
ZC3H11A,THOC1,0.913
ZC3H11A,NCBP3,0.913
ZC3H11A,CHTOP,0.899
ZC3H11A,THOC2,0.888
ZC3H11A,THOC5,0.887
ZC3H11A,POLDIP3,0.876
ZC3H11A,DDX39B,0.838
ZC3H11A,FYTTD1,0.831
ZC3H11A,NCBP2,0.821
ZC3H11A,EIF4A3,0.815
ZC3H11A,MAGOH,0.811
ZC3H11A,DDX39A,0.788
ZC3H11A,THOC6,0.787
ZC3H11A,THOC3,0.777
ZC3H11A,THOC7,0.762
ZC3H11A,ALYREF,0.703
PFKFB3,PFKM,0.996
PFKFB3,PFKFB2,0.98
PFKFB3,FBP2,0.979
PFKFB3,PFKP,0.973
PFKFB3,PFKL,0.972
PFKFB3,TIGAR,0.972
PFKFB3,FBP1,0.967
PFKFB3,PFKFB1,0.923
PFKFB3,MPI,0.91
PFKFB3,HK2,0.909
PFKFB3,PFKFB4,0.906
PFKFB3,GCK,0.891
PFKFB3,LDHA,0.852
PFKFB3,HK1,0.828
PFKFB3,HK3,0.825
PFKFB3,HIF1A,0.781
PFKFB3,SLC2A1,0.767
PFKFB3,GPI,0.765
PFKFB3,PKM,0.76
PFKFB3,PRKAA1,0.751
PFKFB3,PRKAB1,0.749
PFKFB3,PRKAG2,0.748
PFKFB3,PRKAB2,0.742
PFKFB3,PGK1,0.739
PFKFB3,SLC2A3,0.736
CHRNG,CHRNA1,0.926
CHRNG,RAPSN,0.9
CHRNG,CHRND,0.813
CHRNG,MUSK,0.786
CHRNG,CHRNB1,0.739
CHRNG,CHRNE,0.732
CD22,PTPRC,0.999
CD22,PTPN6,0.997
CD22,CD19,0.992
CD22,CD79A,0.985
CD22,LYN,0.97
CD22,CD79B,0.96
CD22,SYK,0.959
CD22,CD200R1,0.935
CD22,MS4A1,0.928
CD22,CD5,0.903
CD22,CR2,0.894
CD22,CD72,0.888
CD22,CD81,0.847
CD22,MME,0.841
CD22,FFAR3,0.839
CD22,CD4,0.836
CD22,CD2,0.833
CD22,FFAR1,0.797
CD22,PAX5,0.796
CD22,CD38,0.787
CD22,GRB2,0.783
CD22,GALR2,0.782
CD22,FFAR2,0.781
CD22,GALR1,0.778
CD22,DNTT,0.777
IL2RB,IL2,0.999
IL2RB,IL2RG,0.999
IL2RB,IL15RA,0.999
IL2RB,IL2RA,0.999
IL2RB,IL15,0.999
IL2RB,JAK1,0.998
IL2RB,STAT5A,0.983
IL2RB,JAK3,0.98
IL2RB,STAT5B,0.976
IL2RB,IL7,0.941
IL2RB,JAK2,0.937
IL2RB,IFNG,0.934
IL2RB,IL10,0.928
IL2RB,CD8A,0.922
IL2RB,CD247,0.917
IL2RB,IL4,0.916
IL2RB,PRF1,0.913
IL2RB,GZMB,0.907
IL2RB,RHOA,0.904
IL2RB,GZMA,0.901
IL2RB,IL7R,0.891
IL2RB,CD4,0.875
IL2RB,LCK,0.874
IL2RB,STAT3,0.871
IL2RB,KLRD1,0.868
CCL22,CCR4,0.997
CCL22,CCR8,0.995
CCL22,PF4V1,0.995
CCL22,CCR3,0.995
CCL22,CCL14,0.994
CCL22,CCR2,0.986
CCL22,CCR7,0.984
CCL22,ACKR2,0.977
CCL22,CXCR4,0.973
CCL22,CCR5,0.972
CCL22,CCR10,0.965
CCL22,CCL17,0.964
CCL22,CXCL10,0.959
CCL22,CCR1,0.95
CCL22,CCL19,0.947
CCL22,ACKR4,0.941
CCL22,CXCR3,0.941
CCL22,CCR6,0.937
CCL22,CCL5,0.926
CCL22,CXCL1,0.92
CCL22,CCL2,0.914
CCL22,IL10,0.912
CCL22,CXCL8,0.901
CCL22,CXCR1,0.887
CCL22,CX3CL1,0.878
CYP27B1,RXRA,0.981
CYP27B1,CYP2R1,0.964
CYP27B1,CYP24A1,0.947
CYP27B1,PTH,0.941
CYP27B1,NCOA1,0.92
CYP27B1,MED1,0.913
CYP27B1,FGF23,0.907
CYP27B1,GC,0.858
CYP27B1,SLC34A1,0.848
CYP27B1,NCOA3,0.843
CYP27B1,NCOA2,0.834
CYP27B1,RXRG,0.826
CYP27B1,SNW1,0.82
CYP27B1,NCOR1,0.815
CYP27B1,SRC,0.807
CYP27B1,PHEX,0.802
CYP27B1,PPIF,0.791
CYP27B1,METTL1,0.782
CYP27B1,SLC34A3,0.766
CYP27B1,PPIG,0.754
CYP27B1,DHCR7,0.742
CYP27B1,CAMP,0.721
CYP27B1,KL,0.701
CDKN1B,CDK4,0.999
CDKN1B,CDK6,0.999
CDKN1B,CCND3,0.999
CDKN1B,CCNE1,0.999
CDKN1B,CCND1,0.999
CDKN1B,SKP2,0.999
CDKN1B,CDK2,0.999
CDKN1B,CCNA1,0.999
CDKN1B,CCND2,0.999
CDKN1B,CCNA2,0.999
CDKN1B,CCNE2,0.998
CDKN1B,CKS1B,0.997
CDKN1B,CUL1,0.996
CDKN1B,AKT1,0.996
CDKN1B,CCNL2,0.995
CDKN1B,SKP1,0.994
CDKN1B,COPS5,0.992
CDKN1B,TP53,0.991
CDKN1B,RBX1,0.989
CDKN1B,SPDYA,0.983
CDKN1B,CDKN1A,0.982
CDKN1B,FOXO3,0.98
CDKN1B,CUL4A,0.98
CDKN1B,CDK1,0.978
CDKN1B,RHOA,0.977
ST8SIA4,NCAM1,0.954
ATXN1,CIC,0.996
ATXN1,UBQLN4,0.992
ATXN1,KAT5,0.979
ATXN1,NCOR2,0.979
ATXN1,RBM17,0.975
ATXN1,ATXN1L,0.97
ATXN1,ATXN2,0.969
ATXN1,RBPJ,0.967
ATXN1,PQBP1,0.946
ATXN1,PUM2,0.916
ATXN1,ATXN3,0.912
ATXN1,COIL,0.912
ATXN1,RBFOX2,0.907
ATXN1,ATXN7-2,0.901
ATXN1,RBPJL,0.9
ATXN1,ATXN7,0.898
ATXN1,HTT,0.894
ATXN1,ATN1,0.859
ATXN1,GFI1,0.847
ATXN1,YWHAZ,0.831
ATXN1,ANP32A,0.818
ATXN1,STUB1,0.816
ATXN1,CACNA1A,0.804
ATXN1,DZIP3,0.804
ATXN1,RORA,0.798
IRF1,STAT1,0.999
IRF1,HDAC1,0.985
IRF1,EP300,0.984
IRF1,IRF8,0.983
IRF1,IRF2,0.982
IRF1,SPI1,0.974
IRF1,MDM2,0.97
IRF1,MYD88,0.965
IRF1,STAT2,0.961
IRF1,IFNB1,0.934
IRF1,HDAC2,0.927
IRF1,JUN,0.919
IRF1,IFNG,0.917
IRF1,CHD4,0.91
IRF1,IFNA1,0.91
IRF1,STAT3,0.9
IRF1,IRF9,0.894
IRF1,CXCL10,0.875
IRF1,PSMB9,0.875
IRF1,STUB1,0.865
IRF1,GSDMD,0.851
IRF1,IFNA2,0.847
IRF1,GBP1,0.83
IRF1,IFNA17,0.828
IRF1,HMGA1,0.826
KLF2,NFKB1,0.938
KLF2,RELA,0.934
KLF2,S1PR1,0.856
KLF2,CCR7,0.804
KLF2,SOX2,0.798
KLF2,SELL,0.785
KLF2,GZMB,0.783
KLF2,EP300,0.78
KLF2,MYC,0.779
KLF2,POU5F1,0.769
KLF2,NANOG,0.765
KLF2,MAPK7,0.752
KLF2,FOXO1,0.733
KLF2,CD8A,0.732
KLF2,JUN,0.72
KLF2,WWP1,0.72
KLF2,EOMES,0.709
DNMT3A,H3-3B,0.999
DNMT3A,EZH2,0.999
DNMT3A,H3C12,0.999
DNMT3A,H3C13,0.999
DNMT3A,DNMT1,0.999
DNMT3A,DNMT3L,0.999
DNMT3A,H3-4,0.998
DNMT3A,H3-2,0.998
DNMT3A,H3-5,0.998
DNMT3A,DNMT3B,0.998
DNMT3A,HDAC1,0.997
DNMT3A,SUV39H1,0.996
DNMT3A,SETDB1,0.996
DNMT3A,EHMT2,0.993
DNMT3A,MPHOSPH8,0.993
DNMT3A,MYC,0.991
DNMT3A,H4C6,0.974
DNMT3A,HDAC2,0.97
DNMT3A,UHRF1,0.967
DNMT3A,H3C1,0.964
DNMT3A,SMARCA4,0.957
DNMT3A,TCL1A,0.952
DNMT3A,MECP2,0.949
DNMT3A,TET2,0.946
DNMT3A,TRIM28,0.942
SLC15A4,CXorf21,0.885
IFNAR1,IFNA2,0.999
IFNAR1,TYK2,0.999
IFNAR1,IFNB1,0.999
IFNAR1,IFNAR2,0.999
IFNAR1,JAK1,0.999
IFNAR1,STAT2,0.999
IFNAR1,IFNA1,0.999
IFNAR1,STAT1,0.998
IFNAR1,IFNE,0.997
IFNAR1,IFNK,0.997
IFNAR1,IFNW1,0.997
IFNAR1,IFNA17,0.994
IFNAR1,IFNGR1,0.992
IFNAR1,IFNA4,0.989
IFNAR1,IFNG,0.989
IFNAR1,SOCS1,0.988
IFNAR1,IFNA8,0.987
IFNAR1,IFNA10,0.983
IFNAR1,IFNA14,0.983
IFNAR1,IFNA13,0.982
IFNAR1,IFNA5,0.975
IFNAR1,IFNA6,0.974
IFNAR1,IFNA21,0.972
IFNAR1,IFNA16,0.972
IFNAR1,IFNA7,0.972
DGKQ,LPL,0.9
DGKQ,GNPAT,0.828
DGKQ,PLD2,0.825
DGKQ,GPD2,0.815
DGKQ,MBOAT2,0.797
DGKQ,PLCE1,0.794
DGKQ,PLD1,0.766
DGKQ,AGPAT2,0.761
DGKQ,DGAT1,0.76
DGKQ,PLCB1,0.757
DGKQ,MBOAT1,0.757
DGKQ,RHOA,0.752
DGKQ,PLCB2,0.743
DGKQ,PLCD3,0.739
DGKQ,GAK,0.738
DGKQ,LCLAT1,0.736
DGKQ,PLCB3,0.736
DGKQ,TMEM175,0.731
DGKQ,PLCD4,0.726
DGKQ,AGPAT3,0.723
DGKQ,PLCD1,0.72
DGKQ,PLCB4,0.719
DGKQ,AGPAT1,0.718
DGKQ,MOGAT1,0.717
DGKQ,PNLIP,0.713
SCUBE3,TGFBR2,0.875
SCUBE3,MMP9,0.845
SCUBE3,MMP2,0.83
SCUBE3,SCUBE1,0.758
MGAT5,MGAT4B,0.992
MGAT5,MGAT4A,0.991
MGAT5,MGAT4C,0.955
MGAT5,MGAT3,0.951
MGAT5,MGAT4D,0.926
MGAT5,MGAT5B,0.91
MGAT5,LGALS3,0.891
MGAT5,MGAT1,0.868
MGAT5,MGAT2,0.789
MGAT5,FUT8,0.772
MGAT5,ST6GAL1,0.737
MGAT5,POMGNT1,0.708
KIT,KITLG,0.999
KIT,GRB2,0.998
KIT,PIK3R1,0.995
KIT,CLEC11A,0.993
KIT,PTPN11,0.99
KIT,PIK3CA,0.986
KIT,NRAS,0.981
KIT,KRAS,0.976
KIT,CXCL12,0.974
KIT,EGF,0.973
KIT,STAT5B,0.971
KIT,PIK3R2,0.968
KIT,SHC1,0.967
KIT,HRAS,0.962
KIT,PIK3CB,0.961
KIT,STAT3,0.96
KIT,STAT5A,0.959
KIT,INS,0.958
KIT,CBL,0.957
KIT,CD34,0.956
KIT,CRKL,0.952
KIT,FLT3LG,0.95
KIT,IL3,0.944
KIT,PIK3CD,0.94
KIT,SHC2,0.934
TNFRSF13C,TNFSF13B,0.999
TNFRSF13C,TRAF3,0.998
TNFRSF13C,TNFRSF13B,0.989
TNFRSF13C,CD40,0.984
TNFRSF13C,LTBR,0.967
TNFRSF13C,CD40LG,0.959
TNFRSF13C,TRAF2,0.952
TNFRSF13C,TNFSF13,0.951
TNFRSF13C,TNFRSF17,0.944
TNFRSF13C,CD19,0.889
TNFRSF13C,MAP3K14,0.879
TNFRSF13C,TNF,0.865
TNFRSF13C,NFKB2,0.836
TNFRSF13C,TNFSF12,0.834
TNFRSF13C,LTB,0.826
TNFRSF13C,IGLV10-54,0.82
TNFRSF13C,BIRC2,0.81
TNFRSF13C,CAMLG,0.783
TNFRSF13C,CD27,0.78
TNFRSF13C,TNFRSF1B,0.78
TNFRSF13C,TRAF6,0.757
TNFRSF13C,IGLL5,0.754
TNFRSF13C,CES3,0.743
TNFRSF13C,MS4A1,0.742
TNFRSF13C,REL,0.739
TPCN2,TPCN1,0.978
TPCN2,CD38,0.922
TPCN2,SLC24A4,0.915
TPCN2,SLC24A5,0.903
TPCN2,NADSYN1,0.799
TPCN2,SLC45A2,0.799
TPCN2,OCA2,0.786
TPCN2,MCOLN1,0.768
LZTFL1,BBS9,0.986
LZTFL1,BBS2,0.984
LZTFL1,BBS7,0.982
LZTFL1,BBS4,0.976
LZTFL1,BBS5,0.975
LZTFL1,BBS1,0.972
LZTFL1,TTC8,0.97
LZTFL1,SLC6A20,0.863
LZTFL1,FYCO1,0.836
LZTFL1,BBIP1,0.821
LZTFL1,IFT27,0.752
LZTFL1,BBS12,0.741
LZTFL1,BBS10,0.739
CCR1,CCL4,0.999
CCR1,CCL2,0.999
CCR1,CCL3,0.999
CCR1,CCL16,0.999
CCR1,CCL15,0.999
CCR1,CCL7,0.999
CCR1,CCL5,0.999
CCR1,CCL8,0.999
CCR1,CCR5,0.998
CCR1,CCL13,0.998
CCR1,CCL3L1,0.998
CCR1,CXCL8,0.997
CCR1,CCR3,0.997
CCR1,CCL11,0.996
CCR1,CXCL10,0.994
CCR1,CCL23,0.994
CCR1,CCL14,0.993
CCR1,CCR2,0.992
CCR1,CXCL1,0.98
CCR1,CCL20,0.973
CCR1,CCL1,0.972
CCR1,GNAI1,0.967
CCR1,CXCR3,0.966
CCR1,CCL26,0.96
CCR1,CXCL9,0.957
TRMT10B,MRPS15,0.833
TRMT10B,MRPS31,0.83
TRMT10B,MRPS28,0.819
TRMT10B,MRPS18B,0.807
TRMT10B,MRPS25,0.798
TRMT10B,MRPS27,0.795
TRMT10B,MRPS11,0.793
TRMT10B,MRPS14,0.785
TRMT10B,MRPS2,0.785
TRMT10B,MRPS16,0.783
TRMT10B,MRPS33,0.782
TRMT10B,MRPS21,0.78
TRMT10B,MRPS23,0.78
TRMT10B,MRPS10,0.777
TRMT10B,MRPS26,0.775
TRMT10B,NOA1,0.76
TRMT10B,TRMT5,0.758
TRMT10B,DAP3,0.744
TRMT10B,MRPS34,0.743
TRMT10B,MRPS5,0.743
TRMT10B,MRPS9,0.743
TRMT10B,MRPS18C,0.741
TRMT10B,PTCD3,0.727
TRMT10B,WDR4,0.717
C2,C3,0.978
C2,C4B,0.975
C2,C1QB,0.966
C2,C1R,0.953
C2,C4A,0.953
C2,C1S,0.95
C2,C1QA,0.95
C2,MBL2,0.946
C2,C1QC,0.944
C2,MASP2,0.925
C2,CD55,0.916
C2,CFH,0.876
C2,CFI,0.864
C2,C5,0.803
C2,ARMS2,0.765
C2,CFHR3,0.761
C2,CD46,0.751
C2,DXO,0.74
C2,CFHR1,0.74
C2,CFB,0.71
C2,HMCN1,0.706
S1PR1,CD69,0.995
S1PR1,GNAI1,0.993
S1PR1,GNAI3,0.963
S1PR1,S1PR4,0.948
S1PR1,GNAI2,0.922
S1PR1,GNB1,0.92
S1PR1,SPHK1,0.918
S1PR1,SPHK2,0.87
S1PR1,KLF2,0.856
S1PR1,GNG2,0.842
S1PR1,SELL,0.83
S1PR1,STAT3,0.818
S1PR1,F2RL1,0.786
S1PR1,CCR7,0.739
S1PR1,ICAM1,0.738
S1PR1,CXCR4,0.719
S1PR1,ACER2,0.717
S1PR1,PROCR,0.715
S1PR1,ARRB2,0.71
S1PR1,CXCR5,0.707
IL7R,TSLP,0.999
IL7R,IL7,0.999
IL7R,IL2RG,0.999
IL7R,CRLF2,0.999
IL7R,JAK1,0.994
IL7R,JAK3,0.988
IL7R,IL15,0.985
IL7R,IL2,0.978
IL7R,CD4,0.96
IL7R,IL4,0.952
IL7R,CD8A,0.946
IL7R,STAT5B,0.941
IL7R,STAT5A,0.938
IL7R,IFNG,0.926
IL7R,IL9,0.922
IL7R,CCR7,0.922
IL7R,IL10,0.919
IL7R,IL6,0.916
IL7R,IL2RA,0.914
IL7R,PTPRC,0.906
IL7R,CD69,0.9
IL7R,JAK2,0.9
IL7R,IL2RB,0.891
IL7R,IL13,0.872
IL7R,ICOS,0.872
GPD2,GPD1,0.997
GPD2,TKFC,0.979
GPD2,GPAM,0.955
GPD2,GNPAT,0.932
GPD2,GPAT2,0.932
GPD2,SDHB,0.93
GPD2,GPAT3,0.928
GPD2,GPAT4,0.915
GPD2,SDHA,0.912
GPD2,GPD1L,0.912
GPD2,ADPRM,0.911
GPD2,XYLB,0.911
GPD2,PLPP2,0.89
GPD2,CYC1,0.887
GPD2,GK2,0.882
GPD2,AGPAT5,0.878
GPD2,MT-CO2,0.878
GPD2,GK,0.877
GPD2,AGPAT3,0.873
GPD2,PLPP3,0.872
GPD2,PLPP5,0.869
GPD2,PLPP4,0.869
GPD2,UQCRFS1,0.866
GPD2,NDUFS8,0.86
GPD2,SDHC,0.859
TERT,NHP2,0.999
TERT,NOP10,0.999
TERT,WRAP53,0.999
TERT,TEP1,0.999
TERT,DKC1,0.999
TERT,HSP90AA1,0.998
TERT,SULT1E1,0.996
TERT,CTNNB1,0.995
TERT,RUVBL2,0.992
TERT,POT1,0.99
TERT,SMARCA4,0.99
TERT,PTGES3,0.989
TERT,HSP90AB1,0.987
TERT,SMG6,0.984
TERT,ACD,0.982
TERT,RUVBL1,0.979
TERT,TERF1,0.973
TERT,GAR1,0.971
TERT,TINF2,0.966
TERT,XRCC6,0.964
TERT,TCF7L1,0.957
TERT,XRCC5,0.948
TERT,NVL,0.944
TERT,SMG5,0.928
TERT,GNL3L,0.926
RMI2,RMI1,0.999
RMI2,FANCM,0.999
RMI2,TOP3A,0.999
RMI2,BLM,0.996
RMI2,FANCA,0.996
RMI2,FAAP100,0.996
RMI2,CENPS,0.995
RMI2,EXO1,0.887
RMI2,WRN,0.887
RMI2,TOP3B,0.88
RMI2,GEN1,0.859
RMI2,RAD51,0.858
RMI2,BRCA1,0.856
RMI2,MUS81,0.846
RMI2,DNA2,0.838
RMI2,SLX4,0.834
RMI2,EME1,0.822
RMI2,SLX1A,0.813
RMI2,RPA3,0.802
RMI2,RPA1,0.783
RMI2,RECQL,0.783
RMI2,TOPBP1,0.778
RMI2,RAD51AP1,0.754
RMI2,BRIP1,0.752
RMI2,CHEK1,0.744
C1QB,C1QA,0.999
C1QB,C1QC,0.999
C1QB,C1S,0.995
C1QB,C1R,0.995
C1QB,SERPING1,0.98
C1QB,C4A,0.973
C1QB,C4B,0.969
C1QB,C2,0.966
C1QB,VSIG4,0.961
C1QB,CALR,0.96
C1QB,PTX3,0.914
C1QB,LOC102723407,0.909
C1QB,TYROBP,0.852
C1QB,MASP2,0.848
C1QB,APOD,0.795
C1QB,CD163,0.783
C1QB,CSF1R,0.779
C1QB,CSTB,0.771
C1QB,MS4A4A,0.764
C1QB,C1QBP,0.752
C1QB,C3AR1,0.74
C1QB,CRP,0.736
C1QB,CTSS,0.732
C1QB,MT2A,0.729
C1QB,FCER1G,0.718
AGPAT4,AGPAT1,0.974
AGPAT4,AGPAT2,0.965
AGPAT4,MBOAT2,0.955
AGPAT4,MBOAT1,0.944
AGPAT4,AGPAT3,0.937
AGPAT4,CDS1,0.93
AGPAT4,CDS2,0.928
AGPAT4,AGPAT5,0.925
AGPAT4,PLPP4,0.921
AGPAT4,PLPP5,0.921
AGPAT4,MBOAT7,0.915
AGPAT4,LCLAT1,0.911
AGPAT4,GPAM,0.911
AGPAT4,AGK,0.909
AGPAT4,GPAT2,0.894
AGPAT4,GPAT3,0.893
AGPAT4,GNPAT,0.889
AGPAT4,GPAT4,0.88
AGPAT4,GPD1,0.864
AGPAT4,GPD1L,0.864
AGPAT4,PLPP3,0.854
AGPAT4,LPIN3,0.845
AGPAT4,GPD2,0.833
AGPAT4,LPIN1,0.809
AGPAT4,LPIN2,0.802
IMPDH2,GMPS,0.998
IMPDH2,ATIC,0.991
IMPDH2,ADSS2,0.988
IMPDH2,IMPDH1,0.984
IMPDH2,ADSS1,0.975
IMPDH2,ITPA,0.971
IMPDH2,HPRT1,0.967
IMPDH2,AMPD1,0.966
IMPDH2,AMPD2,0.966
IMPDH2,AMPD3,0.966
IMPDH2,TPMT,0.96
IMPDH2,NT5E,0.954
IMPDH2,NT5C2,0.945
IMPDH2,NT5C,0.944
IMPDH2,NT5M,0.934
IMPDH2,GMPR,0.93
IMPDH2,ANKRD9,0.93
IMPDH2,CTPS1,0.927
IMPDH2,NT5C1A,0.924
IMPDH2,NT5C1B,0.915
IMPDH2,NT5C1B-RDH14,0.915
IMPDH2,ENTPD1,0.912
IMPDH2,NT5C3B,0.907
IMPDH2,ENTPD5,0.907
IMPDH2,ENTPD6,0.907
ATRIP,ATR,0.999
ATRIP,RPA1,0.999
ATRIP,TOPBP1,0.999
ATRIP,ATM,0.998
ATRIP,RAD9A,0.992
ATRIP,CHEK1,0.981
ATRIP,RAD17,0.98
ATRIP,RPA2,0.979
ATRIP,MCM7,0.978
ATRIP,CLSPN,0.974
ATRIP,HUS1,0.974
ATRIP,PRKDC,0.973
ATRIP,BRCA1,0.972
ATRIP,FANCI,0.956
ATRIP,FANCM,0.955
ATRIP,FANCA,0.955
ATRIP,FANCG,0.945
ATRIP,ETAA1,0.913
ATRIP,RPA3,0.907
ATRIP,NBN,0.897
ATRIP,RAD51,0.894
ATRIP,DNA2,0.86
ATRIP,RBBP8,0.859
ATRIP,CDC6,0.856
ATRIP,FANCD2,0.854
PRKCD,SRC,0.983
PRKCD,PRKCA,0.967
PRKCD,NCF1,0.966
PRKCD,PRKCB,0.966
PRKCD,PIK3CB,0.966
PRKCD,IRS1,0.962
PRKCD,CARD9,0.955
PRKCD,MARCKS,0.952
PRKCD,RIPK4,0.949
PRKCD,RAC2,0.946
PRKCD,ELAVL1,0.944
PRKCD,PLCG2,0.94
PRKCD,NCF2,0.94
PRKCD,MAPK3,0.935
PRKCD,PRKCQ,0.935
PRKCD,PIK3R1,0.934
PRKCD,NCF4,0.931
PRKCD,CYBB,0.93
PRKCD,MAPK1,0.929
PRKCD,CASP3,0.927
PRKCD,MAP2K1,0.925
PRKCD,NLRC4,0.925
PRKCD,PLCG1,0.924
PRKCD,SHC1,0.924
PRKCD,MAP2K2,0.924
HIP1,HTT,0.985
HIP1,CLTC,0.98
HIP1,CLTB,0.965
HIP1,IFT57,0.953
HIP1,CLTCL1,0.913
HIP1,CLTA,0.913
HIP1,CASP3,0.905
HIP1,CASP8,0.899
HIP1,AP2A1,0.897
HIP1,HIP1R,0.872
HIP1,AP2B1,0.836
HIP1,AP2S1,0.82
HIP1,AP2A2,0.802
HIP1,GLS2,0.7
SLC24A5,SLC45A2,0.985
SLC24A5,OCA2,0.952
SLC24A5,TYR,0.907
SLC24A5,TPCN2,0.903
SLC24A5,EDAR,0.902
SLC24A5,TYRP1,0.899
SLC24A5,MC1R,0.858
SLC24A5,EDA2R,0.827
SLC24A5,LRMDA,0.773
SLC24A5,ASIP,0.748
PRDX6,GPX4,0.973
PRDX6,GSTP1,0.973
PRDX6,GPX8,0.971
PRDX6,GPX7,0.97
PRDX6,GPX2,0.967
PRDX6,GPX5,0.967
PRDX6,GPX3,0.967
PRDX6,GPX6,0.966
PRDX6,GSR,0.964
PRDX6,GSTO1,0.957
PRDX6,HPGDS,0.942
PRDX6,GSTM3,0.94
PRDX6,GSTM1,0.939
PRDX6,GSTO2,0.933
PRDX6,GSTM2,0.933
PRDX6,GSTA3,0.932
PRDX6,MGST1,0.928
PRDX6,GSTM5,0.928
PRDX6,GSTT2B,0.928
PRDX6,GSTA4,0.923
PRDX6,GSTM4,0.92
PRDX6,TXNDC12,0.918
PRDX6,GSTA5,0.916
PRDX6,GSS,0.915
PRDX6,GSTA1,0.914
IMPDH1,GMPS,0.999
IMPDH1,IMPDH2,0.984
IMPDH1,ADSS2,0.981
IMPDH1,ATIC,0.979
IMPDH1,ADSS1,0.977
IMPDH1,AMPD2,0.968
IMPDH1,AMPD3,0.965
IMPDH1,AMPD1,0.963
IMPDH1,ITPA,0.957
IMPDH1,HPRT1,0.955
IMPDH1,NT5E,0.953
IMPDH1,TPMT,0.945
IMPDH1,NT5C,0.941
IMPDH1,NT5C2,0.937
IMPDH1,NT5M,0.935
IMPDH1,GMPR,0.93
IMPDH1,NT5C1A,0.923
IMPDH1,NT5C1B-RDH14,0.915
IMPDH1,NT5C1B,0.915
IMPDH1,ENTPD6,0.909
IMPDH1,ENTPD5,0.907
IMPDH1,CANT1,0.906
IMPDH1,ENTPD3,0.903
IMPDH1,NT5C3A,0.902
IMPDH1,NT5C3B,0.901
ANXA6,LRP1,0.932
ANXA6,ANXA2,0.91
ANXA6,DYSF,0.896
ANXA6,TRIM72,0.868
ANXA6,CAV3,0.847
ANXA6,ANXA1,0.834
ANXA6,PRKCA,0.794
ANXA6,RELA,0.779
TMEM207,WWOX,0.76
PXK,PHRF1,0.821
PXK,BANK1,0.782
PXK,KCNMA1,0.76
PXK,TNFSF4,0.735
FRMD4A,CYTH1,0.919
FRMD4A,CYTH4,0.72
FCGR2B,INPP5D,0.996
FCGR2B,LGALS3,0.992
FCGR2B,CLEC7A,0.991
FCGR2B,SYK,0.974
FCGR2B,INPPL1,0.97
FCGR2B,LYN,0.938
FCGR2B,LOC102723407,0.934
FCGR2B,CD19,0.933
FCGR2B,IGLL5,0.928
FCGR2B,PTPRC,0.918
FCGR2B,ITGAM,0.916
FCGR2B,IGHV3-16,0.9
FCGR2B,IGHV3-43D,0.9
FCGR2B,FGL2,0.896
FCGR2B,FCGR2A,0.892
FCGR2B,FCGRT,0.871
FCGR2B,IGF2,0.848
FCGR2B,CD72,0.845
FCGR2B,FCER1G,0.844
FCGR2B,PTPN6,0.842
FCGR2B,CD4,0.842
FCGR2B,FCGR1A,0.838
FCGR2B,ITGAX,0.838
FCGR2B,CD86,0.83
FCGR2B,CD8A,0.786
AHNAK2,ANXA2,0.971
AHNAK2,S100A10,0.949
AHNAK2,AHNAK,0.944
UBAP2,CDK12,0.789
CD47,SIRPG,0.999
CD47,THBS1,0.999
CD47,SIRPA,0.999
CD47,SCARB2,0.994
CD47,CD36,0.994
CD47,SCARB1,0.994
CD47,SIRPB1,0.993
CD47,RHAG,0.993
CD47,GYPB,0.992
CD47,CD200R1,0.99
CD47,THBS2,0.978
CD47,PTPRC,0.977
CD47,THBS4,0.96
CD47,UBQLN1,0.959
CD47,COMP,0.955
CD47,RHD,0.944
CD47,KDR,0.94
CD47,GYPA,0.94
CD47,THBS3,0.933
CD47,RHCE,0.932
CD47,SIGLEC10,0.928
CD47,CX3CR1,0.917
CD47,IGKV2D-28,0.9
CD47,PTPN11,0.849
CD47,NLRP14,0.843
CR2,C3,0.999
CR2,CD19,0.999
CR2,CD81,0.998
CR2,IFITM1,0.995
CR2,FCER2,0.982
CR2,IFNA1,0.956
CR2,CD5,0.917
CR2,CD27,0.905
CR2,CD22,0.894
CR2,CD79A,0.886
CR2,ITIH4,0.834
CR2,PTPRC,0.827
CR2,CD79B,0.822
CR2,MS4A1,0.82
CR2,SPN,0.815
CR2,CD4,0.798
CR2,CXCR5,0.797
CR2,MME,0.795
CR2,CD38,0.794
CR2,CD37,0.787
CR2,TNFSF13B,0.781
CR2,SDC1,0.779
CR2,TNFRSF13B,0.778
CR2,CD8A,0.774
CR2,CD69,0.761
CFH,C3,0.999
CFH,CFI,0.999
CFH,CRP,0.996
CFH,C4A,0.965
CFH,CFB,0.961
CFH,APOE,0.958
CFH,ARMS2,0.953
CFH,C4B,0.951
CFH,ERV3-1,0.938
CFH,ERVFRD-1,0.938
CFH,ERVW-1,0.937
CFH,VTN,0.934
CFH,PTX3,0.913
CFH,CFHR1,0.91
CFH,THBD,0.908
CFH,ENSP00000493607,0.901
CFH,CFHR3,0.876
CFH,C2,0.876
CFH,CFP,0.873
CFH,ADAMTS13,0.853
CFH,PLEKHA1,0.848
CFH,C1R,0.844
CFH,MBL2,0.839
CFH,CD59,0.83
CFH,C5,0.824
RGS1,GNAI1,0.978
RGS1,GNB5,0.949
RGS1,GNAQ,0.935
RGS1,GNA13,0.858
RGS1,CD69,0.834
RGS1,SUCLG2,0.822
RGS1,GNAI3,0.812
RGS1,GNAI2,0.806
RGS1,TAGAP,0.799
RGS1,GNA12,0.796
RGS1,GNA11,0.781
RGS1,GNAT3,0.778
RGS1,PLEK,0.751
RGS1,ARHGEF1,0.727
RGS1,ARHGEF11,0.727
RGS1,GRK2,0.719
RGS1,GNAZ,0.703
FASLG,FADD,0.999
FASLG,FAS,0.999
FASLG,TNFRSF10B,0.999
FASLG,TNFRSF6B,0.999
FASLG,CASP8,0.999
FASLG,TNFRSF10A,0.998
FASLG,TNFRSF1A,0.998
FASLG,PRF1,0.992
FASLG,TNFRSF25,0.991
FASLG,TNF,0.984
FASLG,CASP10,0.982
FASLG,TNFSF10,0.971
FASLG,LUM,0.968
FASLG,CFLAR,0.963
FASLG,CD40,0.95
FASLG,GZMB,0.942
FASLG,TRADD,0.938
FASLG,FOXO4,0.938
FASLG,FOXO3,0.934
FASLG,IFNG,0.933
FASLG,CD8A,0.922
FASLG,GNLY,0.921
FASLG,FN1,0.909
FASLG,CD80,0.898
FASLG,BCL2L11,0.893
ETV3,DDX20,0.818
CD58,CD2,0.999
CD58,ICAM1,0.996
CD58,CD80,0.994
CD58,CD28,0.967
CD58,CD48,0.909
CD58,ITGAL,0.905
CD58,ITGB2,0.778
CD58,CD8A,0.767
CD58,CTLA4,0.736
CD58,CD40,0.722
CD58,CD276,0.722
CD58,CD19,0.71
CD58,PTPRC,0.708
IRAK1,TOLLIP,0.999
IRAK1,IRAK4,0.999
IRAK1,TAB2,0.999
IRAK1,TRAF6,0.999
IRAK1,CHUK,0.999
IRAK1,MYD88,0.999
IRAK1,TIRAP,0.999
IRAK1,IRAK2,0.999
IRAK1,IKBKG,0.999
IRAK1,IL1R1,0.999
IRAK1,IRF7,0.998
IRAK1,TLR4,0.998
IRAK1,PELI1,0.998
IRAK1,PELI3,0.997
IRAK1,IRAK3,0.997
IRAK1,PELI2,0.996
IRAK1,TRAF3,0.995
IRAK1,TAB1,0.993
IRAK1,IL1B,0.991
IRAK1,TLR9,0.988
IRAK1,MAP3K7,0.987
IRAK1,IL1A,0.977
IRAK1,TLR7,0.972
IRAK1,SIGIRR,0.97
IRAK1,MAVS,0.969
CD40LG,ICOS,0.999
CD40LG,CD40,0.999
CD40LG,CD80,0.998
CD40LG,CD28,0.998
CD40LG,CD86,0.998
CD40LG,LOC102723996,0.989
CD40LG,ICOSLG,0.988
CD40LG,SELPLG,0.983
CD40LG,CD4,0.983
CD40LG,CD70,0.964
CD40LG,TNFSF13B,0.961
CD40LG,TNFRSF13C,0.959
CD40LG,TNFSF4,0.958
CD40LG,SELP,0.951
CD40LG,TNF,0.942
CD40LG,TNFRSF4,0.938
CD40LG,TNFRSF13B,0.938
CD40LG,CD276,0.935
CD40LG,ITGA2B,0.934
CD40LG,CD27,0.934
CD40LG,ITGB2,0.925
CD40LG,IL2,0.924
CD40LG,IFNG,0.919
CD40LG,IL4,0.914
CD40LG,TNFRSF9,0.909
NRG3,ERBB4,0.999
NRG3,NRG4,0.994
NRG3,ERBB3,0.958
NRG3,NRG2,0.955
NRG3,NRG1,0.936
NRG3,ERBB2,0.872
NRG3,EGFR,0.867
NRG3,CADPS2,0.866
NRG3,EGF,0.859
NRG3,AUTS2,0.825
NRG3,BTC,0.74
NRG3,EREG,0.73
NRG3,DYRK1A,0.712
ENG,ACVRL1,0.999
ENG,TGFB1,0.998
ENG,TGFBR2,0.997
ENG,GDF2,0.996
ENG,TGFB3,0.995
ENG,BMPR2,0.979
ENG,BMP10,0.977
ENG,TGFBR1,0.969
ENG,THY1,0.941
ENG,LRG1,0.931
ENG,NT5E,0.928
ENG,PECAM1,0.923
ENG,ITGB1,0.92
ENG,CD34,0.919
ENG,PTPRC,0.91
ENG,GIPC1,0.902
ENG,CD44,0.896
ENG,PGF,0.886
ENG,ALCAM,0.88
ENG,CDH5,0.879
ENG,ACVR2A,0.878
ENG,ANPEP,0.863
ENG,KDR,0.856
ENG,BMP2,0.854
ENG,ACVR1,0.836
LRRC18,WDFY4,0.727
IL2RG,IL15RA,0.999
IL2RG,IL2RB,0.999
IL2RG,IL15,0.999
IL2RG,IL4,0.999
IL2RG,IL7,0.999
IL2RG,IL4R,0.999
IL2RG,IL2,0.999
IL2RG,IL2RA,0.999
IL2RG,IL7R,0.999
IL2RG,JAK3,0.999
IL2RG,JAK1,0.999
IL2RG,IL9,0.998
IL2RG,IL21R,0.996
IL2RG,STAT5A,0.977
IL2RG,STAT5B,0.976
IL2RG,IL21,0.969
IL2RG,STAT6,0.969
IL2RG,JAK2,0.958
IL2RG,IL9R,0.954
IL2RG,STAT3,0.947
IL2RG,IL13,0.932
IL2RG,RHOA,0.911
IL2RG,IFNG,0.91
IL2RG,IL10,0.895
IL2RG,TSLP,0.885
C1QA,C1QB,0.999
C1QA,C1QC,0.999
C1QA,C1S,0.99
C1QA,C1R,0.988
C1QA,C4A,0.983
C1QA,SERPING1,0.973
C1QA,C4B,0.972
C1QA,VSIG4,0.971
C1QA,C2,0.95
C1QA,CALR,0.943
C1QA,LOC102723407,0.908
C1QA,CSF1R,0.906
C1QA,TYROBP,0.89
C1QA,CD93,0.857
C1QA,TREM2,0.854
C1QA,MBL2,0.852
C1QA,AIF1,0.847
C1QA,C3AR1,0.837
C1QA,FOLR2,0.821
C1QA,C5AR1,0.81
C1QA,MS4A4A,0.803
C1QA,C1QBP,0.8
C1QA,CFB,0.795
C1QA,FCER1G,0.792
C1QA,COLEC11,0.775
SAT1,PAOX,0.987
SAT1,ODC1,0.985
SAT1,SAT2,0.98
SAT1,SRM,0.972
SAT1,AGMAT,0.95
SAT1,AOC1,0.939
SAT1,MAOB,0.92
SAT1,MAOA,0.918
SAT1,PMF1,0.909
SAT1,PMF1-BGLAP,0.907
SAT1,SMOX,0.855
SAT1,NFE2L2,0.82
SAT1,GLYATL1,0.806
SAT1,SMS,0.783
SAT1,TCF25,0.758
SAT1,ITGA9,0.737
SAT1,ELOC,0.715
SAT1,RACK1,0.703
GPR78,LPAR1,0.81
GPR78,ATF6,0.735
LYST,VTA1,0.948
LYST,UNC13D,0.829
LYST,STX11,0.817
LYST,AP3B1,0.805
LYST,STXBP2,0.792
LYST,RAB27A,0.787
LYST,HPS5,0.754
LYST,HPS3,0.742
LYST,PIK3R4,0.718
MFSD6,MFSD9,0.705
TRAF3,BIRC2,0.999
TRAF3,MAVS,0.999
TRAF3,TRADD,0.999
TRAF3,TBK1,0.999
TRAF3,LTBR,0.999
TRAF3,TANK,0.999
TRAF3,CD40,0.999
TRAF3,BIRC3,0.999
TRAF3,IKBKE,0.999
TRAF3,TRAF5,0.998
TRAF3,TNFRSF13C,0.998
TRAF3,CHUK,0.998
TRAF3,TRAF6,0.998
TRAF3,TRAF2,0.996
TRAF3,MYD88,0.996
TRAF3,IRAK1,0.995
TRAF3,OTUD5,0.995
TRAF3,RIPK2,0.995
TRAF3,MAP3K14,0.994
TRAF3,IRAK4,0.994
TRAF3,TICAM1,0.994
TRAF3,IRF7,0.993
TRAF3,TLR3,0.992
TRAF3,TRAF3IP3,0.99
TRAF3,TLR4,0.99
TECTA,OTOA,0.93
TECTA,CEACAM16,0.904
TECTA,FAU,0.867
TECTA,COCH,0.782
IL1F10,IL1RL2,0.999
IL1F10,IL1RAPL1,0.957
IL1F10,IL1R1,0.898
IL1F10,IL36B,0.868
IL1F10,KPNA7,0.838
IL1F10,IL1RAP,0.794
IL1F10,IL1A,0.781
IL1F10,MAPK8,0.769
IL1F10,KPNA6,0.768
IL1F10,FOXP1-2,0.762
IL1F10,BTN3A1,0.76
IL1F10,FOXP1,0.731
IL1F10,IL18R1,0.727
IL1F10,IL1B,0.726
AFF1,MLLT1,0.999
AFF1,CDK9,0.999
AFF1,MLLT3,0.999
AFF1,AFF4,0.999
AFF1,ELL,0.999
AFF1,CCNT1,0.999
AFF1,ELL2,0.999
AFF1,ELL3,0.998
AFF1,EAF1,0.997
AFF1,CCNT2,0.991
AFF1,KMT2A,0.99
AFF1,MLLT10,0.985
AFF1,DOT1L,0.951
AFF1,SUPT5H,0.939
AFF1,LEO1,0.926
AFF1,CTR9,0.926
AFF1,NELFE,0.923
AFF1,ICE2,0.923
AFF1,RTF1,0.922
AFF1,SUPT4H1,0.921
AFF1,CDC73,0.92
AFF1,EAF2,0.919
AFF1,TCEA2,0.919
AFF1,ELOA,0.915
AFF1,WDR61,0.915
HRH1,GNAQ,0.999
HRH1,GNB1,0.903
HRH1,TRPV1,0.827
HRH1,GNG2,0.8
HRH1,HDC,0.798
HRH1,PLCB3,0.743
HRH1,GNA11,0.722
HRH1,GNA15,0.711
MED13,MED12,0.999
MED13,MED1,0.999
MED13,MED14,0.999
MED13,CDK19,0.999
MED13,CDK8,0.999
MED13,MED18,0.999
MED13,MED28,0.999
MED13,CCNC,0.999
MED13,MED19,0.997
MED13,MED23,0.996
MED13,MED12L,0.996
MED13,MED17,0.996
MED13,MED29,0.996
MED13,MED16,0.995
MED13,MED4,0.994
MED13,TRIP4,0.994
MED13,MED10,0.994
MED13,STN1,0.994
MED13,QKI,0.994
MED13,ZC3H13,0.994
MED13,MED26,0.994
MED13,MED6,0.992
MED13,MED30,0.991
MED13,MED15,0.991
MED13,MED21,0.991
B3GALT5,FUT1,0.962
B3GALT5,FUT2,0.958
B3GALT5,B4GALT4,0.954
B3GALT5,FUT3,0.953
B3GALT5,B4GALT1,0.951
B3GALT5,ST3GAL2,0.947
B3GALT5,C1GALT1,0.943
B3GALT5,ST3GAL1,0.941
B3GALT5,B4GALT2,0.941
B3GALT5,B4GALT3,0.935
B3GALT5,ST3GAL4,0.933
B3GALT5,GBGT1,0.932
B3GALT5,B3GNT5,0.93
B3GALT5,B3GALT2,0.913
B3GALT5,B3GALT1,0.912
B3GALT5,B3GALNT1,0.906
B3GALT5,HEXB,0.905
B3GALT5,HEXA,0.904
B3GALT5,NAGA,0.904
COL13A1,P4HA1,0.786
COL13A1,PLOD3,0.761
COL13A1,COLGALT2,0.74
COL13A1,COL4A2,0.72
COL13A1,COL16A1,0.705
COL13A1,COL27A1,0.702
COL13A1,COL5A3,0.7
C1S,SERPING1,0.999
C1S,C1R,0.999
C1S,C1QB,0.995
C1S,C4B,0.993
C1S,C4A,0.993
C1S,C1QC,0.992
C1S,C1QA,0.99
C1S,C2,0.95
C1S,LOC102723407,0.924
C1S,C3,0.908
C1S,MBL2,0.897
C1S,NDUFAF3,0.88
C1S,BMP1,0.851
C1S,COLEC11,0.851
C1S,MASP1,0.851
C1S,FCN2,0.835
C1S,CRP,0.835
C1S,FCN3,0.824
C1S,FCN1,0.82
C1S,KLK4,0.815
C1S,PTX3,0.811
C1S,PPP4R1,0.784
C1S,CFP,0.769
C1S,KNG1,0.746
C1S,CFH,0.744
RASGRP3,RAP1A,0.98
RASGRP3,HRAS,0.964
RASGRP3,RAP1B,0.958
RASGRP3,PLCG2,0.933
RASGRP3,NRAS,0.931
RASGRP3,KRAS,0.926
RASGRP3,SOS1,0.919
RASGRP3,SOS2,0.917
RASGRP3,DGKI,0.904
RASGRP3,RASGRP1,0.817
RASGRP3,RRAS,0.812
RASGRP3,RRAS2,0.771
RASGRP3,MRAS,0.765
RASGRP3,CACNG6,0.708
DNASE1,DNASE2,0.839
CLEC16A,RNF41,0.903
CLEC16A,GPN1,0.834
CLEC16A,DEXI,0.808
CLEC16A,TFB1M,0.749
CLEC16A,SH2B3,0.727
CLEC16A,PTPN2,0.7
C4A,CR1,0.999
C4A,C4B,0.999
C4A,C4BPA,0.998
C4A,CD46,0.998
C4A,C3,0.998
C4A,MASP2,0.997
C4A,C4BPB,0.995
C4A,CD55,0.995
C4A,C1S,0.993
C4A,C1R,0.991
C4A,C3AR1,0.987
C4A,C1QA,0.983
C4A,MBL2,0.981
C4A,C5AR1,0.98
C4A,C1QB,0.973
C4A,C1QC,0.972
C4A,CFB,0.97
C4A,CFH,0.965
C4A,C2,0.953
C4A,PROS1,0.946
C4A,CFI,0.945
C4A,MASP1,0.942
C4A,CYP21A2,0.923
C4A,C5AR2,0.92
C4A,C8A,0.915
DUSP22,RAC3,0.739
DUSP22,PDLIM4,0.734
DUSP22,ESPN,0.727
DUSP22,DPYSL3,0.721
DUSP22,CD2AP,0.72
DUSP22,MYO1C,0.72
DUSP22,MYO1A,0.72
DUSP22,JAM3,0.72
DUSP22,MYO6,0.72
DUSP22,MYO3A,0.72
CD44,RDX,0.999
CD44,ERBB2,0.999
CD44,CD74,0.999
CD44,FN1,0.999
CD44,SPP1,0.999
CD44,MMP9,0.998
CD44,EGFR,0.998
CD44,SELL,0.998
CD44,SELE,0.997
CD44,VCAN,0.996
CD44,EZR,0.996
CD44,MSN,0.996
CD44,HMMR,0.995
CD44,MET,0.995
CD44,ICAM1,0.995
CD44,VCAM1,0.994
CD44,CXCR4,0.994
CD44,SLC7A11,0.994
CD44,FGF2,0.993
CD44,SELP,0.993
CD44,NID1,0.991
CD44,HBEGF,0.99
CD44,TIAM1,0.989
CD44,LGALS9,0.989
CD44,IQGAP1,0.988
IKZF2,IKZF1,0.798
C4B,C4A,0.999
C4B,CR1,0.999
C4B,C3,0.998
C4B,C4BPA,0.998
C4B,CD46,0.998
C4B,C4BPB,0.995
C4B,MASP2,0.994
C4B,C1S,0.993
C4B,CD55,0.992
C4B,C1R,0.991
C4B,C2,0.975
C4B,C1QA,0.972
C4B,MBL2,0.97
C4B,C1QB,0.969
C4B,C1QC,0.967
C4B,CFI,0.954
C4B,PROS1,0.953
C4B,CFH,0.951
C4B,CFB,0.948
C4B,MASP1,0.935
C4B,ENPEP,0.788
C4B,C3AR1,0.782
C4B,CRP,0.774
C4B,CFHR1,0.774
C4B,FCN2,0.772
XKR6,FAM167A,0.744
FHIT,WWOX,0.938
FHIT,ENPP4,0.903
FHIT,NIT1,0.895
FHIT,FDXR,0.877
FHIT,NUDT2,0.826
FHIT,CTNNB1,0.811
FHIT,HINT1,0.738
FHIT,RASSF1,0.72
FHIT,PTPRG,0.72
FHIT,NIT2,0.718
FHIT,MDM2,0.703
FHIT,CDKN2A,0.701
IKBKB,NFKB1,0.999
IKBKB,TRAF6,0.999
IKBKB,TNF,0.999
IKBKB,CHUK,0.999
IKBKB,RELA,0.999
IKBKB,IKBKG,0.999
IKBKB,TNFRSF1A,0.999
IKBKB,NFKBIA,0.999
IKBKB,KEAP1,0.997
IKBKB,NFKBIB,0.997
IKBKB,BCL10,0.996
IKBKB,MAVS,0.996
IKBKB,MAP3K7,0.996
IKBKB,TRAF2,0.994
IKBKB,TAB1,0.994
IKBKB,ERC1,0.994
IKBKB,TAB2,0.992
IKBKB,MAP3K14,0.991
IKBKB,AKT1,0.99
IKBKB,NLRC5,0.989
IKBKB,FOXO3,0.989
IKBKB,RIPK1,0.987
IKBKB,TAB3,0.986
IKBKB,MALT1,0.985
IKBKB,TSC1,0.982
INTS4,INTS11,0.999
INTS4,INTS6,0.999
INTS4,INTS3,0.999
INTS4,INTS9,0.999
INTS4,INTS5,0.999
INTS4,INTS1,0.999
INTS4,INTS7,0.996
INTS4,INTS2,0.996
INTS4,INTS8,0.994
INTS4,INTS10,0.986
INTS4,INTS13,0.977
INTS4,INTS12,0.964
INTS4,INTS14,0.953
INTS4,SUPT5H,0.945
INTS4,PPP2R1A,0.933
INTS4,KIAA0513,0.919
INTS4,PPP2CA,0.918
INTS4,POLR2A,0.913
INTS4,C7orf26,0.892
INTS4,POLR2B,0.867
INTS4,NELFB,0.862
INTS4,POLR2E,0.839
INTS4,POLR2F,0.835
INTS4,POLR2K,0.834
INTS4,NELFCD,0.831
HSPA8,BAG2,0.999
HSPA8,BAG3,0.999
HSPA8,STUB1,0.999
HSPA8,DNAJC6,0.999
HSPA8,BAG1,0.999
HSPA8,HSP90AA1,0.999
HSPA8,HSP90AB1,0.999
HSPA8,HSPA4,0.999
HSPA8,DNAJB1,0.999
HSPA8,ST13,0.999
HSPA8,STIP1,0.999
HSPA8,DNAJA1,0.998
HSPA8,DNAJC5,0.998
HSPA8,SGTA,0.998
HSPA8,HSPH1,0.998
HSPA8,HSPBP1,0.998
HSPA8,CCAR2,0.996
HSPA8,HSPB8,0.996
HSPA8,DNAJA2,0.993
HSPA8,BCAS2,0.992
HSPA8,CDC5L,0.991
HSPA8,HSPB1,0.988
HSPA8,SNCA,0.987
HSPA8,DNAJB6,0.987
HSPA8,TP53,0.987
LRIT2,LRIT1,0.861
CLEC4C,IL3RA,0.941
CLEC4C,CD1C,0.915
CLEC4C,FCER1G,0.913
CLEC4C,THBD,0.904
CLEC4C,NRP1,0.889
CLEC4C,ITGAX,0.858
CLEC4C,LILRA4,0.837
CLEC4C,ITIH4,0.808
CLEC4C,CD2,0.726
CLEC4C,FCER1A,0.701
C1R,SERPING1,0.999
C1R,C1S,0.999
C1R,C1QB,0.995
C1R,C1QC,0.993
C1R,C4B,0.991
C1R,C4A,0.991
C1R,C1QA,0.988
C1R,C2,0.953
C1R,C3,0.935
C1R,BMP1,0.92
C1R,LOC102723407,0.92
C1R,MBL2,0.897
C1R,CRP,0.868
C1R,COLEC11,0.85
C1R,CFH,0.844
C1R,FCN2,0.827
C1R,FCN1,0.809
C1R,FCN3,0.788
C1R,MASP1,0.769
C1R,CFP,0.763
C1R,C8G,0.717
C1R,CBLIF,0.711
C1R,EGF,0.705
GTF2I,BTK,0.978
GTF2I,USF1,0.958
GTF2I,PRKG1,0.94
GTF2I,GTF2IRD1,0.926
GTF2I,PRKG2,0.925
GTF2I,ZMYM3,0.916
GTF2I,HDAC3,0.88
GTF2I,HDAC2,0.875
GTF2I,KDM1A,0.858
GTF2I,ZMYM2,0.851
GTF2I,HDAC1,0.837
GTF2I,ARHGAP35,0.836
GTF2I,HYDIN,0.797
GTF2I,SRGAP2,0.797
GTF2I,MYC,0.781
GTF2I,GPRIN2,0.78
GTF2I,NBPF1,0.776
GTF2I,SRGAP3,0.775
GTF2I,CLIP2,0.773
GTF2I,NPEPPS,0.771
GTF2I,UGT2B17,0.763
GTF2I,MAD2L2,0.763
GTF2I,DRD5,0.761
GTF2I,FKBP6,0.748
GTF2I,FKBP10,0.734
IKBKE,IKBKG,0.999
IKBKE,IRF3,0.999
IKBKE,TBK1,0.999
IKBKE,TANK,0.999
IKBKE,TRAF3,0.999
IKBKE,TRAF6,0.999
IKBKE,MAVS,0.999
IKBKE,TNFRSF1A,0.998
IKBKE,TRAF2,0.998
IKBKE,TNF,0.998
IKBKE,DDX3X,0.996
IKBKE,IRF7,0.994
IKBKE,CYLD,0.994
IKBKE,SIKE1,0.989
IKBKE,STING1,0.988
IKBKE,AZI2,0.986
IKBKE,TLR3,0.979
IKBKE,DDX58,0.978
IKBKE,TBKBP1,0.975
IKBKE,IFIH1,0.97
IKBKE,STAT1,0.964
IKBKE,ZBP1,0.963
IKBKE,CHUK,0.954
IKBKE,LSP1,0.943
IKBKE,IFNB1,0.942
TREX1,SAMHD1,0.921
TREX1,RNASEH2C,0.886
TREX1,RNASEH2A,0.885
TREX1,RNASEH2B,0.873
TREX1,IRF3,0.816
TREX1,EXO1,0.746
TREX1,CGAS,0.718
TREX1,STING1,0.711
SOCS1,TYK2,0.999
SOCS1,JAK1,0.999
SOCS1,JAK2,0.999
SOCS1,ELOB,0.997
SOCS1,ELOC,0.989
SOCS1,IFNAR1,0.988
SOCS1,CUL2,0.987
SOCS1,IRS2,0.985
SOCS1,IRS1,0.983
SOCS1,CUL5,0.977
SOCS1,IFNGR1,0.972
SOCS1,INSR,0.97
SOCS1,SOCS3,0.969
SOCS1,SOCS2,0.967
SOCS1,JAK3,0.966
SOCS1,STAT1,0.966
SOCS1,COMMD1,0.958
SOCS1,TRIM8,0.946
SOCS1,STAT3,0.944
SOCS1,STAT6,0.943
SOCS1,STAT5A,0.927
SOCS1,STAT5B,0.926
SOCS1,TIRAP,0.918
SOCS1,IFNG,0.917
SOCS1,IRS4,0.913
GPR19,ENHO,0.903
GPR19,ETV6,0.736
ACAP1,ARF6,0.9
ACAP1,ARF5,0.825
ACAP1,ARF1,0.762
ACAP1,RAB35,0.736
USP18,ISG15,0.999
USP18,IFNAR2,0.999
USP18,OAS1,0.96
USP18,MX1,0.958
USP18,STAT2,0.957
USP18,HERC5,0.956
USP18,RSAD2,0.954
USP18,IFIT1,0.949
USP18,DDX58,0.94
USP18,IFI44,0.939
USP18,IRF7,0.936
USP18,MX2,0.931
USP18,OASL,0.926
USP18,UBA7,0.921
USP18,RTP4,0.917
USP18,OAS2,0.916
USP18,DHX58,0.914
USP18,OAS3,0.91
USP18,IFI44L,0.903
USP18,IFIT3,0.902
USP18,HERC6,0.902
USP18,IFI6,0.894
USP18,STAT1,0.886
USP18,CMPK2,0.883
USP18,MAP3K7,0.882
DKKL1,CCDC155,0.917
DKKL1,LRP5,0.81
DKKL1,WNT2B,0.762
DKKL1,CAGE1,0.761
DKKL1,DKK1,0.761
DKKL1,RAB11B,0.722
MSX2,RUNX2,0.995
MSX2,MSX1,0.957
MSX2,TWIST1,0.901
MSX2,DLX5,0.9
MSX2,SPEN,0.892
MSX2,BGLAP,0.871
MSX2,BMP4,0.823
MSX2,PAX9,0.756
MSX2,FGFR3,0.737
MSX2,FGFR2,0.736
MSX2,BMP7,0.734
MSX2,SP7,0.714
MSX2,BMP2,0.701
MSX2,IBSP,0.701
KALRN,PAM,0.973
KALRN,RAC1,0.959
KALRN,DLG4,0.956
KALRN,RHOG,0.921
KALRN,ARHGAP31,0.877
KALRN,DAPK3,0.873
KALRN,DAPK2,0.859
KALRN,RABIF,0.848
KALRN,DISC1,0.838
KALRN,MYLK,0.819
KALRN,MAPKAPK5,0.818
KALRN,GNAQ,0.811
KALRN,MAPK6,0.808
KALRN,GRIA1,0.788
KALRN,RHOA,0.738
KALRN,STK17A,0.737
KALRN,STK17B,0.724
KALRN,SLC17A7,0.715
KALRN,GRIN2B,0.713
KALRN,SYNGAP1,0.702
FAAH,GATB,0.992
FAAH,MGLL,0.974
FAAH,CNR1,0.972
FAAH,EPRS1,0.95
FAAH,NAPEPLD,0.931
FAAH,DARS2,0.9
FAAH,DAGLA,0.898
FAAH,FABP5,0.891
FAAH,CNR2,0.886
FAAH,ABHD6,0.881
FAAH,TRPV1,0.855
FAAH,NAAA,0.85
FAAH,GPR55,0.848
FAAH,DAGLB,0.848
FAAH,FABP7,0.839
FAAH,ABHD12,0.831
FAAH,FABP3,0.826
FAAH,TMEM109,0.783
FAAH,ALDH18A1,0.777
FAAH,GMPS,0.774
FAAH,IAH1,0.752
FAAH,GPR18,0.736
FAAH,ATIC,0.73
FAAH,PC,0.724
FAAH,ABHD4,0.72
SNRPC,SNRPD1,0.999
SNRPC,SNRPD2,0.999
SNRPC,SNRPA1,0.999
SNRPC,SNRPG,0.999
SNRPC,SNRPD3,0.999
SNRPC,SNRPE,0.999
SNRPC,SNRPB,0.999
SNRPC,SNRNP70,0.999
SNRPC,SNRPA,0.999
SNRPC,SNRPF,0.999
SNRPC,SNRPN,0.998
SNRPC,RBM25,0.997
SNRPC,DDX23,0.995
SNRPC,SNRPB2,0.995
SNRPC,SF3B1,0.993
SNRPC,SF3A2,0.991
SNRPC,SF3B4,0.989
SNRPC,NCBP1,0.989
SNRPC,LUC7L,0.988
SNRPC,SF3A3,0.982
SNRPC,TIA1,0.976
SNRPC,SF3B2,0.968
SNRPC,PRPF39,0.966
SNRPC,EWSR1,0.966
SNRPC,NCBP2,0.961
NSRP1,CDC5L,0.961
NSRP1,CTNNBL1,0.766
NSRP1,EFCAB5,0.725
SEMA6A,PLXNA4,0.999
SEMA6A,PLXNA2,0.999
SEMA6A,PLXNA3,0.953
SEMA6A,NRP2,0.924
SEMA6A,NRP1,0.922
SEMA6A,PLXNA1,0.92
SEMA6A,EVL,0.892
SEMA6A,PLXND1,0.815
SEMA6A,PLXNC1,0.813
SEMA6A,HGF,0.712
TNFRSF13B,TNFSF13,0.999
TNFRSF13B,TNFSF13B,0.999
TNFRSF13B,CAMLG,0.998
TNFRSF13B,TNFRSF13C,0.989
TNFRSF13B,TNFRSF17,0.975
TNFRSF13B,CD40LG,0.938
TNFRSF13B,TRAF6,0.846
TNFRSF13B,CD40,0.845
TNFRSF13B,ICOS,0.832
TNFRSF13B,MYD88,0.827
TNFRSF13B,TNF,0.817
TNFRSF13B,CD19,0.809
TNFRSF13B,CR2,0.778
TNFRSF13B,TRAF3,0.744
TNFRSF13B,IFNG,0.734
TNFRSF13B,TLR9,0.722
TNFRSF13B,ENSP00000293826,0.7
WDR37,PACS1,0.934
WDR37,PACS2,0.892
FAM20B,XYLT1,0.751
FAM20B,GASK1A,0.714
FAM20B,EXTL2,0.702
FAM20B,B3GALT6,0.701
STAM2,HGS,0.999
STAM2,STAMBP,0.999
STAM2,UBC,0.995
STAM2,STAM,0.994
STAM2,PTPN23,0.993
STAM2,USP8,0.993
STAM2,JAK3,0.99
STAM2,JAK2,0.983
STAM2,TSG101,0.982
STAM2,RPS27A,0.976
STAM2,UBB,0.967
STAM2,JAK1,0.958
STAM2,UBA52,0.951
STAM2,CHMP3,0.939
STAM2,TYK2,0.937
STAM2,EPS15,0.931
STAM2,CHMP1B,0.908
STAM2,MVB12A,0.905
STAM2,VPS36,0.903
STAM2,VPS28,0.896
STAM2,CHMP6,0.895
STAM2,VPS25,0.891
STAM2,CHMP2A,0.869
STAM2,UBAP1,0.868
STAM2,SNF8,0.866
TNPO3,SRSF1,0.996
TNPO3,TNPO1,0.974
TNPO3,RAN,0.948
TNPO3,NUP153,0.874
TNPO3,CPSF6,0.87
TNPO3,IPO7,0.826
TNPO3,RANBP2,0.794
TNPO3,EPRS1,0.784
TNPO3,SRSF2,0.78
TNPO3,VPS53,0.778
TNPO3,PSIP1,0.776
TNPO3,IPO11,0.77
TNPO3,RGPD2,0.767
TNPO3,TRIM5,0.767
TNPO3,SRSF4,0.764
TNPO3,XPO1,0.764
TNPO3,SRSF6,0.763
TNPO3,SRSF5,0.746
TNPO3,IPO9,0.722
TNPO3,IPO8,0.718
TNPO3,XPOT,0.718
ADAMTS17,FBN2,0.904
ADAMTS17,FBN1,0.86
IRF8,SPI1,0.999
IRF8,IRF1,0.983
IRF8,STAT1,0.904
IRF8,IFNG,0.859
IRF8,SPIB,0.857
IRF8,STAT2,0.85
IRF8,TRAF6,0.841
IRF8,TRIM21,0.826
IRF8,BATF3,0.823
IRF8,RUNX1,0.795
IRF8,NFATC1,0.789
IRF8,CYBB,0.782
IRF8,BATF,0.77
IRF8,MAFB,0.763
IRF8,IRF5,0.754
IRF8,FOS,0.752
IRF8,IFNB1,0.751
IRF8,TNF,0.745
IRF8,ITGAM,0.733
IRF8,IL12RB1,0.73
IRF8,ISG15,0.729
IRF8,PAX5,0.728
IRF8,PTPRC,0.726
IRF8,CLEC9A,0.725
IRF8,CSF1R,0.723
HAPLN1,ACAN,0.981
HAPLN1,COL9A1,0.839
HAPLN1,COL11A1,0.811
HAPLN1,COL9A2,0.783
HAPLN1,COL2A1,0.755
HAPLN1,SLC6A8,0.727
HAPLN1,EDIL3,0.712
HAPLN1,COMP,0.707
HAPLN1,COL11A2,0.702
DLC1,TNS2,0.992
DLC1,RASA1,0.961
DLC1,TLN1,0.932
DLC1,PLCD1,0.912
DLC1,RHOA,0.903
DLC1,TLN2,0.821
DLC1,CAV1,0.785
DLC1,CDC42,0.754
DLC1,TNS1,0.746
DLC1,RHOC,0.703
LRRC4C,NTNG2,0.999
LRRC4C,NTNG1,0.999
LRRC4C,DLG4,0.906
LRRC4C,WHRN,0.903
LRRC4C,MYO15A,0.72
ADGRF5,SFTPC,0.822
ADGRF5,SFTPB,0.803
ADGRF5,RAMP2,0.716
NUP205,NUP93,0.999
NUP205,NUP35,0.999
NUP205,NUP107,0.999
NUP205,NUP155,0.999
NUP205,SEH1L,0.999
NUP205,NUP54,0.999
NUP205,NUP188,0.999
NUP205,NUP85,0.998
NUP205,NUP62,0.998
NUP205,NUP214,0.998
NUP205,NUP133,0.997
NUP205,NUP58,0.997
NUP205,NUP160,0.997
NUP205,NUP98,0.996
NUP205,NUP43,0.995
NUP205,NUP153,0.995
NUP205,SEC13,0.995
NUP205,NUP88,0.995
NUP205,RANBP2,0.994
NUP205,NDC1,0.993
NUP205,NUP210,0.991
NUP205,AAAS,0.986
NUP205,AHCTF1,0.983
NUP205,NUP37,0.983
NUP205,TPR,0.959
NMNAT2,QPRT,0.989
NMNAT2,NAPRT,0.987
NMNAT2,NADSYN1,0.985
NMNAT2,SIRT3,0.983
NMNAT2,NAMPT,0.976
NMNAT2,NMRK1,0.974
NMNAT2,NT5E,0.969
NMNAT2,SIRT1,0.954
NMNAT2,BST1,0.951
NMNAT2,NMRK2,0.951
NMNAT2,SIRT6,0.946
NMNAT2,SIRT4,0.945
NMNAT2,SIRT2,0.942
NMNAT2,SIRT5,0.941
NMNAT2,SIRT7,0.941
NMNAT2,CD38,0.94
NMNAT2,NADK2,0.932
NMNAT2,NNT,0.924
NMNAT2,NUDT12,0.921
NMNAT2,NMNAT1,0.918
NMNAT2,NT5C,0.914
NMNAT2,ENPP1,0.912
NMNAT2,ENPP3,0.904
NMNAT2,NT5C1A,0.903
NMNAT2,NT5C2,0.903
HMGCR,INSIG1,0.999
HMGCR,MVK,0.999
HMGCR,HMGCS1,0.999
HMGCR,HMGCS2,0.999
HMGCR,INSIG2,0.99
HMGCR,SREBF2,0.985
HMGCR,SQLE,0.973
HMGCR,FDPS,0.967
HMGCR,SREBF1,0.956
HMGCR,FDFT1,0.954
HMGCR,AMFR,0.953
HMGCR,CYP51A1,0.948
HMGCR,UBIAD1,0.945
HMGCR,PRKAA1,0.938
HMGCR,PRKAG1,0.932
HMGCR,PRKAG2,0.932
HMGCR,PRKAA2,0.932
HMGCR,PRKAG3,0.928
HMGCR,PRKAB1,0.928
HMGCR,IDI1,0.926
HMGCR,CYP7A1,0.925
HMGCR,PRKAB2,0.921
HMGCR,NPC1L1,0.918
HMGCR,PMVK,0.913
HMGCR,PCSK9,0.91
CHCHD6,IMMT,0.999
CHCHD6,APOOL,0.999
CHCHD6,CHCHD3,0.999
CHCHD6,APOO,0.999
CHCHD6,MICOS13,0.998
CHCHD6,MICOS10,0.996
CHCHD6,MTX2,0.988
CHCHD6,CHCHD10,0.985
CHCHD6,SAMM50,0.972
CHCHD6,MTX1,0.949
CHCHD6,DNAJC11,0.919
CHCHD6,CHCHD2,0.887
CHCHD6,MTX3,0.858
CHCHD6,TOMM40,0.842
CHCHD6,TOMM22,0.836
CHCHD6,CHCHD5,0.833
CHCHD6,TOMM70,0.825
CHCHD6,NDUFA8,0.795
CHCHD6,MFN1,0.786
CHCHD6,HSPA9,0.775
CHCHD6,TOMM5,0.77
CHCHD6,TOMM7,0.764
GFI1,KDM1A,0.986
GFI1,HDAC1,0.957
GFI1,GATA2,0.924
GFI1,EHMT2,0.909
GFI1,POU4F3,0.907
GFI1,CEBPA,0.899
GFI1,SPI1,0.896
GFI1,RCOR1,0.893
GFI1,HDAC2,0.877
GFI1,RUNX1,0.87
GFI1,GATA1,0.863
GFI1,ATXN1,0.847
GFI1,TAL1,0.831
GFI1,ELANE,0.781
GFI1,OCM2,0.771
GFI1,MYB,0.742
GFI1,ATOH1,0.736
GFI1,OCM,0.734
GFI1,HAX1,0.728
GFI1,ZBTB17,0.712
GFI1,G6PC3,0.711
ARHGAP15,GTDC1,0.719
TAFA4,PHACTR3,0.73
HEATR3,RPL5,0.943
HEATR3,RPL11,0.902
HEATR3,GRWD1,0.829
HEATR3,RPF2,0.806
HEATR3,TSR2,0.717
CEP120,SPICE1,0.994
CEP120,KIAA0586,0.884
CEP120,PCNT,0.866
CEP120,CKAP5,0.864
CEP120,TACC3,0.851
CEP120,TACC1,0.838
CEP120,CENPJ,0.815
CEP120,CNTLN,0.803
CEP120,CEP135,0.785
CEP120,CEP290,0.773
CEP120,CEP164,0.764
CEP120,CNTROB,0.762
CEP120,POC5,0.754
CEP120,C2CD3,0.732
CEP120,CCP110,0.721
CEP120,CEP192,0.72
CEP120,CEP63,0.708
CEP120,SASS6,0.705
ABR,RHOA,0.7
PDHB,PDHX,0.999
PDHB,DLAT,0.999
PDHB,DLD,0.999
PDHB,PDHA2,0.999
PDHB,BCKDHA,0.999
PDHB,PDHA1,0.999
PDHB,F5H5P2_HUMAN,0.998
PDHB,PDK1,0.984
PDHB,PKM,0.983
PDHB,GPI,0.981
PDHB,TALDO1,0.979
PDHB,PDK2,0.974
PDHB,DLST,0.974
PDHB,PKLR,0.966
PDHB,PDK3,0.961
PDHB,LDHA,0.961
PDHB,PC,0.959
PDHB,DBT,0.957
PDHB,ME1,0.951
PDHB,ME3,0.95
PDHB,ME2,0.948
PDHB,OGDH,0.947
PDHB,LDHAL6B,0.946
PDHB,PDP2,0.944
PDHB,LDHAL6A,0.944
MSRA,MSRB3,0.99
MSRA,MSRB2,0.978
MSRA,TXN,0.953
MSRA,RP1L1,0.944
MSRA,MSRB1,0.91
MSRA,GLRX,0.896
MSRA,TXN2,0.894
MSRA,SOX7,0.863
MSRA,GLRX2,0.794
MSRA,NME8,0.716
GLS,GLUD1,0.988
GLS,GLUL,0.987
GLS,GLUD2,0.976
GLS,ALDH18A1,0.973
GLS,GAD1,0.948
GLS,GAD2,0.942
GLS,PPAT,0.937
GLS,GFPT1,0.937
GLS,GFPT2,0.934
GLS,CAD,0.93
GLS,ALDH4A1,0.927
GLS,GLS2,0.916
GLS,CPS1,0.914
GLS,DGLUCY,0.9
GLS,GGT1,0.882
GLS,GCLM,0.853
GLS,GCLC,0.852
GLS,ALDH1B1,0.847
GLS,GLDC,0.841
GLS,AGA,0.836
GLS,GGT5,0.833
GLS,OPLAH,0.833
GLS,GGT6,0.831
GLS,L2HGDH,0.829
GLS,FTCD,0.829
EDEM3,EDEM2,0.958
EDEM3,SEL1L,0.945
EDEM3,EDEM1,0.938
EDEM3,OS9,0.921
EDEM3,MAN2A1,0.906
EDEM3,ERLEC1,0.85
EDEM3,CALR,0.846
EDEM3,SERPINA1,0.794
EDEM3,HSP90B1,0.771
EDEM3,DNAJC10,0.771
EDEM3,CANX,0.754
EDEM3,MOGS,0.75
EDEM3,UGGT1,0.734
EDEM3,PDIA4,0.709
EDEM3,STT3B,0.7
KCND3,KCNIP2,0.999
KCND3,KCNIP1,0.999
KCND3,DPP10,0.977
KCND3,KCNIP3,0.972
KCND3,KCNIP4,0.971
KCND3,KCNE3,0.946
KCND3,DPP6,0.933
KCND3,KCND2,0.932
KCND3,FAU,0.911
KCND3,SCN1B,0.885
KCND3,KCNH2,0.855
KCND3,KCNAB1,0.837
KCND3,SCN5A,0.824
KCND3,CACNA1C,0.806
KCND3,KCNAB2,0.798
KCND3,NCS1,0.788
KCND3,KCNE2,0.771
KCND3,KCNJ3,0.766
KCND3,KCND1,0.761
KCND3,KCNE5,0.756
KCND3,KCNA4,0.748
KCND3,KCNE1,0.748
KCND3,HPCA,0.743
KCND3,SCN3B,0.741
KCND3,KCNJ8,0.74
PGR,NCOA1,0.997
PGR,NCOR1,0.993
PGR,NCOR2,0.992
PGR,HSP90AA1,0.99
PGR,NCOA3,0.986
PGR,ERBB2,0.98
PGR,HSP90AB1,0.978
PGR,FKBP4,0.977
PGR,FKBP5,0.977
PGR,ESR1,0.974
PGR,HSPA4,0.972
PGR,BRCA1,0.963
PGR,PIK3CA,0.961
PGR,PGRMC1,0.944
PGR,PRKACB,0.937
PGR,SRC,0.937
PGR,PRKACA,0.937
PGR,PRKACG,0.937
PGR,PIK3R1,0.931
PGR,MAPK8,0.921
PGR,PIK3CB,0.92
PGR,MAPK14,0.92
PGR,PIK3R2,0.912
PGR,PIK3CD,0.911
PGR,PIK3R3,0.911
NR2F1,BCL11B,0.991
NR2F1,NCOR1,0.88
NR2F1,BCL11A,0.793
NR2F1,ESR1,0.729
NR2F1,ISL1,0.723
NR2F1,GTF2B,0.712
NADSYN1,NMNAT1,0.99
NADSYN1,NMNAT2,0.985
NADSYN1,NUDT12,0.984
NADSYN1,NADK2,0.947
NADSYN1,SIRT1,0.946
NADSYN1,SIRT3,0.942
NADSYN1,QPRT,0.942
NADSYN1,SIRT5,0.941
NADSYN1,SIRT7,0.934
NADSYN1,SIRT4,0.934
NADSYN1,SIRT2,0.934
NADSYN1,SIRT6,0.932
NADSYN1,BST1,0.915
NADSYN1,ENPP1,0.913
NADSYN1,ENPP3,0.911
NADSYN1,NNT,0.91
NADSYN1,CD38,0.908
NADSYN1,NUDT15,0.899
NADSYN1,NMNAT3,0.887
NADSYN1,CYP2R1,0.847
NADSYN1,NAPRT,0.834
NADSYN1,NT5E,0.826
NADSYN1,NUDT13,0.822
NADSYN1,DHCR7,0.819
NADSYN1,MALSU1,0.816
PCP4,CALML6,0.986
PCP4,CALML5,0.981
PCP4,CALML4,0.98
PCP4,CALML3,0.979
PCP4,CALM3,0.973
PAPPA,PRG2,0.999
PAPPA,IGFBP5,0.977
PAPPA,IGFBP4,0.976
PAPPA,STC2,0.962
PAPPA,IGF1,0.89
PAPPA,LGALS13,0.877
PAPPA,ANP32E,0.836
PAPPA,PGF,0.799
PAPPA,IGF2,0.756
PAPPA,AFP,0.743
PAPPA,IGFBP3,0.743
PAPPA,TNNI3,0.721
PAPPA,CRP,0.719
PAPPA,ADAM12,0.702
AEN,AAMP,0.783
TRAPPC11,TRAPPC8,0.999
TRAPPC11,TRAPPC12,0.999
TRAPPC11,TRAPPC2L,0.998
TRAPPC11,TRAPPC6B,0.996
TRAPPC11,TRAPPC2,0.996
TRAPPC11,TRAPPC13,0.996
TRAPPC11,TRAPPC5,0.995
TRAPPC11,TRAPPC1,0.995
TRAPPC11,TRAPPC3,0.993
TRAPPC11,TRAPPC4,0.991
TRAPPC11,TRAPPC6A,0.965
TRAPPC11,TRAPPC9,0.958
TRAPPC11,TRAPPC10,0.953
TRAPPC11,TRAPPC2B,0.919
TRAPPC11,TRAPPC3L,0.908
TRAPPC11,TBC1D14,0.822
TRAPPC11,FBXO38,0.796
TRAPPC11,EXOC4,0.791
TRAPPC11,MAP11,0.783
ZNF395,FAU,0.805
ZNF395,RPL21,0.71
ESR2,NCOA1,0.999
ESR2,ESR1,0.998
ESR2,NCOA3,0.997
ESR2,SRC,0.995
ESR2,NCOA2,0.993
ESR2,SP1,0.988
ESR2,MED1,0.988
ESR2,CAV1,0.971
ESR2,NCOR1,0.97
ESR2,JUN,0.967
ESR2,FOS,0.961
ESR2,MAPK3,0.955
ESR2,MAPK1,0.948
ESR2,PRKACA,0.943
ESR2,PRKACG,0.943
ESR2,GPER1,0.943
ESR2,PRKACB,0.943
ESR2,RPS6KB1,0.928
ESR2,CYP19A1,0.925
ESR2,NCOA5,0.924
ESR2,MAPK8,0.923
ESR2,CACNA1G,0.922
ESR2,CARM1,0.922
ESR2,MAPK14,0.921
ESR2,MAPK9,0.915
TOX2,ZNF461,0.927
PRICKLE1,VANGL2,0.998
PRICKLE1,DVL1,0.995
PRICKLE1,VANGL1,0.992
PRICKLE1,DVL2,0.979
PRICKLE1,DVL3,0.977
PRICKLE1,ANKRD6,0.845
PRICKLE1,KCTD7,0.812
PRICKLE1,CSTB,0.807
PRICKLE1,CELSR1,0.788
PRICKLE1,ARHGAP21,0.771
PRICKLE1,DAAM1,0.746
PRICKLE1,PHLDB2,0.742
PRICKLE1,FZD6,0.736
PRICKLE1,FZD3,0.726
ELOVL2,FADS1,0.977
ELOVL2,HSD17B12,0.945
ELOVL2,HACD1,0.934
ELOVL2,HACD2,0.934
ELOVL2,HACD3,0.923
ELOVL2,HACD4,0.922
ELOVL2,TECR,0.918
ELOVL2,AWAT1,0.865
ELOVL2,DGAT2,0.841
ELOVL2,FADS2,0.777
ELF3,ELF4,0.979
ELF3,MED23,0.923
ELF3,PRKCI,0.846
ELF3,SPRR2A,0.818
ELF3,SPRR2B,0.817
ELF3,ESX1,0.771
ELF3,POU2F3,0.736
ELF3,EP300,0.729
ELF3,TBP,0.719
PLXNA2,NRP1,0.999
PLXNA2,SEMA3A,0.999
PLXNA2,SEMA6A,0.999
PLXNA2,RND1,0.995
PLXNA2,SEMA6B,0.974
PLXNA2,SEMA3C,0.961
PLXNA2,NRP2,0.953
PLXNA2,FYN,0.925
PLXNA2,RAC2,0.924
PLXNA2,FES,0.922
PLXNA2,RAC3,0.919
PLXNA2,RHOD,0.917
PLXNA2,SEMA4D,0.915
PLXNA2,SEMA6D,0.864
PLXNA2,SEMA3B,0.862
PLXNA2,DPYSL2,0.827
PLXNA2,SEMA6C,0.812
PLXNA2,SEMA3E,0.792
PLXNA2,DPYSL3,0.792
PLXNA2,CDK5,0.791
PLXNA2,MICAL1,0.784
PLXNA2,FARP2,0.766
PLXNA2,RAC1,0.766
PLXNA2,RRAS,0.745
PLXNA2,PLXNA1,0.709
SLC29A3,SLC29A2,0.925
SLC29A3,SLC29A1,0.919
SLC29A3,SLC28A3,0.76
SLC29A3,SLC28A1,0.752
SLC29A3,SLC28A2,0.752
SLC29A3,CD63,0.704
ROR2,WNT5A,0.998
ROR2,ROR1,0.925
ROR2,FZD1,0.905
ROR2,IGKV1D-33,0.904
ROR2,IGKV1-33,0.904
ROR2,IGHV3-16,0.9
ROR2,VANGL2,0.89
ROR2,WNT11,0.871
ROR2,FZD2,0.847
ROR2,FZD5,0.821
ROR2,FZD4,0.819
ROR2,FZD7,0.808
ROR2,FZD8,0.805
ROR2,FZD9,0.797
ROR2,FZD3,0.793
ROR2,FZD6,0.792
ROR2,FZD10,0.757
KCNA1,KCNAB1,0.995
KCNA1,KCNA2,0.995
KCNA1,KCNAB2,0.995
KCNA1,LGI1,0.99
KCNA1,KCNA4,0.987
KCNA1,KCNA6,0.985
KCNA1,CNTNAP2,0.979
KCNA1,KCNA3,0.966
KCNA1,CNTN2,0.96
KCNA1,FAU,0.911
KCNA1,STX1A,0.908
KCNA1,KCNAB3,0.903
KCNA1,DLG4,0.898
KCNA1,CACNA1A,0.892
KCNA1,CNTNAP1,0.853
KCNA1,SCN8A,0.85
KCNA1,ADAM22,0.845
KCNA1,SCN2A,0.84
KCNA1,SHPK,0.793
KCNA1,CACNB4,0.777
KCNA1,SCN1A,0.742
KCNA1,KCNN4,0.742
KCNA1,TRPM6,0.74
KCNA1,RPL23A,0.736
KCNA1,DLG2,0.731
PTPRN2,PTPRN,0.942
PTPRN2,CPE,0.707
PGBD5,THAP9,0.802
ARHGAP24,FLNA,0.992
ARHGAP24,CDC42,0.833
ARHGAP24,RHOA,0.789
ARHGAP24,SCN10A,0.74
PPHLN1,TASOR,0.999
PPHLN1,MPHOSPH8,0.991
PPHLN1,PPL,0.895
PPHLN1,CASP5,0.754
PPHLN1,BICC1,0.739
PPHLN1,PMPCB,0.707
IRF7,MYD88,0.999
IRF7,IRF3,0.999
IRF7,TRAF6,0.999
IRF7,IRAK1,0.998
IRF7,IRAK4,0.996
IRF7,IKBKE,0.994
IRF7,TRAF3,0.993
IRF7,CHUK,0.993
IRF7,TBK1,0.992
IRF7,DDX58,0.99
IRF7,JUN,0.989
IRF7,TICAM1,0.981
IRF7,EP300,0.979
IRF7,IFNB1,0.978
IRF7,ZBP1,0.977
IRF7,CREBBP,0.976
IRF7,STAT2,0.975
IRF7,IFIH1,0.974
IRF7,ISG15,0.973
IRF7,TLR9,0.969
IRF7,STAT1,0.969
IRF7,IFNA1,0.967
IRF7,IFIT1,0.96
IRF7,TLR7,0.96
IRF7,OAS1,0.959
FAM98B,DDX1,0.999
FAM98B,RTRAF,0.999
FAM98B,RTCB,0.999
FAM98B,C2orf49,0.998
FAM98B,ZBTB8OS,0.972
PRPS2,PRPS1,0.985
PRPS2,PRPSAP1,0.985
PRPS2,PRPSAP2,0.981
PRPS2,PPAT,0.975
PRPS2,TKT,0.958
PRPS2,RBKS,0.957
PRPS2,RPIA,0.957
PRPS2,TKTL2,0.956
PRPS2,TKTL1,0.956
PRPS2,PGM2,0.944
PRPS2,UMPS,0.932
PRPS2,NUDT9,0.93
PRPS2,PRPS1L1,0.911
PRPS2,NUDT5,0.909
PRPS2,ADPRM,0.904
PRPS2,MSMB,0.898
PRPS2,NT5C3A,0.789
PRPS2,NMT2,0.728
PRPS2,MID2,0.728
PRPS2,ADSL,0.71
PRPS2,GART,0.705
FKBP1A,TGFBR1,0.999
FKBP1A,RPTOR,0.999
FKBP1A,MTOR,0.999
FKBP1A,RYR1,0.999
FKBP1A,ACVR1,0.998
FKBP1A,PPP3R1,0.996
FKBP1A,MLST8,0.996
FKBP1A,CALM3,0.994
FKBP1A,CALML3,0.992
FKBP1A,CALML5,0.992
FKBP1A,CALML6,0.988
FKBP1A,CALML4,0.988
FKBP1A,RYR2,0.982
FKBP1A,RPS6KB1,0.956
FKBP1A,EIF4E,0.939
FKBP1A,PPP3CA,0.937
FKBP1A,TRDN,0.934
FKBP1A,BMPR1B,0.927
FKBP1A,RICTOR,0.923
FKBP1A,CACNA1S,0.918
FKBP1A,EIF4EBP1,0.913
FKBP1A,CEP250,0.911
FKBP1A,RYR3,0.911
FKBP1A,GLMN,0.901
FKBP1A,STAC3,0.875
UBAC2,FAF2,0.999
UBAC2,UFD1,0.995
UBAC2,NPLOC4,0.995
UBAC2,AMFR,0.956
UBAC2,EMC3,0.876
UBAC2,EMC1,0.872
UBAC2,EMC2,0.847
UBAC2,ERLIN1,0.826
UBAC2,ERLIN2,0.809
UBAC2,VCP,0.788
UBAC2,UBXN8,0.752
UBAC2,DERL2,0.711
UBAC2,SYVN1,0.7
DGKB,ADCY5,0.928
DGKB,LPL,0.9
DGKB,MTNR1B,0.884
DGKB,GNPAT,0.845
DGKB,GPD2,0.816
DGKB,PLCG2,0.804
DGKB,G6PC2,0.757
DGKB,PLCE1,0.752
DGKB,MBOAT2,0.749
DGKB,GCKR,0.743
DGKB,PLCB1,0.733
DGKB,PLD2,0.732
DGKB,AGMO,0.732
DGKB,CDS2,0.731
DGKB,PLCB4,0.73
DGKB,PLCB3,0.73
DGKB,AGPAT2,0.727
DGKB,AGPAT1,0.724
DGKB,AGPAT4,0.718
DGKB,PLCG1,0.708
DGKB,CHPT1,0.707
DGKB,MOGAT2,0.702
GPATCH11,RBM17,0.854
GPATCH11,ZRSR2,0.756
GPATCH11,SF3A3,0.734
GPATCH11,SNRPA1,0.703
NCKAP5,NCK1,0.785
FUT2,FUT3,0.997
FUT2,FUT6,0.988
FUT2,FUT5,0.986
FUT2,FUT4,0.986
FUT2,FUT9,0.96
FUT2,EXOC6,0.959
FUT2,B3GALT5,0.958
FUT2,B3GNT3,0.95
FUT2,ST3GAL4,0.943
FUT2,ST3GAL1,0.94
FUT2,B3GALT1,0.935
FUT2,B4GALT1,0.933
FUT2,GCNT2,0.933
FUT2,ST3GAL2,0.931
FUT2,B3GNT2,0.93
FUT2,ST3GAL6,0.929
FUT2,B3GALT2,0.927
FUT2,ABO,0.927
FUT2,B3GNT4,0.921
FUT2,B4GALT2,0.921
FUT2,B4GALT4,0.92
FUT2,B4GALT3,0.914
FUT2,FUT1,0.907
FUT2,EPHX2,0.79
FUT2,SETBP1,0.778
OAS1,OAS2,0.999
OAS1,OAS3,0.986
OAS1,MX1,0.985
OAS1,ISG15,0.983
OAS1,RSAD2,0.967
OAS1,STAT1,0.966
OAS1,RNASEL,0.964
OAS1,IFI44,0.961
OAS1,USP18,0.96
OAS1,IFIT1,0.96
OAS1,IFI6,0.959
OAS1,IRF7,0.959
OAS1,IFI44L,0.955
OAS1,IFIT3,0.947
OAS1,IRF9,0.944
OAS1,DDX58,0.944
OAS1,IFIT2,0.943
OAS1,IFIH1,0.939
OAS1,IFI27,0.937
OAS1,DDX60,0.933
OAS1,EIF2AK2,0.929
OAS1,MX2,0.918
OAS1,IFI35,0.916
OAS1,XAF1,0.887
OAS1,OASL,0.884
RBFOX1,ATXN2,0.995
RBFOX1,RBM24,0.869
RBFOX1,MECP2,0.836
RBFOX1,RBPMS,0.78
RBFOX1,ATXN1,0.754
RBFOX1,HNRNPAB,0.739
RBFOX1,NOVA1,0.716
RGS4,GNAQ,0.992
RGS4,GNAO1,0.989
RGS4,GNB5,0.949
RGS4,GNAI1,0.932
RGS4,PPP1R9B,0.874
RGS4,SUCLG2,0.825
RGS4,GNAI2,0.808
RGS4,EGFR,0.778
RGS4,ATE1,0.77
RGS4,RGS7BP,0.769
RGS4,GNA13,0.768
RGS4,CALML5,0.763
RGS4,CALML6,0.763
RGS4,CALML3,0.763
RGS4,CALML4,0.763
RGS4,GNAI3,0.76
RGS4,ARHGEF1,0.751
RGS4,GRK2,0.75
RGS4,ARHGEF11,0.744
RGS4,DTNBP1,0.744
RGS4,SUCLG1,0.739
RGS4,DAOA,0.732
RGS4,RGS7,0.718
RGS4,DISC1,0.714
GTF2IRD1,GTF2I,0.926
GTF2IRD1,PRKG1,0.909
GTF2IRD1,CLIP2,0.908
GTF2IRD1,PRKG2,0.906
GTF2IRD1,FKBP10,0.838
GTF2IRD1,FKBP6,0.836
GTF2IRD1,TBL2,0.824
GTF2IRD1,BAZ1B,0.783
GTF2IRD1,LIMK1,0.758
GTF2IRD1,PIAS2,0.754
GTF2IRD1,TRIM50,0.744
GTF2IRD1,BCL7B,0.737
GTF2IRD1,NSUN5,0.732
GTF2IRD1,PRDM16,0.731
GTF2IRD1,EIF4H,0.708
GTF2IRD1,FZD9,0.702
SOX5,SOX6,0.98
SOX5,SOX9,0.901
SOX5,ETNK1,0.861
SOX5,CTNNB1,0.855
SOX5,COL2A1,0.845
SOX5,SOX13,0.815
SOX5,CEP85,0.8
SOX5,TCF7,0.783
SOX5,FEZF2,0.766
SOX5,SOX11,0.744
SOX5,SP7,0.719
SOX5,ACAN,0.715
SOX5,SHOX,0.709
SOX5,SATB2,0.701
NCOA2,ESR1,0.999
NCOA2,AR,0.999
NCOA2,RXRA,0.999
NCOA2,PPARG,0.998
NCOA2,EP300,0.998
NCOA2,NR3C1,0.998
NCOA2,NCOA3,0.997
NCOA2,CREBBP,0.997
NCOA2,NCOA1,0.997
NCOA2,CARM1,0.994
NCOA2,THRB,0.993
NCOA2,ESR2,0.993
NCOA2,RARA,0.992
NCOA2,KAT6A,0.991
NCOA2,RXRG,0.986
NCOA2,NR1H4,0.981
NCOA2,NR1H2,0.975
NCOA2,NR5A2,0.964
NCOA2,KAT2B,0.962
NCOA2,RXRB,0.951
NCOA2,NR5A1,0.951
NCOA2,HNF4A,0.944
NCOA2,RORC,0.92
NCOA2,NR1I3,0.911
NCOA2,PGR,0.911
UBE2L3,PRKN,0.999
UBE2L3,UBE3A,0.999
UBE2L3,CBL,0.998
UBE2L3,UBA1,0.998
UBE2L3,ARIH1,0.995
UBE2L3,WWP1,0.986
UBE2L3,SMURF2,0.984
UBE2L3,RNF31,0.98
UBE2L3,NEDD4,0.979
UBE2L3,NEDD4L,0.977
UBE2L3,ITCH,0.977
UBE2L3,ARIH2,0.963
UBE2L3,SMURF1,0.958
UBE2L3,RBCK1,0.956
UBE2L3,RBX1,0.947
UBE2L3,UBA7,0.944
UBE2L3,HACE1,0.935
UBE2L3,WWP2,0.929
UBE2L3,HUWE1,0.921
UBE2L3,RNF144A,0.919
UBE2L3,UBA6,0.918
UBE2L3,RNF19A,0.905
UBE2L3,UBE3C,0.887
UBE2L3,RNF216,0.879
UBE2L3,TRIP12,0.874
NAALADL2,NIPBL,0.726
ESR1,SRC,0.999
ESR1,JUN,0.999
ESR1,HSP90AA1,0.999
ESR1,NCOA1,0.999
ESR1,IGF1R,0.999
ESR1,BRCA1,0.999
ESR1,NRIP1,0.999
ESR1,NCOA3,0.999
ESR1,NCOR1,0.999
ESR1,SP1,0.999
ESR1,FOS,0.999
ESR1,NCOA2,0.999
ESR1,HDAC1,0.998
ESR1,CAV1,0.998
ESR1,MED1,0.998
ESR1,ESR2,0.998
ESR1,FOXA1,0.998
ESR1,EP300,0.997
ESR1,CCND1,0.997
ESR1,CALM3,0.995
ESR1,PIK3R1,0.994
ESR1,HSP90AB1,0.993
ESR1,CREBBP,0.993
ESR1,NCOR2,0.993
ESR1,TP53,0.992
NELL2,ROBO3,0.992
NELL2,ANO6,0.912
NELL2,ANO5,0.849
DNAJC24,EEF2,0.948
DNAJC24,ELP4,0.948
DNAJC24,IMMP1L,0.933
DNAJC24,DCDC1,0.932
DNAJC24,DPH2,0.923
DNAJC24,DPH3,0.89
DNAJC24,MPPED2,0.888
DNAJC24,DPH1,0.871
DNAJC24,DPH5,0.818
DNAJC24,DPH7,0.809
DNAJC24,DPH6,0.761
CMC1,COA3,0.856
TIMMDC1,NDUFAF3,0.999
TIMMDC1,NDUFAF1,0.999
TIMMDC1,TMEM126B,0.999
TIMMDC1,NDUFA13,0.999
TIMMDC1,ACAD9,0.999
TIMMDC1,NDUFA8,0.999
TIMMDC1,ECSIT,0.999
TIMMDC1,NDUFAF4,0.999
TIMMDC1,NDUFB5,0.998
TIMMDC1,NDUFA12,0.998
TIMMDC1,NDUFV3,0.998
TIMMDC1,NDUFB10,0.998
TIMMDC1,NDUFS2,0.998
TIMMDC1,NDUFS8,0.998
TIMMDC1,NDUFB6,0.998
TIMMDC1,NDUFB8,0.998
TIMMDC1,NDUFB9,0.997
TIMMDC1,NDUFV1,0.997
TIMMDC1,MT-ND1,0.997
TIMMDC1,NDUFB4,0.997
TIMMDC1,NDUFS7,0.997
TIMMDC1,NDUFA9,0.997
TIMMDC1,NDUFS5,0.996
TIMMDC1,MT-ND4,0.995
TIMMDC1,UQCR10,0.995
ATP2C1,F7,0.895
ATP2C1,CFL1,0.871
ATP2C1,TMEM165,0.718
FBN2,MFAP2,0.976
FBN2,ELN,0.967
FBN2,MFAP5,0.948
FBN2,FBN1,0.909
FBN2,ADAMTS17,0.904
FBN2,FN1,0.876
FBN2,ADAMTSL5,0.82
FBN2,ADAMTS10,0.762
FBN2,MYH3,0.753
FBN2,COL3A1,0.751
FBN2,TGFBR2,0.744
FBN2,TGFBR1,0.741
FBN2,FBN3,0.728
FBN2,MFAP3,0.716
FBN2,LUM,0.701
SMG7,SMG1,0.999
SMG7,UPF1,0.999
SMG7,SMG5,0.999
SMG7,RBM8A,0.996
SMG7,SMG6,0.992
SMG7,UPF3A,0.985
SMG7,UPF2,0.971
SMG7,SMG9,0.948
SMG7,PABPC1,0.945
SMG7,UPF3B,0.922
SMG7,SMG8,0.916
SMG7,PNRC2,0.891
SMG7,TERT,0.891
SMG7,SULT1E1,0.875
SMG7,EIF4G1,0.865
SMG7,NMNAT2,0.863
SMG7,DCP1A,0.847
SMG7,NCBP1,0.83
SMG7,STAU1,0.822
SMG7,PPP2CA,0.789
SMG7,XRN1,0.787
SMG7,NCBP2,0.782
NACA2,BTF3,0.992
NACA2,RPL7A,0.963
NACA2,RPL13,0.957
NACA2,RPL23A,0.953
NACA2,RPL23,0.949
NACA2,RPL18,0.947
NACA2,RPL5,0.946
NACA2,RPL18A,0.943
NACA2,RPL9,0.942
NACA2,RPL8,0.941
NACA2,RPL4,0.941
NACA2,RPL34,0.941
NACA2,RPL21,0.941
NACA2,RPL28,0.941
NACA2,RPL35A,0.941
NACA2,RPL11,0.939
NACA2,RPL17,0.938
NACA2,RPL32,0.938
NACA2,RPLP0,0.938
NACA2,RPL17-C18orf32,0.938
NACA2,RPL19,0.938
NACA2,RPL35,0.935
NACA2,RPL3,0.931
NACA2,RPL26,0.93
NACA2,RPL10,0.93
CCR3,CCL26,0.999
CCR3,CCL7,0.999
CCR3,CCL5,0.999
CCR3,CCL11,0.999
CCR3,CCL13,0.999
CCR3,CCL24,0.999
CCR3,CCR5,0.998
CCR3,CCL4,0.998
CCR3,CCL3,0.998
CCR3,CCL2,0.998
CCR3,CCL15,0.997
CCR3,CCR1,0.997
CCR3,CCL8,0.996
CCR3,CCL22,0.995
CCR3,CXCL10,0.993
CCR3,CCL3L1,0.992
CCR3,CCL17,0.986
CCR3,CXCL8,0.986
CCR3,CCR2,0.98
CCR3,GNAI1,0.967
CCR3,CXCR3,0.963
CCR3,CXCL9,0.957
CCR3,CXCL11,0.952
CCR3,CCR7,0.946
CCR3,CCL27,0.942
SLC39A11,SLC39A9,0.864
SLC39A11,SLC39A7,0.842
SLC39A11,SLC39A1,0.816
SLC39A11,SLC30A9,0.809
SLC39A11,SLC30A7,0.807
SLC39A11,SLC39A13,0.805
SLC39A11,SLC39A12,0.781
SLC39A11,SLC39A3,0.779
SLC39A11,SLC39A6,0.775
SLC39A11,SLC39A10,0.773
SLC39A11,SLC39A5,0.772
SLC39A11,SLC30A6,0.769
SLC39A11,SLC39A14,0.753
SLC39A11,SLC39A2,0.751
SLC39A11,SLC30A1,0.749
SLC39A11,SLC30A5,0.745
SLC39A11,SLC30A4,0.742
SLC39A11,SLC39A8,0.723
SLC39A11,SLC39A4,0.707
TRPV1,CALM3,0.998
TRPV1,TRPM8,0.994
TRPV1,CALML3,0.992
TRPV1,CALML5,0.992
TRPV1,TRPA1,0.991
TRPV1,CALML4,0.99
TRPV1,CALML6,0.99
TRPV1,PRKACB,0.963
TRPV1,PRKACA,0.963
TRPV1,PRKACG,0.963
TRPV1,PRKCE,0.95
TRPV1,TAC1,0.939
TRPV1,SRC,0.934
TRPV1,CALM2,0.924
TRPV1,CAMK2A,0.922
TRPV1,GPR55,0.922
TRPV1,KNG1,0.918
TRPV1,ANK1,0.902
TRPV1,CAMK2B,0.902
TRPV1,P2RX3,0.897
TRPV1,TRPC1,0.892
TRPV1,FAAH,0.855
TRPV1,NGF,0.853
TRPV1,ANK2,0.845
TRPV1,ASIC3,0.828
ZFP90,TRIM28,0.825
PDCD5,RPS19,0.872
PDCD5,SNRPE,0.871
PDCD5,RPL23,0.865
PDCD5,RPS11,0.858
PDCD5,RPL30,0.852
PDCD5,RPS3,0.852
PDCD5,RPS28,0.848
PDCD5,RPL35,0.842
PDCD5,RPL34,0.842
PDCD5,RPS24,0.837
PDCD5,RPL23A,0.832
PDCD5,RPS6,0.822
PDCD5,KAT5,0.805
PDCD5,MRPL21,0.788
PDCD5,RPL11,0.784
PDCD5,PFDN1,0.776
PDCD5,EEF1B2,0.751
PDCD5,PFDN4,0.75
PDCD5,RPLP0,0.734
PDCD5,MRPL22,0.726
PDCD5,MRTO4,0.723
PDCD5,MRPS7,0.712
PDCD5,RPS23,0.711
PDCD5,RPS17,0.707
PDCD5,RPL31,0.707
BOD1L2,BOD1,0.853
BOD1L2,STC2,0.781
PRAG1,CSK,0.854
PRAG1,RND2,0.81
TBC1D2,RAB7A,0.856
SPIN3,SPINDOC,0.708
VPS13C,VPS35,0.791
VPS13C,ATP13A2,0.783
VPS13C,DNAJC6,0.762
VPS13C,DNAJC13,0.718
VPS13C,PLA2G6,0.71
VPS13C,SYNJ1,0.702
MANBA,MAN2B1,0.976
MANBA,SGSH,0.901
MANBA,MAN2C1,0.781
MANBA,FABP2,0.761
MANBA,GLA,0.705
ITGAM,ITGB2,0.999
ITGAM,ICAM1,0.999
ITGAM,C3,0.999
ITGAM,THY1,0.998
ITGAM,ICAM2,0.996
ITGAM,JAM3,0.995
ITGAM,ITGAL,0.994
ITGAM,VCAM1,0.991
ITGAM,GP1BA,0.982
ITGAM,SPI1,0.977
ITGAM,ITGB1,0.974
ITGAM,PTPRC,0.971
ITGAM,CD209,0.961
ITGAM,FCGR3B,0.959
ITGAM,FCGR3A,0.948
ITGAM,CD4,0.943
ITGAM,CD8A,0.94
ITGAM,SELP,0.934
ITGAM,MRC1,0.931
ITGAM,PIK3CD,0.93
ITGAM,SELL,0.929
ITGAM,TLR4,0.92
ITGAM,IFNG,0.92
ITGAM,ITGA2B,0.916
ITGAM,ANPEP,0.916
KCNQ1,KCNE2,0.999
KCNQ1,AKAP9,0.999
KCNQ1,KCNE3,0.999
KCNQ1,KCNE1,0.999
KCNQ1,CALM3,0.999
KCNQ1,KCNJ2,0.992
KCNQ1,CALML3,0.988
KCNQ1,CALML5,0.988
KCNQ1,CALML4,0.985
KCNQ1,CALML6,0.984
KCNQ1,KCNH2,0.983
KCNQ1,SCN5A,0.973
KCNQ1,KCNQ5,0.972
KCNQ1,CALM2,0.97
KCNQ1,PRKACA,0.97
KCNQ1,KCNQ2,0.967
KCNQ1,PRKACB,0.959
KCNQ1,PRKACG,0.959
KCNQ1,KCNJ12,0.954
KCNQ1,SLC12A2,0.95
KCNQ1,ADCY9,0.95
KCNQ1,KCNJ4,0.948
KCNQ1,KCNQ4,0.947
KCNQ1,KCNK5,0.939
KCNQ1,KCNN4,0.936
TRIB2,RIBC2,0.922
TRIB2,COP1,0.883
TRIB2,BTRC,0.833
TRIB2,TRIM21,0.811
TRIB2,STK40,0.811
TRIB2,TRIB1,0.8
TRIB2,UBE2E1,0.789
TRIB2,DET1,0.732
NDUFB7,NDUFA7,0.999
NDUFB7,NDUFS4,0.999
NDUFB7,NDUFA1,0.999
NDUFB7,NDUFA11,0.999
NDUFB7,NDUFA3,0.999
NDUFB7,NDUFB9,0.999
NDUFB7,MT-ND1,0.999
NDUFB7,NDUFS3,0.999
NDUFB7,NDUFV1,0.999
NDUFB7,MT-ND2,0.999
NDUFB7,NDUFV3,0.999
NDUFB7,NDUFB10,0.999
NDUFB7,NDUFS2,0.999
NDUFB7,NDUFS5,0.999
NDUFB7,NDUFA2,0.999
NDUFB7,NDUFA8,0.999
NDUFB7,NDUFS8,0.999
NDUFB7,NDUFA10,0.999
NDUFB7,NDUFB6,0.999
NDUFB7,NDUFB4,0.999
NDUFB7,NDUFS7,0.999
NDUFB7,NDUFAB1,0.999
NDUFB7,NDUFS1,0.999
NDUFB7,NDUFV2,0.999
NDUFB7,NDUFB3,0.999
KCND1,KCNIP4,0.968
KCND1,KCNIP1,0.946
KCND1,FAU,0.911
KCND1,KCNIP2,0.89
KCND1,KCNIP3,0.874
KCND1,KCNAB2,0.778
KCND1,KCNAB1,0.774
KCND1,KCND3,0.761
KCND1,VSNL1,0.7
KCNA7,FAU,0.911
KCNA7,TRPM4,0.829
KCNA7,ASB18,0.8
KCNA7,KCNAB3,0.775
KCNA7,KCNAB1,0.769
KCNA7,KCNAB2,0.734
KCNA7,SCN4A,0.713
KCNA7,SCN1B,0.711
C5,C8A,0.999
C5,C5AR1,0.999
C5,C6,0.999
C5,C9,0.999
C5,C7,0.999
C5,C8B,0.999
C5,C8G,0.997
C5,C5AR2,0.99
C5,C3,0.974
C5,F2,0.921
C5,VDAC1,0.901
C5,PPIF,0.901
C5,SPG7,0.9
C5,VTN,0.889
C5,C3AR1,0.88
C5,CPB2,0.847
C5,CFH,0.824
C5,ELANE,0.823
C5,C2,0.803
C5,CD34,0.776
C5,CFB,0.774
C5,TRAF1,0.77
C5,C4A,0.766
C5,CXCL8,0.754
C5,CD59,0.746
GDA,PNP,0.991
GDA,XDH,0.988
GDA,APRT,0.97
GDA,HPRT1,0.961
GDA,DLG4,0.938
GDA,DLG3,0.901
GDA,UPRT,0.9
GDA,HAL,0.852
GDA,NT5E,0.844
GDA,UPP2,0.757
GDA,AOX1,0.752
GDA,CRMP1,0.744
GDA,ADA,0.737
GDA,UPP1,0.725
GDA,DLG1,0.723
GDA,MTAP,0.723
GDA,DPYSL2,0.715
GDA,STIP1,0.708
S1PR4,GNA12,0.989
S1PR4,S1PR1,0.948
S1PR4,GNA13,0.924
S1PR4,SPHK2,0.922
S1PR4,GNAI2,0.912
S1PR4,GNAI1,0.909
S1PR4,GNAI3,0.909
S1PR4,GNA15,0.892
S1PR4,SPHK1,0.875
S1PR4,GNA11,0.739
KCNA5,KCNAB1,0.986
KCNA5,KCNA2,0.982
KCNA5,KCNAB2,0.974
KCNA5,DLG1,0.955
KCNA5,KCNAB3,0.94
KCNA5,FAU,0.911
KCNA5,KCNE2,0.872
KCNA5,KCNH2,0.865
KCNA5,DLG4,0.857
KCNA5,ACTN2,0.838
KCNA5,SCN5A,0.838
KCNA5,KCNIP2,0.836
KCNA5,TPI1,0.802
KCNA5,CAV1,0.792
KCNA5,KCNA3,0.765
KCNA5,SRC,0.761
KCNA5,KCNA4,0.743
KCNA5,FYN,0.734
KCNA5,KCNJ8,0.712
KCNA5,CACNA1C,0.71
KCNA5,KCNE1,0.71
KCNA5,KCNJ3,0.71
KCNA5,KCNK3,0.706
CDK4,CCNL2,0.999
CDK4,CDKN2D,0.999
CDK4,RB1,0.999
CDK4,CCND1,0.999
CDK4,CDKN2A,0.999
CDK4,CCNA2,0.999
CDK4,CDKN1B,0.999
CDK4,CCND2,0.999
CDK4,CCND3,0.999
CDK4,CDKN1A,0.999
CDK4,CDKN2C,0.999
CDK4,CDK6,0.999
CDK4,CDKN2B,0.999
CDK4,CDC37,0.999
CDK4,CCNE1,0.999
CDK4,HSP90AB1,0.999
CDK4,CDK2,0.998
CDK4,HSP90AA1,0.998
CDK4,PCNA,0.996
CDK4,CDKN1C,0.994
CDK4,CEBPA,0.991
CDK4,CCNA1,0.988
CDK4,CCNE2,0.988
CDK4,RBL2,0.986
CDK4,CDC25A,0.979
KCNH3,KCNAB3,0.796
KCNH3,ELK1,0.783
GABBR2,GABBR1,0.999
GABBR2,GNAI1,0.992
GABBR2,KCNJ6,0.962
GABBR2,KCTD16,0.961
GABBR2,KCNJ3,0.959
GABBR2,KCNJ9,0.946
GABBR2,GNG2,0.942
GABBR2,GNAI3,0.936
GABBR2,GPR156,0.933
GABBR2,GNAI2,0.929
GABBR2,GNB1,0.927
GABBR2,GABRB3,0.925
GABBR2,KCNJ5,0.911
GABBR2,KCNJ11,0.91
GABBR2,GABRA1,0.901
GABBR2,GABRA2,0.89
GABBR2,GABRB1,0.884
GABBR2,GABRE,0.852
GABBR2,GABRA5,0.835
GABBR2,GABRG2,0.83
GABBR2,GRM1,0.827
GABBR2,CASR,0.819
GABBR2,GABRB2,0.817
GABBR2,GABRD,0.815
GABBR2,GNB5,0.814
KCNH2,KCNE2,0.998
KCNH2,KCNE1,0.994
KCNH2,KCNQ1,0.983
KCNH2,SCN5A,0.978
KCNH2,HSP90AA1,0.958
KCNH2,KCNE3,0.95
KCNH2,KCNJ2,0.93
KCNH2,CACNA1C,0.891
KCNH2,KCNH6,0.883
KCNH2,HSPA4,0.874
KCNH2,KCNA5,0.865
KCNH2,CAV3,0.858
KCNH2,KCNE4,0.857
KCNH2,KCND3,0.855
KCNH2,FLT1,0.849
KCNH2,SCN4B,0.834
KCNH2,KCNH1-2,0.831
KCNH2,KCNE5,0.83
KCNH2,HSP90AB1,0.819
KCNH2,KCNA2,0.816
KCNH2,KCNA3,0.805
KCNH2,KCND2,0.798
KCNH2,AKAP9,0.796
KCNH2,KCNJ5,0.791
KCNH2,CACNB2,0.773
KCNQ4,KCNQ5,0.975
KCNQ4,CALM3,0.972
KCNQ4,KCNE4,0.966
KCNQ4,CALM2,0.964
KCNQ4,KCNQ3,0.956
KCNQ4,KCNQ1,0.947
KCNQ4,KCNQ2,0.941
KCNQ4,KCNJ4,0.936
KCNQ4,KCNJ12,0.934
KCNQ4,GJB3,0.931
KCNQ4,KCNJ2,0.925
KCNQ4,KCNJ18,0.918
KCNQ4,KCNJ14,0.917
KCNQ4,FAU,0.911
KCNQ4,KCNE1,0.879
KCNQ4,KCNE3,0.846
KCNQ4,KCNH2,0.752
KCNQ4,TMC1,0.718
KCNQ4,PCDH15,0.717
KCNC1,KCNIP1,0.996
KCNC1,KCNIP3,0.989
KCNC1,KCNIP2,0.987
KCNC1,KCNIP4,0.94
KCNC1,FAU,0.911
KCNC1,KCNC4,0.91
KCNC1,KCNAB1,0.907
KCNC1,CAV3,0.906
KCNC1,DPP6,0.896
KCNC1,KCNAB2,0.891
KCNC1,NCS1,0.881
KCNC1,DPP10,0.831
KCNC1,HPCA,0.815
KCNC1,KCNAB3,0.792
KCNC1,RCVRN,0.791
KCNC1,KCNC3,0.786
KCNC1,LDHC,0.774
KCNC1,KCNC2,0.763
KCNC1,VSNL1,0.726
NDUFA9,NDUFV3,0.999
NDUFA9,NDUFB10,0.999
NDUFA9,NDUFA2,0.999
NDUFA9,NDUFS2,0.999
NDUFA9,NDUFS5,0.999
NDUFA9,UQCR10,0.999
NDUFA9,NDUFA8,0.999
NDUFA9,NDUFA10,0.999
NDUFA9,NDUFS8,0.999
NDUFA9,NDUFB6,0.999
NDUFA9,NDUFB4,0.999
NDUFA9,NDUFB1,0.999
NDUFA9,NDUFS7,0.999
NDUFA9,NDUFA7,0.999
NDUFA9,NDUFS4,0.999
NDUFA9,NDUFB7,0.999
NDUFA9,NDUFA11,0.999
NDUFA9,NDUFB9,0.999
NDUFA9,NDUFA3,0.999
NDUFA9,NDUFS3,0.999
NDUFA9,MT-ND1,0.999
NDUFA9,NDUFV1,0.999
NDUFA9,MT-ND2,0.999
NDUFA9,UQCRFS1,0.999
NDUFA9,NDUFA12,0.999
ITGB7,ITGA4,0.999
ITGB7,ITGAE,0.999
ITGB7,MADCAM1,0.995
ITGB7,ITGA5,0.988
ITGB7,FN1,0.985
ITGB7,ITGAL,0.976
ITGB7,FLNA,0.975
ITGB7,VCAM1,0.974
ITGB7,ITGA10,0.962
ITGB7,ITGA11,0.958
ITGB7,ITGB2,0.954
ITGB7,PTK2,0.951
ITGB7,ITGA1,0.951
ITGB7,ITGAV,0.951
ITGB7,ITGA3,0.95
ITGB7,ITGA2,0.946
ITGB7,ITGB3,0.945
ITGB7,ITGB6,0.931
ITGB7,SRC,0.926
ITGB7,ACTB,0.92
ITGB7,ITGB8,0.917
ITGB7,ITGB1,0.913
ITGB7,ITGB5,0.911
ITGB7,ACTG1,0.911
ITGB7,ITGA9,0.871
KCNH1,CALM3,0.939
KCNH1,LPGAT1,0.833
KCNH1,PPP2R5A,0.781
KCNH1,CALML5,0.764
KCNH1,CALML3,0.764
KCNH1,KCNAB1,0.748
KCNH1,KCNB1,0.729
KCNH1,KCNAB2,0.728
KCNH1,CALML4,0.722
KCNH1,CALML6,0.722
ATP6V1B2,ATP6V1H,0.999
ATP6V1B2,ATP6V1A,0.999
ATP6V1B2,ATP6V1E1,0.999
ATP6V1B2,ATP6V1F,0.999
ATP6V1B2,ATP6V0A4,0.999
ATP6V1B2,ATP6V1D,0.999
ATP6V1B2,ATP6V1C1,0.999
ATP6V1B2,ATP6V0D2,0.999
ATP6V1B2,ATP6V0D1,0.999
ATP6V1B2,ATP6V0C,0.999
ATP6V1B2,ATP6V1G1,0.999
ATP6V1B2,ATP6V0B,0.999
ATP6V1B2,LAMTOR1,0.998
ATP6V1B2,ATP6V1E2,0.998
ATP6V1B2,ATP6V0A1,0.998
ATP6V1B2,ATP6V1C2,0.996
ATP6V1B2,ATP6AP2,0.996
ATP6V1B2,ATP6AP1,0.995
ATP6V1B2,ATP6V0A2,0.994
ATP6V1B2,ATP6V1G2,0.993
ATP6V1B2,ATP6V0E1,0.993
ATP6V1B2,RNASEK,0.991
ATP6V1B2,ATP6V1B1,0.989
ATP6V1B2,TCIRG1,0.988
ATP6V1B2,ATP5F1B,0.98
KCNA6,KCNA2,0.986
KCNA6,KCNA1,0.985
KCNA6,KCNAB2,0.952
KCNA6,FAU,0.911
KCNA6,KCNAB1,0.904
KCNA6,KCNA3,0.882
KCNA6,KCNAB3,0.795
KCNA6,TPI1,0.766
KCNA6,SHPK,0.717
RIOK2,TSR1,0.999
RIOK2,LTV1,0.999
RIOK2,NOB1,0.999
RIOK2,RPS2,0.999
RIOK2,BYSL,0.999
RIOK2,RPS15,0.997
RIOK2,RPS5,0.997
RIOK2,RPS3,0.996
RIOK2,PNO1,0.996
RIOK2,KRR1,0.996
RIOK2,RPS20,0.995
RIOK2,RPS9,0.994
RIOK2,RPS14,0.994
RIOK2,RPS6,0.994
RIOK2,RPS7,0.994
RIOK2,RPS13,0.993
RIOK2,FAU,0.993
RIOK2,RRP12,0.992
RIOK2,RPS12,0.992
RIOK2,RACK1,0.992
RIOK2,RPS21,0.991
RIOK2,RIOK1,0.985
RIOK2,DIMT1,0.984
RIOK2,RPS19,0.983
RIOK2,RIOK3,0.982
KCNS2,FAU,0.911
KCNS2,KCNAB1,0.725
KCNF1,FAU,0.911
KCNF1,ATP6V1C2,0.8
KCNF1,KCNAB3,0.772
KCNF1,HNRNPK,0.758
KCNF1,KCNAB2,0.747
KCNF1,KCNAB1,0.726
KCNF1,NOVA2,0.708
LSM6,SNRPG,0.999
LSM6,LSM7,0.999
LSM6,PRPF3,0.999
LSM6,LSM1,0.999
LSM6,SNRPA1,0.999
LSM6,LSM4,0.999
LSM6,LSM5,0.999
LSM6,LSM2,0.999
LSM6,LSM8,0.999
LSM6,SNRPD2,0.999
LSM6,SNRPD1,0.999
LSM6,LSM3,0.999
LSM6,SNRPF,0.999
LSM6,SNRNP200,0.999
LSM6,PRPF31,0.999
LSM6,PRPF4,0.999
LSM6,SNRPE,0.999
LSM6,SNRPD3,0.999
LSM6,SART1,0.999
LSM6,PRPF8,0.998
LSM6,TXNL4A,0.997
LSM6,SNU13,0.997
LSM6,PRPF6,0.997
LSM6,SNRPB,0.997
LSM6,ZMAT2,0.996
PLK1,CCNB1,0.999
PLK1,CDC20,0.999
PLK1,BUB1B,0.999
PLK1,CDC25C,0.999
PLK1,FZR1,0.999
PLK1,ERCC6L,0.998
PLK1,BORA,0.997
PLK1,AURKA,0.997
PLK1,BUB1,0.996
PLK1,CENPU,0.996
PLK1,BRCA2,0.996
PLK1,CCNB2,0.995
PLK1,FOXM1,0.995
PLK1,KIF2C,0.994
PLK1,ESPL1,0.994
PLK1,CDK1,0.993
PLK1,WEE1,0.992
PLK1,FBXO43,0.992
PLK1,KIF20A,0.99
PLK1,NUDC,0.99
PLK1,CENPA,0.988
PLK1,KIF23,0.988
PLK1,PKMYT1,0.987
PLK1,GTSE1,0.982
PLK1,TP53,0.981
AXL,GAS6,0.999
AXL,PROS1,0.997
AXL,SRC,0.983
AXL,SHC1,0.957
AXL,PLCG1,0.937
AXL,GRB2,0.931
AXL,GAB1,0.926
AXL,IFNAR1,0.925
AXL,PLCG2,0.918
AXL,JAK2,0.915
AXL,JAK1,0.914
AXL,TNS2,0.91
AXL,SHC4,0.91
AXL,SHC3,0.907
AXL,SHC2,0.905
AXL,PIK3R1,0.89
AXL,RANBP9,0.875
AXL,SOCS1,0.843
AXL,EGFR,0.792
AXL,HSP90AA1,0.786
AXL,LRP1,0.776
AXL,ERBB2,0.763
AXL,PIK3CA,0.743
AXL,SOCS3,0.743
AXL,ERBB3,0.732
KCNG3,FAU,0.911
KCNG4,KCNB1,0.942
KCNG4,FAU,0.911
KCNG4,CRX,0.78
KCNG4,KCNAB1,0.774
KCNG4,KCNAB2,0.765
KCNG4,KCNAB3,0.726
CD19,LYN,0.999
CD19,IFITM1,0.999
CD19,CR2,0.999
CD19,CD81,0.999
CD19,CD79A,0.998
CD19,FCGR3B,0.997
CD19,VAV1,0.997
CD19,FCGR3A,0.997
CD19,CD22,0.992
CD19,CD79B,0.991
CD19,SYK,0.983
CD19,CEP70,0.979
CD19,MS4A1,0.976
CD19,PIK3R1,0.976
CD19,NCAM1,0.972
CD19,PIK3CD,0.971
CD19,PIK3CA,0.967
CD19,CD27,0.955
CD19,MME,0.954
CD19,VAV2,0.947
CD19,CD38,0.946
CD19,PIK3R2,0.944
CD19,CD2,0.942
CD19,CD5,0.941
CD19,CD4,0.936
AURKB,BUB1B,0.999
AURKB,BIRC5,0.999
AURKB,INCENP,0.999
AURKB,CDCA8,0.999
AURKB,CDC20,0.998
AURKB,BUB1,0.997
AURKB,CDK1,0.997
AURKB,CENPA,0.997
AURKB,KIF2C,0.996
AURKB,CCNA2,0.991
AURKB,CCNB2,0.99
AURKB,KIF20A,0.99
AURKB,ESPL1,0.985
AURKB,NDC80,0.979
AURKB,CENPE,0.975
AURKB,H3-4,0.974
AURKB,RCC2,0.973
AURKB,TOP2A,0.97
AURKB,SGO1,0.969
AURKB,CDCA5,0.968
AURKB,RACGAP1,0.966
AURKB,KIF11,0.964
AURKB,CCNB1,0.962
AURKB,KIF23,0.961
AURKB,HASPIN,0.956
KCNG2,FAU,0.911
KCNG2,CNIH3,0.748
GSK3B,CSNK1A1,0.999
GSK3B,APC,0.999
GSK3B,AXIN1,0.999
GSK3B,MAPT,0.999
GSK3B,FRAT1,0.999
GSK3B,BTRC,0.999
GSK3B,DVL1,0.999
GSK3B,AXIN2,0.999
GSK3B,CTNNB1,0.999
GSK3B,MYC,0.996
GSK3B,AKT1,0.996
GSK3B,PSEN1,0.995
GSK3B,TRAF6,0.994
GSK3B,LRP6,0.994
GSK3B,AMER1,0.993
GSK3B,TP53,0.992
GSK3B,GYS1,0.99
GSK3B,TSC2,0.99
GSK3B,PRKACA,0.99
GSK3B,DPYSL2,0.989
GSK3B,CSNK1E,0.989
GSK3B,CREB1,0.988
GSK3B,FRAT2,0.987
GSK3B,CCND1,0.987
GSK3B,GSKIP,0.985
MYNN,LRRC34,0.81
MYNN,RIOK2,0.777
MYNN,LRRIQ4,0.735
MYNN,ACTRT3,0.734
NDUFV2,NDUFS7,0.999
NDUFV2,NDUFB4,0.999
NDUFV2,NDUFB6,0.999
NDUFV2,NDUFA10,0.999
NDUFV2,NDUFS8,0.999
NDUFV2,NDUFA8,0.999
NDUFV2,NDUFA2,0.999
NDUFV2,NDUFS5,0.999
NDUFV2,NDUFS2,0.999
NDUFV2,NDUFB10,0.999
NDUFV2,NDUFV3,0.999
NDUFV2,MT-ND2,0.999
NDUFV2,UQCRFS1,0.999
NDUFV2,NDUFV1,0.999
NDUFV2,NDUFS3,0.999
NDUFV2,MT-ND1,0.999
NDUFV2,NDUFB9,0.999
NDUFV2,NDUFA3,0.999
NDUFV2,NDUFB7,0.999
NDUFV2,NDUFA11,0.999
NDUFV2,NDUFA1,0.999
NDUFV2,CYC1,0.999
NDUFV2,NDUFS4,0.999
NDUFV2,NDUFA7,0.999
NDUFV2,NDUFA9,0.999
S1PR5,GNAI1,0.99
S1PR5,GNA12,0.99
S1PR5,SPHK1,0.935
S1PR5,GNA13,0.927
S1PR5,GNAI2,0.91
S1PR5,GNAI3,0.91
S1PR5,SPHK2,0.897
S1PR5,GNG2,0.829
S1PR5,GNB1,0.818
S1PR5,KLRD1,0.714
KCNA4,DLG4,0.997
KCNA4,KCNAB2,0.991
KCNA4,KCNA1,0.987
KCNA4,KCNAB1,0.986
KCNA4,KCNA2,0.983
KCNA4,KCNAB3,0.962
KCNA4,DLG1,0.929
KCNA4,DLG2,0.923
KCNA4,SIGMAR1,0.917
KCNA4,KCNIP2,0.914
KCNA4,FAU,0.911
KCNA4,ACTN2,0.802
KCNA4,DLGAP1,0.786
KCNA4,KCND3,0.748
KCNA4,KCNA5,0.743
KCNA4,KCNH6,0.742
KCNA4,KCNA3,0.722
KCNA4,KCNH2,0.713
KCNH8,ELK4,0.966
KCNH8,ELK3,0.87
KCNH7,GCA,0.89
KCNH7,IFIH1,0.705
KCND2,KCNIP2,0.999
KCND2,KCNIP1,0.999
KCND2,DPP6,0.994
KCND2,KCNIP3,0.988
KCND2,DPP10,0.98
KCND2,KCNIP4,0.949
KCND2,KCNN2,0.942
KCND2,KCND3,0.932
KCND2,FAU,0.911
KCND2,KCNAB2,0.886
KCND2,IRX5,0.884
KCND2,DLG4,0.877
KCND2,NCS1,0.87
KCND2,KCTD5,0.862
KCND2,KCNAB1,0.841
KCND2,IRX1,0.839
KCND2,KCNE2,0.838
KCND2,FLNC,0.799
KCND2,KCNH2,0.798
KCND2,FLNA,0.791
KCND2,KCNE1,0.76
KCND2,KCNAB3,0.754
KCND2,SMYD1,0.742
KCND2,FLNB,0.732
KCND2,CACNA1C,0.726
MC2R,MRAP,0.999
MC2R,POMC,0.999
MC2R,MRAP2,0.941
MC2R,VIP,0.941
MC2R,GNAS,0.935
MC2R,GCG,0.924
MC2R,TSHB,0.922
MC2R,GIP,0.921
MC2R,FSHB,0.913
MC2R,ADCYAP1,0.912
MC2R,NPPA,0.912
MC2R,GNB1,0.909
MC2R,CYP11B1,0.9
MC2R,CYP11A1,0.895
MC2R,CYP21A2,0.888
MC2R,CYP17A1,0.858
MC2R,CRH,0.842
MC2R,CYP11B2,0.841
MC2R,STAR,0.832
MC2R,GNG2,0.829
MC2R,HSD11B2,0.77
MC2R,NR0B1,0.751
MC2R,NR5A1,0.747
MC2R,CRHR2,0.701
SMPD1,SMPD2,0.994
SMPD1,SMPD3,0.989
SMPD1,GBA,0.98
SMPD1,SGMS1,0.975
SMPD1,SGMS2,0.972
SMPD1,GALC,0.971
SMPD1,UGCG,0.969
SMPD1,SMPD4,0.969
SMPD1,ASAH1,0.969
SMPD1,CERS6,0.968
SMPD1,CERS2,0.968
SMPD1,CERK,0.968
SMPD1,ENPP7,0.965
SMPD1,CERS5,0.964
SMPD1,CERS4,0.962
SMPD1,CERS3,0.959
SMPD1,DEGS1,0.953
SMPD1,SGPP1,0.945
SMPD1,GBA2,0.941
SMPD1,DEGS2,0.941
SMPD1,UGT8,0.937
SMPD1,SGPP2,0.934
SMPD1,PLPP2,0.922
SMPD1,PLPP3,0.92
SMPD1,KLRB1,0.898
HNRNPA1,HNRNPC,0.999
HNRNPA1,TNPO1,0.998
HNRNPA1,HNRNPH1,0.998
HNRNPA1,HNRNPA2B1,0.998
HNRNPA1,PTBP1,0.998
HNRNPA1,TARDBP,0.997
HNRNPA1,HNRNPK,0.995
HNRNPA1,HNRNPL,0.993
HNRNPA1,SRSF1,0.993
HNRNPA1,HNRNPM,0.993
HNRNPA1,HNRNPU,0.992
HNRNPA1,HNRNPR,0.989
HNRNPA1,HNRNPF,0.983
HNRNPA1,RBMX,0.982
HNRNPA1,HNRNPH3,0.98
HNRNPA1,MATR3-2,0.98
HNRNPA1,KHDRBS1,0.975
HNRNPA1,FUS,0.975
HNRNPA1,SFPQ,0.97
HNRNPA1,SRSF3,0.97
HNRNPA1,PCBP1,0.966
HNRNPA1,ELAVL1,0.965
HNRNPA1,DHX9,0.964
HNRNPA1,KHSRP,0.964
HNRNPA1,SRSF7,0.964
TNFSF13,TNFRSF13B,0.999
TNFSF13,TNFRSF17,0.997
TNFSF13,TNFRSF13C,0.951
TNFSF13,TNFSF12,0.938
TNFSF13,TNFSF13B,0.85
TNFSF13,TNFRSF1A,0.827
TNFSF13,SET,0.8
TNFSF13,ANP32A,0.8
TNFSF13,NUP214,0.8
TNFSF13,XPO1,0.8
KCNQ5,KCNQ3,0.998
KCNQ5,KCNQ2,0.996
KCNQ5,KCNQ4,0.975
KCNQ5,KCNQ1,0.972
KCNQ5,KCNJ12,0.936
KCNQ5,KCNJ14,0.93
KCNQ5,KCNJ2,0.929
KCNQ5,KCNJ4,0.925
KCNQ5,KCNJ18,0.915
KCNQ5,NCALD,0.912
KCNQ5,FAU,0.911
KCNQ5,AP2A2,0.905
KCNQ5,CLTC,0.904
KCNQ5,AP2B1,0.903
KCNQ5,AP2M1,0.903
KCNQ5,AP2S1,0.902
KCNQ5,AP1S1,0.901
KCNQ5,AFTPH,0.9
KCNQ5,AP2A1,0.9
KCNQ5,CLTA,0.9
KCNQ5,KCNE4,0.893
KCNQ5,BAIAP2L2,0.738
KCNQ5,SYNRG,0.727
KCNQ5,SGIP1,0.725
KCNQ5,PICALM,0.72
UBE2H,UBA1,0.978
UBE2H,UBA3,0.867
UBE2H,WDR26,0.86
UBE2H,MARCHF8,0.855
UBE2H,TRIM72,0.823
UBE2H,ARMC8,0.779
UBE2H,MARCHF4,0.772
UBE2H,MARCHF1,0.764
UBE2H,MARCHF9,0.748
UBE2H,UBA7,0.743
UBE2H,RMND5B,0.715
UBE2H,MARCHF2,0.701
KCNQ2,KCNQ3,0.999
KCNQ2,KCNQ5,0.996
KCNQ2,CALM3,0.993
KCNQ2,KCNQ1,0.967
KCNQ2,CALML5,0.965
KCNQ2,CALML3,0.965
KCNQ2,ANK3,0.956
KCNQ2,CALM2,0.956
KCNQ2,CALML4,0.955
KCNQ2,CALML6,0.955
KCNQ2,KCNJ4,0.951
KCNQ2,SCN8A,0.95
KCNQ2,KCNJ12,0.948
KCNQ2,SCN2A,0.942
KCNQ2,KCNQ4,0.941
KCNQ2,SCN1A,0.934
KCNQ2,KCNJ2,0.933
KCNQ2,KCNJ14,0.925
KCNQ2,CHRNA4,0.924
KCNQ2,KCNJ18,0.924
KCNQ2,FAU,0.911
KCNQ2,SPTBN4,0.884
KCNQ2,PCDH19,0.878
KCNQ2,NFASC,0.867
KCNQ2,STXBP1,0.855
COL4A2,COL4A1,0.999
COL4A2,CD44,0.925
COL4A2,COL5A2,0.909
COL4A2,GP6,0.907
COL4A2,ITGA1,0.893
COL4A2,SERPINH1,0.88
COL4A2,COL5A1,0.872
COL4A2,ITGB5,0.857
COL4A2,ITGAV,0.841
COL4A2,COLGALT2,0.832
COL4A2,ITGB4,0.827
COL4A2,COL4A5,0.826
COL4A2,COL10A1,0.823
COL4A2,MSR1,0.823
COL4A2,NID1,0.823
COL4A2,COL4A3,0.82
COL4A2,COL3A1,0.817
COL4A2,LAMC1,0.814
COL4A2,COL6A2,0.813
COL4A2,COL6A1,0.81
COL4A2,ITGA5,0.803
COL4A2,PLOD3,0.802
COL4A2,LAMA4,0.798
COL4A2,ITGB8,0.798
COL4A2,COL21A1,0.798
PRKN,SNCAIP,0.999
PRKN,SNCA,0.999
PRKN,UBE2L3,0.999
PRKN,PARK7,0.999
PRKN,PINK1,0.999
PRKN,UBC,0.999
PRKN,MFN2,0.999
PRKN,UBA52,0.998
PRKN,UBB,0.998
PRKN,MFN1,0.998
PRKN,UBE2L6,0.997
PRKN,RPS27A,0.997
PRKN,ATXN3,0.996
PRKN,GPR37,0.995
PRKN,SEPTIN5,0.991
PRKN,BECN1,0.989
PRKN,SQSTM1,0.987
PRKN,LRRK2,0.986
PRKN,TARDBP,0.984
PRKN,RHOT2,0.984
PRKN,RHOT1,0.982
PRKN,VDAC1,0.979
PRKN,UBE2E2,0.978
PRKN,HSPA4,0.971
PRKN,MAOB,0.97
RRP15,NIFK,0.991
RRP15,RPF1,0.989
RRP15,RPF2,0.985
RRP15,BRIX1,0.984
RRP15,SURF6,0.982
RRP15,EBNA1BP2,0.977
RRP15,MAK16,0.972
RRP15,WDR74,0.968
RRP15,PPAN,0.966
RRP15,GTPBP4,0.964
RRP15,RRP1B,0.962
RRP15,NIP7,0.962
RRP15,MRTO4,0.958
RRP15,RSL24D1,0.957
RRP15,RRS1,0.955
RRP15,RRP1,0.954
RRP15,GSC,0.954
RRP15,BOP1,0.933
RRP15,NOP53,0.93
RRP15,NOC2L,0.929
RRP15,KRR1,0.927
RRP15,RBM28,0.919
RRP15,WDR12,0.907
RRP15,UTP11,0.903
RRP15,PES1,0.897
NDUFS2,MT-ND3,0.999
NDUFS2,MT-ND4,0.999
NDUFS2,NDUFC2,0.999
NDUFS2,NDUFA13,0.999
NDUFS2,NDUFB5,0.999
NDUFS2,NDUFB3,0.999
NDUFS2,NDUFAB1,0.999
NDUFS2,NDUFS1,0.999
NDUFS2,NDUFV2,0.999
NDUFS2,NDUFB8,0.999
NDUFS2,NDUFA6,0.999
NDUFS2,NDUFS6,0.999
NDUFS2,NDUFB11,0.999
NDUFS2,MT-ND5,0.999
NDUFS2,NDUFA9,0.999
NDUFS2,NDUFA5,0.999
NDUFS2,NDUFA12,0.999
NDUFS2,UQCRC1,0.999
NDUFS2,MT-ND1,0.999
NDUFS2,NDUFS3,0.999
NDUFS2,MT-ND4L,0.999
NDUFS2,NDUFV1,0.999
NDUFS2,NDUFA3,0.999
NDUFS2,NDUFB9,0.999
NDUFS2,UQCRFS1,0.999
KCNA3,KCNAB2,0.992
KCNA3,KCNA1,0.966
KCNA3,SHPK,0.952
KCNA3,KCNAB1,0.945
KCNA3,KCNA2,0.934
KCNA3,FAU,0.911
KCNA3,LOC102723407,0.9
KCNA3,KCNA6,0.882
KCNA3,KCNN4,0.858
KCNA3,CAV1,0.829
KCNA3,DLG1,0.814
KCNA3,IGLL5,0.812
KCNA3,KCNH2,0.805
KCNA3,KCNAB3,0.799
KCNA3,KCNA5,0.765
KCNA3,DLG4,0.737
KCNA3,KCNA4,0.722
KCNA3,DLG3,0.713
KCNA3,SCN4A,0.71
KCNA10,FAU,0.911
KCNA10,KCNAB2,0.844
KCNA10,KCNAB1,0.766
KCNA10,KCNA1,0.728
KCNC4,FAU,0.911
KCNC4,KCNE3,0.91
KCNC4,KCNC1,0.91
KCNC4,KCNAB2,0.844
KCNC4,KCNE4,0.839
KCNC4,KCNAB1,0.797
KCNC4,KCNH2,0.764
KCNC4,KCNAB3,0.746
KCNC4,KCNC3,0.74
KCNC4,KCNE1,0.733
KCNG1,FAU,0.911
KCNG1,HNRNPK,0.882
KCNG1,FMR1,0.876
KCNG1,FXR2,0.873
KCNG1,PCBP2,0.84
KCNG1,FXR1,0.83
KCNG1,PCBP1,0.82
KCNG1,KCNAB3,0.785
KCNG1,RPS18,0.711
KCNG1,GGCX,0.707
KCNB1,STX1A,0.98
KCNB1,KCNS3,0.964
KCNB1,KCNG4,0.942
KCNB1,KCNA2,0.923
KCNB1,FAU,0.911
KCNB1,VAPA,0.896
KCNB1,KCNAB1,0.858
KCNB1,KCNAB2,0.822
KCNB1,VAPB,0.804
KCNB1,KCNB2,0.782
KCNB1,SNAP25,0.776
KCNB1,KCNAB3,0.746
KCNB1,KCNS1,0.73
KCNB1,KCNH1,0.729
KCNB1,AMIGO1,0.716
HIVEP3,WWP1,0.982
HIVEP3,RUNX2,0.909
HIVEP3,CDCP2,0.847
HIVEP3,USP24,0.8
HIVEP3,ELAVL4,0.73
NDUFS5,NDUFAB1,0.999
NDUFS5,NDUFS1,0.999
NDUFS5,NDUFV2,0.999
NDUFS5,NDUFAF1,0.999
NDUFS5,NDUFB3,0.999
NDUFS5,NDUFA13,0.999
NDUFS5,NDUFC2,0.999
NDUFS5,NDUFB5,0.999
NDUFS5,MT-ND4,0.999
NDUFS5,MT-ND6,0.999
NDUFS5,NDUFA12,0.999
NDUFS5,UQCRC1,0.999
NDUFS5,NDUFA5,0.999
NDUFS5,MT-ND5,0.999
NDUFS5,NDUFA9,0.999
NDUFS5,NDUFB8,0.999
NDUFS5,NDUFA6,0.999
NDUFS5,NDUFS6,0.999
NDUFS5,NDUFB11,0.999
NDUFS5,NDUFA1,0.999
NDUFS5,NDUFB7,0.999
NDUFS5,NDUFA11,0.999
NDUFS5,NDUFA7,0.999
NDUFS5,NDUFS4,0.999
NDUFS5,UQCRFS1,0.999
NDUFA8,MT-ND2,0.999
NDUFA8,MT-ND1,0.999
NDUFA8,NDUFS3,0.999
NDUFA8,NDUFV1,0.999
NDUFA8,NDUFA3,0.999
NDUFA8,NDUFB9,0.999
NDUFA8,NDUFA1,0.999
NDUFA8,NDUFA11,0.999
NDUFA8,NDUFB7,0.999
NDUFA8,NDUFS4,0.999
NDUFA8,NDUFAF3,0.999
NDUFA8,NDUFA7,0.999
NDUFA8,NDUFS7,0.999
NDUFA8,NDUFB1,0.999
NDUFA8,NDUFB4,0.999
NDUFA8,NDUFB6,0.999
NDUFA8,TIMMDC1,0.999
NDUFA8,NDUFS8,0.999
NDUFA8,NDUFA10,0.999
NDUFA8,UQCR10,0.999
NDUFA8,NDUFS2,0.999
NDUFA8,NDUFS5,0.999
NDUFA8,NDUFA2,0.999
NDUFA8,NDUFB10,0.999
NDUFA8,NDUFV3,0.999
CD52,CD48,0.903
CD52,SIGLEC10,0.882
CD52,CD2,0.871
CD52,CD3E,0.846
CD52,CD53,0.752
CD52,CD19,0.733
CD52,PTPRC,0.72
CD52,CD3D,0.716
F10,F2,0.999
F10,TFPI,0.999
F10,F3,0.999
F10,SERPINC1,0.998
F10,F8,0.997
F10,F5,0.995
F10,F7,0.988
F10,VWF,0.978
F10,PROCR,0.958
F10,F9,0.953
F10,EPRS1,0.94
F10,ASPH,0.916
F10,THBD,0.84
F10,NR1I2,0.83
F10,SERPIND1,0.823
F10,SERPINA10,0.816
F10,FURIN,0.815
F10,GGCX,0.808
F10,RHAG,0.792
F10,HRG,0.775
F10,UMPS,0.761
F10,F11,0.756
F10,C3,0.755
F10,FGA,0.752
F10,F12,0.741
S1PR3,GNAQ,0.999
S1PR3,GNA12,0.993
S1PR3,GNAI1,0.99
S1PR3,GNA13,0.989
S1PR3,SPHK1,0.965
S1PR3,SPHK2,0.942
S1PR3,GNAI2,0.92
S1PR3,GNAI3,0.912
S1PR3,GNB1,0.909
S1PR3,GNG2,0.828
S1PR3,HBEGF,0.792
S1PR3,F2R,0.781
S1PR3,F2RL1,0.732
S1PR3,GNA15,0.73
GABBR1,GABBR2,0.999
GABBR1,GNAI1,0.98
GABBR1,KCNJ6,0.96
GABBR1,KCNJ3,0.953
GABBR1,GNB1,0.952
GABBR1,GNG2,0.95
GABBR1,KCNJ9,0.94
GABBR1,GPR156,0.934
GABBR1,KCNJ11,0.912
GABBR1,KCNJ5,0.91
GABBR1,GNAI3,0.909
GABBR1,GRM1,0.905
GABBR1,CASR,0.904
GABBR1,GNAI2,0.904
GABBR1,GABRG2,0.879
GABBR1,GABRA1,0.873
GABBR1,GABRB1,0.871
GABBR1,GABRD,0.866
GABBR1,GABRA5,0.848
GABBR1,GNB5,0.797
GABBR1,SST,0.787
GABBR1,NPY,0.785
GABBR1,GABRA2,0.772
GABBR1,ATF5,0.771
GABBR1,CALCRL,0.761
RREB1,KDM1A,0.88
RREB1,CTBP1,0.853
RREB1,HDAC1,0.727
RREB1,RCOR1,0.725
IL6ST,IL6R,0.999
IL6ST,IL6,0.999
IL6ST,LIF,0.999
IL6ST,IL27RA,0.999
IL6ST,JAK1,0.998
IL6ST,OSM,0.998
IL6ST,IL11,0.997
IL6ST,LIFR,0.997
IL6ST,CNTF,0.996
IL6ST,IL27,0.996
IL6ST,JAK2,0.993
IL6ST,STAT3,0.992
IL6ST,SOCS3,0.992
IL6ST,CNTFR,0.986
IL6ST,PTPN11,0.981
IL6ST,CTF1,0.98
IL6ST,OSMR,0.975
IL6ST,EBI3,0.963
IL6ST,CLCF1,0.959
IL6ST,GRB2,0.956
IL6ST,TYK2,0.952
IL6ST,PIK3CA,0.948
IL6ST,PIK3R1,0.944
IL6ST,STAT1,0.927
IL6ST,JAK3,0.923
KCNV2,PDE6H,0.978
KCNV2,FAU,0.911
KCNV2,MPDZ,0.784
KCNV2,LNX1,0.777
KCNQ3,KCNQ2,0.999
KCNQ3,KCNQ5,0.998
KCNQ3,CALM3,0.984
KCNQ3,KCNQ4,0.956
KCNQ3,CALM2,0.943
KCNQ3,KCNJ4,0.943
KCNQ3,ANK3,0.942
KCNQ3,KCNQ1,0.934
KCNQ3,KCNJ12,0.934
KCNQ3,KCNJ2,0.933
KCNQ3,KCNJ18,0.923
KCNQ3,KCNJ14,0.919
KCNQ3,FAU,0.911
KCNQ3,KCNE1,0.867
KCNQ3,SCN2A,0.859
KCNQ3,SCN1A,0.845
KCNQ3,SCN8A,0.823
KCNQ3,CALML3,0.821
KCNQ3,CALML5,0.821
KCNQ3,CALML6,0.768
KCNQ3,CALML4,0.768
KCNQ3,SPTBN4,0.759
KCNQ3,SCN1B,0.757
KCNQ3,CHRNA4,0.752
KCNQ3,KCNAB1,0.747
KEAP1,CUL3,0.999
KEAP1,RBX1,0.999
KEAP1,SQSTM1,0.999
KEAP1,NFE2L2,0.999
KEAP1,NEIL2,0.999
KEAP1,PGAM5,0.998
KEAP1,IKBKB,0.997
KEAP1,PALB2,0.996
KEAP1,PTMA,0.993
KEAP1,DPP3,0.992
KEAP1,AMER1,0.978
KEAP1,KLHL3,0.964
KEAP1,RELA,0.956
KEAP1,FBXL17,0.955
KEAP1,NQO1,0.953
KEAP1,HSP90AA1,0.949
KEAP1,NFE2L1,0.937
KEAP1,ENC1,0.936
KEAP1,HMOX1,0.934
KEAP1,KLHL12,0.934
KEAP1,HSP90AB1,0.933
KEAP1,GCLM,0.932
KEAP1,MAP1LC3B,0.93
KEAP1,SPOP,0.924
KEAP1,KLHL9,0.922
PSAP,GBA,0.991
PSAP,GPR37,0.99
PSAP,GPR37L1,0.958
PSAP,GALC,0.938
PSAP,ASAH1,0.928
PSAP,ARSA,0.913
PSAP,PSAPL1,0.904
PSAP,GRN,0.856
PSAP,JUN,0.838
PSAP,LAMP1,0.808
PSAP,SORT1,0.806
PSAP,CNPY1,0.8
PSAP,CTSD,0.799
PSAP,CHIT1,0.792
PSAP,FOS,0.778
PSAP,GLA,0.776
PSAP,GNLY,0.774
PSAP,SMPD1,0.771
PSAP,CHID1,0.754
PSAP,CNPY2,0.752
PSAP,CD1D,0.739
PSAP,CTSS,0.721
PSAP,CTSL,0.72
PSAP,MYLIP,0.705
CDK1,CCNA2,0.999
CDK1,CCNA1,0.999
CDK1,CCNL2,0.999
CDK1,BUB1B,0.999
CDK1,CDC25C,0.999
CDK1,CKS1B,0.999
CDK1,CCNB1,0.999
CDK1,CDC20,0.999
CDK1,CCNB2,0.999
CDK1,CKS2,0.999
CDK1,CDC25B,0.998
CDK1,CCND1,0.998
CDK1,WEE1,0.998
CDK1,CDKN1A,0.998
CDK1,BUB1,0.998
CDK1,ANAPC4,0.998
CDK1,AURKB,0.997
CDK1,GADD45A,0.997
CDK1,TOP2A,0.997
CDK1,BIRC5,0.997
CDK1,RB1,0.995
CDK1,PKMYT1,0.995
CDK1,ESPL1,0.995
CDK1,CDK2,0.994
CDK1,CDC25A,0.993
ITGB1,VCAM1,0.999
ITGB1,ITGA2,0.999
ITGB1,ITGAV,0.999
ITGB1,ITGA4,0.999
ITGB1,ITGA3,0.999
ITGB1,ITGA6,0.999
ITGB1,ITGA5,0.999
ITGB1,TLN1,0.999
ITGB1,FN1,0.999
ITGB1,ILK,0.999
ITGB1,ITGA1,0.999
ITGB1,ITGB1BP1,0.998
ITGB1,ITGA8,0.998
ITGB1,TLN2,0.998
ITGB1,CD63,0.997
ITGB1,ITGA9,0.997
ITGB1,PTK2,0.997
ITGB1,SPP1,0.996
ITGB1,ITGA7,0.995
ITGB1,CD81,0.995
ITGB1,SEMA7A,0.995
ITGB1,FLNA,0.993
ITGB1,CD9,0.989
ITGB1,THBS1,0.989
ITGB1,COL1A2,0.988
ITGA4,ITGB7,0.999
ITGA4,VCAM1,0.999
ITGA4,ITGB1,0.999
ITGA4,MADCAM1,0.999
ITGA4,FN1,0.999
ITGA4,PXN,0.996
ITGA4,ITGB2,0.994
ITGA4,ITGB3,0.989
ITGA4,ICAM1,0.986
ITGA4,TSPAN8,0.985
ITGA4,SPP1,0.973
ITGA4,ITGA5,0.97
ITGA4,JAM2,0.968
ITGA4,ITGB5,0.967
ITGA4,ITGAL,0.963
ITGA4,ITGB6,0.963
ITGA4,ITGB8,0.963
ITGA4,ITGAV,0.96
ITGA4,SRC,0.954
ITGA4,ITGA2,0.951
ITGA4,ITGA1,0.948
ITGA4,ITGA3,0.948
ITGA4,PTK2,0.945
ITGA4,CD44,0.933
ITGA4,RASSF5,0.918
LAT2,GRB2,0.966
LAT2,LAT,0.918
LAT2,SYK,0.904
LAT2,LCP2,0.877
LAT2,PLCG1,0.864
LAT2,LYN,0.851
LAT2,PLCG2,0.776
LAT2,SOS1,0.776
LAT2,SHC1,0.746
LAT2,GRAP2,0.717
LAT2,LCT,0.716
CDKN1A,CDK6,0.999
CDKN1A,CDK4,0.999
CDKN1A,CCND3,0.999
CDKN1A,TP53,0.999
CDKN1A,CCNE1,0.999
CDKN1A,PCNA,0.999
CDKN1A,CCND1,0.999
CDKN1A,CCNA1,0.999
CDKN1A,CCNE2,0.999
CDKN1A,CDK2,0.999
CDKN1A,CCND2,0.999
CDKN1A,CCNA2,0.999
CDKN1A,CDK1,0.998
CDKN1A,CASP3,0.996
CDKN1A,SKP2,0.996
CDKN1A,CCNL2,0.996
CDKN1A,FOXO3,0.995
CDKN1A,AKT1,0.995
CDKN1A,CIZ1,0.99
CDKN1A,BCCIP,0.99
CDKN1A,STAT3,0.984
CDKN1A,CDKN1B,0.982
CDKN1A,MYC,0.981
CDKN1A,SKP1,0.98
CDKN1A,MDM2,0.98
KCNS3,KCNB1,0.964
KCNS3,FAU,0.911
KCNS3,KCNAB1,0.811
KCNS3,KCNAB3,0.754
KCNS3,KCNAB2,0.739
KCNS3,KCNA2,0.708
NDUFS1,NDUFS4,0.999
NDUFS1,NDUFA7,0.999
NDUFS1,NDUFB7,0.999
NDUFS1,NDUFA11,0.999
NDUFS1,NDUFA1,0.999
NDUFS1,CYC1,0.999
NDUFS1,NDUFV1,0.999
NDUFS1,NDUFS3,0.999
NDUFS1,MT-ND1,0.999
NDUFS1,NDUFB9,0.999
NDUFS1,NDUFA3,0.999
NDUFS1,MT-ND2,0.999
NDUFS1,UQCRFS1,0.999
NDUFS1,NDUFB10,0.999
NDUFS1,NDUFV3,0.999
NDUFS1,NDUFA8,0.999
NDUFS1,NDUFS5,0.999
NDUFS1,NDUFS2,0.999
NDUFS1,NDUFA2,0.999
NDUFS1,NDUFB6,0.999
NDUFS1,NDUFS8,0.999
NDUFS1,NDUFA10,0.999
NDUFS1,NDUFS7,0.999
NDUFS1,NDUFB4,0.999
NDUFS1,NDUFB3,0.999
PLAC8,C12orf57,0.769
PLAC8,POLR3H,0.717
KCNMB2,KCNMA1,0.97
KCNMB2,KCNMB4,0.935
KCNMB2,KCNN1,0.933
KCNMB2,KCNN3,0.931
KCNMB2,KCNMB1,0.929
KCNMB2,KCNN4,0.925
KCNMB2,KCNU1,0.921
KCNMB2,KCNN2,0.919
KCNMB2,KCNMB3,0.911
KCNMB2,PRKG1,0.904
KCNMB2,PRKACA,0.9
KCNMB2,PRKG2,0.9
KCNMB2,PRKACB,0.9
KCNMB2,PRKACG,0.9
KCNMB2,ENSP00000483415,0.801
KCNMB2,CACNA1D,0.733
CDKN1C,CDK2,0.999
CDKN1C,CCNA2,0.998
CDKN1C,CDK6,0.995
CDKN1C,CDK4,0.994
CDKN1C,CCND2,0.994
CDKN1C,CCND1,0.994
CDKN1C,CCND3,0.992
CDKN1C,CCNA1,0.988
CDKN1C,CCNE2,0.978
CDKN1C,SKP2,0.975
CDKN1C,CCNE1,0.973
CDKN1C,CDK1,0.952
CDKN1C,CDKN1B,0.946
CDKN1C,CUL1,0.931
CDKN1C,SKP1,0.931
CDKN1C,PHLDA2,0.928
CDKN1C,KCNQ1,0.918
CDKN1C,RBX1,0.916
CDKN1C,IGF2,0.907
CDKN1C,SLC22A18,0.89
CDKN1C,CDKN2D,0.878
CDKN1C,CDK3,0.876
CDKN1C,CDKN2A,0.86
CDKN1C,CDKN2C,0.858
CDKN1C,CDKN2B,0.835
TENM2,ADGRL3,0.999
TENM2,ADGRL1,0.999
TENM2,ADGRL2,0.998
TENM2,FLRT3,0.877
GABRP,PLCL1,0.901
GABRP,HAP1,0.9
GABRP,TRAK2,0.9
GABRP,NSF,0.9
GABRP,GABBR2,0.719
GABRP,GABRA1,0.71
GABRP,GABRA6,0.707
GABRP,GABRE,0.705
KCNB2,FAU,0.911
KCNB2,KCNAB3,0.908
KCNB2,KCNB1,0.782
KCNB2,KCNAB2,0.771
KCNB2,KCNAB1,0.761
KCNB2,VAPA,0.756
KCNB2,VAPB,0.738
KCNB2,KCNS1,0.709
KCNC3,FAU,0.911
KCNC3,SLC17A7,0.812
KCNC3,KCNC1,0.786
KCNC3,KCNAB2,0.785
KCNC3,KCNAB1,0.772
KCNC3,SCN1B,0.745
KCNC3,KCNAB3,0.743
KCNC3,KCNC4,0.74
KCNC3,SPTBN2,0.738
KCNC3,CACNA1A,0.724
KCNV1,FAU,0.911
KCNV1,KCNAB1,0.891
KCNV1,KCNAB2,0.84
KCNV1,KCNAB3,0.834
KCNS1,FAU,0.911
KCNS1,KCNK15,0.864
KCNS1,KCNB1,0.73
KCNS1,KCNB2,0.709
KCNS1,KCNAB2,0.7
KCNC2,FAU,0.911
KCNC2,KCNAB2,0.771
KCNC2,KCNAB1,0.77
KCNC2,KCNC1,0.763
KCNC2,SCN1B,0.756
KCNC2,KCNAB3,0.736
ASIP,MC1R,0.999
ASIP,POMC,0.905
ASIP,ATRN,0.83
ASIP,AGRP,0.827
ASIP,TYRP1,0.818
ASIP,OCA2,0.811
ASIP,RALY,0.801
ASIP,DEFB103A,0.8
ASIP,TYR,0.793
ASIP,DEFB103B,0.767
ASIP,SLC45A2,0.767
ASIP,MC3R,0.762
ASIP,AHCY,0.756
ASIP,MC4R,0.755
ASIP,SLC24A5,0.748
ASIP,SLC24A4,0.723
NDUFAB1,NDUFC1,0.999
NDUFAB1,NDUFV2,0.999
NDUFAB1,NDUFS1,0.999
NDUFAB1,NDUFB3,0.999
NDUFAB1,NDUFB5,0.999
NDUFAB1,NDUFC2,0.999
NDUFAB1,NDUFA13,0.999
NDUFAB1,MT-ND4,0.999
NDUFAB1,MT-ND3,0.999
NDUFAB1,NDUFA12,0.999
NDUFAB1,NDUFB2,0.999
NDUFAB1,NDUFB8,0.999
NDUFAB1,NDUFB11,0.999
NDUFAB1,NDUFS6,0.999
NDUFAB1,NDUFA6,0.999
NDUFAB1,NDUFA5,0.999
NDUFAB1,MT-ND5,0.999
NDUFAB1,NDUFA9,0.999
NDUFAB1,NDUFA7,0.999
NDUFAB1,NDUFS4,0.999
NDUFAB1,NDUFA1,0.999
NDUFAB1,NDUFB7,0.999
NDUFAB1,NDUFA11,0.999
NDUFAB1,NDUFB9,0.999
NDUFAB1,NDUFA3,0.999
KCNH6,SIGMAR1,0.944
KCNH6,EBP,0.901
KCNH6,KCNH2,0.883
KCNH6,KCNA4,0.742
KCNH6,ERG,0.727
HELZ,SMYD3,0.962
HELZ,CNOT1,0.831
HELZ,NKX2-8,0.827
HELZ,RC3H2,0.788
HELZ,PHF3,0.787
HELZ,RC3H1,0.751
KANK2,KIF21A,0.961
KANK2,ARHGDIA,0.857
KANK2,PPFIBP1,0.782
TNFSF14,TNFRSF6B,0.999
TNFSF14,TNFRSF14,0.999
TNFSF14,LTBR,0.999
TNFSF14,CD160,0.979
TNFSF14,ACKR1,0.884
TNFSF14,BTLA,0.871
TNFSF14,LTA,0.822
TNFSF14,TNFSF13B,0.756
TNFSF14,LTB,0.75
TNFSF14,TNFSF12,0.743
TNFSF14,TNFSF9,0.742
TNFSF14,CD40LG,0.737
TNFSF14,CD40,0.719
TNFSF14,TRAF3,0.713
TNFSF14,TNFRSF1B,0.713
TNFSF14,TNFSF11,0.706
TNFSF14,CD70,0.705
TNFSF14,CD27,0.7
KCNA2,KCNAB2,0.999
KCNA2,KCNA1,0.995
KCNA2,KCNA6,0.986
KCNA2,CNTNAP2,0.983
KCNA2,KCNA4,0.983
KCNA2,CTTN,0.982
KCNA2,KCNA5,0.982
KCNA2,KCNAB1,0.98
KCNA2,KCNA3,0.934
KCNA2,KCNB1,0.923
KCNA2,FAU,0.911
KCNA2,HCLS1,0.903
KCNA2,CNTNAP1,0.9
KCNA2,CNTN2,0.897
KCNA2,KCNAB3,0.897
KCNA2,DLG4,0.853
KCNA2,GJC3,0.827
KCNA2,KCNH2,0.816
KCNA2,LGI1,0.772
KCNA2,SCN8A,0.769
KCNA2,SCN2A,0.764
KCNA2,KCNN4,0.747
KCNA2,RPS5,0.727
KCNA2,SCN1A,0.721
KCNA2,KCNMA1,0.716
LPP,LASP1,0.95
LPP,HMGA2,0.813
LPP,PPP2R3A,0.813
LPP,VASP,0.706
DSE,SART1,0.884
DSE,MAGEC1,0.828
DSE,SLC39A7,0.761
DSE,CHST14,0.731
ARHGEF7,GIT1,0.999
ARHGEF7,PAK2,0.999
ARHGEF7,CDC42,0.999
ARHGEF7,PAK3,0.998
ARHGEF7,GIT2,0.998
ARHGEF7,SCRIB,0.997
ARHGEF7,PAK1,0.995
ARHGEF7,SRC,0.991
ARHGEF7,ARHGEF6,0.99
ARHGEF7,CBL,0.989
ARHGEF7,PXN,0.972
ARHGEF7,PAK4,0.964
ARHGEF7,PIK3CB,0.963
ARHGEF7,PAK6,0.962
ARHGEF7,ARHGEF12,0.961
ARHGEF7,RAC1,0.957
ARHGEF7,SHANK1,0.957
ARHGEF7,PIK3CD,0.955
ARHGEF7,RELA,0.953
ARHGEF7,RAC2,0.947
ARHGEF7,PAK5,0.939
ARHGEF7,ARHGEF1,0.932
ARHGEF7,RAC3,0.927
ARHGEF7,PIK3CA,0.916
ARHGEF7,NCK2,0.86
S1PR2,GNA13,0.999
S1PR2,GNAQ,0.998
S1PR2,GNA12,0.992
S1PR2,SPHK1,0.956
S1PR2,GNAI2,0.917
S1PR2,GNAI1,0.911
S1PR2,GNB1,0.91
S1PR2,GNAI3,0.909
S1PR2,SPHK2,0.89
S1PR2,APOM,0.852
S1PR2,GNG2,0.816
S1PR2,SPNS2,0.795
S1PR2,GPBAR1,0.756
S1PR2,SGPL1,0.738
S1PR2,RTN4,0.721
S1PR2,RHOA,0.707
AKAP11,PRKACB,0.948
AKAP11,PRKACA,0.939
AKAP11,IQGAP2,0.89
AKAP11,AKAP1,0.857
AKAP11,GSK3B,0.85
AKAP11,PRKAR1A,0.817
AKAP11,PRKAR2B,0.809
AKAP11,PRKACG,0.775
AKAP11,PRKAR2A,0.738
AKAP11,IRX3,0.731
AKAP11,IRX4,0.729
NDUFB4,MT-ND4,0.999
NDUFB4,NDUFB5,0.999
NDUFB4,NDUFA13,0.999
NDUFB4,NDUFC2,0.999
NDUFB4,NDUFB3,0.999
NDUFB4,NDUFAB1,0.999
NDUFB4,NDUFS1,0.999
NDUFB4,NDUFV2,0.999
NDUFB4,NDUFC1,0.999
NDUFB4,MT-ND5,0.999
NDUFB4,NDUFA9,0.999
NDUFB4,NDUFA5,0.999
NDUFB4,NDUFB8,0.999
NDUFB4,NDUFB11,0.999
NDUFB4,NDUFA6,0.999
NDUFB4,NDUFS6,0.999
NDUFB4,NDUFB2,0.999
NDUFB4,NDUFA12,0.999
NDUFB4,NDUFS3,0.999
NDUFB4,NDUFV1,0.999
NDUFB4,NDUFA3,0.999
NDUFB4,NDUFB9,0.999
NDUFB4,NDUFA1,0.999
NDUFB4,NDUFA11,0.999
NDUFB4,NDUFB7,0.999
UQCRC1,UQCR10,0.999
UQCRC1,NDUFS5,0.999
UQCRC1,NDUFS2,0.999
UQCRC1,UQCR11,0.999
UQCRC1,UQCRH,0.999
UQCRC1,UQCRFS1,0.999
UQCRC1,NDUFV1,0.999
UQCRC1,COX5B,0.999
UQCRC1,UQCRC2,0.999
UQCRC1,CYC1,0.999
UQCRC1,UQCRB,0.999
UQCRC1,NDUFA12,0.999
UQCRC1,UQCRQ,0.999
UQCRC1,MT-CYB,0.999
UQCRC1,COX5A,0.999
UQCRC1,COX7A1,0.998
UQCRC1,NDUFS8,0.998
UQCRC1,COX4I1,0.998
UQCRC1,NDUFA9,0.998
UQCRC1,NDUFS1,0.998
UQCRC1,NDUFS7,0.997
UQCRC1,NDUFA10,0.996
UQCRC1,NDUFB9,0.996
UQCRC1,NDUFV2,0.996
UQCRC1,NDUFS3,0.995
SNRPD3,PRPF3,0.999
SNRPD3,SNRPG,0.999
SNRPD3,LSM6,0.999
SNRPD3,LSM7,0.999
SNRPD3,LSM5,0.999
SNRPD3,SF3A2,0.999
SNRPD3,PRPF8,0.999
SNRPD3,LSM4,0.999
SNRPD3,CRNKL1,0.999
SNRPD3,SNRPA1,0.999
SNRPD3,LSM8,0.999
SNRPD3,CDC40,0.999
SNRPD3,EFTUD2,0.999
SNRPD3,LSM2,0.999
SNRPD3,PRPF19,0.999
SNRPD3,SNRPD1,0.999
SNRPD3,SNRPD2,0.999
SNRPD3,SNRPN,0.999
SNRPD3,SNRNP200,0.999
SNRPD3,SNRPA,0.999
SNRPD3,SNRPF,0.999
SNRPD3,LSM3,0.999
SNRPD3,LSM10,0.999
SNRPD3,BUD31,0.999
SNRPD3,SNRPC,0.999
CYP24A1,CYP2R1,0.955
CYP24A1,CYP27B1,0.947
CYP24A1,GC,0.898
CYP24A1,CA1,0.883
CYP24A1,CA8,0.876
CYP24A1,CA5B,0.875
CYP24A1,CA13,0.854
CYP24A1,CA14,0.85
CYP24A1,PTH,0.849
CYP24A1,CA5A,0.849
CYP24A1,DHCR7,0.826
CYP24A1,CA7,0.825
CYP24A1,CA6,0.812
CYP24A1,CA12,0.806
CYP24A1,CA2,0.799
CYP24A1,FGF23,0.796
CYP24A1,CA3,0.786
CYP24A1,CA9,0.784
CYP24A1,CA4,0.77
CYP24A1,SLC34A3,0.767
CYP24A1,FDX1,0.767
CYP24A1,SLC34A1,0.74
CYP24A1,NADSYN1,0.723
AURKA,TPX2,0.999
AURKA,TACC3,0.998
AURKA,MYCN,0.998
AURKA,TP53,0.998
AURKA,PLK1,0.997
AURKA,CDC20,0.995
AURKA,INCENP,0.994
AURKA,BIRC5,0.993
AURKA,NEDD9,0.99
AURKA,CCNB2,0.988
AURKA,UBE2C,0.986
AURKA,CCNB1,0.979
AURKA,BORA,0.976
AURKA,KIF2C,0.975
AURKA,CKAP5,0.974
AURKA,KIF11,0.972
AURKA,BUB1,0.971
AURKA,HMMR,0.97
AURKA,PTTG1,0.967
AURKA,DLGAP5,0.966
AURKA,TOP2A,0.963
AURKA,GADD45A,0.961
AURKA,CENPA,0.959
AURKA,CPEB1,0.955
AURKA,CDCA8,0.952
PAF1,CDC73,0.999
PAF1,SUPT5H,0.999
PAF1,CTR9,0.999
PAF1,RTF1,0.999
PAF1,LEO1,0.999
PAF1,WDR61,0.998
PAF1,POLR2A,0.996
PAF1,SUPT16H,0.994
PAF1,SUPT4H1,0.994
PAF1,SSRP1,0.985
PAF1,ERCC6,0.981
PAF1,SUPT6H,0.978
PAF1,RNF20,0.976
PAF1,POLR2C,0.974
PAF1,CDK9,0.971
PAF1,POLR2B,0.96
PAF1,H2BC11,0.957
PAF1,POLR2L,0.953
PAF1,MLLT1,0.953
PAF1,CCNT1,0.944
PAF1,POLR2G,0.942
PAF1,POLR2F,0.939
PAF1,TCEA2,0.939
PAF1,TCEA1,0.938
PAF1,RNF40,0.932
SNX3,VPS26A,0.999
SNX3,VPS35,0.999
SNX3,VPS29,0.99
SNX3,SNX6,0.981
SNX3,VPS26B,0.955
SNX3,SNX5,0.953
SNX3,SNX12,0.942
SNX3,SNX27,0.913
SNX3,WLS,0.911
SNX3,TBC1D5,0.895
SNX3,RAB7A,0.874
SNX3,SNX1,0.856
SNX3,SNX2,0.854
SNX3,USP10,0.839
SNX3,SERPINE2,0.833
SNX3,SNX8,0.805
SNX3,SNX17,0.773
SNX3,SNX4,0.722
SNX3,IFT122,0.7
CDC25B,CDK1,0.998
CDC25B,YWHAB,0.997
CDC25B,YWHAE,0.995
CDC25B,CDK2,0.994
CDC25B,YWHAZ,0.993
CDC25B,YWHAQ,0.99
CDC25B,YWHAH,0.989
CDC25B,YWHAG,0.987
CDC25B,CHEK1,0.984
CDC25B,CCNA2,0.982
CDC25B,PLK1,0.976
CDC25B,CCNA1,0.974
CDC25B,CCNB1,0.951
CDC25B,MAPK14,0.951
CDC25B,CDC25A,0.938
CDC25B,MAPK12,0.931
CDC25B,MAPK13,0.927
CDC25B,MAPK11,0.927
CDC25B,CDC25C,0.922
CDC25B,FOXM1,0.918
CDC25B,BTRC,0.914
CDC25B,CDK5,0.913
CDC25B,WEE1,0.9
CDC25B,FBXW11,0.853
CDC25B,CCNB2,0.847
PTPN12,PXN,0.999
PTPN12,PSTPIP1,0.998
PTPN12,SHC1,0.968
PTPN12,EGFR,0.963
PTPN12,BCAR1,0.962
PTPN12,GRB2,0.94
PTPN12,PTS,0.937
PTPN12,ERBB2,0.935
PTPN12,PTK2,0.922
PTPN12,PSTPIP2,0.891
PTPN12,PTK2B,0.884
PTPN12,LPXN,0.86
PTPN12,SRC,0.834
PTPN12,CSK,0.808
PTPN12,EGF,0.808
PTPN12,PDGFRB,0.798
PTPN12,WAS,0.772
PTPN12,TGFB1I1,0.751
PTPN12,PTPN6,0.742
PTPN12,PTPN11,0.727
COPB1,COPZ1,0.999
COPB1,COPG1,0.999
COPB1,COPA,0.999
COPB1,COPE,0.999
COPB1,COPB2,0.999
COPB1,ARCN1,0.999
COPB1,COPG2,0.998
COPB1,ARF1,0.992
COPB1,COPZ2,0.977
COPB1,ARFGAP3,0.961
COPB1,KDELR1,0.961
COPB1,ARFGAP2,0.961
COPB1,COG3,0.927
COPB1,GOLPH3,0.922
COPB1,KDELR2,0.921
COPB1,LMAN1,0.92
COPB1,TMED10,0.909
COPB1,SCYL1,0.899
COPB1,RAB1B,0.876
COPB1,USO1,0.869
COPB1,TMED7,0.863
COPB1,GOSR2,0.853
COPB1,ARF3,0.848
COPB1,ARF5,0.846
COPB1,STX5,0.843
PPAN,P2RY11,0.982
PPAN,RRP15,0.966
PPAN,PES1,0.955
PPAN,BOP1,0.941
PPAN,WDR74,0.941
PPAN,EBNA1BP2,0.937
PPAN,RRS1,0.931
PPAN,RRP1B,0.928
PPAN,MRTO4,0.919
PPAN,NOC2L,0.918
PPAN,RPF1,0.917
PPAN,SURF6,0.909
PPAN,MAK16,0.906
PPAN,RPF2,0.9
PPAN,GNL2,0.898
PPAN,RRP1,0.895
PPAN,RSL1D1,0.888
PPAN,RSL24D1,0.884
PPAN,DDX27,0.875
PPAN,NIP7,0.866
PPAN,CEBPZ,0.866
PPAN,BRIX1,0.863
PPAN,GTPBP4,0.849
PPAN,PUM3,0.848
PPAN,DDX56,0.848
AP3B1,AP3S1,0.999
AP3B1,AP3M1,0.999
AP3B1,AP3D1,0.999
AP3B1,AP3M2,0.996
AP3B1,AP3S2,0.981
AP3B1,HPS4,0.935
AP3B1,HPS3,0.929
AP3B1,BLOC1S3,0.914
AP3B1,AP3B2,0.904
AP3B1,DTNBP1,0.878
AP3B1,AP4E1,0.876
AP3B1,AP1G1,0.875
AP3B1,BLOC1S6,0.857
AP3B1,AP2A1,0.857
AP3B1,HPS6,0.842
AP3B1,HPS5,0.827
AP3B1,LYST,0.805
AP3B1,AP4S1,0.803
AP3B1,AP4M1,0.788
AP3B1,AP1G2,0.772
AP3B1,CLTC,0.756
AP3B1,BHLHE22,0.729
AP3B1,STXBP2,0.727
AP3B1,STX11,0.726
AP3B1,UNC13D,0.72
PDGFRA,PDGFC,0.999
PDGFRA,PDGFA,0.999
PDGFRA,PDGFB,0.999
PDGFRA,PDGFD,0.999
PDGFRA,PTPN11,0.995
PDGFRA,PIK3R1,0.995
PDGFRA,PIK3CA,0.99
PDGFRA,PDGFRB,0.989
PDGFRA,PLCG1,0.988
PDGFRA,EGF,0.987
PDGFRA,EGFR,0.986
PDGFRA,FGF2,0.982
PDGFRA,KITLG,0.981
PDGFRA,FIP1L1,0.981
PDGFRA,KRAS,0.978
PDGFRA,GRB2,0.974
PDGFRA,CRK,0.97
PDGFRA,NRAS,0.967
PDGFRA,STAT3,0.961
PDGFRA,HRAS,0.96
PDGFRA,PIK3CB,0.957
PDGFRA,SRC,0.954
PDGFRA,INS,0.949
PDGFRA,SHC1,0.938
PDGFRA,PIK3R2,0.938
RSL24D1,MRTO4,0.999
RSL24D1,NSA2,0.999
RSL24D1,GNL2,0.999
RSL24D1,RPF2,0.999
RSL24D1,GTPBP4,0.999
RSL24D1,ZNF593,0.998
RSL24D1,NMD3,0.998
RSL24D1,WDR12,0.998
RSL24D1,RPL5,0.997
RSL24D1,MAK16,0.997
RSL24D1,NIFK,0.997
RSL24D1,NIP7,0.997
RSL24D1,RPL35,0.996
RSL24D1,RPL11,0.996
RSL24D1,RPL31,0.996
RSL24D1,EIF6,0.995
RSL24D1,PES1,0.995
RSL24D1,BRIX1,0.995
RSL24D1,FTSJ3,0.995
RSL24D1,RPL34,0.994
RSL24D1,RPL23,0.994
RSL24D1,RPL15,0.994
RSL24D1,RPL8,0.994
RSL24D1,RPL4,0.994
RSL24D1,RPL21,0.994
SCARB1,APOA1,0.999
SCARB1,APOB,0.997
SCARB1,TLR4,0.996
SCARB1,TLR2,0.996
SCARB1,CD81,0.995
SCARB1,CD47,0.994
SCARB1,THBS1,0.994
SCARB1,TLR6,0.993
SCARB1,LYN,0.975
SCARB1,APOE,0.968
SCARB1,CAV1,0.952
SCARB1,THBS2,0.951
SCARB1,PDZK1,0.943
SCARB1,FYN,0.941
SCARB1,TLR1,0.941
SCARB1,NPC1L1,0.937
SCARB1,ABCA1,0.934
SCARB1,CLDN1,0.934
SCARB1,FCGR3A,0.918
SCARB1,FCGR3B,0.917
SCARB1,ALB,0.899
SCARB1,PPARA,0.896
SCARB1,CLDN7,0.893
SCARB1,CD19,0.881
SCARB1,FABP1,0.877
CSNK1A1,AXIN1,0.999
CSNK1A1,APC,0.999
CSNK1A1,GSK3B,0.999
CSNK1A1,CTNNB1,0.999
CSNK1A1,CRBN,0.997
CSNK1A1,AXIN2,0.997
CSNK1A1,GSK3A,0.991
CSNK1A1,MDM4,0.971
CSNK1A1,MDM2,0.961
CSNK1A1,AMER1,0.96
CSNK1A1,DVL1,0.934
CSNK1A1,RPS27A,0.927
CSNK1A1,TP53,0.926
CSNK1A1,BTRC,0.926
CSNK1A1,BYSL,0.901
CSNK1A1,RRP12,0.9
CSNK1A1,FAM83H,0.898
CSNK1A1,LRP6,0.896
CSNK1A1,BCL10,0.89
CSNK1A1,SMO,0.884
CSNK1A1,FAM83G,0.881
CSNK1A1,FAM83D,0.879
CSNK1A1,GLI3,0.879
CSNK1A1,LRP5,0.878
CSNK1A1,RPS14,0.877
PIKFYVE,FIG4,0.999
PIKFYVE,VAC14,0.999
PIKFYVE,PIK3C3,0.98
PIKFYVE,PI4KB,0.961
PIKFYVE,MTMR2,0.959
PIKFYVE,PI4KA,0.956
PIKFYVE,MTM1,0.954
PIKFYVE,PIP4K2B,0.951
PIKFYVE,CDIPT,0.943
PIKFYVE,PI4K2A,0.943
PIKFYVE,MTMR6,0.943
PIKFYVE,PIP4K2A,0.943
PIKFYVE,INPP4A,0.943
PIKFYVE,PIK3C2A,0.942
PIKFYVE,PTEN,0.94
PIKFYVE,MTMR1,0.939
PIKFYVE,PI4K2B,0.939
PIKFYVE,PLCD1,0.936
PIKFYVE,PIP4K2C,0.929
PIKFYVE,PIK3C2B,0.929
PIKFYVE,MTMR14,0.927
PIKFYVE,MTMR7,0.926
PIKFYVE,PIK3C2G,0.926
PIKFYVE,MTMR3,0.925
PIKFYVE,INPP4B,0.925
STAT3,JAK1,0.999
STAT3,JAK2,0.999
STAT3,STAT1,0.999
STAT3,PIAS3,0.999
STAT3,SRC,0.999
STAT3,EP300,0.999
STAT3,EGFR,0.998
STAT3,STAT5B,0.998
STAT3,JAK3,0.998
STAT3,TYK2,0.997
STAT3,STAT5A,0.997
STAT3,MAPK1,0.996
STAT3,FOS,0.995
STAT3,NANOG,0.995
STAT3,JUN,0.995
STAT3,SOCS3,0.994
STAT3,HIF1A,0.994
STAT3,TP53,0.994
STAT3,IL6R,0.993
STAT3,CD274,0.992
STAT3,IL6ST,0.992
STAT3,RELA,0.992
STAT3,PTPN2,0.99
STAT3,FN1,0.988
STAT3,IRF9,0.987
TP53,SFN,0.999
TP53,EP300,0.999
TP53,HIF1A,0.999
TP53,HDAC1,0.999
TP53,HSP90AA1,0.999
TP53,ATM,0.999
TP53,MDM4,0.999
TP53,CHEK2,0.999
TP53,BCL2,0.999
TP53,BCL2L1,0.999
TP53,PPP1R13L,0.999
TP53,DAXX,0.999
TP53,SIRT1,0.999
TP53,BRCA1,0.999
TP53,CDKN1A,0.999
TP53,TP53BP2,0.999
TP53,UBE3A,0.999
TP53,USP7,0.999
TP53,CREBBP,0.999
TP53,MDM2,0.999
TP53,RPA1,0.999
TP53,CDKN2A,0.999
TP53,TP53BP1,0.999
TP53,PTEN,0.999
TP53,HIPK2,0.999
ATP6V1A,ATP6V0A1,0.999
ATP6V1A,ATP6V0A4,0.999
ATP6V1A,ATP6V1B1,0.999
ATP6V1A,ATP6V1F,0.999
ATP6V1A,ATP6V1E1,0.999
ATP6V1A,ATP6V1B2,0.999
ATP6V1A,ATP6V1H,0.999
ATP6V1A,ATP6V0B,0.999
ATP6V1A,ATP6V0D1,0.999
ATP6V1A,ATP6V0C,0.999
ATP6V1A,ATP6V1G1,0.999
ATP6V1A,ATP6V1C1,0.999
ATP6V1A,ATP6V1D,0.999
ATP6V1A,ATP6V0D2,0.998
ATP6V1A,ATP6AP2,0.997
ATP6V1A,RNASEK,0.997
ATP6V1A,ATP6V0E1,0.997
ATP6V1A,ATP6V1G2,0.997
ATP6V1A,ATP6AP1,0.996
ATP6V1A,ATP6V1C2,0.996
ATP6V1A,ATP6V1E2,0.994
ATP6V1A,ATP6V0A2,0.986
ATP6V1A,TCIRG1,0.984
ATP6V1A,CNST,0.975
ATP6V1A,ATP6V0E2,0.973
NDUFB9,NDUFB3,0.999
NDUFB9,NDUFV2,0.999
NDUFB9,NDUFAB1,0.999
NDUFB9,NDUFS1,0.999
NDUFB9,MT-ND4,0.999
NDUFB9,MT-ND3,0.999
NDUFB9,NDUFB5,0.999
NDUFB9,NDUFA13,0.999
NDUFB9,NDUFC2,0.999
NDUFB9,NDUFB2,0.999
NDUFB9,NDUFA12,0.999
NDUFB9,MT-ND5,0.999
NDUFB9,NDUFA9,0.999
NDUFB9,NDUFA5,0.999
NDUFB9,NDUFB8,0.999
NDUFB9,NDUFB11,0.999
NDUFB9,NDUFS6,0.999
NDUFB9,NDUFA6,0.999
NDUFB9,NDUFA1,0.999
NDUFB9,NDUFB7,0.999
NDUFB9,NDUFA11,0.999
NDUFB9,NDUFS4,0.999
NDUFB9,NDUFA7,0.999
NDUFB9,MT-ND2,0.999
NDUFB9,UQCRFS1,0.999
HSD17B12,TECR,0.995
HSD17B12,HACD2,0.983
HSD17B12,HACD1,0.981
HSD17B12,HACD3,0.981
HSD17B12,HACD4,0.979
HSD17B12,ELOVL1,0.974
HSD17B12,HSD17B8,0.973
HSD17B12,HSD17B7,0.971
HSD17B12,HSD17B1,0.968
HSD17B12,SCD,0.967
HSD17B12,CYP19A1,0.956
HSD17B12,ELOVL6,0.954
HSD17B12,ELOVL4,0.954
HSD17B12,ELOVL7,0.947
HSD17B12,ELOVL2,0.945
HSD17B12,DHRS11,0.941
HSD17B12,HSD17B2,0.934
HSD17B12,ELOVL3,0.934
HSD17B12,SCD5,0.932
HSD17B12,FADS1,0.931
HSD17B12,CYP1B1,0.928
HSD17B12,CYP3A5,0.927
HSD17B12,CYP3A4,0.925
HSD17B12,CYP1A1,0.921
HSD17B12,SULT1E1,0.921
FADS2,SCD,0.971
FADS2,PLAAT3,0.91
FADS2,ELOVL5,0.84
FADS2,ELOVL2,0.777
FADS2,PLA2G4A,0.729
FADS2,PLA2G10,0.715
FADS2,PLA2G6,0.713
FADS2,FASN,0.712
FADS2,PLA2G2A,0.711
FADS2,ELOVL6,0.703
NDUFC2,NDUFA9,0.999
NDUFC2,NDUFA5,0.999
NDUFC2,NDUFB8,0.999
NDUFC2,NDUFB11,0.999
NDUFC2,NDUFA6,0.999
NDUFC2,NDUFS6,0.999
NDUFC2,NDUFA12,0.999
NDUFC2,MT-ND4,0.999
NDUFC2,NDUFB5,0.999
NDUFC2,NDUFA13,0.999
NDUFC2,NDUFB3,0.999
NDUFC2,NDUFAB1,0.999
NDUFC2,NDUFV2,0.999
NDUFC2,NDUFC1,0.999
NDUFC2,NDUFS7,0.999
NDUFC2,NDUFB1,0.999
NDUFC2,NDUFB4,0.999
NDUFC2,NDUFB6,0.999
NDUFC2,NDUFA10,0.999
NDUFC2,NDUFS8,0.999
NDUFC2,NDUFA8,0.999
NDUFC2,NDUFA2,0.999
NDUFC2,NDUFS5,0.999
NDUFC2,NDUFS2,0.999
NDUFC2,NDUFB10,0.999
SCN3A,SCN1B,0.998
SCN3A,SCN2B,0.997
SCN3A,SCN2A,0.982
SCN3A,SCN9A,0.939
SCN3A,CALHM1,0.929
SCN3A,SCN4B,0.917
SCN3A,SCN4A,0.909
SCN3A,SCN3B,0.828
SCN3A,NAV1,0.814
SCN3A,FGF13,0.808
SCN3A,KCNQ2,0.751
SCN3A,TRPM4,0.733
SCN3A,SCN1A,0.72
SCN3A,CACNA1G,0.706
SCN3A,CACNA1H,0.704
ELMO2,RHOG,0.999
ELMO2,DOCK1,0.999
ELMO2,CRK,0.995
ELMO2,ADGRB1,0.988
ELMO2,WDR35,0.983
ELMO2,ELMO1,0.98
ELMO2,ELMO3,0.978
ELMO2,RAC2,0.969
ELMO2,DOCK4,0.967
ELMO2,CRKL,0.956
ELMO2,GULP1,0.938
ELMO2,BCAR1,0.915
ELMO2,RAC3,0.914
ELMO2,DOCK5,0.864
ELMO2,DOCK3,0.84
ELMO2,IFT122,0.794
ELMO2,RAC1,0.789
ELMO2,ABI1,0.763
ELMO2,ABI2,0.724
ELMO2,NCKAP1,0.714
ELMO2,AXL,0.708
MTMR14,MTM1,0.95
MTMR14,FIG4,0.937
MTMR14,PIKFYVE,0.927
MTMR14,CDIPT,0.915
MTMR14,INPP4A,0.913
MTMR14,INPP5F,0.907
MTMR14,DNM2,0.906
MTMR14,INPP4B,0.905
MTMR14,PIP4P1,0.903
MTMR14,PIP4P2,0.903
MTMR14,PIK3C3,0.779
MTMR14,PIP4K2A,0.744
MTMR14,PI4KB,0.72
MTMR14,PI4K2B,0.714
MTMR14,PIK3C2B,0.701
MTMR14,PIP4K2C,0.7
CAMLG,GET1,0.999
CAMLG,GET3,0.999
CAMLG,TNFRSF13B,0.998
CAMLG,PPIB,0.969
CAMLG,GET4,0.888
CAMLG,UBL4A,0.862
CAMLG,AGTRAP,0.843
CAMLG,SGTA,0.839
CAMLG,PKHD1,0.796
CAMLG,TNFSF13B,0.792
CAMLG,TNFRSF13C,0.783
CAMLG,EGFR,0.767
CAMLG,VAPA,0.736
CAMLG,BST2,0.728
CAMLG,STX5,0.711
MED1,MED27,0.999
MED1,MED17,0.999
MED1,MED18,0.999
MED1,MED16,0.999
MED1,MED26,0.999
MED1,MED28,0.999
MED1,MED29,0.999
MED1,MED20,0.999
MED1,CCNC,0.999
MED1,MED22,0.999
MED1,PPARG,0.999
MED1,MED6,0.999
MED1,MED14,0.999
MED1,MED24,0.999
MED1,MED15,0.999
MED1,MED13,0.999
MED1,CDK19,0.999
MED1,MED23,0.999
MED1,MED12,0.999
MED1,MED30,0.999
MED1,MED19,0.999
MED1,MED25,0.999
MED1,MED4,0.999
MED1,MED8,0.999
MED1,CDK8,0.998
NUP93,NUP98,0.999
NUP93,NUP58,0.999
NUP93,NUP35,0.999
NUP93,NUP107,0.999
NUP93,NUP85,0.999
NUP93,NUP155,0.999
NUP93,SEH1L,0.999
NUP93,NUP62,0.999
NUP93,NUP205,0.999
NUP93,NUP54,0.999
NUP93,NUP188,0.999
NUP93,NUP214,0.999
NUP93,NUP133,0.998
NUP93,RANBP2,0.998
NUP93,NDC1,0.998
NUP93,SEC13,0.997
NUP93,NUP153,0.996
NUP93,NUP88,0.995
NUP93,NUP43,0.994
NUP93,NUP210,0.993
NUP93,NUP160,0.991
NUP93,AHCTF1,0.989
NUP93,NUP37,0.988
NUP93,AAAS,0.983
NUP93,NUP50,0.971
B4GALT2,B3GNT2,0.96
B4GALT2,FUT8,0.959
B4GALT2,ST6GAL2,0.958
B4GALT2,ST6GAL1,0.952
B4GALT2,B3GALT1,0.951
B4GALT2,B3GNT3,0.943
B4GALT2,MGAT5B,0.942
B4GALT2,B3GNT4,0.942
B4GALT2,B3GALT5,0.941
B4GALT2,ST3GAL6,0.937
B4GALT2,FUT9,0.936
B4GALT2,FUT1,0.934
B4GALT2,B3GNT5,0.934
B4GALT2,POMGNT1,0.931
B4GALT2,B3GALT2,0.93
B4GALT2,B3GALNT1,0.928
B4GALT2,FUT6,0.927
B4GALT2,LALBA,0.925
B4GALT2,A4GALT,0.924
B4GALT2,B4GALNT3,0.924
B4GALT2,B3GAT2,0.923
B4GALT2,FUT2,0.921
B4GALT2,GLB1,0.919
B4GALT2,B3GAT1,0.919
B4GALT2,FUT4,0.916
NAGPA,GNPTG,0.985
NAGPA,GNPTAB,0.975
DHX37,UTP14A,0.99
DHX37,UTP3,0.987
DHX37,WDR46,0.985
DHX37,FCF1,0.98
DHX37,NOC4L,0.978
DHX37,EMG1,0.978
DHX37,NOL6,0.975
DHX37,NOP14,0.975
DHX37,UTP20,0.975
DHX37,UTP11,0.974
DHX37,DCAF13,0.971
DHX37,DDX49,0.97
DHX37,RPS6,0.967
DHX37,RPS9,0.965
DHX37,RPS14,0.964
DHX37,RPS7,0.963
DHX37,UTP18,0.963
DHX37,BYSL,0.961
DHX37,RRP9,0.961
DHX37,NOL11,0.96
DHX37,PDCD11,0.96
DHX37,UTP6,0.953
DHX37,UTP4,0.952
DHX37,MPHOSPH10,0.946
DHX37,BMS1,0.946
NDUFS8,NDUFS7,0.999
NDUFS8,NDUFB4,0.999
NDUFS8,NDUFB6,0.999
NDUFS8,NDUFA10,0.999
NDUFS8,NDUFA8,0.999
NDUFS8,NDUFS2,0.999
NDUFS8,NDUFS5,0.999
NDUFS8,NDUFA2,0.999
NDUFS8,NDUFB10,0.999
NDUFS8,NDUFV3,0.999
NDUFS8,UQCRFS1,0.999
NDUFS8,MT-ND2,0.999
NDUFS8,MT-ND1,0.999
NDUFS8,NDUFS3,0.999
NDUFS8,MT-ND4L,0.999
NDUFS8,NDUFV1,0.999
NDUFS8,NDUFA3,0.999
NDUFS8,NDUFB9,0.999
NDUFS8,NDUFA1,0.999
NDUFS8,NDUFB7,0.999
NDUFS8,NDUFA11,0.999
NDUFS8,CYC1,0.999
NDUFS8,NDUFS4,0.999
NDUFS8,NDUFAF3,0.999
NDUFS8,NDUFA7,0.999
SUPT6H,SUPT4H1,0.999
SUPT6H,IWS1,0.999
SUPT6H,POLR2A,0.999
SUPT6H,SUPT5H,0.999
SUPT6H,SUPT16H,0.997
SUPT6H,TCEA1,0.995
SUPT6H,CTR9,0.994
SUPT6H,SSRP1,0.993
SUPT6H,POLR2C,0.991
SUPT6H,RTF1,0.989
SUPT6H,POLR2D,0.988
SUPT6H,POLR2G,0.986
SUPT6H,H3C13,0.985
SUPT6H,CDC73,0.985
SUPT6H,LEO1,0.983
SUPT6H,POLR2B,0.982
SUPT6H,PAF1,0.978
SUPT6H,POLR2E,0.977
SUPT6H,POLR2F,0.961
SUPT6H,GSC,0.954
SUPT6H,POLR2K,0.944
SUPT6H,POLR2L,0.94
SUPT6H,H3C12,0.938
SUPT6H,H3-3B,0.936
SUPT6H,POLR2J,0.934
COPG1,ARCN1,0.999
COPG1,COPB1,0.999
COPG1,COPB2,0.999
COPG1,COPA,0.998
COPG1,COPZ1,0.998
COPG1,COPE,0.996
COPG1,COPZ2,0.991
COPG1,COPG2,0.977
COPG1,TMED10,0.914
COPG1,GBF1,0.897
COPG1,SCYL1,0.893
COPG1,ARF1,0.842
COPG1,SEC24C,0.831
COPG1,ARFGAP2,0.828
COPG1,ARFGAP3,0.8
COPG1,ARF4,0.771
COPG1,SEC22B,0.732
COPG1,TMED7,0.73
COPG1,TMED3,0.727
COPG1,SEC61B,0.724
COPG1,DIPK2A,0.72
COPG1,CD74,0.719
COPG1,BET1,0.718
COPG1,GOSR2,0.714
COPG1,RAB1A,0.713
IMP3,KRR1,0.999
IMP3,UTP3,0.999
IMP3,MPHOSPH10,0.999
IMP3,IMP4,0.999
IMP3,UTP6,0.998
IMP3,RPS7,0.998
IMP3,RPS6,0.998
IMP3,WDR46,0.998
IMP3,NGDN,0.998
IMP3,RRP9,0.998
IMP3,RPS23,0.998
IMP3,UTP11,0.998
IMP3,RPS11,0.998
IMP3,FCF1,0.998
IMP3,RPS28,0.997
IMP3,WDR75,0.997
IMP3,RPS8,0.997
IMP3,RPS24,0.997
IMP3,NOC4L,0.997
IMP3,NOP58,0.997
IMP3,BYSL,0.997
IMP3,RRP7A,0.997
IMP3,WDR36,0.997
IMP3,BMS1,0.997
IMP3,RPS3A,0.997
NOC4L,IMP4,0.999
NOC4L,EMG1,0.999
NOC4L,NOP14,0.999
NOC4L,UTP18,0.999
NOC4L,WDR3,0.999
NOC4L,WDR43,0.999
NOC4L,NOL10,0.999
NOC4L,UTP20,0.999
NOC4L,WDR36,0.999
NOC4L,TBL3,0.999
NOC4L,RRP9,0.999
NOC4L,UTP3,0.999
NOC4L,BYSL,0.999
NOC4L,NGDN,0.999
NOC4L,KRR1,0.999
NOC4L,WDR46,0.999
NOC4L,WDR75,0.999
NOC4L,UTP15,0.999
NOC4L,UTP4,0.999
NOC4L,DCAF13,0.999
NOC4L,MPHOSPH10,0.998
NOC4L,NOL6,0.998
NOC4L,UTP11,0.998
NOC4L,PDCD11,0.998
NOC4L,BMS1,0.998
COPB2,ARCN1,0.999
COPB2,COPB1,0.999
COPB2,COPA,0.999
COPB2,COPE,0.999
COPB2,COPG1,0.999
COPB2,COPZ1,0.999
COPB2,COPG2,0.999
COPB2,COPZ2,0.992
COPB2,EPRS1,0.967
COPB2,ARFGAP2,0.95
COPB2,SCYL1,0.948
COPB2,ARFGAP3,0.938
COPB2,TMED10,0.932
COPB2,TMED7,0.911
COPB2,DIPK2A,0.9
COPB2,MAN2A1,0.859
COPB2,NSF,0.822
COPB2,ARF1,0.818
COPB2,ZW10,0.81
COPB2,MRPS22,0.808
COPB2,ARF4,0.807
COPB2,TSGA13,0.803
COPB2,SEC22B,0.786
COPB2,EEF1G,0.776
COPB2,RINT1,0.763
BMP2K,REPS1,0.877
BMP2K,PICALM,0.85
BMP2K,NUMB,0.824
BMP2K,AP2S1,0.822
BMP2K,AP2M1,0.818
BMP2K,AP2B1,0.789
BMP2K,NUMBL,0.75
BMP2K,CLINT1,0.732
BMP2K,RALBP1,0.731
SF3B1,SF3A1,0.999
SF3B1,U2AF2,0.999
SF3B1,SNRPA1,0.999
SF3B1,SF3A2,0.999
SF3B1,PRPF8,0.999
SF3B1,SF3B5,0.999
SF3B1,SNRPG,0.999
SF3B1,MFAP1,0.999
SF3B1,PLRG1,0.999
SF3B1,SF3B4,0.999
SF3B1,DHX16,0.999
SF3B1,RBMX2,0.999
SF3B1,EFTUD2,0.999
SF3B1,DDX42,0.999
SF3B1,SF3A3,0.999
SF3B1,SF3B6,0.999
SF3B1,SF3B2,0.999
SF3B1,PHF5A,0.999
SF3B1,DDX46,0.999
SF3B1,SF3B3,0.999
SF3B1,SNIP1,0.999
SF3B1,SNRPF,0.999
SF3B1,SNRNP200,0.999
SF3B1,SART1,0.999
SF3B1,PRPF6,0.999
CD5,CD4,0.997
CD5,CD2,0.994
CD5,CD72,0.994
CD5,CD6,0.985
CD5,CD7,0.97
CD5,CD8A,0.963
CD5,LCK,0.957
CD5,IGLL5,0.946
CD5,CD19,0.941
CD5,SPN,0.94
CD5,MME,0.925
CD5,CR2,0.917
CD5,IGHV3-43D,0.908
CD5,CD27,0.908
CD5,CD22,0.903
CD5,IGKV2D-28,0.9
CD5,CD3E,0.899
CD5,PTPRC,0.898
CD5,CD38,0.892
CD5,CD5L,0.891
CD5,CCR7,0.89
CD5,ZAP70,0.883
CD5,CD79A,0.866
CD5,BCL6,0.863
CD5,BLNK,0.861
FCF1,WDR46,0.999
FCF1,KRR1,0.999
FCF1,EMG1,0.999
FCF1,UTP11,0.999
FCF1,DNTTIP2,0.999
FCF1,UTP3,0.999
FCF1,NOP58,0.998
FCF1,IMP3,0.998
FCF1,UTP20,0.998
FCF1,BMS1,0.998
FCF1,RPS9,0.998
FCF1,NGDN,0.997
FCF1,NOC4L,0.997
FCF1,NOL6,0.997
FCF1,HEATR1,0.997
FCF1,RRP9,0.997
FCF1,DCAF13,0.997
FCF1,RRP7A,0.997
FCF1,RCL1,0.997
FCF1,BYSL,0.996
FCF1,AATF,0.996
FCF1,MPHOSPH10,0.996
FCF1,UTP18,0.995
FCF1,WDR3,0.995
FCF1,UTP14A,0.995
SON,RBM39,0.999
SON,PRRC2C,0.999
SON,GLE1,0.932
SON,SRSF11,0.897
SON,RBBP6,0.872
SON,RBM25,0.825
SON,DONSON,0.779
SON,SF3B1,0.774
SON,DDX5,0.748
SON,NXF1,0.733
SON,EIF4A3,0.715
SON,PIP5K1C,0.706
GM2A,HEXB,0.954
GM2A,ETFA,0.931
GM2A,HEXA,0.9
GM2A,OGA,0.857
GM2A,NPC2,0.808
TGFBR2,TGFB1,0.999
TGFBR2,TGFB3,0.999
TGFBR2,TGFB2,0.999
TGFBR2,TGFBR1,0.999
TGFBR2,SMAD3,0.998
TGFBR2,SMAD2,0.998
TGFBR2,ENG,0.997
TGFBR2,SMAD4,0.996
TGFBR2,SMAD7,0.994
TGFBR2,ACVRL1,0.992
TGFBR2,TGFBR3,0.986
TGFBR2,SMURF1,0.983
TGFBR2,DAXX,0.981
TGFBR2,SMURF2,0.981
TGFBR2,CBL,0.96
TGFBR2,GDF15,0.96
TGFBR2,HSP90AA1,0.959
TGFBR2,RHOA,0.952
TGFBR2,ALK,0.947
TGFBR2,YAP1,0.932
TGFBR2,SHC1,0.927
TGFBR2,PPP2CB,0.926
TGFBR2,HSP90AB1,0.92
TGFBR2,FBN1,0.916
TGFBR2,PPP2R1B,0.914
WDHD1,TIPIN,0.999
WDHD1,CDC45,0.999
WDHD1,MCM3,0.999
WDHD1,TIMELESS,0.999
WDHD1,MCM5,0.999
WDHD1,GINS4,0.999
WDHD1,MCM4,0.999
WDHD1,MCM6,0.998
WDHD1,MCM2,0.998
WDHD1,CLSPN,0.998
WDHD1,POLA1,0.998
WDHD1,GINS3,0.998
WDHD1,MCM10,0.998
WDHD1,GINS2,0.997
WDHD1,DNA2,0.997
WDHD1,MCM7,0.996
WDHD1,GINS1,0.996
WDHD1,POLE2,0.995
WDHD1,POLE,0.992
WDHD1,MRC1,0.976
WDHD1,CHTF18,0.967
WDHD1,MCM9,0.96
WDHD1,ATAD5,0.955
WDHD1,DTL,0.947
WDHD1,EXO1,0.935
MTOR,RRAGA,0.999
MTOR,RPTOR,0.999
MTOR,AKT1S1,0.999
MTOR,TELO2,0.999
MTOR,MAPKAP1,0.999
MTOR,FKBP1A,0.999
MTOR,RRAGC,0.999
MTOR,RPS6KB1,0.999
MTOR,AKT1,0.999
MTOR,RHEB,0.999
MTOR,RRAGB,0.999
MTOR,TTI1,0.999
MTOR,RICTOR,0.999
MTOR,DEPTOR,0.999
MTOR,MLST8,0.999
MTOR,EIF4EBP1,0.999
MTOR,ULK1,0.999
MTOR,PRR5,0.999
MTOR,HSP90AA1,0.998
MTOR,HSP90AB1,0.998
MTOR,LAMP1,0.997
MTOR,UBC,0.996
MTOR,RPS6KB2,0.995
MTOR,TUBB,0.995
MTOR,DDB1,0.995
HEATR1,WDR36,0.999
HEATR1,TBL3,0.999
HEATR1,BMS1,0.999
HEATR1,PDCD11,0.999
HEATR1,UTP20,0.999
HEATR1,PWP2,0.999
HEATR1,RRP9,0.999
HEATR1,WDR3,0.999
HEATR1,UTP18,0.999
HEATR1,NAT10,0.999
HEATR1,NOL6,0.999
HEATR1,WDR43,0.999
HEATR1,MPHOSPH10,0.999
HEATR1,UTP4,0.999
HEATR1,UTP15,0.999
HEATR1,WDR75,0.999
HEATR1,NOP56,0.999
HEATR1,UTP6,0.999
HEATR1,WDR46,0.999
HEATR1,NOP58,0.999
HEATR1,RRP7A,0.998
HEATR1,RCL1,0.998
HEATR1,UTP3,0.998
HEATR1,EMG1,0.998
HEATR1,NOL10,0.998
PPP1R15B,PPP1CC,0.998
PPP1R15B,PPP1CB,0.947
PPP1R15B,PPP1R9B,0.932
PPP1R15B,SHOC2,0.903
PPP1R15B,PPP1R15A,0.89
PPP1R15B,EIF2S1,0.875
PPP1R15B,PPP1CA,0.813
PPP1R15B,ACTA1,0.8
PPP1R15B,EIF1,0.797
PPP1R15B,EXOC8,0.772
PPP1R15B,EIF2AK3,0.729
PPP1R15B,NCK1,0.722
PPP1R15B,NRF1,0.719
LTV1,BYSL,0.999
LTV1,RPS2,0.999
LTV1,RIOK1,0.999
LTV1,NOB1,0.999
LTV1,RIOK2,0.999
LTV1,RPS3,0.999
LTV1,TSR1,0.999
LTV1,PNO1,0.998
LTV1,RPS20,0.997
LTV1,RPS15,0.997
LTV1,RPS12,0.996
LTV1,RPS6,0.996
LTV1,RPS14,0.996
LTV1,RACK1,0.994
LTV1,KRR1,0.994
LTV1,RPS9,0.994
LTV1,RPS5,0.993
LTV1,RPS7,0.993
LTV1,RPS13,0.993
LTV1,RPS21,0.992
LTV1,RPS10,0.989
LTV1,DIMT1,0.989
LTV1,BUD23,0.989
LTV1,MPHOSPH10,0.987
LTV1,RPSA,0.983
COPA,COPE,0.999
COPA,COPB2,0.999
COPA,ARCN1,0.999
COPA,COPB1,0.999
COPA,COPZ1,0.999
COPA,COPG1,0.998
COPA,COPG2,0.996
COPA,COPZ2,0.992
COPA,SCYL1,0.955
COPA,TMED10,0.91
COPA,ARFGAP2,0.906
COPA,TMED7,0.904
COPA,ARFGAP3,0.903
COPA,DIPK2A,0.9
COPA,ZW10,0.865
COPA,ARF1,0.859
COPA,GOLPH3,0.849
COPA,TSGA13,0.828
COPA,SURF4,0.813
COPA,SMN1,0.795
COPA,GBF1,0.789
COPA,AP2B1,0.767
COPA,NUDCD1,0.745
COPA,TMED3,0.725
COPA,PRR15L,0.72
PI4KB,RAB11A,0.998
PI4KB,ACBD3,0.996
PI4KB,NCS1,0.992
PI4KB,CDIPT,0.991
PI4KB,PI4K2B,0.983
PI4KB,ARF1,0.981
PI4KB,PI4K2A,0.978
PI4KB,PIP5K1C,0.972
PI4KB,PIP5K1A,0.971
PI4KB,PI4KA,0.969
PI4KB,PIP5K1B,0.964
PI4KB,PIKFYVE,0.961
PI4KB,PIP5KL1,0.946
PI4KB,PIK3C3,0.938
PI4KB,PIK3R2,0.929
PI4KB,RAB11B,0.926
PI4KB,ARMH3,0.925
PI4KB,PIK3R1,0.925
PI4KB,PIK3R3,0.923
PI4KB,PIK3C2B,0.917
PI4KB,PTEN,0.914
PI4KB,PIK3C2G,0.913
PI4KB,PIK3C2A,0.912
PI4KB,INPP5F,0.902
PI4KB,VSNL1,0.885
TARS2,LARS2,0.982
TARS2,LARS1,0.976
TARS2,AARS1,0.924
TARS2,TARS3,0.919
TARS2,VARS1,0.91
TARS2,AARS2,0.91
TARS2,TARS1,0.905
TARS2,EPRS1,0.905
TARS2,IARS2,0.902
TARS2,NARS1,0.901
TARS2,NARS2,0.9
TARS2,VARS2,0.889
TARS2,PARS2,0.889
TARS2,EARS2,0.877
TARS2,IARS1,0.877
TARS2,HARS1,0.87
TARS2,YARS1,0.869
TARS2,HARS2,0.866
TARS2,YARS2,0.863
TARS2,GARS1,0.842
TARS2,MARS1,0.84
TARS2,MARS2,0.838
TARS2,SARS1,0.838
TARS2,KARS1,0.835
TARS2,SARS2,0.835
MDN1,WDR12,0.994
MDN1,NLE1,0.982
MDN1,GNL2,0.962
MDN1,NSA2,0.934
MDN1,WDR18,0.933
MDN1,MRTO4,0.92
MDN1,TEX10,0.919
MDN1,WDR74,0.895
MDN1,GTPBP4,0.886
MDN1,SDAD1,0.866
MDN1,BOP1,0.841
MDN1,RSL24D1,0.837
MDN1,PA2G4,0.828
MDN1,ZNF593,0.824
MDN1,FTSJ3,0.817
MDN1,EIF6,0.815
MDN1,EBNA1BP2,0.809
MDN1,RPF2,0.807
MDN1,PES1,0.804
MDN1,UTP20,0.802
MDN1,RRP1B,0.8
MDN1,NOL9,0.8
MDN1,NMD3,0.764
MDN1,NIP7,0.761
MDN1,LSG1,0.738
GBF1,ARF1,0.96
GBF1,ARF4,0.905
GBF1,COPG1,0.897
GBF1,RAB1B,0.89
GBF1,RAB1A,0.875
GBF1,COPB1,0.841
GBF1,ARF5,0.828
GBF1,ARF3,0.813
GBF1,ARFGAP1,0.809
GBF1,COPA,0.789
GBF1,USO1,0.774
GBF1,ARF6,0.768
GBF1,COPG2,0.754
GBF1,PI4KB,0.742
GBF1,ARFGAP2,0.738
GBF1,ARFGAP3,0.736
GBF1,SEC16A,0.728
SCD,CYB5B,0.985
SCD,ELOVL6,0.984
SCD,CYB5A,0.981
SCD,SREBF1,0.976
SCD,FADS2,0.971
SCD,HSD17B12,0.967
SCD,FASN,0.96
SCD,FADS1,0.959
SCD,SCD5,0.94
SCD,ACACA,0.937
SCD,TECR,0.925
SCD,HACD2,0.925
SCD,HACD3,0.922
SCD,HACD1,0.917
SCD,HACD4,0.914
SCD,FADS3,0.905
SCD,CYB5R4,0.876
SCD,DGAT2,0.844
SCD,GPAM,0.839
SCD,CYB5RL,0.824
SCD,CYB5R2,0.82
SCD,CYB5R1,0.82
SCD,CYB5R3,0.815
SCD,ACLY,0.812
SCD,ACOX1,0.805
GRIN1,GRIN2A,0.999
GRIN1,GRIN2B,0.999
GRIN1,GRIN2D,0.999
GRIN1,GRIN2C,0.999
GRIN1,GRIN3B,0.999
GRIN1,GRIN3A,0.999
GRIN1,DLG4,0.998
GRIN1,CALM3,0.996
GRIN1,CALML4,0.964
GRIN1,CALML3,0.96
GRIN1,CALML5,0.96
GRIN1,CALML6,0.959
GRIN1,NOS1,0.955
GRIN1,CALM1,0.944
GRIN1,PDYN,0.93
GRIN1,P2RX4,0.921
GRIN1,P2RX3,0.921
GRIN1,P2RX1,0.915
GRIN1,P2RX6,0.912
GRIN1,CAMK2A,0.911
GRIN1,CALM2,0.909
GRIN1,P2RX5,0.909
GRIN1,P2RX7,0.909
GRIN1,GRIA1,0.907
GRIN1,GRIA2,0.901
PTPN1,INSR,0.999
PTPN1,EGFR,0.997
PTPN1,IRS1,0.995
PTPN1,IGF1R,0.993
PTPN1,JAK2,0.98
PTPN1,SRC,0.979
PTPN1,CTNNB1,0.97
PTPN1,RMDN3,0.961
PTPN1,IRS2,0.959
PTPN1,MET,0.954
PTPN1,PTPRF,0.941
PTPN1,KDR,0.938
PTPN1,INSRR,0.93
PTPN1,PTPN11,0.927
PTPN1,BCAR1,0.927
PTPN1,PTK6,0.926
PTPN1,IRS4,0.925
PTPN1,GRB2,0.915
PTPN1,PTS,0.899
PTPN1,CDH17,0.876
PTPN1,TXN,0.849
PTPN1,INS,0.835
PTPN1,STAT3,0.826
PTPN1,CAV1,0.809
PTPN1,TXN2,0.79
BMS1,UTP15,0.999
BMS1,WDR75,0.999
BMS1,HEATR1,0.999
BMS1,UTP4,0.999
BMS1,NOP56,0.999
BMS1,UTP6,0.999
BMS1,KRR1,0.999
BMS1,WDR46,0.999
BMS1,BYSL,0.999
BMS1,NOP58,0.999
BMS1,UTP20,0.999
BMS1,TBL3,0.999
BMS1,WDR36,0.999
BMS1,PDCD11,0.999
BMS1,UTP3,0.999
BMS1,RCL1,0.999
BMS1,NAT10,0.999
BMS1,IMP4,0.999
BMS1,UTP18,0.999
BMS1,WDR3,0.999
BMS1,NOP14,0.999
BMS1,NOL10,0.999
BMS1,MPHOSPH10,0.999
BMS1,NOL6,0.999
BMS1,WDR43,0.999
NEU1,CTSA,0.999
NEU1,GLB1,0.999
NEU1,GLA,0.931
NEU1,ARSA,0.923
NEU1,GALC,0.914
NEU1,GAL3ST1,0.913
NEU1,UGT8,0.908
NEU1,GALNS,0.83
NEU1,ERCC3,0.825
NEU1,LAMP1,0.813
NEU1,NANP,0.78
NEU1,NEU4,0.7
MASTL,ENSA,0.995
MASTL,ARPP19,0.994
MASTL,PPP2R2D,0.978
MASTL,CCNB1,0.893
MASTL,CDK1,0.87
MASTL,PPP2R1A,0.836
MASTL,PPP2CA,0.81
MASTL,CCNA2,0.791
MASTL,KIF11,0.776
MASTL,TTK,0.773
MASTL,SGO1,0.763
MASTL,CDC6,0.746
MASTL,CCNA1,0.737
PPP1R10,PPP1CA,0.989
PPP1R10,WDR82,0.98
PPP1R10,PPP1CC,0.975
PPP1R10,PPP1CB,0.964
PPP1R10,TOX4,0.962
PPP1R10,PPP1R12A,0.824
PPP1R10,SNIP1,0.799
PPP1R10,TERF2,0.764
PPP1R10,PPP1R8,0.763
PPP1R10,CDCA2,0.709
MTMR6,MTMR9,0.998
MTMR6,PIKFYVE,0.943
MTMR6,FIG4,0.936
MTMR6,INPP4A,0.935
MTMR6,INPP4B,0.931
MTMR6,INPP5F,0.912
MTMR6,CDIPT,0.91
MTMR6,PIP4P2,0.909
MTMR6,PIP4P1,0.903
MTMR6,PIK3C3,0.834
MTMR6,PIK3C2B,0.798
MTMR6,KCNN4,0.758
MTMR6,PI4KA,0.713
MTMR6,PI4KB,0.705
MTMR6,PIK3C2G,0.705
SEC13,SEC24C,0.999
SEC13,SEH1L,0.999
SEC13,SEC24D,0.999
SEC13,SEC31A,0.999
SEC13,SEC23B,0.999
SEC13,MIOS,0.999
SEC13,NUP98,0.999
SEC13,WDR59,0.999
SEC13,NUP133,0.999
SEC13,NUP43,0.999
SEC13,SEC23A,0.999
SEC13,SEC24B,0.999
SEC13,SEC24A,0.999
SEC13,AHCTF1,0.999
SEC13,NUP160,0.999
SEC13,NUP107,0.999
SEC13,WDR24,0.999
SEC13,NUP37,0.999
SEC13,NUP85,0.999
SEC13,SEC16A,0.999
SEC13,SEC31B,0.998
SEC13,SAR1B,0.997
SEC13,SAR1A,0.997
SEC13,NUP93,0.997
SEC13,NUP155,0.996
ZNF207,BUB3,0.997
ZNF207,HNRNPM,0.995
ZNF207,SF3A2,0.768
ZNF207,SF3A3,0.76
ZNF207,SRSF3,0.741
ZNF207,HNRNPUL1,0.717
ZNF207,FUBP1,0.716
MTMR3,MTMR4,0.974
MTMR3,PIKFYVE,0.925
MTMR3,CDIPT,0.921
MTMR3,FIG4,0.92
MTMR3,INPP4B,0.914
MTMR3,INPP4A,0.913
MTMR3,PIP4P1,0.912
MTMR3,PIP4P2,0.911
MTMR3,INPP5F,0.906
MTMR3,PIK3C3,0.856
MTMR3,PIP4K2A,0.757
MTMR3,PIK3C2A,0.729
MTMR3,PIK3C2B,0.723
MTMR3,PIK3C2G,0.715
MTMR3,PI4KB,0.71
MTMR3,PIP4K2C,0.709
MTMR3,PIP4K2B,0.706
XPO1,SNUPN,0.999
XPO1,RAN,0.999
XPO1,NUP214,0.999
XPO1,NUP88,0.997
XPO1,NMD3,0.996
XPO1,RANBP2,0.993
XPO1,DDX3X,0.992
XPO1,PHAX,0.988
XPO1,RANGAP1,0.979
XPO1,CSE1L,0.976
XPO1,ANP32A,0.974
XPO1,CDKN1B,0.97
XPO1,RANBP1,0.969
XPO1,NUP98,0.968
XPO1,NUP42,0.966
XPO1,RANBP3,0.966
XPO1,PKIA,0.964
XPO1,TP53,0.959
XPO1,NCBP1,0.957
XPO1,XPOT,0.953
XPO1,NXF3,0.951
XPO1,LRPPRC,0.938
XPO1,CCNB1,0.931
XPO1,RCC1,0.927
XPO1,ELAVL1,0.925
CDK12,CCNK,0.999
CDK12,DDB1,0.974
CDK12,POLR2A,0.966
CDK12,CDK13,0.954
CDK12,CCNT1,0.953
CDK12,CCNT2,0.942
CDK12,CCNH,0.939
CDK12,SUPT5H,0.933
CDK12,CDK9,0.899
CDK12,SUPT6H,0.882
CDK12,CCNL2,0.874
CDK12,CDC73,0.864
CDK12,BRCA1,0.849
CDK12,ATM,0.831
CDK12,RAD51D,0.809
CDK12,CDK7,0.808
CDK12,CTDP1,0.806
CDK12,ERCC3,0.789
CDK12,UBAP2,0.789
CDK12,LEO1,0.788
CDK12,SUPT4H1,0.788
CDK12,FANCD2,0.786
CDK12,TP53,0.775
CDK12,MNAT1,0.773
CDK12,RTF1,0.762
SNRPE,LSM8,0.999
SNRPE,CDC40,0.999
SNRPE,EFTUD2,0.999
SNRPE,SF3B1,0.999
SNRPE,LSM2,0.999
SNRPE,SF3A3,0.999
SNRPE,PRPF19,0.999
SNRPE,SNRPD1,0.999
SNRPE,SNRPD2,0.999
SNRPE,LSM6,0.999
SNRPE,SNRPG,0.999
SNRPE,SF3B5,0.999
SNRPE,LSM7,0.999
SNRPE,LSM5,0.999
SNRPE,SF3A2,0.999
SNRPE,SNRNP40,0.999
SNRPE,PRPF8,0.999
SNRPE,LSM4,0.999
SNRPE,CRNKL1,0.999
SNRPE,SNRPA1,0.999
SNRPE,SNRPD3,0.999
SNRPE,SNRPB,0.999
SNRPE,PRPF6,0.999
SNRPE,CDC5L,0.999
SNRPE,SART1,0.999
AP2M1,AP2B1,0.999
AP2M1,AP2S1,0.999
AP2M1,AP2A2,0.999
AP2M1,AP2A1,0.999
AP2M1,NECAP1,0.995
AP2M1,AP1B1,0.99
AP2M1,TGOLN2,0.988
AP2M1,CLTC,0.988
AP2M1,AP4B1,0.986
AP2M1,AAK1,0.979
AP2M1,NECAP2,0.97
AP2M1,AP1G1,0.968
AP2M1,AP4E1,0.967
AP2M1,AP1S1,0.965
AP2M1,CLTA,0.958
AP2M1,EPS15,0.958
AP2M1,AP3S1,0.954
AP2M1,IRS1,0.942
AP2M1,CLTB,0.942
AP2M1,PICALM,0.935
AP2M1,ITSN1,0.927
AP2M1,AP4S1,0.926
AP2M1,AP4M1,0.925
AP2M1,AP3S2,0.923
AP2M1,AP5M1,0.922
KAT8,MSL3,0.997
KAT8,KANSL1,0.996
KAT8,MSL2,0.995
KAT8,MSL1,0.995
KAT8,WDR5,0.994
KAT8,PHF20,0.992
KAT8,MCRS1,0.986
KAT8,KANSL3,0.984
KAT8,HCFC1,0.982
KAT8,MEAF6,0.975
KAT8,YEATS4,0.968
KAT8,KANSL2,0.967
KAT8,MORF4L1,0.967
KAT8,TRRAP,0.967
KAT8,KMT2A,0.966
KAT8,DMAP1,0.965
KAT8,ACTL6A,0.962
KAT8,RBBP5,0.961
KAT8,EPC1,0.958
KAT8,H4C6,0.957
KAT8,ING3,0.947
KAT8,BRD8,0.941
KAT8,TAF1,0.939
KAT8,RUVBL1,0.937
KAT8,OGT,0.937
TOP2A,NUSAP1,0.999
TOP2A,CDK1,0.997
TOP2A,ASPM,0.996
TOP2A,TOP1,0.994
TOP2A,MKI67,0.993
TOP2A,CCNB1,0.989
TOP2A,BUB1,0.982
TOP2A,CCNA2,0.982
TOP2A,BUB1B,0.98
TOP2A,CDC20,0.98
TOP2A,DLGAP5,0.978
TOP2A,BIRC5,0.976
TOP2A,KIF11,0.975
TOP2A,CCNB2,0.975
TOP2A,CENPF,0.974
TOP2A,KIF20A,0.974
TOP2A,TOP2B,0.973
TOP2A,UBE2C,0.973
TOP2A,AURKB,0.97
TOP2A,NCAPG,0.967
TOP2A,TOP1MT,0.964
TOP2A,AURKA,0.963
TOP2A,TYMS,0.96
TOP2A,PBK,0.958
TOP2A,TTK,0.958
ERG,TMPRSS2,0.933
ERG,AR,0.893
ERG,RUNX2,0.862
ERG,SETDB1,0.841
ERG,CBFB,0.821
ERG,SRSF10,0.76
ERG,EWSR1,0.754
ERG,KCNH6,0.727
ERG,SPOP,0.703
DDX39B,THOC5,0.999
DDX39B,THOC6,0.999
DDX39B,SARNP,0.999
DDX39B,ALYREF,0.999
DDX39B,CHTOP,0.999
DDX39B,THOC2,0.999
DDX39B,THOC3,0.999
DDX39B,EIF4A3,0.999
DDX39B,THOC1,0.999
DDX39B,THOC7,0.999
DDX39B,RBM8A,0.998
DDX39B,FYTTD1,0.996
DDX39B,U2AF2,0.996
DDX39B,POLDIP3,0.994
DDX39B,MAGOH,0.983
DDX39B,MAGOHB,0.979
DDX39B,SRRT,0.973
DDX39B,NCBP1,0.968
DDX39B,DDX39A,0.967
DDX39B,SRRM1,0.962
DDX39B,DHX9,0.962
DDX39B,RNPS1,0.954
DDX39B,HNRNPA1,0.951
DDX39B,RAE1,0.948
DDX39B,DHX38,0.943
NDUFA5,NDUFV3,0.999
NDUFA5,UQCRH,0.999
NDUFA5,NDUFB10,0.999
NDUFA5,NDUFS5,0.999
NDUFA5,NDUFS2,0.999
NDUFA5,UQCR10,0.999
NDUFA5,NDUFA2,0.999
NDUFA5,NDUFA8,0.999
NDUFA5,NDUFS8,0.999
NDUFA5,NDUFA10,0.999
NDUFA5,NDUFB6,0.999
NDUFA5,NDUFB4,0.999
NDUFA5,NDUFS7,0.999
NDUFA5,NDUFA7,0.999
NDUFA5,NDUFS4,0.999
NDUFA5,NDUFA11,0.999
NDUFA5,NDUFB7,0.999
NDUFA5,NDUFA1,0.999
NDUFA5,NDUFB9,0.999
NDUFA5,NDUFA3,0.999
NDUFA5,MT-ND4L,0.999
NDUFA5,NDUFV1,0.999
NDUFA5,NDUFS3,0.999
NDUFA5,MT-ND1,0.999
NDUFA5,MT-ND2,0.999
MCM10,MCM7,0.999
MCM10,MCM6,0.999
MCM10,CDC45,0.999
MCM10,MCM3,0.999
MCM10,MCM4,0.999
MCM10,WDHD1,0.998
MCM10,CDC6,0.998
MCM10,MCM2,0.997
MCM10,CDT1,0.997
MCM10,MCM5,0.997
MCM10,ORC2,0.995
MCM10,CDC7,0.989
MCM10,RECQL4,0.989
MCM10,TOPBP1,0.979
MCM10,CLSPN,0.977
MCM10,MCM8,0.976
MCM10,TICRR,0.972
MCM10,CHEK1,0.969
MCM10,GINS1,0.965
MCM10,MRC1,0.964
MCM10,POLE2,0.961
MCM10,ORC4,0.958
MCM10,MCM9,0.957
MCM10,GINS4,0.955
MCM10,EXO1,0.954
CDKN2A,NPM1,0.999
CDKN2A,MDM2,0.999
CDKN2A,CDK4,0.999
CDKN2A,CDK6,0.999
CDKN2A,TP53,0.999
CDKN2A,MYC,0.998
CDKN2A,CCND1,0.998
CDKN2A,CDK2,0.993
CDKN2A,KRAS,0.992
CDKN2A,HRAS,0.99
CDKN2A,CCND2,0.99
CDKN2A,NRAS,0.984
CDKN2A,CYTH1,0.976
CDKN2A,CCND3,0.975
CDKN2A,E2F1,0.969
CDKN2A,CDKN1A,0.966
CDKN2A,MDM4,0.963
CDKN2A,CCNL2,0.962
CDKN2A,CDKN2AIP,0.958
CDKN2A,HIF1A,0.956
CDKN2A,CDKN2B,0.951
CDKN2A,MAPK14,0.944
CDKN2A,ARF1,0.94
CDKN2A,MTAP,0.931
CDKN2A,RRAS,0.93
LAMTOR3,RRAGA,0.999
LAMTOR3,RPTOR,0.999
LAMTOR3,LAMTOR4,0.999
LAMTOR3,RRAGC,0.999
LAMTOR3,LAMTOR2,0.999
LAMTOR3,RRAGB,0.999
LAMTOR3,RRAGD,0.999
LAMTOR3,LAMTOR1,0.999
LAMTOR3,SLC38A9,0.999
LAMTOR3,LAMTOR5,0.999
LAMTOR3,MAP2K1,0.998
LAMTOR3,MAPK3,0.977
LAMTOR3,MAPK1,0.961
LAMTOR3,WDR83,0.956
LAMTOR3,NPRL2,0.951
LAMTOR3,NPRL3,0.938
LAMTOR3,DEPDC5,0.936
LAMTOR3,FLCN,0.933
LAMTOR3,MTOR,0.93
LAMTOR3,MLST8,0.93
LAMTOR3,FNIP2,0.924
LAMTOR3,MAP2K2,0.914
LAMTOR3,RIC1,0.901
LAMTOR3,RGP1,0.9
LAMTOR3,RAF1,0.856
PLRG1,SNW1,0.999
PLRG1,BUD31,0.999
PLRG1,SYF2,0.999
PLRG1,BCAS2,0.999
PLRG1,SNRPF,0.999
PLRG1,CWC15,0.999
PLRG1,CDC5L,0.999
PLRG1,RBM22,0.999
PLRG1,YJU2,0.999
PLRG1,XAB2,0.999
PLRG1,SNRPA1,0.999
PLRG1,CRNKL1,0.999
PLRG1,PRPF8,0.999
PLRG1,SNRPD2,0.999
PLRG1,PRPF19,0.999
PLRG1,SF3B1,0.999
PLRG1,EFTUD2,0.999
PLRG1,CDC40,0.999
PLRG1,AQR,0.998
PLRG1,SNRPB2,0.998
PLRG1,SNRPE,0.998
PLRG1,CWC22,0.998
PLRG1,SNRPG,0.998
PLRG1,SNRPD1,0.998
PLRG1,SRRM2,0.997
PIK3R1,IRS1,0.999
PIK3R1,PIK3R2,0.999
PIK3R1,PDGFRB,0.999
PIK3R1,CBL,0.999
PIK3R1,PIK3CB,0.999
PIK3R1,PIK3CD,0.999
PIK3R1,PIK3CA,0.999
PIK3R1,PIK3CG,0.999
PIK3R1,IRS2,0.998
PIK3R1,EGFR,0.998
PIK3R1,SRC,0.998
PIK3R1,ERBB3,0.998
PIK3R1,GRB2,0.998
PIK3R1,PIK3R3,0.997
PIK3R1,PTEN,0.997
PIK3R1,PTPN11,0.996
PIK3R1,GAB2,0.996
PIK3R1,PDGFRA,0.995
PIK3R1,ERBB2,0.995
PIK3R1,KIT,0.995
PIK3R1,AKT1,0.995
PIK3R1,ESR1,0.994
PIK3R1,IGF1R,0.994
PIK3R1,CD28,0.993
PIK3R1,CDC42,0.992
ATP6V1C1,ATP6V1A,0.999
ATP6V1C1,ATP6V1H,0.999
ATP6V1C1,ATP6V1B2,0.999
ATP6V1C1,ATP6V1F,0.999
ATP6V1C1,ATP6V0A1,0.999
ATP6V1C1,ATP6V1E1,0.999
ATP6V1C1,ATP6V1D,0.999
ATP6V1C1,ATP6V0C,0.999
ATP6V1C1,ATP6V0B,0.999
ATP6V1C1,ATP6AP2,0.998
ATP6V1C1,ATP6V1B1,0.998
ATP6V1C1,ATP6V0A4,0.998
ATP6V1C1,ATP6V1G1,0.998
ATP6V1C1,ATP6V0D1,0.998
ATP6V1C1,RNASEK,0.997
ATP6V1C1,ATP6V1G2,0.997
ATP6V1C1,ATP6V0E1,0.997
ATP6V1C1,ATP6AP1,0.996
ATP6V1C1,ATP6V1E2,0.989
ATP6V1C1,ATP6V0D2,0.983
ATP6V1C1,ATP6V1C2,0.977
ATP6V1C1,ATP6V0A2,0.977
ATP6V1C1,ATP6V0E2,0.973
ATP6V1C1,TCIRG1,0.969
ATP6V1C1,ATP6V1G3,0.935
KIF1A,TUBA1A,0.96
KIF1A,TUBB2B,0.939
KIF1A,KLC2,0.857
KIF1A,KIF1B,0.85
KIF1A,PPFIA1,0.834
KIF1A,NDE1,0.83
KIF1A,KIF1C,0.828
KIF1A,KLC1,0.818
KIF1A,RAB3A,0.801
KIF1A,KIF5C,0.8
KIF1A,KLC3,0.791
KIF1A,KIF5B,0.781
KIF1A,ARL5B,0.766
KIF1A,PPFIA3,0.765
KIF1A,SYP,0.764
KIF1A,KIF5A,0.762
KIF1A,SYT4,0.755
KIF1A,KLC4,0.75
KIF1A,MADD,0.741
KIF1A,KIFAP3,0.734
KIF1A,TUBB2A,0.73
KIF1A,KIF20A,0.726
KIF1A,VAMP1,0.717
KIF1A,PAFAH1B1,0.714
KIF1A,PTPN21,0.707
EVI5,RAB11A,0.936
EVI5,FBXO5,0.898
EVI5,ODF2,0.793
EVI5,PLK1,0.778
NDUFC1,NDUFV3,0.999
NDUFC1,NDUFA12,0.999
NDUFC1,NDUFA2,0.999
NDUFC1,NDUFS6,0.999
NDUFC1,NDUFA6,0.999
NDUFC1,NDUFB4,0.999
NDUFC1,NDUFA5,0.999
NDUFC1,NDUFA7,0.999
NDUFC1,NDUFV2,0.999
NDUFC1,NDUFAB1,0.999
NDUFC1,NDUFB3,0.999
NDUFC1,NDUFA3,0.999
NDUFC1,NDUFC2,0.999
NDUFC1,NDUFB5,0.999
NDUFC1,NDUFB2,0.998
NDUFC1,NDUFA8,0.998
NDUFC1,NDUFA10,0.998
NDUFC1,NDUFB8,0.998
NDUFC1,NDUFB6,0.998
NDUFC1,NDUFS1,0.998
NDUFC1,NDUFA1,0.998
NDUFC1,NDUFB7,0.998
NDUFC1,NDUFB9,0.998
NDUFC1,NDUFV1,0.998
NDUFC1,NDUFB10,0.997
TGFBR1,ACVR2B,0.999
TGFBR1,TGFBR2,0.999
TGFBR1,SMURF2,0.999
TGFBR1,FKBP1A,0.999
TGFBR1,SMAD7,0.999
TGFBR1,SMAD2,0.999
TGFBR1,MSTN,0.999
TGFBR1,SMAD3,0.999
TGFBR1,TGFB1,0.999
TGFBR1,TGFB3,0.999
TGFBR1,GDF11,0.999
TGFBR1,TGFB2,0.998
TGFBR1,SMAD4,0.998
TGFBR1,TRAF6,0.993
TGFBR1,SMURF1,0.989
TGFBR1,ACVR2A,0.988
TGFBR1,ACVR1B,0.988
TGFBR1,BAMBI,0.988
TGFBR1,SMAD6,0.982
TGFBR1,TGFBR3,0.977
TGFBR1,ENG,0.969
TGFBR1,ACVR1,0.96
TGFBR1,ACVR1C,0.955
TGFBR1,FBN1,0.931
TGFBR1,YAP1,0.93
COPZ1,ARCN1,0.999
COPZ1,COPB1,0.999
COPZ1,COPA,0.999
COPZ1,COPE,0.999
COPZ1,COPB2,0.999
COPZ1,COPG1,0.998
COPZ1,COPG2,0.997
COPZ1,COPZ2,0.936
COPZ1,ARF1,0.927
COPZ1,SCYL1,0.925
COPZ1,TMED7,0.909
COPZ1,DIPK2A,0.9
COPZ1,TMED10,0.851
COPZ1,ARFGAP2,0.84
COPZ1,ARF4,0.775
COPZ1,TMED3,0.749
COPZ1,ARFGAP3,0.741
COPZ1,SEC22B,0.72
COPZ1,KDELR1,0.711
COPZ1,KDELR2,0.709
COPZ1,ARF3,0.705
COPZ1,ARF5,0.705
COPZ1,BET1L,0.702
KIF18B,KIF2C,0.983
KIF18B,TROAP,0.906
KIF18B,KIF4A,0.901
KIF18B,KIF20A,0.888
KIF18B,KIFC1,0.882
KIF18B,MAPRE1,0.882
KIF18B,KIF15,0.88
KIF18B,KIF11,0.871
KIF18B,HJURP,0.864
KIF18B,KIF23,0.859
KIF18B,ESPL1,0.85
KIF18B,UBE2C,0.843
KIF18B,CDCA8,0.838
KIF18B,BUB1B,0.838
KIF18B,BIRC5,0.82
KIF18B,DLGAP5,0.818
KIF18B,FOXM1,0.813
KIF18B,CDC20,0.792
KIF18B,MKI67,0.791
KIF18B,BUB1,0.791
KIF18B,KIF18A,0.768
KIF18B,CEP55,0.768
KIF18B,KIF2B,0.765
KIF18B,CDCA3,0.764
KIF18B,KIF14,0.762
AP2S1,AP2B1,0.999
AP2S1,AP2M1,0.999
AP2S1,AP2A1,0.999
AP2S1,AP2A2,0.999
AP2S1,AP4B1,0.976
AP2S1,AP1B1,0.969
AP2S1,CLTA,0.961
AP2S1,CLTB,0.96
AP2S1,AP4E1,0.96
AP2S1,CLTC,0.958
AP2S1,CLTCL1,0.955
AP2S1,NECAP2,0.955
AP2S1,AAK1,0.954
AP2S1,EPS15,0.952
AP2S1,EPS15L1,0.946
AP2S1,AP1M1,0.942
AP2S1,FCHO2,0.935
AP2S1,AP4M1,0.934
AP2S1,ITSN1,0.93
AP2S1,AP1S1,0.921
AP2S1,AP5M1,0.921
AP2S1,AAGAB,0.917
AP2S1,AP3S1,0.91
AP2S1,AFTPH,0.91
AP2S1,AP4S1,0.91
CLTC,CLTB,0.999
CLTC,CLTA,0.999
CLTC,DNAJC6,0.998
CLTC,GAK,0.998
CLTC,AP2B1,0.997
CLTC,AP2A1,0.989
CLTC,EPN2,0.988
CLTC,AP2M1,0.988
CLTC,EPN3,0.981
CLTC,HIP1,0.98
CLTC,AP2A2,0.976
CLTC,EPS15,0.974
CLTC,CLINT1,0.972
CLTC,PICALM,0.971
CLTC,AP1G1,0.961
CLTC,AMPH,0.961
CLTC,ARRB1,0.958
CLTC,AP2S1,0.958
CLTC,HIP1R,0.95
CLTC,OCRL,0.949
CLTC,SNAP91,0.948
CLTC,EHD2,0.945
CLTC,HTT,0.941
CLTC,DNM1,0.941
CLTC,CLTCL1,0.937
NDUFA6,UQCRFS1,0.999
NDUFA6,MT-ND2,0.999
NDUFA6,NDUFV1,0.999
NDUFA6,MT-ND1,0.999
NDUFA6,NDUFS3,0.999
NDUFA6,NDUFA3,0.999
NDUFA6,NDUFB9,0.999
NDUFA6,NDUFA11,0.999
NDUFA6,NDUFB7,0.999
NDUFA6,NDUFA1,0.999
NDUFA6,NDUFS4,0.999
NDUFA6,NDUFA7,0.999
NDUFA6,NDUFB1,0.999
NDUFA6,NDUFS7,0.999
NDUFA6,NDUFB4,0.999
NDUFA6,NDUFB6,0.999
NDUFA6,NDUFA10,0.999
NDUFA6,NDUFS8,0.999
NDUFA6,NDUFA8,0.999
NDUFA6,NDUFA2,0.999
NDUFA6,UQCR10,0.999
NDUFA6,NDUFS2,0.999
NDUFA6,NDUFS5,0.999
NDUFA6,NDUFB10,0.999
NDUFA6,NDUFV3,0.999
NOP16,NIP7,0.823
NOP16,MRTO4,0.8
NOP16,NIFK,0.798
NOP16,FBL,0.776
NOP16,NHP2,0.758
NOP16,IMP4,0.756
NOP16,WDR12,0.711
ACACA,FASN,0.998
ACACA,BRCA1,0.995
ACACA,ACLY,0.986
ACACA,PRKAA1,0.981
ACACA,SREBF1,0.981
ACACA,MCAT,0.975
ACACA,ACSS2,0.97
ACACA,MLYCD,0.966
ACACA,ACACB,0.966
ACACA,ACAT1,0.962
ACACA,HLCS,0.961
ACACA,ACAT2,0.959
ACACA,ACSS1,0.957
ACACA,PRKAB1,0.956
ACACA,PRKAA2,0.956
ACACA,PRKAG1,0.953
ACACA,DLAT,0.937
ACACA,SCD,0.937
ACACA,PRKAB2,0.934
ACACA,ACSF3,0.929
ACACA,PRKAG2,0.927
ACACA,PRKAG3,0.922
ACACA,CS,0.92
ACACA,ALDH6A1,0.919
ACACA,ACOT12,0.916
PPT1,CLN3,0.985
PPT1,CLN5,0.978
PPT1,CLN6,0.976
PPT1,CLN8,0.969
PPT1,TPP1,0.96
PPT1,PPT2,0.936
PPT1,MECR,0.919
PPT1,DNAJC5,0.915
PPT1,MFSD8,0.915
PPT1,KCTD7,0.899
PPT1,ACSL1,0.857
PPT1,ACSL5,0.855
PPT1,ACSBG2,0.852
PPT1,ACSL6,0.847
PPT1,ACSL4,0.845
PPT1,CTSD,0.842
PPT1,FLI1,0.841
PPT1,ACSL3,0.841
PPT1,ACSBG1,0.837
PPT1,CLCN6,0.762
SLC18A2,SNCA,0.979
SLC18A2,DDC,0.967
SLC18A2,SLC6A3,0.966
SLC18A2,TH,0.966
SLC18A2,SLC32A1,0.965
SLC18A2,SLC17A6,0.959
SLC18A2,SLC17A8,0.952
SLC18A2,SLC17A7,0.952
SLC18A2,SLC29A4,0.932
SLC18A2,SLC18A3,0.913
SLC18A2,SLC18A1,0.904
SLC18A2,VAMP2,0.892
SLC18A2,SLC6A4,0.886
SLC18A2,SYT1,0.881
SLC18A2,RAB3A,0.868
SLC18A2,SLC6A2,0.815
SLC18A2,DRD2,0.814
SLC18A2,NR4A2,0.802
SLC18A2,MAOA,0.793
SLC18A2,MAOB,0.792
SLC18A2,CHAT,0.747
SLC18A2,SYN3,0.743
SLC18A2,TPH2,0.72
SLC18A2,HDC,0.713
SLC18A2,SNAP25,0.71
NDUFV1,NDUFA6,0.999
NDUFV1,SDHA,0.999
NDUFV1,NDUFS6,0.999
NDUFV1,NDUFB11,0.999
NDUFV1,NDUFB8,0.999
NDUFV1,NDUFA5,0.999
NDUFV1,NDUFA9,0.999
NDUFV1,MT-ND5,0.999
NDUFV1,UQCRC1,0.999
NDUFV1,NDUFA12,0.999
NDUFV1,UQCRB,0.999
NDUFV1,NDUFC2,0.999
NDUFV1,NDUFA13,0.999
NDUFV1,NDUFB5,0.999
NDUFV1,MT-ND3,0.999
NDUFV1,MT-ND4,0.999
NDUFV1,NDUFAB1,0.999
NDUFV1,NDUFS1,0.999
NDUFV1,NDUFV2,0.999
NDUFV1,NDUFB3,0.999
NDUFV1,NDUFS8,0.999
NDUFV1,NDUFA10,0.999
NDUFV1,NDUFB6,0.999
NDUFV1,NDUFB4,0.999
NDUFV1,NDUFS7,0.999
NR1H2,RXRA,0.998
NR1H2,RXRB,0.993
NR1H2,ABCA1,0.991
NR1H2,NCOA2,0.975
NR1H2,RXRG,0.951
NR1H2,XPR1,0.932
NR1H2,NCOA1,0.923
NR1H2,NR1H3,0.915
NR1H2,OGT,0.903
NR1H2,ABCG5,0.898
NR1H2,ABCG1,0.892
NR1H2,ABCG8,0.886
NR1H2,SREBF1,0.884
NR1H2,NCOR1,0.876
NR1H2,NCOR2,0.825
NR1H2,SREBF2,0.821
NR1H2,MED1,0.816
NR1H2,APOE,0.793
NR1H2,FASN,0.773
NR1H2,MYLIP,0.754
NR1H2,NR0B2,0.729
NR1H2,CYP7A1,0.714
PIK3CB,PIK3R3,0.999
PIK3CB,PIK3R1,0.999
PIK3CB,CDC42,0.999
PIK3CB,PIK3R5,0.999
PIK3CB,PIK3R2,0.999
PIK3CB,PIK3CD,0.998
PIK3CB,PIK3CA,0.998
PIK3CB,PIK3CG,0.997
PIK3CB,EGFR,0.993
PIK3CB,AKT1,0.992
PIK3CB,IRS1,0.991
PIK3CB,PTEN,0.984
PIK3CB,AKT2,0.983
PIK3CB,PDPK1,0.973
PIK3CB,KRAS,0.973
PIK3CB,ERBB2,0.972
PIK3CB,IGF1R,0.971
PIK3CB,SRC,0.967
PIK3CB,GAB2,0.966
PIK3CB,ERBB3,0.966
PIK3CB,PRKCD,0.966
PIK3CB,IRS4,0.965
PIK3CB,RAC2,0.965
PIK3CB,AKT3,0.964
PIK3CB,RAB5A,0.964
CREB3L3,CREB1,0.972
CREB3L3,CREB3,0.958
CREB3L3,MBTPS2,0.953
CREB3L3,CREB3L1,0.95
CREB3L3,PPARGC1A,0.95
CREB3L3,MBTPS1,0.945
CREB3L3,CRTC2,0.942
CREB3L3,CREB3L2,0.94
CREB3L3,GSK3B,0.935
CREB3L3,ATF4,0.935
CREB3L3,ATF6B,0.931
CREB3L3,CREB3L4,0.93
CREB3L3,CREB5,0.918
CREB3L3,MAPK3,0.915
CREB3L3,EP300,0.912
CREB3L3,CREM,0.911
CREB3L3,CREBBP,0.91
CREB3L3,ATF2,0.907
CREB3L3,MAPK1,0.907
CREB3L3,RPS6KA5,0.9
CREB3L3,CAMK4,0.9
CREB3L3,ATF1,0.836
CREB3L3,PPARA,0.835
CREB3L3,HTT,0.808
CREB3L3,TAF4,0.8
DIMT1,TSR1,0.999
DIMT1,BYSL,0.999
DIMT1,PWP2,0.99
DIMT1,LTV1,0.989
DIMT1,NOC4L,0.989
DIMT1,IMP4,0.988
DIMT1,WDR3,0.986
DIMT1,NOL6,0.985
DIMT1,BUD23,0.985
DIMT1,RIOK2,0.984
DIMT1,RCL1,0.984
DIMT1,WDR36,0.983
DIMT1,WDR43,0.982
DIMT1,RRP9,0.981
DIMT1,UTP14A,0.975
DIMT1,IMP3,0.972
DIMT1,PNO1,0.972
DIMT1,BMS1,0.971
DIMT1,UTP6,0.971
DIMT1,FCF1,0.97
DIMT1,UTP3,0.97
DIMT1,UTP18,0.968
DIMT1,EMG1,0.965
DIMT1,DCAF13,0.965
DIMT1,HEATR1,0.965
ITGB4,PLEC,0.999
ITGB4,ITGA6,0.999
ITGB4,COL17A1,0.996
ITGB4,DST,0.991
ITGB4,LAMB3,0.982
ITGB4,ITGA3,0.982
ITGB4,LAMC2,0.965
ITGB4,PTK2,0.964
ITGB4,CD151,0.96
ITGB4,ITGA5,0.953
ITGB4,LAMA3,0.951
ITGB4,SRC,0.948
ITGB4,ERBB2,0.944
ITGB4,ACTB,0.936
ITGB4,ITGAV,0.929
ITGB4,ITGA2,0.924
ITGB4,ITGA1,0.922
ITGB4,LAMA4,0.919
ITGB4,ACTG1,0.915
ITGB4,FLNA,0.909
ITGB4,ITGA4,0.884
ITGB4,ITGA7,0.87
ITGB4,ITGA8,0.868
ITGB4,ITGAL,0.861
ITGB4,ALOX12,0.861
DLD,BCKDHA,0.999
DLD,DLST,0.999
DLD,PDHA1,0.999
DLD,DBT,0.999
DLD,OGDH,0.999
DLD,DLAT,0.999
DLD,BCKDHB,0.999
DLD,PDHB,0.999
DLD,PDHX,0.999
DLD,PDHA2,0.998
DLD,OGDHL,0.998
DLD,AMT,0.998
DLD,GLDC,0.995
DLD,DHTKD1,0.992
DLD,GCSH,0.992
DLD,SUCLA2,0.986
DLD,SHMT2,0.968
DLD,SHMT1,0.966
DLD,FH,0.957
DLD,GCDH,0.956
DLD,SUCLG1,0.947
DLD,NDUFS1,0.946
DLD,MDH2,0.944
DLD,PDK3,0.94
DLD,AGXT,0.934
PAPOLA,CPSF1,0.998
PAPOLA,SYMPK,0.998
PAPOLA,ZCCHC7,0.995
PAPOLA,MTREX,0.995
PAPOLA,PABPN1,0.991
PAPOLA,CPSF3,0.989
PAPOLA,SNRNP70,0.988
PAPOLA,CSTF3,0.988
PAPOLA,CPSF2,0.987
PAPOLA,FIP1L1,0.986
PAPOLA,WDR33,0.983
PAPOLA,U2AF2,0.974
PAPOLA,CSTF2,0.967
PAPOLA,TUT1,0.952
PAPOLA,CPSF4,0.95
PAPOLA,PCF11,0.949
PAPOLA,CPSF6,0.948
PAPOLA,MTPAP,0.937
PAPOLA,RBBP6,0.927
PAPOLA,CSTF2T,0.921
PAPOLA,NCBP2,0.921
PAPOLA,PAPOLG,0.909
PAPOLA,SRSF1,0.904
PAPOLA,NCBP1,0.903
PAPOLA,PAPOLB,0.902
CTSH,CSTA,0.964
CTSH,BCL2,0.911
CTSH,BCL2L1,0.908
CTSH,BID,0.907
CTSH,CTSD,0.846
CTSH,LGMN,0.806
CTSH,CTSL,0.773
CTSH,HLA-DQA1,0.768
CTSH,CSTB,0.761
CTSH,HLA-DQB1,0.732
CTSH,SFTPB,0.715
MTMR9,MTMR6,0.998
MTMR9,MTMR7,0.99
MTMR9,MTMR8,0.988
MTMR9,FAM167A,0.871
MTMR9,EMILIN1,0.821
MTMR9,BLK,0.71
LRP1,APOE,0.999
LRP1,A2M,0.998
LRP1,CALR,0.998
LRP1,LRPAP1,0.997
LRP1,HSP90B1,0.996
LRP1,HPX,0.996
LRP1,HSP90AA1,0.994
LRP1,HSPA4,0.991
LRP1,HSP90AB1,0.99
LRP1,SERPINE1,0.988
LRP1,LPL,0.987
LRP1,PLAT,0.987
LRP1,APP,0.983
LRP1,THBS1,0.958
LRP1,DLG4,0.946
LRP1,LRP2,0.942
LRP1,ANXA6,0.932
LRP1,APBB1,0.918
LRP1,LTF,0.902
LRP1,GULP1,0.899
LRP1,SFTPD,0.89
LRP1,MMP9,0.889
LRP1,DCN,0.839
LRP1,EGFR,0.838
LRP1,HSPG2,0.809
RIPK1,CFLAR,0.999
RIPK1,BIRC3,0.999
RIPK1,FADD,0.999
RIPK1,IKBKG,0.999
RIPK1,TNFRSF1A,0.999
RIPK1,TRAF5,0.999
RIPK1,BIRC2,0.999
RIPK1,RIPK3,0.999
RIPK1,CASP8,0.999
RIPK1,TAB2,0.999
RIPK1,TRAF2,0.999
RIPK1,TNF,0.999
RIPK1,CYLD,0.999
RIPK1,TRADD,0.999
RIPK1,TLR3,0.998
RIPK1,ZBP1,0.998
RIPK1,CHUK,0.998
RIPK1,TRAF6,0.998
RIPK1,SQSTM1,0.997
RIPK1,MAP3K7,0.996
RIPK1,CASP10,0.996
RIPK1,MLKL,0.996
RIPK1,TNFRSF10B,0.995
RIPK1,TICAM1,0.994
RIPK1,RNF31,0.993
CLEC2D,KLRB1,0.999
CLEC2D,KLRC1,0.812
TAOK1,TAOK3,0.944
TAOK1,TAOK2,0.943
TAOK1,MAP2K3,0.929
TAOK1,MAP2K6,0.923
TAOK1,S100A8,0.888
TAOK1,CDC20,0.823
TAOK1,PLK1,0.813
TAOK1,BUB1B,0.81
TAOK1,STK25,0.803
TAOK1,NUDC,0.801
TAOK1,SCHIP1,0.75
TAOK1,BUB3,0.731
TAOK1,IQCJ-SCHIP1,0.73
TFCP2L1,ESRRB,0.815
TFCP2L1,CYP11A1,0.757
ZC2HC1A,CASTOR1,0.872
RAB7A,RILP,0.999
RAB7A,OSBPL1A,0.983
RAB7A,TBC1D15,0.974
RAB7A,FYCO1,0.965
RAB7A,RAB5A,0.948
RAB7A,CHM,0.947
RAB7A,TBC1D17,0.932
RAB7A,RUBCN,0.924
RAB7A,PDZD8,0.921
RAB7A,GDI1,0.919
RAB7A,GDI2,0.918
RAB7A,RAB7B,0.917
RAB7A,CCZ1,0.914
RAB7A,CCZ1B,0.908
RAB7A,MON1A,0.902
RAB7A,VPS26A,0.901
RAB7A,DYNC1H1,0.886
RAB7A,DYNC1LI1,0.882
RAB7A,RAB1A,0.879
RAB7A,SNX3,0.874
RAB7A,DYNC1LI2,0.871
RAB7A,VPS35,0.869
RAB7A,PLEKHM1,0.867
RAB7A,CHML,0.861
RAB7A,TBC1D2,0.856
AHI1,CC2D2A,0.996
AHI1,TMEM67,0.993
AHI1,NPHP1,0.993
AHI1,CEP290,0.988
AHI1,TMEM216,0.985
AHI1,TCTN1,0.979
AHI1,B9D1,0.976
AHI1,B9D2,0.968
AHI1,MKS1,0.965
AHI1,TCTN2,0.963
AHI1,TCTN3,0.961
AHI1,TMEM231,0.96
AHI1,RAB8A,0.958
AHI1,RPGRIP1L,0.941
AHI1,HAP1,0.926
AHI1,ARL13B,0.911
AHI1,TMEM17,0.878
AHI1,OFD1,0.876
AHI1,NPHP4,0.86
AHI1,ABL1,0.84
AHI1,IQCB1,0.829
AHI1,TMEM107,0.821
AHI1,INVS,0.819
AHI1,CCP110,0.819
AHI1,JAK2,0.797
SQLE,LSS,0.999
SQLE,FDFT1,0.999
SQLE,CYP51A1,0.998
SQLE,MSMO1,0.992
SQLE,HMGCS1,0.986
SQLE,DHCR7,0.983
SQLE,NSDHL,0.982
SQLE,SIGMAR1,0.974
SQLE,HMGCR,0.973
SQLE,CH25H,0.971
SQLE,TM7SF2,0.969
SQLE,IDI1,0.957
SQLE,FAXDC2,0.949
SQLE,FDPS,0.942
SQLE,SC5D,0.933
SQLE,HMGCS2,0.916
SQLE,LBR,0.91
SQLE,MVD,0.906
SQLE,MARCHF6,0.894
SQLE,SREBF2,0.892
SQLE,IDI2,0.876
SQLE,SMIM22,0.864
SQLE,MVK,0.859
SQLE,DHCR24,0.856
SQLE,HSD17B7,0.854
NDUFB10,NDUFV3,0.999
NDUFB10,NDUFA2,0.999
NDUFB10,NDUFS2,0.999
NDUFB10,NDUFS5,0.999
NDUFB10,NDUFA8,0.999
NDUFB10,NDUFA10,0.999
NDUFB10,NDUFS8,0.999
NDUFB10,NDUFB6,0.999
NDUFB10,NDUFB4,0.999
NDUFB10,NDUFB1,0.999
NDUFB10,NDUFS7,0.999
NDUFB10,NDUFA7,0.999
NDUFB10,NDUFS4,0.999
NDUFB10,NDUFAF3,0.999
NDUFB10,NDUFA1,0.999
NDUFB10,NDUFA11,0.999
NDUFB10,NDUFB7,0.999
NDUFB10,NDUFB9,0.999
NDUFB10,NDUFA3,0.999
NDUFB10,NDUFS3,0.999
NDUFB10,MT-ND1,0.999
NDUFB10,NDUFV1,0.999
NDUFB10,MT-ND2,0.999
NDUFB10,NDUFA12,0.999
NDUFB10,NDUFB2,0.999
SLC6A3,DRD2,0.999
SLC6A3,SNCA,0.996
SLC6A3,STX1A,0.992
SLC6A3,SLC18A2,0.966
SLC6A3,DRD4,0.96
SLC6A3,TH,0.95
SLC6A3,CAMK2A,0.949
SLC6A3,SYNGR3,0.944
SLC6A3,FLOT1,0.94
SLC6A3,PRKCB,0.917
SLC6A3,COMT,0.917
SLC6A3,PRKCA,0.913
SLC6A3,CAMK2B,0.907
SLC6A3,DRD1,0.906
SLC6A3,PRKCG,0.905
SLC6A3,FLOT2,0.903
SLC6A3,CDH1,0.901
SLC6A3,MAOA,0.89
SLC6A3,MAOB,0.882
SLC6A3,PICK1,0.864
SLC6A3,DDC,0.862
SLC6A3,DRD5,0.84
SLC6A3,PRKN,0.839
SLC6A3,ADRA2A,0.832
SLC6A3,ATP13A2,0.816
SKP2,CDKN1B,0.999
SKP2,CCNA2,0.999
SKP2,CCNA1,0.999
SKP2,SKP1,0.999
SKP2,CDK2,0.999
SKP2,CKS1B,0.999
SKP2,CUL1,0.999
SKP2,RBX1,0.999
SKP2,BTRC,0.998
SKP2,CDC20,0.998
SKP2,CDKN1A,0.996
SKP2,FBXW7,0.991
SKP2,CCNE1,0.99
SKP2,RB1,0.985
SKP2,CKS2,0.982
SKP2,FBXW11,0.98
SKP2,CDT1,0.977
SKP2,CDKN1C,0.975
SKP2,MYC,0.975
SKP2,NEDD8,0.974
SKP2,FZR1,0.96
SKP2,CCND1,0.959
SKP2,FBXO4,0.958
SKP2,E2F1,0.953
SKP2,CCNE2,0.953
HHEX,SLC30A8,0.934
HHEX,CDKAL1,0.925
HHEX,IGF2BP2,0.908
HHEX,TCF7L2,0.88
HHEX,FTO,0.863
HHEX,KIF11,0.844
HHEX,TSPAN8,0.817
HHEX,KCNJ11,0.798
HHEX,EXT2,0.783
HHEX,KCNQ1,0.772
HHEX,TAL1,0.748
HHEX,ONECUT1,0.735
HHEX,CDC123,0.72
HHEX,HNF1B,0.716
HHEX,MTNR1B,0.709
HHEX,WFS1,0.704
GGPS1,FDPS,0.996
GGPS1,MVD,0.992
GGPS1,IDI1,0.987
GGPS1,FDFT1,0.986
GGPS1,IDI2,0.986
GGPS1,DHDDS,0.967
GGPS1,FNTA,0.962
GGPS1,PDSS1,0.961
GGPS1,FNTB,0.958
GGPS1,RSAD2,0.952
GGPS1,NUS1,0.952
GGPS1,PDSS2,0.95
GGPS1,HMGCR,0.886
GGPS1,PRPF18,0.876
GGPS1,MVK,0.872
GGPS1,HMGCS1,0.846
GGPS1,LSS,0.837
GGPS1,HMGCS2,0.795
GGPS1,SQLE,0.787
GGPS1,SREBF2,0.78
GGPS1,PMVK,0.777
GGPS1,HMGA1,0.773
GGPS1,M0R3G1_HUMAN,0.746
GGPS1,ACAT1,0.735
GGPS1,COQ2,0.73
BATF,JUNB,0.997
BATF,JUN,0.997
BATF,IRF4,0.995
BATF,BATF3,0.945
BATF,JUND,0.933
BATF,BATF2,0.921
BATF,FOS,0.915
BATF,RORC,0.887
BATF,STAT3,0.882
BATF,BCL6,0.85
BATF,MAF,0.818
BATF,JDP2,0.806
BATF,PRDM1,0.804
BATF,PDCD1,0.802
BATF,ATF5,0.791
BATF,RORA,0.788
BATF,IRF8,0.77
BATF,HIF1A,0.764
BATF,BACH2,0.764
BATF,MYC,0.76
BATF,HSP90AA1,0.75
BATF,HSP90AB1,0.75
BATF,STAT6,0.741
BATF,CD8A,0.74
BATF,IL17F,0.736
GRIN2C,GRIN1,0.999
GRIN2C,GRIN2A,0.998
GRIN2C,GRIN2B,0.998
GRIN2C,GRIN2D,0.998
GRIN2C,GRIN3A,0.998
GRIN2C,GRIN3B,0.996
GRIN2C,DLG4,0.99
GRIN2C,PDYN,0.927
GRIN2C,P2RX6,0.923
GRIN2C,NOS1,0.922
GRIN2C,P2RX1,0.917
GRIN2C,P2RX3,0.909
GRIN2C,P2RX7,0.906
GRIN2C,P2RX5,0.906
GRIN2C,P2RX4,0.905
GRIN2C,DLG3,0.872
GRIN2C,GRIA1,0.829
GRIN2C,GRIA4,0.824
GRIN2C,GRIA2,0.822
GRIN2C,DLG2,0.818
GRIN2C,CACNG2,0.817
GRIN2C,GRIA3,0.809
GRIN2C,HTR3A,0.803
GRIN2C,CACNG3,0.788
GRIN2C,CACNG4,0.779
GABRB1,GABRA1,0.97
GABRB1,GABRB3,0.95
GABRB1,GABRB2,0.95
GABRB1,HAP1,0.938
GABRB1,GABRA4,0.93
GABRB1,GABRA2,0.917
GABRB1,NSF,0.916
GABRB1,TRAK2,0.912
GABRB1,PLCL1,0.908
GABRB1,GABRG1,0.9
GABRB1,GABBR2,0.884
GABRB1,GABBR1,0.871
GABRB1,GABRG2,0.87
GABRB1,GABRA5,0.834
GABRB1,GABARAP,0.818
GABRB1,GABRE,0.817
GABRB1,GABARAPL1,0.8
GABRB1,GABRG3,0.772
GABRB1,GABRA3,0.767
GABRB1,ACADM,0.736
GABRB1,GABRA6,0.725
GABRB1,GABRD,0.72
SNRK,DUSP5,0.839
SNRK,CAB39,0.821
SNRK,DUSP2,0.762
SNRK,SFRP4,0.72
SNRK,ADAMTS12,0.715
PANK1,PPCS,0.981
PANK1,PPCDC,0.981
PANK1,COASY,0.979
PANK1,VNN2,0.928
PANK1,VNN1,0.928
PANK1,PANK2,0.907
PANK1,PANK3,0.907
PANK1,ENPP3,0.902
PANK1,ENPP1,0.9
PANK1,FTL,0.743
PANK1,PLA2G6,0.735
EEF2,RPL23A,0.999
EEF2,RPS20,0.999
EEF2,RPL8,0.999
EEF2,RPS6,0.999
EEF2,RPS15,0.999
EEF2,RPS2,0.999
EEF2,RPS8,0.999
EEF2,RPL30,0.999
EEF2,RPS28,0.999
EEF2,RPS5,0.999
EEF2,RPL4,0.999
EEF2,RPL35,0.999
EEF2,RPSA,0.999
EEF2,RACK1,0.999
EEF2,RPL15,0.999
EEF2,RPS19,0.999
EEF2,RPL23,0.999
EEF2,RPS18,0.999
EEF2,RPL5,0.999
EEF2,RPL19,0.999
EEF2,RPS16,0.999
EEF2,RPL9,0.999
EEF2,RPL18,0.999
EEF2,RPL11,0.999
EEF2,RPL7A,0.999
DST,COL17A1,0.999
DST,PLEC,0.998
DST,CD151,0.991
DST,ITGB4,0.991
DST,MAPRE1,0.988
DST,DSG3,0.87
DST,ERBIN,0.847
DST,LAMA3,0.839
DST,DSG1,0.837
DST,ITGA6,0.828
DST,CALM1,0.788
DST,DSP,0.762
DST,EVPL,0.753
DST,PPL,0.722
DST,CALM3,0.715
SHMT1,MTHFD1,0.999
SHMT1,GART,0.999
SHMT1,ATIC,0.998
SHMT1,MTHFR,0.998
SHMT1,GLDC,0.998
SHMT1,TYMS,0.997
SHMT1,MTHFD2,0.997
SHMT1,PSPH,0.996
SHMT1,MTHFD2L,0.996
SHMT1,MTHFD1L,0.995
SHMT1,DHFR,0.995
SHMT1,AGXT,0.994
SHMT1,MTR,0.994
SHMT1,DHFR2,0.992
SHMT1,AMT,0.989
SHMT1,CBS,0.987
SHMT1,SARDH,0.986
SHMT1,GCSH,0.985
SHMT1,ALDH1L2,0.974
SHMT1,SDS,0.967
SHMT1,DLD,0.966
SHMT1,SRR,0.964
SHMT1,ALDH1L1,0.962
SHMT1,DAO,0.962
SHMT1,PIPOX,0.96
RAP2B,RALGDS,0.913
RAP2B,NCF2,0.904
RAP2B,RAPGEF2,0.828
RAP2B,NCF1,0.812
RAP2B,ARF1,0.803
RAP2B,RAPGEF1,0.793
RAP2B,RUNDC3A,0.791
RAP2B,AP4M1,0.755
RAP2B,AP4B1,0.75
RAP2B,AP4E1,0.715
RAP2B,MYO5A,0.713
RAP2B,RASA1,0.711
RAP2B,NCF4,0.711
ING3,KAT5,0.999
ING3,MORF4L1,0.999
ING3,MEAF6,0.998
ING3,DMAP1,0.998
ING3,TRRAP,0.998
ING3,YEATS4,0.998
ING3,BRD8,0.997
ING3,EPC1,0.996
ING3,RUVBL1,0.995
ING3,RUVBL2,0.995
ING3,EPC2,0.993
ING3,MRGBP,0.993
ING3,ACTL6A,0.993
ING3,EP400,0.989
ING3,MORF4L2,0.983
ING3,VPS72,0.964
ING3,MBTD1,0.964
ING3,RSPH3,0.954
ING3,KAT8,0.947
ING3,H3-3B,0.944
ING3,H3C12,0.941
ING3,ANP32E,0.941
ING3,H3-5,0.94
ING3,MSL3,0.94
ING3,H3C13,0.94
CALR,TAPBP,0.999
CALR,B2M,0.999
CALR,PDIA3,0.999
CALR,CANX,0.999
CALR,HSP90B1,0.999
CALR,LRP1,0.998
CALR,HLA-A,0.997
CALR,HSPA5,0.995
CALR,P4HB,0.994
CALR,THBS1,0.988
CALR,PPIB,0.987
CALR,MBL2,0.986
CALR,HSP90AB1,0.975
CALR,PDIA4,0.973
CALR,HLA-B,0.969
CALR,HSP90AA1,0.968
CALR,NCL,0.966
CALR,TAP1,0.962
CALR,C1QB,0.96
CALR,HSPA4,0.955
CALR,TLR4,0.953
CALR,HLA-F,0.949
CALR,GABARAP,0.948
CALR,HYOU1,0.947
CALR,HLA-E,0.944
PLEC,ITGB4,0.999
PLEC,COL17A1,0.998
PLEC,SYNE3,0.998
PLEC,DST,0.998
PLEC,CD151,0.988
PLEC,HSPB1,0.964
PLEC,HSPB2,0.954
PLEC,HSPB3,0.948
PLEC,VIM,0.923
PLEC,ITGA6,0.907
PLEC,DMD,0.902
PLEC,SYNM,0.881
PLEC,PARP10,0.866
PLEC,DAG1,0.849
PLEC,GFAP,0.849
PLEC,KRT14,0.848
PLEC,DES,0.843
PLEC,DTNA,0.841
PLEC,SYNE4,0.837
PLEC,SYNE1,0.828
PLEC,FLNA,0.812
PLEC,RACK1,0.796
PLEC,SPTAN1,0.795
PLEC,CASP8,0.793
PLEC,KRT8,0.783
WRAP53,NOP10,0.999
WRAP53,DKC1,0.999
WRAP53,NHP2,0.999
WRAP53,TERT,0.999
WRAP53,GAR1,0.998
WRAP53,TEP1,0.942
WRAP53,PTGES3,0.92
WRAP53,RTEL1,0.908
WRAP53,NVL,0.906
WRAP53,TINF2,0.9
WRAP53,RUVBL2,0.892
WRAP53,CTC1,0.873
WRAP53,RUVBL1,0.859
WRAP53,COIL,0.829
WRAP53,GNL3L,0.814
WRAP53,SHQ1,0.813
WRAP53,CTCF,0.807
WRAP53,SMG6,0.805
WRAP53,SNRPD3,0.802
WRAP53,HNRNPU,0.799
WRAP53,LSM11,0.796
WRAP53,TERF1,0.781
WRAP53,TCP1,0.776
WRAP53,USP11,0.775
WRAP53,RNF8,0.765
MAF,FOS,0.998
MAF,NFE2L2,0.998
MAF,JUN,0.993
MAF,BACH2,0.993
MAF,NFE2,0.986
MAF,NFE2L1,0.97
MAF,NEIL1,0.946
MAF,NFE2L3,0.905
MAF,PAX6,0.9
MAF,CREB1,0.893
MAF,BACH1,0.868
MAF,RUNX2,0.855
MAF,KEAP1,0.854
MAF,FOSL1,0.849
MAF,BATF,0.818
MAF,FOSB,0.812
MAF,FOSL2,0.796
MAF,BGLAP,0.771
MAF,LOC102723407,0.749
MAF,MAFB,0.746
MAF,TBX21,0.745
MAF,JUNB,0.741
MAF,TRNT1,0.735
MAF,TP53,0.731
MAF,EP300,0.729
NRIP1,ESR1,0.999
NRIP1,PPARGC1A,0.985
NRIP1,RORA,0.982
NRIP1,CTBP1,0.968
NRIP1,NR2C1,0.93
NRIP1,RORC,0.91
NRIP1,NCOR1,0.907
NRIP1,FOXA1,0.902
NRIP1,ESRRG,0.898
NRIP1,RARA,0.895
NRIP1,GATA3,0.889
NRIP1,EP300,0.88
NRIP1,NR3C1,0.875
NRIP1,HDAC3,0.87
NRIP1,ESRRA,0.864
NRIP1,TLE3,0.858
NRIP1,PPARG,0.854
NRIP1,CTBP2,0.835
NRIP1,LCOR,0.833
NRIP1,THRA,0.827
NRIP1,RXRA,0.816
NRIP1,HDAC1,0.811
NRIP1,NR0B1,0.802
NRIP1,NR1H3,0.794
NRIP1,JUN,0.793
FOXK1,ASXL1,0.987
FOXK1,BAP1,0.982
FOXK1,OGT,0.971
FOXK1,ASXL2,0.962
FOXK1,HCFC1,0.957
FOXK1,SIN3A,0.946
FOXK1,KDM1B,0.911
FOXK1,SIN3B,0.826
FOXK1,MBD5,0.812
FOXK1,YY1,0.786
FOXK1,SAP30,0.72
GRIN2A,GRIN1,0.999
GRIN2A,GRIN2B,0.999
GRIN2A,GRIN3A,0.999
GRIN2A,DLG4,0.999
GRIN2A,GRIN2C,0.998
GRIN2A,GRIN2D,0.998
GRIN2A,DLG3,0.998
GRIN2A,GRIN3B,0.998
GRIN2A,DLG2,0.997
GRIN2A,FYN,0.981
GRIN2A,PTPN4,0.979
GRIN2A,DLG1,0.979
GRIN2A,NOS1,0.974
GRIN2A,PRKACG,0.969
GRIN2A,CAMK2A,0.968
GRIN2A,SRC,0.963
GRIN2A,PRKACA,0.942
GRIN2A,PRKACB,0.942
GRIN2A,PDYN,0.94
GRIN2A,GRM3,0.936
GRIN2A,GRIA2,0.933
GRIN2A,GRIA1,0.926
GRIN2A,P2RX3,0.917
GRIN2A,P2RX4,0.916
GRIN2A,P2RX1,0.915
GLDN,NFASC,0.998
GLDN,NRCAM,0.996
GLDN,SPTBN4,0.807
GLDN,CNTNAP1,0.734
DHX15,RBM17,0.999
DHX15,TFIP11,0.999
DHX15,CDC40,0.999
DHX15,SUGP1,0.999
DHX15,SNRPA1,0.999
DHX15,PRPF19,0.997
DHX15,EFTUD2,0.997
DHX15,CDC5L,0.996
DHX15,SNRPF,0.996
DHX15,RBM10,0.996
DHX15,PRPF8,0.996
DHX15,NTSR2,0.995
DHX15,SNRPD2,0.994
DHX15,SNRPB2,0.993
DHX15,XAB2,0.993
DHX15,SNRPE,0.993
DHX15,BUD31,0.993
DHX15,GPATCH2,0.991
DHX15,SNRPD1,0.991
DHX15,SNRPG,0.991
DHX15,SNRPD3,0.99
DHX15,SNW1,0.988
DHX15,UTP3,0.988
DHX15,CRNKL1,0.988
DHX15,SYF2,0.987
MMP25,HBEGF,0.912
MMP25,GNAI2,0.905
MMP25,GNAI3,0.903
MMP25,GNAI1,0.903
MMP25,TIMP2,0.822
MMP25,KLK4,0.807
MMP25,FURIN,0.789
MMP25,HPX,0.786
MMP25,ENAM,0.717
MMP25,TIMP1,0.701
RANBP3,RCC1,0.978
RANBP3,XPO1,0.966
RANBP3,RANBP1,0.958
RANBP3,KPNA4,0.943
RANBP3,RANGAP1,0.928
RANBP3,CCAR2,0.925
RANBP3,RAN,0.851
RANBP3,SMAD3,0.784
RANBP3,SMAD2,0.783
SNRPD2,PRPF4,0.999
SNRPD2,PRPF31,0.999
SNRPD2,SNRNP200,0.999
SNRPD2,SNRPA,0.999
SNRPD2,SNRPF,0.999
SNRPD2,LSM3,0.999
SNRPD2,SNRPN,0.999
SNRPD2,BUD31,0.999
SNRPD2,SNRPC,0.999
SNRPD2,SNRNP70,0.999
SNRPD2,SNW1,0.999
SNRPD2,SF3B2,0.999
SNRPD2,SNRPE,0.999
SNRPD2,SNRPB,0.999
SNRPD2,SNRPD3,0.999
SNRPD2,CDC5L,0.999
SNRPD2,PRPF6,0.999
SNRPD2,SNRPB2,0.999
SNRPD2,SART1,0.999
SNRPD2,GEMIN2,0.999
SNRPD2,MFAP1,0.999
SNRPD2,LSM7,0.999
SNRPD2,SNRPG,0.999
SNRPD2,LSM6,0.999
SNRPD2,SF3B5,0.999
RYR1,CALML3,0.999
RYR1,CALML6,0.999
RYR1,CALML5,0.999
RYR1,CALM3,0.999
RYR1,FKBP1A,0.999
RYR1,CALML4,0.999
RYR1,CACNA1S,0.997
RYR1,TRDN,0.997
RYR1,FKBP1B,0.994
RYR1,QDPR,0.986
RYR1,CALM1,0.98
RYR1,CASQ1,0.979
RYR1,RYR2,0.972
RYR1,STAC3,0.961
RYR1,CASQ2,0.958
RYR1,NOS1,0.954
RYR1,RYR3,0.954
RYR1,ASPH,0.953
RYR1,JPH1,0.948
RYR1,CALM2,0.946
RYR1,CACNA1A,0.946
RYR1,CACNA1C,0.945
RYR1,ATP2A1,0.942
RYR1,CACNA2D1,0.929
RYR1,CD38,0.912
RXRG,NCOA2,0.986
RXRG,RARA,0.983
RXRG,RARB,0.973
RXRG,PPARG,0.963
RXRG,NR1H3,0.961
RXRG,RARG,0.959
RXRG,NR1H2,0.951
RXRG,RXRA,0.943
RXRG,RXRB,0.938
RXRG,PAX8,0.908
RXRG,PPARD,0.891
RXRG,PPARA,0.889
RXRG,NR1H4,0.869
RXRG,NCOA1,0.866
RXRG,NCOA3,0.848
RXRG,CYP27B1,0.826
RXRG,NCOR1,0.802
RXRG,THRB,0.788
RXRG,MED16,0.738
RXRG,NCOR2,0.729
RXRG,EP300,0.71
RXRG,MED1,0.709
GRIN3A,GRIN1,0.999
GRIN3A,GRIN2A,0.999
GRIN3A,GRIN2B,0.999
GRIN3A,GRIN2C,0.998
GRIN3A,GRIN2D,0.998
GRIN3A,GRIN3B,0.995
GRIN3A,DLG4,0.966
GRIN3A,PDYN,0.927
GRIN3A,GRIA4,0.878
GRIN3A,CACNG2,0.852
GRIN3A,GRIA2,0.845
GRIN3A,GRIA1,0.815
GRIN3A,CACNG7,0.804
GRIN3A,GRIA3,0.802
GRIN3A,GRIK4,0.795
GRIN3A,CACNG3,0.794
GRIN3A,CNIH3,0.785
GRIN3A,SHISA9,0.784
GRIN3A,HTR3A,0.779
GRIN3A,CACNG4,0.774
GRIN3A,CNIH2,0.763
GRIN3A,CACNG8,0.743
GRIN3A,PRKACB,0.728
GRIN3A,OLFM2,0.727
GRIN3A,CACNG5,0.724
EPM2A,NHLRC1,0.999
EPM2A,PPP1R3C,0.987
EPM2A,GYS1,0.965
EPM2A,EPM2AIP1,0.932
EPM2A,NFU1,0.916
EPM2A,STBD1,0.912
EPM2A,AGL,0.876
EPM2A,GSK3B,0.805
EPM2A,GYG1,0.773
EPM2A,PYGB,0.758
EPM2A,GYG2,0.756
EPM2A,GYS2,0.744
EPM2A,PPP1R3D,0.742
EPM2A,PRKAB2,0.74
EPM2A,STUB1,0.707
EPM2A,AMY1B,0.704
L3MBTL3,SAMD1,0.854
L3MBTL3,DCAF5,0.799
L3MBTL3,RBPJ,0.779
L3MBTL3,BCLAF1,0.739
CLK2,RSRP1,0.849
CLK2,CLK3,0.846
CLK2,BCLAF1,0.801
CLK2,CLK1,0.792
CLK2,RBBP6,0.788
CLK2,SNIP1,0.781
CLK2,PAFAH1B3,0.77
CLK2,ACIN1,0.748
CLK2,SRSF12,0.732
CLK2,SRSF8,0.729
CLK2,LUC7L2,0.72
CLK2,YTHDC1,0.717
CLK2,TRA2A,0.703
CLK2,LUC7L,0.701
PIP5K1A,PIP5K1C,0.973
PIP5K1A,PI4KB,0.971
PIP5K1A,ARF6,0.964
PIP5K1A,PI4K2A,0.964
PIP5K1A,PIP5KL1,0.961
PIP5K1A,PI4KA,0.96
PIP5K1A,PIK3CD,0.948
PIP5K1A,PI4K2B,0.943
PIP5K1A,PIP5K1B,0.941
PIP5K1A,PIP4K2B,0.938
PIP5K1A,PIK3CB,0.937
PIP5K1A,PIP4K2A,0.935
PIP5K1A,PIK3CA,0.934
PIP5K1A,SYNJ1,0.934
PIP5K1A,PIK3CG,0.932
PIP5K1A,OCRL,0.931
PIP5K1A,SYNJ2,0.93
PIP5K1A,PTEN,0.927
PIP5K1A,PIK3R1,0.926
PIP5K1A,PIK3R2,0.925
PIP5K1A,PIK3R3,0.925
PIP5K1A,RHOA,0.922
PIP5K1A,RAC3,0.921
PIP5K1A,PIK3C2B,0.921
PIP5K1A,PIK3C2G,0.92
NOC3L,NOC2L,0.998
NOC3L,BRIX1,0.997
NOC3L,MAK16,0.997
NOC3L,BOP1,0.996
NOC3L,NIFK,0.995
NOC3L,GTPBP4,0.994
NOC3L,WDR12,0.992
NOC3L,EBNA1BP2,0.992
NOC3L,PES1,0.992
NOC3L,RSL1D1,0.991
NOC3L,FTSJ3,0.988
NOC3L,MRTO4,0.988
NOC3L,DDX18,0.985
NOC3L,NIP7,0.979
NOC3L,NOP2,0.978
NOC3L,RPF2,0.975
NOC3L,RSL24D1,0.966
NOC3L,CDT1,0.964
NOC3L,RPF1,0.963
NOC3L,DDX55,0.962
NOC3L,ORC3,0.961
NOC3L,EIF6,0.96
NOC3L,GNL3,0.959
NOC3L,ORC5,0.959
NOC3L,NSUN6,0.958
VPS28,VPS36,0.999
VPS28,VPS37A,0.999
VPS28,TSG101,0.999
VPS28,VPS37C,0.999
VPS28,MVB12B,0.999
VPS28,VPS37B,0.999
VPS28,UBAP1,0.999
VPS28,MVB12A,0.999
VPS28,VPS25,0.998
VPS28,CHMP6,0.998
VPS28,SNF8,0.992
VPS28,VPS37D,0.991
VPS28,CHMP3,0.986
VPS28,CHMP2A,0.985
VPS28,HGS,0.981
VPS28,CHMP1B,0.975
VPS28,VPS4A,0.974
VPS28,STAM,0.965
VPS28,CHMP4A,0.964
VPS28,EMC4,0.96
VPS28,CHMP7,0.959
VPS28,CHMP2B,0.949
VPS28,UEVLD,0.948
VPS28,CHMP4B,0.943
VPS28,CHMP5,0.92
NUP160,AHCTF1,0.999
NUP160,NUP133,0.999
NUP160,NUP43,0.999
NUP160,NUP98,0.999
NUP160,NUP85,0.999
NUP160,SEC13,0.999
NUP160,NUP37,0.999
NUP160,NUP107,0.999
NUP160,SEH1L,0.999
NUP160,NUP205,0.997
NUP160,NUP153,0.996
NUP160,NUP155,0.994
NUP160,RANBP2,0.992
NUP160,NUP93,0.991
NUP160,NUP188,0.99
NUP160,NUP88,0.988
NUP160,NUP214,0.986
NUP160,NUP35,0.984
NUP160,NUP210,0.983
NUP160,NUP62,0.982
NUP160,NUP54,0.981
NUP160,NUP58,0.974
NUP160,NDC1,0.961
NUP160,AAAS,0.951
NUP160,POM121,0.939
IPO7,KPNB1,0.946
IPO7,TNPO1,0.945
IPO7,FAU,0.931
IPO7,RAN,0.91
IPO7,IPO9,0.907
IPO7,IPO5,0.884
IPO7,NUP153,0.833
IPO7,TNPO2,0.833
IPO7,XPOT,0.83
IPO7,XPO1,0.828
IPO7,TNPO3,0.826
IPO7,IPO4,0.821
IPO7,H1-0,0.808
IPO7,RANBP1,0.798
IPO7,KPNA4,0.783
IPO7,IPO13,0.745
IPO7,RPL23A,0.722
IPO7,RANGAP1,0.703
NDUFB6,NDUFV3,0.999
NDUFB6,NDUFB10,0.999
NDUFB6,NDUFA2,0.999
NDUFB6,NDUFS5,0.999
NDUFB6,NDUFS2,0.999
NDUFB6,NDUFA8,0.999
NDUFB6,NDUFA10,0.999
NDUFB6,NDUFS8,0.999
NDUFB6,NDUFB4,0.999
NDUFB6,NDUFB1,0.999
NDUFB6,NDUFS7,0.999
NDUFB6,NDUFA7,0.999
NDUFB6,NDUFS4,0.999
NDUFB6,NDUFB7,0.999
NDUFB6,NDUFA11,0.999
NDUFB6,NDUFA1,0.999
NDUFB6,NDUFA3,0.999
NDUFB6,NDUFB9,0.999
NDUFB6,NDUFV1,0.999
NDUFB6,NDUFS3,0.999
NDUFB6,NDUFA12,0.999
NDUFB6,NDUFB11,0.999
NDUFB6,NDUFA6,0.999
NDUFB6,NDUFS6,0.999
NDUFB6,NDUFB8,0.999
BTF3,NACA,0.999
BTF3,RPL31,0.997
BTF3,RPL30,0.993
BTF3,NACA2,0.992
BTF3,RPL6,0.987
BTF3,RPL23A,0.984
BTF3,RPL24,0.984
BTF3,RPL32,0.984
BTF3,RPL8,0.982
BTF3,RPL18A,0.982
BTF3,RPL11,0.981
BTF3,RPL18,0.981
BTF3,RPL19,0.979
BTF3,RPL10A,0.979
BTF3,RPL36,0.978
BTF3,RPL7A,0.975
BTF3,RPL21,0.974
BTF3,RPL29,0.973
BTF3,RPL38,0.973
BTF3,RPL10,0.972
BTF3,RPL35,0.967
BTF3,RPL17,0.965
BTF3,RPL4,0.965
BTF3,RPL14,0.965
BTF3,RPL7,0.964
SBF1,MTMR2,0.993
SBF1,MTMR1,0.86
SBF1,FZR1,0.841
SBF1,KMT2A,0.755
SBF1,RAB21,0.72
MTMR12,MTMR2,0.984
MTMR12,MTM1,0.95
CLK3,COQ7,0.893
CLK3,TRA2B,0.855
CLK3,CLK2,0.846
CLK3,TRA2A,0.837
CLK3,RSRP1,0.835
CLK3,SRSF10,0.833
CLK3,SRSF8,0.831
CLK3,SRSF1,0.782
CLK3,TELO2,0.77
CLK3,IMMT,0.768
CLK3,SRRM2,0.739
CLK3,SRPK2,0.736
CLK3,RBBP6,0.734
CLK3,SRSF12,0.706
TSPO,VDAC1,0.999
TSPO,STAR,0.993
TSPO,TSPOAP1,0.99
TSPO,ACBD3,0.985
TSPO,VDAC3,0.958
TSPO,VDAC2,0.956
TSPO,SLC25A6,0.946
TSPO,SLC25A5,0.943
TSPO,DBI,0.941
TSPO,SLC25A4,0.937
TSPO,SLC25A31,0.935
TSPO,FAM189A2,0.83
TSPO,PPIF,0.807
TSPO,CYP11A1,0.786
TSPO,TJP2,0.763
TSPO,ATAD3A,0.748
TSPO,BCL2,0.736
TSPO,BAX,0.719
TSPO,TMC1,0.717
BLOC1S5,BLOC1S6,0.999
BLOC1S5,BLOC1S1,0.997
BLOC1S5,DTNBP1,0.996
BLOC1S5,SNAPIN,0.996
BLOC1S5,BLOC1S3,0.995
BLOC1S5,BLOC1S2,0.994
BLOC1S5,BLOC1S4,0.993
BLOC1S5,HPS3,0.919
BLOC1S5,BCAS4,0.913
BLOC1S5,HPS5,0.884
BLOC1S5,HPS6,0.882
BLOC1S5,EEF1E1,0.844
BLOC1S5,HPS4,0.836
BLOC1S5,TEX35,0.778
BLOC1S5,HPS1,0.739
BLOC1S5,TRIM69,0.708
EPS15L1,EPS15,0.99
EPS15L1,ITSN2,0.986
EPS15L1,STON2,0.984
EPS15L1,EPN1,0.981
EPS15L1,EPN2,0.973
EPS15L1,EPN3,0.969
EPS15L1,FCHO1,0.959
EPS15L1,ITSN1,0.955
EPS15L1,AP2S1,0.946
EPS15L1,AP2B1,0.933
EPS15L1,NUMBL,0.925
EPS15L1,SGIP1,0.918
EPS15L1,AP2M1,0.918
EPS15L1,FCHO2,0.913
EPS15L1,AP2A1,0.907
EPS15L1,EGFR,0.907
EPS15L1,GRB2,0.894
EPS15L1,CLTC,0.871
EPS15L1,CLTCL1,0.871
EPS15L1,AGFG2,0.867
EPS15L1,CBL,0.864
EPS15L1,SYNJ1,0.849
EPS15L1,PICALM,0.836
EPS15L1,NECAP2,0.832
EPS15L1,AP2A2,0.818
MTMR10,MTMR2,0.968
MTMR10,FAN1,0.949
MTMR10,TRPM1,0.933
MTMR10,OTUD7A,0.808
MTMR10,IFT80,0.763
MTMR10,KLF13,0.731
NISCH,RANGAP1,0.864
NISCH,ITGA5,0.805
NISCH,RANBP2,0.796
NISCH,SUMO1,0.773
NISCH,UBE2I,0.714
UQCRB,UQCRQ,0.999
UQCRB,COX5A,0.999
UQCRB,NDUFV2,0.999
UQCRB,MT-CYB,0.999
UQCRB,NDUFA6,0.999
UQCRB,NDUFA5,0.999
UQCRB,UQCRC1,0.999
UQCRB,NDUFA12,0.999
UQCRB,COX5B,0.999
UQCRB,NDUFV1,0.999
UQCRB,UQCRFS1,0.999
UQCRB,NDUFS4,0.999
UQCRB,CYC1,0.999
UQCRB,UQCRC2,0.999
UQCRB,COX7C,0.999
UQCRB,UQCRH,0.999
UQCRB,UQCR11,0.999
UQCRB,UQCR10,0.999
UQCRB,COX6B1,0.999
UQCRB,NDUFA8,0.999
UQCRB,UQCRHL,0.998
UQCRB,NDUFS1,0.998
UQCRB,COX6A2,0.998
UQCRB,NDUFB9,0.998
UQCRB,COX4I1,0.998
PTDSS1,PISD,0.986
PTDSS1,PEMT,0.958
PTDSS1,CEPT1,0.956
PTDSS1,CHPT1,0.953
PTDSS1,PTDSS2,0.936
PTDSS1,MBOAT2,0.928
PTDSS1,PLD2,0.924
PTDSS1,PLD1,0.922
PTDSS1,PLA1A,0.919
PTDSS1,LCAT,0.918
PTDSS1,LPCAT1,0.915
PTDSS1,LPCAT3,0.915
PTDSS1,LPCAT2,0.913
PTDSS1,LPCAT4,0.904
PTDSS1,PLD4,0.9
PTDSS1,PLAAT3,0.9
PTDSS1,PLD3,0.9
PTDSS1,MBOAT1,0.9
PTDSS1,PLA2G4F,0.714
PTDSS1,PLA2G12A,0.712
SMG8,SMG1,0.999
SMG8,SMG9,0.999
SMG8,UPF1,0.993
SMG8,UPF2,0.983
SMG8,ETF1,0.973
SMG8,SMG5,0.952
SMG8,UPF3A,0.945
SMG8,SMG6,0.937
SMG8,SMG7,0.916
SMG8,GSPT1,0.879
SMG8,DHX34,0.859
SMG8,PNRC2,0.842
SMG8,UPF3B,0.841
SMG8,RBM8A,0.779
SMG8,DCP1A,0.779
ATP1A1,ATP1B1,0.999
ATP1A1,FXYD2,0.996
ATP1A1,ATP1B3,0.995
ATP1A1,ATP1B2,0.985
ATP1A1,ATP1B4,0.951
ATP1A1,ATP1A3,0.947
ATP1A1,MAPK1,0.943
ATP1A1,FXYD1,0.942
ATP1A1,MAPK3,0.942
ATP1A1,ATP1A2,0.936
ATP1A1,PRKG1,0.909
ATP1A1,PRKG2,0.904
ATP1A1,ATP1A4,0.902
ATP1A1,SLC9A1,0.821
ATP1A1,ATP2A2,0.82
ATP1A1,PLN,0.818
ATP1A1,KCNJ5,0.801
ATP1A1,SLC12A1,0.794
ATP1A1,INO80,0.767
ATP1A1,ATP4B,0.763
ATP1A1,ABCB8,0.756
ATP1A1,CACNA1D,0.754
ATP1A1,ABCA2,0.754
ATP1A1,ABCG5,0.745
ATP1A1,ABCG8,0.744
TTN,TCAP,0.999
TTN,ACTN2,0.999
TTN,CAPN3,0.998
TTN,TRIM63,0.998
TTN,OBSCN,0.998
TTN,NEB,0.998
TTN,CSRP3,0.995
TTN,MYBPC3,0.994
TTN,ANKRD1,0.988
TTN,NBR1,0.986
TTN,ANK1,0.984
TTN,OBSL1,0.972
TTN,FHL2,0.969
TTN,ANKRD2,0.969
TTN,MYBPC2,0.967
TTN,MYL1,0.965
TTN,TRIM55,0.96
TTN,MYH7,0.958
TTN,MYL2,0.944
TTN,TRIM54,0.94
TTN,ANK2,0.935
TTN,MYL3,0.931
TTN,SQSTM1,0.93
TTN,MYH6,0.926
TTN,ANK3,0.926
TRAPPC5,TRAPPC3,0.999
TRAPPC5,TRAPPC9,0.999
TRAPPC5,TRAPPC2L,0.999
TRAPPC5,TRAPPC8,0.999
TRAPPC5,TRAPPC6A,0.999
TRAPPC5,TRAPPC10,0.999
TRAPPC5,TRAPPC1,0.999
TRAPPC5,TRAPPC2,0.999
TRAPPC5,TRAPPC4,0.999
TRAPPC5,TRAPPC6B,0.997
TRAPPC5,TRAPPC11,0.995
TRAPPC5,TRAPPC12,0.994
TRAPPC5,TRAPPC3L,0.993
TRAPPC5,TRAPPC13,0.985
TRAPPC5,TRAPPC2B,0.979
TRAPPC5,RAB1A,0.969
TRAPPC5,ENSP00000485615,0.939
TRAPPC5,MAP11,0.936
TRAPPC5,RAB1B,0.926
TRAPPC5,LCA5,0.872
TRAPPC5,BCL2L14,0.804
TRAPPC5,TBC1D14,0.79
TRAPPC5,CABS1,0.786
TRAPPC5,STMN4,0.758
TRAPPC5,RAB43,0.725
GRIN2B,GRIN2A,0.999
GRIN2B,GRIN1,0.999
GRIN2B,DLG4,0.999
GRIN2B,CAMK2A,0.999
GRIN2B,GRIN3A,0.999
GRIN2B,GRIN2D,0.998
GRIN2B,GRIN2C,0.998
GRIN2B,DLG3,0.998
GRIN2B,DLG2,0.996
GRIN2B,GRIN3B,0.996
GRIN2B,FYN,0.993
GRIN2B,DLG1,0.992
GRIN2B,NOS1,0.984
GRIN2B,KIF17,0.976
GRIN2B,PRKACG,0.974
GRIN2B,RASGRF1,0.972
GRIN2B,PDYN,0.964
GRIN2B,PRKACA,0.951
GRIN2B,PRKACB,0.951
GRIN2B,ACTN2,0.943
GRIN2B,LIN7A,0.937
GRIN2B,SYNGAP1,0.936
GRIN2B,GRIA1,0.934
GRIN2B,SRC,0.933
GRIN2B,BDNF,0.931
BTK,LCP2,0.999
BTK,SYK,0.999
BTK,PLCG2,0.999
BTK,BLNK,0.999
BTK,LYN,0.997
BTK,VAV1,0.996
BTK,MYD88,0.984
BTK,GRB2,0.984
BTK,GTF2I,0.978
BTK,PIK3CD,0.978
BTK,WAS,0.976
BTK,CD79B,0.965
BTK,CD79A,0.955
BTK,PTPN6,0.953
BTK,BIRC2,0.951
BTK,PLCG1,0.95
BTK,IBTK,0.95
BTK,PIK3R1,0.947
BTK,PIK3CA,0.946
BTK,PIK3CB,0.943
BTK,TRAF3,0.939
BTK,IKBKG,0.932
BTK,SH3BP5,0.931
BTK,GRAP2,0.929
BTK,PLEK,0.929
RYR3,CALM3,0.996
RYR3,RYR2,0.995
RYR3,CALML5,0.966
RYR3,CALML3,0.966
RYR3,FKBP1B,0.961
RYR3,PSEN2,0.959
RYR3,RYR1,0.954
RYR3,CALML4,0.953
RYR3,CALML6,0.953
RYR3,CASQ2,0.952
RYR3,CASQ1,0.947
RYR3,CALM2,0.947
RYR3,PSEN1,0.944
RYR3,TRDN,0.922
RYR3,CD38,0.918
RYR3,NOS1,0.918
RYR3,FKBP1A,0.911
RYR3,ASPH,0.89
RYR3,CACNA1C,0.737
RYR3,OPCML,0.729
PHGDH,PSAT1,0.999
PHGDH,PGAM1,0.947
PHGDH,PSPH,0.938
PHGDH,SHMT2,0.926
PHGDH,PGAM4,0.926
PHGDH,BPGM,0.916
PHGDH,PGAM2,0.914
PHGDH,TNPO1,0.914
PHGDH,GAPDH,0.891
PHGDH,SHMT1,0.881
PHGDH,GLDC,0.869
PHGDH,LGALS4,0.857
PHGDH,KPNA4,0.849
PHGDH,AGXT,0.844
PHGDH,TYMS,0.838
PHGDH,KPNA2,0.832
PHGDH,ASNS,0.829
PHGDH,FPGS,0.801
PHGDH,KPNA1,0.796
PHGDH,KPNA3,0.79
PHGDH,XPO1,0.786
PHGDH,MYC,0.782
PHGDH,ALDH18A1,0.776
PHGDH,MTHFD1L,0.743
PHGDH,ASS1,0.731
AP3D1,AP3S1,0.999
AP3D1,AP3M1,0.999
AP3D1,AP3B1,0.999
AP3D1,AP3S2,0.997
AP3D1,AP3M2,0.996
AP3D1,AP3B2,0.979
AP3D1,AP4B1,0.912
AP3D1,AP4M1,0.896
AP3D1,ARPIN-AP3S2,0.884
AP3D1,AP1M1,0.877
AP3D1,AP4S1,0.861
AP3D1,AP2S1,0.86
AP3D1,AP2B1,0.853
AP3D1,AP2M1,0.847
AP3D1,AP1B1,0.844
AP3D1,ARPIN,0.821
AP3D1,SLC30A3,0.802
AP3D1,AP1M2,0.799
AP3D1,AP1S1,0.793
AP3D1,VAMP7,0.788
AP3D1,AGO3,0.784
AP3D1,AP2A1,0.783
AP3D1,AP1S3,0.771
AP3D1,AP5M1,0.765
AP3D1,VPS41,0.76
COG8,COG4,0.999
COG8,COG2,0.999
COG8,COG5,0.999
COG8,COG6,0.999
COG8,COG3,0.999
COG8,COG1,0.999
COG8,COG7,0.999
COG8,STX16,0.929
COG8,STX5,0.914
COG8,RIC1,0.907
COG8,GOSR2,0.898
COG8,VPS51,0.869
COG8,VPS53,0.864
COG8,STX6,0.862
COG8,GOSR1,0.86
COG8,GOLGA5,0.849
COG8,VPS52,0.846
COG8,VPS54,0.829
COG8,VTI1A,0.814
COG8,YKT6,0.776
COG8,VSIG2,0.776
COG8,VAMP4,0.753
COG8,VPS45,0.75
COG8,ARFRP1,0.746
COG8,GOLIM4,0.744
BCL10,CARD10,0.999
BCL10,IKBKG,0.999
BCL10,CARD11,0.999
BCL10,MALT1,0.999
BCL10,TRAF6,0.999
BCL10,CARD9,0.999
BCL10,CASP8,0.998
BCL10,IKBKB,0.996
BCL10,CHUK,0.994
BCL10,CARD14,0.988
BCL10,PRKCQ,0.973
BCL10,MAP3K7,0.972
BCL10,MAPK9,0.964
BCL10,MIB2,0.938
BCL10,BIRC3,0.935
BCL10,NFKB1,0.929
BCL10,MAPK3,0.927
BCL10,MAPK8,0.926
BCL10,MAPK14,0.921
BCL10,MAPK1,0.917
BCL10,MAPK13,0.916
BCL10,MAPK12,0.914
BCL10,MAPK11,0.911
BCL10,RNF181,0.902
BCL10,DDX58,0.899
CBLB,ZAP70,0.996
CBLB,EGFR,0.995
CBLB,SH3KBP1,0.989
CBLB,UBC,0.98
CBLB,PIK3R1,0.974
CBLB,GRB2,0.965
CBLB,UBE2D2,0.965
CBLB,SYK,0.96
CBLB,CBL,0.948
CBLB,RPS27A,0.942
CBLB,LCK,0.94
CBLB,FYN,0.938
CBLB,PIK3R2,0.937
CBLB,INSR,0.919
CBLB,CBLC,0.913
CBLB,PIK3CD,0.908
CBLB,PIK3R3,0.906
CBLB,PIK3CA,0.904
CBLB,PIK3CB,0.904
CBLB,RAPGEF1,0.903
CBLB,SH2B2,0.903
CBLB,UBB,0.902
CBLB,UBA52,0.902
CBLB,CLEC7A,0.9
CBLB,CLEC6A,0.9
