protein,gcn_rank,gcn_score,rwr_rank,rwr_score,is_seed_gene,disease
KCNA5,1,1.0,138,0.32134,True,multiple_sclerosis
MC2R,2,1.0,58,0.35812,True,multiple_sclerosis
PPAN,3,1.0,134,0.32259,True,multiple_sclerosis
KCNB2,4,1.0,552,0.14401,True,multiple_sclerosis
PLK1,5,1.0,9,0.46827,True,multiple_sclerosis
PIKFYVE,6,1.0,42,0.3687,True,multiple_sclerosis
KCNC1,7,1.0,215,0.28987,True,multiple_sclerosis
KCNG1,8,1.0,486,0.18212,True,multiple_sclerosis
HMGCR,9,1.0,20,0.38752,True,multiple_sclerosis
HNRNPA1,10,1.0,10,0.45327,True,multiple_sclerosis
KCND2,11,1.0,76,0.34948,True,multiple_sclerosis
MDN1,12,1.0,129,0.32439,True,multiple_sclerosis
MCM10,13,1.0,51,0.3629,True,multiple_sclerosis
ITGB7,14,1.0,205,0.29404,True,multiple_sclerosis
KCNA1,15,1.0,21,0.38588,True,multiple_sclerosis
ITGB1,16,1.0,67,0.35338,True,multiple_sclerosis
DHODH,17,1.0,81,0.34733,True,multiple_sclerosis
ITGA4,18,1.0,198,0.29554,True,multiple_sclerosis
KCND3,19,1.0,96,0.33964,True,multiple_sclerosis
KIF1A,20,1.0,8,0.47094,True,multiple_sclerosis
KIF18B,21,1.0,82,0.34631,True,multiple_sclerosis
KEAP1,22,1.0,41,0.36893,True,multiple_sclerosis
KCNQ3,23,1.0,175,0.30779,True,multiple_sclerosis
KCNQ2,24,1.0,109,0.33306,True,multiple_sclerosis
IMPDH1,25,1.0,148,0.31787,True,multiple_sclerosis
IMPDH2,26,1.0,104,0.3348,True,multiple_sclerosis
KCNB1,27,1.0,310,0.25761,True,multiple_sclerosis
CDK12,28,1.0,78,0.34839,True,multiple_sclerosis
ATP6V1C1,29,1.0,174,0.3079,True,multiple_sclerosis
S1PR3,30,1.0,496,0.17792,True,multiple_sclerosis
RGS1,31,1.0,399,0.21734,True,multiple_sclerosis
RIOK2,32,1.0,128,0.32484,True,multiple_sclerosis
KCNA7,33,1.0,568,0.13838,True,multiple_sclerosis
RRP15,34,1.0,141,0.32053,True,multiple_sclerosis
ATP6V1A,35,1.0,164,0.31149,True,multiple_sclerosis
ATP6V1B2,36,1.0,165,0.31144,True,multiple_sclerosis
GABBR1,37,1.0,142,0.3204,True,multiple_sclerosis
S1PR2,38,1.0,423,0.20839,True,multiple_sclerosis
GABBR2,39,1.0,123,0.32575,True,multiple_sclerosis
KCNA2,40,1.0,38,0.37188,True,multiple_sclerosis
PSAP,41,1.0,44,0.36783,True,multiple_sclerosis
AURKB,42,1.0,75,0.35018,True,multiple_sclerosis
SMPD1,43,1.0,5,0.47941,True,multiple_sclerosis
KCNA3,44,0.99999,286,0.26601,True,multiple_sclerosis
SCD,45,0.99999,62,0.35683,True,multiple_sclerosis
RSL24D1,46,0.99999,65,0.35528,True,multiple_sclerosis
DHX37,47,0.99999,255,0.27639,True,multiple_sclerosis
AURKA,48,0.99999,46,0.36481,True,multiple_sclerosis
KCNQ5,49,0.99999,127,0.32497,True,multiple_sclerosis
KCNF1,50,0.99999,582,0.12851,True,multiple_sclerosis
LSM6,51,0.99999,150,0.31744,True,multiple_sclerosis
KCNH2,52,0.99999,25,0.38204,True,multiple_sclerosis
SUPT6H,53,0.99999,77,0.3487,True,multiple_sclerosis
CLK3,54,0.99999,330,0.25062,True,multiple_sclerosis
BLOC1S5,55,0.99999,199,0.29553,True,multiple_sclerosis
TOP2A,56,0.99999,48,0.36454,True,multiple_sclerosis
PPP1R15B,57,0.99999,258,0.27591,True,multiple_sclerosis
CLK2,58,0.99999,323,0.25365,True,multiple_sclerosis
NEU1,59,0.99999,365,0.22952,True,multiple_sclerosis
HEATR1,60,0.99999,194,0.29702,True,multiple_sclerosis
KAT8,61,0.99999,19,0.39285,True,multiple_sclerosis
PPT1,62,0.99999,17,0.39995,True,multiple_sclerosis
JAZF1,63,0.99999,276,0.27077,True,multiple_sclerosis
ACACA,64,0.99999,15,0.40707,True,multiple_sclerosis
RAB7A,65,0.99999,4,0.48591,True,multiple_sclerosis
SNX3,66,0.99999,22,0.38514,True,multiple_sclerosis
PI4KB,67,0.99999,16,0.40188,True,multiple_sclerosis
BMS1,68,0.99999,119,0.32676,True,multiple_sclerosis
PAF1,69,0.99999,95,0.33974,True,multiple_sclerosis
WDHD1,70,0.99999,39,0.37187,True,multiple_sclerosis
SQLE,71,0.99999,14,0.40791,True,multiple_sclerosis
NOC3L,72,0.99999,74,0.3505,True,multiple_sclerosis
NOC4L,73,0.99999,155,0.31524,True,multiple_sclerosis
AHI1,74,0.99998,7,0.47382,True,multiple_sclerosis
MS4A1,75,0.99998,235,0.28312,True,multiple_sclerosis
KCNG4,76,0.99998,591,0.12326,True,multiple_sclerosis
ING3,77,0.99998,53,0.36139,True,multiple_sclerosis
KCNA4,78,0.99998,272,0.27156,True,multiple_sclerosis
AP2M1,79,0.99998,30,0.37718,True,multiple_sclerosis
SCN3A,80,0.99998,349,0.23846,True,multiple_sclerosis
KCNQ1,81,0.99998,80,0.34777,True,multiple_sclerosis
GGPS1,82,0.99998,47,0.36475,True,multiple_sclerosis
PIP5K1A,83,0.99998,171,0.30832,True,multiple_sclerosis
CSNK1A1,84,0.99998,97,0.33923,True,multiple_sclerosis
MTMR3,85,0.99998,372,0.22586,True,multiple_sclerosis
MTMR14,86,0.99998,381,0.22294,True,multiple_sclerosis
S1PR1,87,0.99998,387,0.22201,True,multiple_sclerosis
KCNC3,88,0.99998,522,0.15838,True,multiple_sclerosis
NUP93,89,0.99998,151,0.31693,True,multiple_sclerosis
LTV1,90,0.99998,240,0.28161,True,multiple_sclerosis
NUP205,91,0.99998,153,0.31617,True,multiple_sclerosis
AP3B1,92,0.99998,63,0.35668,True,multiple_sclerosis
ITGB4,93,0.99998,116,0.32914,True,multiple_sclerosis
NUP160,94,0.99998,147,0.31891,True,multiple_sclerosis
CDC25B,95,0.99998,178,0.30671,True,multiple_sclerosis
COPB1,96,0.99998,100,0.33611,True,multiple_sclerosis
CDK1,97,0.99998,52,0.36224,True,multiple_sclerosis
IPO7,98,0.99998,234,0.2832,True,multiple_sclerosis
TNPO3,99,0.99997,154,0.31571,True,multiple_sclerosis
SF3B1,100,0.99997,26,0.38159,True,multiple_sclerosis
CDK4,101,0.99997,222,0.28702,True,multiple_sclerosis
PLRG1,102,0.99997,114,0.33074,True,multiple_sclerosis
S1PR5,103,0.99997,578,0.1312,True,multiple_sclerosis
DHX15,104,0.99997,113,0.33077,True,multiple_sclerosis
COPB2,105,0.99997,118,0.32845,True,multiple_sclerosis
HSD17B12,106,0.99997,28,0.37931,True,multiple_sclerosis
PPP1R10,107,0.99997,404,0.21564,True,multiple_sclerosis
NR1H2,108,0.99997,257,0.27592,True,multiple_sclerosis
S1PR4,109,0.99996,569,0.13595,True,multiple_sclerosis
SKP2,110,0.99996,181,0.30495,True,multiple_sclerosis
XPO1,111,0.99996,11,0.45179,True,multiple_sclerosis
KCNQ4,112,0.99996,325,0.25298,True,multiple_sclerosis
PAPOLA,113,0.99996,13,0.41253,True,multiple_sclerosis
LAMTOR3,114,0.99996,43,0.36838,True,multiple_sclerosis
COPZ1,115,0.99996,246,0.28007,True,multiple_sclerosis
AP2S1,116,0.99996,45,0.36539,True,multiple_sclerosis
SNRPD3,117,0.99995,79,0.34828,True,multiple_sclerosis
COPG1,118,0.99995,120,0.32651,True,multiple_sclerosis
SNRPE,119,0.99994,64,0.35648,True,multiple_sclerosis
AP3D1,120,0.99994,103,0.33497,True,multiple_sclerosis
MTMR6,121,0.99994,414,0.21135,True,multiple_sclerosis
MASTL,122,0.99994,479,0.18671,True,multiple_sclerosis
GABRB1,123,0.99994,243,0.28041,True,multiple_sclerosis
FCF1,124,0.99994,191,0.29902,True,multiple_sclerosis
KCNH1,125,0.99993,545,0.14688,True,multiple_sclerosis
TAOK1,126,0.99993,375,0.22429,True,multiple_sclerosis
IFNAR1,127,0.99993,167,0.3104,True,multiple_sclerosis
KCNC4,128,0.99993,528,0.15425,True,multiple_sclerosis
SEC13,129,0.99992,29,0.37779,True,multiple_sclerosis
COPA,130,0.99992,117,0.32908,True,multiple_sclerosis
IMP3,131,0.99991,206,0.29401,True,multiple_sclerosis
MTOR,132,0.99991,33,0.37472,True,multiple_sclerosis
EPS15L1,133,0.9999,136,0.32158,True,multiple_sclerosis
CAMLG,134,0.99988,361,0.23076,True,multiple_sclerosis
KCND1,135,0.99988,556,0.14203,True,multiple_sclerosis
SON,136,0.99988,406,0.21444,True,multiple_sclerosis
TGFBR2,137,0.99986,126,0.32516,True,multiple_sclerosis
GSK3B,138,0.99986,31,0.37667,True,multiple_sclerosis
PTPN1,139,0.99986,195,0.29685,True,multiple_sclerosis
ERG,140,0.99986,537,0.14889,True,multiple_sclerosis
KCNS3,141,0.99985,629,0.10865,True,multiple_sclerosis
CDKN1C,142,0.99985,230,0.28546,True,multiple_sclerosis
EEF2,143,0.99983,201,0.29536,True,multiple_sclerosis
MMEL1,144,0.99983,379,0.22329,True,multiple_sclerosis
SNRPD2,145,0.99983,98,0.3391,True,multiple_sclerosis
NR3C1,146,0.99982,226,0.28582,True,multiple_sclerosis
TTN,147,0.99982,12,0.4195,True,multiple_sclerosis
KCNV2,148,0.99981,583,0.1285,True,multiple_sclerosis
TARS2,149,0.99979,92,0.34263,True,multiple_sclerosis
PTPN12,150,0.99979,374,0.22506,True,multiple_sclerosis
DIMT1,151,0.99978,208,0.29226,True,multiple_sclerosis
MMP25,152,0.99977,536,0.1499,True,multiple_sclerosis
ATP1A1,153,0.99977,73,0.35095,True,multiple_sclerosis
KCNC2,154,0.99975,642,0.10472,True,multiple_sclerosis
GRIN1,155,0.99975,213,0.29013,True,multiple_sclerosis
EPM2A,156,0.99973,210,0.29097,True,multiple_sclerosis
RYR3,157,0.99973,350,0.23793,True,multiple_sclerosis
TSPO,158,0.99971,160,0.31323,True,multiple_sclerosis
LRP1,159,0.9997,27,0.37937,True,multiple_sclerosis
CDKN2B,160,0.99969,279,0.27029,True,multiple_sclerosis
NDUFB9,161,0.99969,156,0.31467,True,multiple_sclerosis
GRIN2C,162,0.99968,193,0.29879,True,multiple_sclerosis
KCNA6,163,0.99966,539,0.14867,True,multiple_sclerosis
PDGFRA,164,0.99966,254,0.27653,True,multiple_sclerosis
GBF1,165,0.99966,382,0.22294,True,multiple_sclerosis
KCNS1,166,0.99965,639,0.10588,True,multiple_sclerosis
CDKN2A,167,0.99964,87,0.34441,True,multiple_sclerosis
FOXK1,168,0.99963,484,0.18247,True,multiple_sclerosis
PANK1,169,0.99961,401,0.21636,True,multiple_sclerosis
CLTC,170,0.9996,34,0.37395,True,multiple_sclerosis
ZNF207,171,0.99958,572,0.13489,True,multiple_sclerosis
CYP24A1,172,0.99954,68,0.35329,True,multiple_sclerosis
CDKN1A,173,0.99949,173,0.30812,True,multiple_sclerosis
NDUFB10,174,0.99944,203,0.29486,True,multiple_sclerosis
PHGDH,175,0.99941,56,0.35881,True,multiple_sclerosis
NDUFB6,176,0.9994,224,0.28634,True,multiple_sclerosis
TGFBR1,177,0.99939,131,0.32367,True,multiple_sclerosis
NDUFAB1,178,0.99938,266,0.27292,True,multiple_sclerosis
UQCRC1,179,0.99937,265,0.27343,True,multiple_sclerosis
CTSH,180,0.99937,520,0.16316,True,multiple_sclerosis
NDUFA6,181,0.99935,290,0.26296,True,multiple_sclerosis
NDUFA5,182,0.99933,288,0.26501,True,multiple_sclerosis
NDUFS1,183,0.99932,242,0.28049,True,multiple_sclerosis
AXL,184,0.9993,232,0.28494,True,multiple_sclerosis
NDUFA9,185,0.99929,278,0.27038,True,multiple_sclerosis
AKAP11,186,0.99928,515,0.1648,True,multiple_sclerosis
HHEX,187,0.99925,360,0.23168,True,multiple_sclerosis
NDUFB4,188,0.99923,273,0.27114,True,multiple_sclerosis
NDUFS8,189,0.99922,143,0.32032,True,multiple_sclerosis
NDUFV2,190,0.9992,267,0.27291,True,multiple_sclerosis
RYR1,191,0.99918,187,0.30188,True,multiple_sclerosis
NDUFS5,192,0.99914,256,0.27597,True,multiple_sclerosis
KCNV1,193,0.99913,711,0.08422,True,multiple_sclerosis
IL6ST,194,0.99909,337,0.24874,True,multiple_sclerosis
MTMR10,195,0.99903,511,0.17139,True,multiple_sclerosis
HLA-DRB1,196,0.999,106,0.33334,True,multiple_sclerosis
KCNH3,197,0.99898,721,0.08342,True,multiple_sclerosis
NDUFB7,198,0.99897,295,0.2623,True,multiple_sclerosis
GM2A,199,0.99897,573,0.13476,True,multiple_sclerosis
GRIN3A,200,0.99893,121,0.32601,True,multiple_sclerosis
NDUFA8,201,0.9989,161,0.31287,True,multiple_sclerosis
CALR,202,0.99884,99,0.3372,True,multiple_sclerosis
FADS2,203,0.99882,529,0.15347,True,multiple_sclerosis
NRIP1,204,0.99877,248,0.27915,True,multiple_sclerosis
WRAP53,205,0.99871,94,0.34003,True,multiple_sclerosis
NDUFS2,206,0.99869,179,0.30528,True,multiple_sclerosis
PLEC,207,0.99868,66,0.35483,True,multiple_sclerosis
SLC18A2,208,0.99867,93,0.34163,True,multiple_sclerosis
DDX39B,209,0.99866,89,0.34328,True,multiple_sclerosis
ZFP36L1,210,0.99864,483,0.18294,True,multiple_sclerosis
IL6R,211,0.99864,289,0.26327,True,multiple_sclerosis
DST,212,0.99861,390,0.22163,True,multiple_sclerosis
IFNAR2,213,0.9986,353,0.23742,True,multiple_sclerosis
GRIN2A,214,0.99857,166,0.31094,True,multiple_sclerosis
SBF1,215,0.99854,612,0.11286,True,multiple_sclerosis
UQCRB,216,0.99845,249,0.27911,True,multiple_sclerosis
SMG8,217,0.99842,400,0.21724,True,multiple_sclerosis
CD19,218,0.99835,90,0.34313,True,multiple_sclerosis
SPRED2,219,0.99807,546,0.14671,True,multiple_sclerosis
SCARB1,220,0.99793,163,0.31255,True,multiple_sclerosis
KCNH8,221,0.9979,525,0.1553,True,multiple_sclerosis
NDUFV1,222,0.99785,204,0.29466,True,multiple_sclerosis
KCNG3,223,0.99784,1102,0.04264,True,multiple_sclerosis
BMP2K,224,0.99761,553,0.14364,True,multiple_sclerosis
CBLB,225,0.9975,300,0.26085,True,multiple_sclerosis
NOP16,226,0.9975,641,0.10486,True,multiple_sclerosis
SLC6A3,227,0.99742,101,0.33551,True,multiple_sclerosis
ELMO2,228,0.99739,287,0.26512,True,multiple_sclerosis
CREB3L3,229,0.99727,105,0.33384,True,multiple_sclerosis
TRAPPC5,230,0.99723,40,0.37065,True,multiple_sclerosis
NDUFC2,231,0.99713,339,0.24721,True,multiple_sclerosis
CDKN1B,232,0.99693,227,0.28581,False,multiple_sclerosis
ANKRD55,233,0.9966,441,0.20347,True,multiple_sclerosis
NDUFC1,234,0.9964,362,0.23015,True,multiple_sclerosis
CD5,235,0.99622,357,0.23509,True,multiple_sclerosis
BTF3,236,0.99612,207,0.29345,True,multiple_sclerosis
GCA,237,0.99571,1373,0.03359,False,multiple_sclerosis
KCNG2,238,0.99569,858,0.06098,True,multiple_sclerosis
SNRK,239,0.99545,440,0.20347,True,multiple_sclerosis
PIK3R1,240,0.99485,61,0.35688,True,multiple_sclerosis
SHMT1,241,0.99468,35,0.37319,True,multiple_sclerosis
SP140,242,0.9946,645,0.10305,True,multiple_sclerosis
IL7R,243,0.99364,347,0.23906,True,multiple_sclerosis
GABRP,244,0.99363,600,0.11997,True,multiple_sclerosis
NISCH,245,0.99314,680,0.09246,True,multiple_sclerosis
PIK3CB,246,0.9928,55,0.36004,True,multiple_sclerosis
INAVA,247,0.99259,605,0.11557,True,multiple_sclerosis
PTDSS1,248,0.99256,297,0.26181,True,multiple_sclerosis
IL2RB,249,0.99233,344,0.24252,True,multiple_sclerosis
VPS28,250,0.99232,37,0.3721,True,multiple_sclerosis
IL2RA,251,0.99165,305,0.259,True,multiple_sclerosis
IL2RG,252,0.99133,411,0.21266,True,multiple_sclerosis
GRIN2B,253,0.99094,122,0.32581,True,multiple_sclerosis
RAP2B,254,0.99082,507,0.17402,True,multiple_sclerosis
MED1,255,0.99048,18,0.39937,True,multiple_sclerosis
TFCP2L1,256,0.98985,699,0.08776,True,multiple_sclerosis
STAT3,257,0.98954,3,0.53286,True,multiple_sclerosis
KCNA10,258,0.98899,740,0.07946,True,multiple_sclerosis
BATF,259,0.98895,302,0.26024,True,multiple_sclerosis
GLDN,260,0.98883,658,0.09852,True,multiple_sclerosis
HRH1,261,0.98871,621,0.11037,True,multiple_sclerosis
MTMR9,262,0.98842,599,0.12017,True,multiple_sclerosis
B4GALT2,263,0.98828,72,0.35147,True,multiple_sclerosis
KCNS2,264,0.98823,930,0.05456,True,multiple_sclerosis
DLD,265,0.9881,59,0.35776,True,multiple_sclerosis
PGR,266,0.98777,326,0.25294,False,multiple_sclerosis
BTK,267,0.98753,247,0.27981,True,multiple_sclerosis
EVI5,268,0.98724,627,0.10925,True,multiple_sclerosis
SNRPC,269,0.98631,209,0.2915,False,multiple_sclerosis
RANBP3,270,0.98588,574,0.13428,True,multiple_sclerosis
IL12B,271,0.9857,480,0.18538,True,multiple_sclerosis
MTMR12,272,0.98443,790,0.069,True,multiple_sclerosis
C5,273,0.98359,238,0.28183,True,multiple_sclerosis
ELK1,274,0.98346,1452,0.03187,False,multiple_sclerosis
RIPK1,275,0.98325,324,0.25356,True,multiple_sclerosis
CD2,276,0.98237,292,0.26261,False,multiple_sclerosis
KCNH6,277,0.98196,643,0.10435,True,multiple_sclerosis
TNFRSF1A,278,0.98183,190,0.29912,True,multiple_sclerosis
RXRG,279,0.98126,303,0.25922,True,multiple_sclerosis
COG8,280,0.98074,69,0.35252,True,multiple_sclerosis
PLCL1,281,0.97701,516,0.1644,False,multiple_sclerosis
TP53,282,0.97379,1,0.74034,True,multiple_sclerosis
RGS4,283,0.97094,269,0.27254,False,multiple_sclerosis
KCNH7,284,0.96938,774,0.07147,True,multiple_sclerosis
ESR1,285,0.96822,259,0.27554,False,multiple_sclerosis
CD52,286,0.96385,662,0.09735,True,multiple_sclerosis
NAGPA,287,0.9637,526,0.1553,True,multiple_sclerosis
FAU,288,0.96129,2,0.7004,False,multiple_sclerosis
MAF,289,0.96124,197,0.29592,True,multiple_sclerosis
IL12A,290,0.96004,533,0.15087,True,multiple_sclerosis
BLK,291,0.95663,467,0.19139,False,multiple_sclerosis
IL12RB2,292,0.95,505,0.17469,False,multiple_sclerosis
L3MBTL3,293,0.94754,623,0.10999,True,multiple_sclerosis
OSMR,294,0.9456,476,0.18739,False,multiple_sclerosis
RPLP1,295,0.94214,343,0.2446,False,multiple_sclerosis
JAK3,296,0.94088,407,0.21406,False,multiple_sclerosis
STAT4,297,0.93853,296,0.26223,True,multiple_sclerosis
KIT,298,0.938,366,0.22864,False,multiple_sclerosis
JAK1,299,0.92944,214,0.29002,False,multiple_sclerosis
BACH2,300,0.9245,531,0.15179,True,multiple_sclerosis
TYK2,301,0.91993,312,0.25703,False,multiple_sclerosis
IL21R,302,0.91509,470,0.19029,False,multiple_sclerosis
GATA3,303,0.9135,298,0.26123,True,multiple_sclerosis
ELK3,304,0.91324,842,0.06238,False,multiple_sclerosis
CD40,305,0.9122,221,0.28706,True,multiple_sclerosis
ELK4,306,0.90415,789,0.06949,False,multiple_sclerosis
CD86,307,0.89815,367,0.22832,True,multiple_sclerosis
TNFSF14,308,0.89585,521,0.15965,True,multiple_sclerosis
CD80,309,0.88662,434,0.20534,False,multiple_sclerosis
SMG7,310,0.88337,280,0.26985,False,multiple_sclerosis
ESRRB,311,0.87548,1225,0.03835,False,multiple_sclerosis
CLEC2D,312,0.86724,895,0.05694,True,multiple_sclerosis
CD58,313,0.86693,584,0.12762,True,multiple_sclerosis
CR2,314,0.84061,408,0.2138,False,multiple_sclerosis
CASTOR1,315,0.83743,596,0.12189,False,multiple_sclerosis
ZC2HC1A,316,0.83743,566,0.13924,True,multiple_sclerosis
TRAF3,317,0.83708,216,0.28937,True,multiple_sclerosis
PTPN22,318,0.81863,418,0.2101,False,multiple_sclerosis
KCNAB1,319,0.81076,54,0.36102,False,multiple_sclerosis
CMC1,320,0.7982,565,0.13924,True,multiple_sclerosis
COA3,321,0.7982,595,0.12189,False,multiple_sclerosis
KCNAB2,322,0.79284,85,0.34486,False,multiple_sclerosis
CD40LG,323,0.79256,432,0.20598,False,multiple_sclerosis
KCNAB3,324,0.79022,125,0.3252,False,multiple_sclerosis
TNF,325,0.78987,6,0.47587,False,multiple_sclerosis
TAGAP,326,0.7841,704,0.08631,True,multiple_sclerosis
BCL10,327,0.78302,315,0.2568,True,multiple_sclerosis
TNFSF4,328,0.77918,468,0.19119,False,multiple_sclerosis
ELOVL2,329,0.77777,592,0.12313,False,multiple_sclerosis
IFNGR2,330,0.76329,424,0.20731,False,multiple_sclerosis
AARS2,331,0.74264,162,0.31262,False,multiple_sclerosis
CNIH3,332,0.71324,1363,0.03383,False,multiple_sclerosis
PTPN2,333,0.69589,550,0.14493,False,multiple_sclerosis
IL4R,334,0.69318,466,0.19141,False,multiple_sclerosis
PXK,335,0.67964,794,0.06809,True,multiple_sclerosis
EBP,336,0.66823,2627,0.0157,False,multiple_sclerosis
TNFRSF13C,337,0.66106,458,0.19417,False,multiple_sclerosis
SP140L,338,0.64362,1635,0.02776,False,multiple_sclerosis
JAK2,339,0.64206,36,0.37249,False,multiple_sclerosis
IRF4,340,0.59255,457,0.19533,False,multiple_sclerosis
TERT,341,0.58489,115,0.33016,False,multiple_sclerosis
HIP1,342,0.57402,548,0.14556,False,multiple_sclerosis
ITPR3,343,0.55335,184,0.30386,False,multiple_sclerosis
FLT3,344,0.5466,396,0.219,False,multiple_sclerosis
KCNK15,345,0.52114,2458,0.0171,False,multiple_sclerosis
FAM167A,346,0.51863,987,0.05018,False,multiple_sclerosis
GNPTAB,347,0.51524,814,0.06559,False,multiple_sclerosis
GNPTG,348,0.51257,805,0.06628,False,multiple_sclerosis
IL23R,349,0.48236,444,0.20261,False,multiple_sclerosis
TIMMDC1,350,0.47096,412,0.21234,False,multiple_sclerosis
KIAA1109,351,0.45561,2748,0.01439,False,multiple_sclerosis
ODF2,352,0.44177,2209,0.01912,False,multiple_sclerosis
FBXO5,353,0.43403,1978,0.02192,False,multiple_sclerosis
ELMO1,354,0.40309,281,0.26937,False,multiple_sclerosis
IFNLR1,355,0.40156,475,0.18762,False,multiple_sclerosis
VAPB,356,0.39974,1750,0.02582,False,multiple_sclerosis
ESR2,357,0.3946,345,0.24055,False,multiple_sclerosis
THOC2,358,0.38742,229,0.28548,False,multiple_sclerosis
BANK1,359,0.38279,656,0.09886,False,multiple_sclerosis
RPS10,360,0.37811,318,0.25601,False,multiple_sclerosis
MTMR2,361,0.37679,661,0.09759,False,multiple_sclerosis
IL6,362,0.3739,57,0.35815,False,multiple_sclerosis
CYTH3,363,0.35165,1614,0.02852,False,multiple_sclerosis
MPDZ,364,0.34875,2047,0.02094,False,multiple_sclerosis
CYTH2,365,0.3409,1421,0.03262,False,multiple_sclerosis
IL10,366,0.33544,102,0.33509,False,multiple_sclerosis
PDE6H,367,0.33452,1695,0.02663,False,multiple_sclerosis
NFKBIA,368,0.30831,415,0.21109,False,multiple_sclerosis
TRAPPC11,369,0.29689,352,0.23751,False,multiple_sclerosis
IL23A,370,0.28958,517,0.16406,False,multiple_sclerosis
LTA,371,0.27665,469,0.19035,False,multiple_sclerosis
ETS1,372,0.27349,417,0.21022,False,multiple_sclerosis
MTMR7,373,0.27018,1183,0.03998,False,multiple_sclerosis
SIGMAR1,374,0.25573,1012,0.04808,False,multiple_sclerosis
PRKCQ,375,0.25163,451,0.19818,False,multiple_sclerosis
SYK,376,0.2436,262,0.27467,False,multiple_sclerosis
STAM2,377,0.23345,331,0.25056,False,multiple_sclerosis
ZC3H11A,378,0.23227,494,0.17802,False,multiple_sclerosis
DCAF5,379,0.21642,2061,0.02085,False,multiple_sclerosis
SAMD1,380,0.21357,1943,0.02242,False,multiple_sclerosis
MTM1,381,0.20797,913,0.05585,False,multiple_sclerosis
VAPA,382,0.17862,1175,0.04023,False,multiple_sclerosis
ATP4A,383,0.17467,275,0.27091,False,multiple_sclerosis
NDUFA10,384,0.17021,611,0.11315,False,multiple_sclerosis
DLC1,385,0.16925,647,0.1017,False,multiple_sclerosis
NDUFA1,386,0.16421,616,0.11218,False,multiple_sclerosis
SOCS1,387,0.16297,368,0.2282,False,multiple_sclerosis
PHRF1,388,0.16285,2032,0.0211,False,multiple_sclerosis
NDUFA3,389,0.15759,615,0.11218,False,multiple_sclerosis
NDUFA11,390,0.15486,618,0.11197,False,multiple_sclerosis
NDUFA12,391,0.15454,609,0.11371,False,multiple_sclerosis
NDUFA7,392,0.14883,617,0.11216,False,multiple_sclerosis
NPC2,393,0.14481,2355,0.01789,False,multiple_sclerosis
OGA,394,0.14348,2213,0.01909,False,multiple_sclerosis
NRCAM,395,0.14252,2014,0.02125,False,multiple_sclerosis
TRAF1,396,0.14186,378,0.22329,False,multiple_sclerosis
NDUFS7,397,0.14077,614,0.11243,False,multiple_sclerosis
EMILIN1,398,0.1401,2929,0.01261,False,multiple_sclerosis
PCP4,399,0.13847,1079,0.04386,False,multiple_sclerosis
MTMR8,400,0.13647,2639,0.0156,False,multiple_sclerosis
BCLAF1,401,0.13576,1267,0.03684,False,multiple_sclerosis
NDUFS4,402,0.13519,610,0.1132,False,multiple_sclerosis
RAB11A,403,0.12435,1270,0.03671,False,multiple_sclerosis
TNFSF13B,404,0.1226,403,0.21578,False,multiple_sclerosis
PRKCD,405,0.12231,354,0.23606,False,multiple_sclerosis
CSF2RB,406,0.12115,488,0.1808,False,multiple_sclerosis
RUNX3,407,0.11848,369,0.22778,False,multiple_sclerosis
NDUFB3,408,0.11573,741,0.07931,False,multiple_sclerosis
CD22,409,0.11531,373,0.22532,False,multiple_sclerosis
AMIGO1,410,0.11303,3473,0.00885,False,multiple_sclerosis
NDUFS3,411,0.11114,608,0.11378,False,multiple_sclerosis
SUMO1,412,0.11028,2959,0.01239,False,multiple_sclerosis
TMPRSS2,413,0.10974,3022,0.0119,False,multiple_sclerosis
NDUFA2,414,0.10486,673,0.09558,False,multiple_sclerosis
IL17A,415,0.10379,509,0.17295,False,multiple_sclerosis
FKBP1A,416,0.10374,271,0.2718,False,multiple_sclerosis
KLRB1,417,0.10321,861,0.06046,False,multiple_sclerosis
PTGER4,418,0.10052,386,0.22201,False,multiple_sclerosis
CTLA4,419,0.09781,346,0.2398,False,multiple_sclerosis
IRF1,420,0.09653,363,0.23,False,multiple_sclerosis
RSPH3,421,0.09249,1538,0.02977,False,multiple_sclerosis
PDCD5,422,0.09163,328,0.25153,False,multiple_sclerosis
SRSF10,423,0.09113,1664,0.02711,False,multiple_sclerosis
RAB21,424,0.08928,2791,0.0139,False,multiple_sclerosis
ITGAM,425,0.08892,293,0.26251,False,multiple_sclerosis
PLD4,426,0.08867,217,0.2893,False,multiple_sclerosis
FOSL2,427,0.08731,442,0.2029,False,multiple_sclerosis
FASLG,428,0.08675,425,0.20724,False,multiple_sclerosis
TNFRSF14,429,0.08593,426,0.20708,False,multiple_sclerosis
CARD9,430,0.08331,443,0.2028,False,multiple_sclerosis
NDUFS6,431,0.08187,781,0.07074,False,multiple_sclerosis
NDUFB8,432,0.08087,746,0.07855,False,multiple_sclerosis
XKR6,433,0.07883,4022,0.00725,False,multiple_sclerosis
FOS,434,0.07877,111,0.33233,False,multiple_sclerosis
NDUFV3,435,0.07814,674,0.09496,False,multiple_sclerosis
TNFAIP3,436,0.0776,355,0.23591,False,multiple_sclerosis
NACA2,437,0.07434,311,0.25759,False,multiple_sclerosis
VPS13C,438,0.07348,785,0.07003,False,multiple_sclerosis
RSRP1,439,0.07252,1589,0.02887,False,multiple_sclerosis
NCOA2,440,0.072,274,0.27111,False,multiple_sclerosis
PRKCB,441,0.06959,241,0.28062,False,multiple_sclerosis
CRX,442,0.06786,2898,0.01286,False,multiple_sclerosis
NDUFB5,443,0.06615,782,0.07034,False,multiple_sclerosis
TNFRSF13B,444,0.06549,585,0.12754,False,multiple_sclerosis
KCNE4,445,0.06503,1052,0.04529,False,multiple_sclerosis
NDUFB11,446,0.06234,843,0.06223,False,multiple_sclerosis
MT-ND2,447,0.06079,745,0.07863,False,multiple_sclerosis
CNTNAP1,448,0.05991,1149,0.0409,False,multiple_sclerosis
MT-ND1,449,0.0561,671,0.09568,False,multiple_sclerosis
CYP11A1,450,0.05598,831,0.06333,False,multiple_sclerosis
ERBB3,451,0.05582,282,0.26863,False,multiple_sclerosis
IRF7,452,0.05422,456,0.19544,False,multiple_sclerosis
NFASC,453,0.05348,1434,0.03216,False,multiple_sclerosis
ACAP1,454,0.05268,1264,0.03697,False,multiple_sclerosis
KCNE3,455,0.04975,875,0.05881,False,multiple_sclerosis
NDUFA13,456,0.04928,850,0.06184,False,multiple_sclerosis
PTPRC,457,0.04772,108,0.33314,False,multiple_sclerosis
CD53,458,0.04717,2705,0.01491,False,multiple_sclerosis
FAS,459,0.04539,427,0.20678,False,multiple_sclerosis
RALBP1,460,0.04462,3422,0.00909,False,multiple_sclerosis
IGKV1D-33,461,0.04424,1114,0.04234,False,multiple_sclerosis
IGKV1-33,462,0.04424,1113,0.04234,False,multiple_sclerosis
IRF5,463,0.04414,519,0.16357,False,multiple_sclerosis
NUMB,464,0.04408,3190,0.01051,False,multiple_sclerosis
REPS1,465,0.04377,3105,0.01132,False,multiple_sclerosis
PRDM1,466,0.04337,413,0.21168,False,multiple_sclerosis
GDA,467,0.04268,462,0.19283,False,multiple_sclerosis
ZNF395,468,0.04207,2096,0.02044,False,multiple_sclerosis
UQCRFS1,469,0.04159,657,0.09856,False,multiple_sclerosis
IL4,470,0.04072,512,0.16987,False,multiple_sclerosis
PLA2G2A,471,0.04058,3708,0.00807,False,multiple_sclerosis
MT-ND4,472,0.04028,776,0.07098,False,multiple_sclerosis
SPTBN2,473,0.04014,3398,0.00917,False,multiple_sclerosis
ELOVL5,474,0.04005,3283,0.0099,False,multiple_sclerosis
TNFSF13,475,0.03986,693,0.08841,False,multiple_sclerosis
IFNG,476,0.03981,124,0.3254,False,multiple_sclerosis
STAT5B,477,0.03836,628,0.1091,False,multiple_sclerosis
MED13,478,0.03818,180,0.30525,False,multiple_sclerosis
FBL,479,0.03654,3352,0.00941,False,multiple_sclerosis
HNRNPUL1,480,0.03647,3100,0.01134,False,multiple_sclerosis
FUBP1,481,0.03647,3106,0.01132,False,multiple_sclerosis
SPOP,482,0.03636,2101,0.02033,False,multiple_sclerosis
SPRY4,483,0.03594,2631,0.01564,False,multiple_sclerosis
FGFRL1,484,0.03587,2603,0.01587,False,multiple_sclerosis
MT-ND5,485,0.03495,1047,0.04557,False,multiple_sclerosis
NF1,486,0.03458,2139,0.02001,False,multiple_sclerosis
IL7,487,0.03453,738,0.0799,False,multiple_sclerosis
SPRED1,488,0.03452,2118,0.02021,False,multiple_sclerosis
RANGAP1,489,0.0343,954,0.05236,False,multiple_sclerosis
TTC30B,490,0.03329,1489,0.03082,False,multiple_sclerosis
TRAK2,491,0.03314,1936,0.02246,False,multiple_sclerosis
AR,492,0.03307,2071,0.02074,False,multiple_sclerosis
TTC30A,493,0.03288,1447,0.03191,False,multiple_sclerosis
IFT74,494,0.03264,1426,0.03255,False,multiple_sclerosis
IFT46,495,0.03244,1395,0.0331,False,multiple_sclerosis
IFT52,496,0.03232,1381,0.03344,False,multiple_sclerosis
KLRC1,497,0.03208,1163,0.04057,False,multiple_sclerosis
SHPK,498,0.03162,1393,0.03318,False,multiple_sclerosis
CYP27B1,499,0.03076,245,0.28017,False,multiple_sclerosis
TRPV1,500,0.03072,239,0.28163,False,multiple_sclerosis
TRAF3IP2,501,0.03009,684,0.09106,False,multiple_sclerosis
AFF1,502,0.02951,169,0.30961,False,multiple_sclerosis
GABRA6,503,0.02939,1593,0.02875,False,multiple_sclerosis
ADAMTS12,504,0.02894,1535,0.02985,False,multiple_sclerosis
SFRP4,505,0.02887,1521,0.03007,False,multiple_sclerosis
MTMR1,506,0.02828,1511,0.03027,False,multiple_sclerosis
DUSP2,507,0.02826,1443,0.03194,False,multiple_sclerosis
GNA11,508,0.02814,1574,0.0292,False,multiple_sclerosis
KCNJ2,509,0.02812,815,0.0655,False,multiple_sclerosis
CD4,510,0.02762,314,0.25694,False,multiple_sclerosis
IL13,511,0.02745,351,0.23786,False,multiple_sclerosis
CAB39,512,0.02743,1341,0.03458,False,multiple_sclerosis
DUSP5,513,0.02718,1313,0.03538,False,multiple_sclerosis
ARAP1,514,0.02715,1111,0.04237,False,multiple_sclerosis
PPP2R5A,515,0.02711,3596,0.00839,False,multiple_sclerosis
LNX1,516,0.02701,1034,0.04592,False,multiple_sclerosis
LPGAT1,517,0.02692,3425,0.00909,False,multiple_sclerosis
CD44,518,0.02683,146,0.31926,False,multiple_sclerosis
IRX4,519,0.02649,3814,0.00772,False,multiple_sclerosis
PRKAR2A,520,0.02647,3779,0.00784,False,multiple_sclerosis
STAT5A,521,0.02641,635,0.10762,False,multiple_sclerosis
PRKAR2B,522,0.0263,3495,0.00879,False,multiple_sclerosis
PRKAR1A,523,0.02629,3465,0.0089,False,multiple_sclerosis
IQGAP2,524,0.02612,3289,0.00988,False,multiple_sclerosis
STAT1,525,0.02576,449,0.19889,False,multiple_sclerosis
CYTH1,526,0.02565,817,0.0652,False,multiple_sclerosis
IKBKE,527,0.02551,430,0.20629,False,multiple_sclerosis
GABRE,528,0.02519,1170,0.04034,False,multiple_sclerosis
TEC,529,0.02505,722,0.08333,False,multiple_sclerosis
KCNE1,530,0.02487,694,0.08801,False,multiple_sclerosis
STAT6,531,0.02433,709,0.08456,False,multiple_sclerosis
TBC1D2,532,0.02418,3115,0.01121,False,multiple_sclerosis
IFNGR1,533,0.02382,816,0.06522,False,multiple_sclerosis
HIPK1,534,0.02316,1898,0.02352,False,multiple_sclerosis
IL12RB1,535,0.02288,686,0.09076,False,multiple_sclerosis
UBAP2,536,0.02216,4539,0.00596,False,multiple_sclerosis
SRSF12,537,0.02158,1819,0.02473,False,multiple_sclerosis
TRA2A,538,0.02145,1714,0.02636,False,multiple_sclerosis
SRSF8,539,0.02142,1685,0.02671,False,multiple_sclerosis
NOVA2,540,0.02137,3202,0.01044,False,multiple_sclerosis
NFKB1,541,0.02126,340,0.24705,False,multiple_sclerosis
SIGLEC10,542,0.02116,2426,0.01738,False,multiple_sclerosis
ICOS,543,0.02114,759,0.07501,False,multiple_sclerosis
IL17F,544,0.02082,500,0.17621,False,multiple_sclerosis
IL2,545,0.02058,577,0.13342,False,multiple_sclerosis
FZR1,546,0.02052,1151,0.04085,False,multiple_sclerosis
NSF,547,0.02052,1295,0.03592,False,multiple_sclerosis
GABRA1,548,0.02034,943,0.05329,False,multiple_sclerosis
NDUFB1,549,0.02016,1055,0.04526,False,multiple_sclerosis
EWSR1,550,0.02009,2077,0.02067,False,multiple_sclerosis
IL27RA,551,0.02002,1460,0.03155,False,multiple_sclerosis
NOS2,552,0.01982,341,0.24649,False,multiple_sclerosis
CDK2,553,0.01979,695,0.08787,False,multiple_sclerosis
HEXA,554,0.0197,1370,0.03372,False,multiple_sclerosis
HEXB,555,0.01968,1453,0.03184,False,multiple_sclerosis
BUB3,556,0.01937,1484,0.03094,False,multiple_sclerosis
LAT2,557,0.01934,701,0.08744,False,multiple_sclerosis
CLINT1,558,0.01914,2070,0.02076,False,multiple_sclerosis
MYC,559,0.01842,24,0.38276,False,multiple_sclerosis
TLR7,560,0.01838,448,0.1997,False,multiple_sclerosis
CD48,561,0.01798,1298,0.03582,False,multiple_sclerosis
NDUFB2,562,0.01783,1262,0.03704,False,multiple_sclerosis
EBI3,563,0.01783,2835,0.01352,False,multiple_sclerosis
KLF13,564,0.01773,2364,0.01781,False,multiple_sclerosis
IFT80,565,0.01755,2257,0.01868,False,multiple_sclerosis
MAFF,566,0.01744,4015,0.00726,False,multiple_sclerosis
PTGER3,567,0.01742,333,0.24995,False,multiple_sclerosis
MAFG,568,0.01741,3902,0.00751,False,multiple_sclerosis
IL9,569,0.01739,784,0.07004,False,multiple_sclerosis
OTUD7A,570,0.01731,2151,0.0199,False,multiple_sclerosis
CD8A,571,0.0172,459,0.19349,False,multiple_sclerosis
LYST,572,0.01714,631,0.10839,False,multiple_sclerosis
SOCS3,573,0.01702,811,0.06582,False,multiple_sclerosis
ZNF704,574,0.01695,1206,0.03932,False,multiple_sclerosis
SNAP25,575,0.01691,1360,0.03391,False,multiple_sclerosis
UQCR10,576,0.0167,835,0.06298,False,multiple_sclerosis
TRPM1,577,0.01663,1905,0.0233,False,multiple_sclerosis
CCND3,578,0.0163,911,0.05588,False,multiple_sclerosis
CCND2,579,0.0163,908,0.05615,False,multiple_sclerosis
CDK6,580,0.0163,903,0.05653,False,multiple_sclerosis
CCNL2,581,0.01609,799,0.06726,False,multiple_sclerosis
RCC1,582,0.01595,1990,0.02172,False,multiple_sclerosis
ELOVL6,583,0.01589,1336,0.03487,False,multiple_sclerosis
SLC6A4,584,0.0153,237,0.28185,False,multiple_sclerosis
TNFSF18,585,0.01502,659,0.09849,False,multiple_sclerosis
CCNA2,586,0.01488,638,0.10623,False,multiple_sclerosis
KCNMA1,587,0.01464,1344,0.03433,False,multiple_sclerosis
VSNL1,588,0.0144,1404,0.03295,False,multiple_sclerosis
VAMP7,589,0.01435,1721,0.02629,False,multiple_sclerosis
AP2B1,590,0.01425,640,0.10522,False,multiple_sclerosis
P4HB,591,0.01401,1626,0.02815,False,multiple_sclerosis
KCNJ12,592,0.014,942,0.05329,False,multiple_sclerosis
KCNJ4,593,0.014,945,0.05326,False,multiple_sclerosis
ACER2,594,0.01396,5192,0.00416,False,multiple_sclerosis
CCNA1,595,0.01378,734,0.08098,False,multiple_sclerosis
CD3D,596,0.01363,1471,0.03124,False,multiple_sclerosis
CD83,597,0.01355,478,0.18708,False,multiple_sclerosis
KCNIP2,598,0.01354,749,0.07788,False,multiple_sclerosis
TNFRSF1B,599,0.01335,1040,0.04572,False,multiple_sclerosis
IL15RA,600,0.01333,2187,0.01939,False,multiple_sclerosis
SCN5A,601,0.01328,1116,0.04224,False,multiple_sclerosis
NUMBL,602,0.01318,2041,0.02099,False,multiple_sclerosis
FASN,603,0.01318,982,0.0504,False,multiple_sclerosis
CD69,604,0.01285,1117,0.04223,False,multiple_sclerosis
FXR1,605,0.01282,3067,0.01158,False,multiple_sclerosis
PCBP2,606,0.0128,3046,0.01175,False,multiple_sclerosis
CCND1,607,0.01279,606,0.11538,False,multiple_sclerosis
FXR2,608,0.01274,2977,0.01229,False,multiple_sclerosis
ASB18,609,0.01272,3041,0.01177,False,multiple_sclerosis
LDHC,610,0.01267,3788,0.00782,False,multiple_sclerosis
ETFA,611,0.01266,1208,0.0392,False,multiple_sclerosis
DDX5,612,0.01263,3310,0.00974,False,multiple_sclerosis
RCVRN,613,0.01262,3719,0.00804,False,multiple_sclerosis
KCNN4,614,0.0126,802,0.06668,False,multiple_sclerosis
CDKN2C,615,0.01259,1848,0.02395,False,multiple_sclerosis
DONSON,616,0.01258,3233,0.01022,False,multiple_sclerosis
PPP2R2D,617,0.01252,3272,0.00999,False,multiple_sclerosis
ARPP19,618,0.01251,3243,0.01018,False,multiple_sclerosis
COG6,619,0.01251,137,0.32137,False,multiple_sclerosis
ENSA,620,0.0125,3241,0.01019,False,multiple_sclerosis
PCDH15,621,0.01243,4757,0.0054,False,multiple_sclerosis
PICALM,622,0.01243,929,0.05459,False,multiple_sclerosis
NIBAN3,623,0.01242,2169,0.0196,False,multiple_sclerosis
SRSF11,624,0.01238,2999,0.01208,False,multiple_sclerosis
GLE1,625,0.01232,2926,0.01264,False,multiple_sclerosis
REL,626,0.01228,421,0.209,False,multiple_sclerosis
RBM39,627,0.01221,2814,0.01369,False,multiple_sclerosis
PRRC2C,628,0.01221,2816,0.01369,False,multiple_sclerosis
GJB3,629,0.01204,3855,0.00762,False,multiple_sclerosis
KLF2,630,0.01199,554,0.14242,False,multiple_sclerosis
CD28,631,0.01199,683,0.0914,False,multiple_sclerosis
KCNE5,632,0.01198,2397,0.01753,False,multiple_sclerosis
DHFR,633,0.01187,186,0.30313,False,multiple_sclerosis
IGLL5,634,0.01152,801,0.06694,False,multiple_sclerosis
LUC7L2,635,0.01151,3191,0.01051,False,multiple_sclerosis
ARFGAP3,636,0.0115,852,0.0617,False,multiple_sclerosis
ARFGAP2,637,0.01148,833,0.06305,False,multiple_sclerosis
COPG2,638,0.01144,796,0.06802,False,multiple_sclerosis
ACIN1,639,0.01144,3130,0.011,False,multiple_sclerosis
PAFAH1B3,640,0.01139,3091,0.01138,False,multiple_sclerosis
MT-ND3,641,0.01136,1234,0.03808,False,multiple_sclerosis
SCN4B,642,0.01134,1979,0.02192,False,multiple_sclerosis
CLK1,643,0.01133,3044,0.01176,False,multiple_sclerosis
KCNJ18,644,0.01127,1134,0.04178,False,multiple_sclerosis
KCNJ14,645,0.01127,1131,0.04189,False,multiple_sclerosis
CD79A,646,0.01104,822,0.06458,False,multiple_sclerosis
SCN1B,647,0.01091,747,0.07848,False,multiple_sclerosis
STX1A,648,0.01085,828,0.06384,False,multiple_sclerosis
FADS1,649,0.01084,1366,0.03377,False,multiple_sclerosis
TECR,650,0.01084,1375,0.03353,False,multiple_sclerosis
HACD4,651,0.01084,1389,0.03327,False,multiple_sclerosis
HACD3,652,0.01084,1386,0.03339,False,multiple_sclerosis
HACD2,653,0.01084,1374,0.03356,False,multiple_sclerosis
HACD1,654,0.01084,1383,0.03344,False,multiple_sclerosis
CD79B,655,0.01084,923,0.05509,False,multiple_sclerosis
NKX2-3,656,0.01069,3175,0.01062,False,multiple_sclerosis
UBASH3A,657,0.01065,985,0.05029,False,multiple_sclerosis
RANBP2,658,0.01065,764,0.07388,False,multiple_sclerosis
HPCA,659,0.01064,2206,0.01914,False,multiple_sclerosis
SCN8A,660,0.01042,1143,0.04132,False,multiple_sclerosis
CCNB1,661,0.01008,649,0.10067,False,multiple_sclerosis
CD27,662,0.01008,753,0.0774,False,multiple_sclerosis
HAP1,663,0.01001,1178,0.04013,False,multiple_sclerosis
LGI1,664,0.00991,2044,0.02096,False,multiple_sclerosis
CDKN2D,665,0.00985,2651,0.01544,False,multiple_sclerosis
CNTN2,666,0.00984,1966,0.02206,False,multiple_sclerosis
CNTNAP2,667,0.00976,1907,0.02327,False,multiple_sclerosis
SRPK2,668,0.0096,3276,0.00994,False,multiple_sclerosis
CACNB2,669,0.00958,4527,0.006,False,multiple_sclerosis
KCNH1-2,670,0.00949,4273,0.00661,False,multiple_sclerosis
GNAZ,671,0.00948,4589,0.0058,False,multiple_sclerosis
FLT1,672,0.00947,4190,0.0068,False,multiple_sclerosis
TRA2B,673,0.00938,3027,0.01188,False,multiple_sclerosis
GNAT3,674,0.00937,4254,0.00664,False,multiple_sclerosis
FCGR2B,675,0.00935,416,0.21033,False,multiple_sclerosis
IRF8,676,0.00932,422,0.20854,False,multiple_sclerosis
COQ7,677,0.00931,2941,0.0125,False,multiple_sclerosis
SCN1A,678,0.00925,940,0.05335,False,multiple_sclerosis
TRAF2,679,0.00924,681,0.09217,False,multiple_sclerosis
SCN2A,680,0.0092,891,0.05742,False,multiple_sclerosis
SETDB1,681,0.00917,2073,0.02072,False,multiple_sclerosis
CCNE2,682,0.00916,1049,0.04543,False,multiple_sclerosis
CCNE1,683,0.00916,1038,0.04578,False,multiple_sclerosis
DLG2,684,0.0091,821,0.06471,False,multiple_sclerosis
CD3E,685,0.00901,1169,0.04035,False,multiple_sclerosis
ITGA5,686,0.00897,803,0.06653,False,multiple_sclerosis
BIRC2,687,0.00895,825,0.06419,False,multiple_sclerosis
ARHGAP24,688,0.00883,1319,0.03521,False,multiple_sclerosis
KCNE2,689,0.00881,931,0.05435,False,multiple_sclerosis
CDCA2,690,0.00876,3075,0.01151,False,multiple_sclerosis
ICAM1,691,0.00868,760,0.07459,False,multiple_sclerosis
PPP1R8,692,0.00867,2936,0.01254,False,multiple_sclerosis
F2RL1,693,0.00867,2699,0.01498,False,multiple_sclerosis
FCRL3,694,0.00867,1084,0.04331,False,multiple_sclerosis
AICDA,695,0.00862,2938,0.01253,False,multiple_sclerosis
PPP1R12A,696,0.00858,2811,0.01371,False,multiple_sclerosis
IQCJ-SCHIP1,697,0.00851,3475,0.00885,False,multiple_sclerosis
SCHIP1,698,0.00849,3403,0.00915,False,multiple_sclerosis
STK25,699,0.00842,3277,0.00994,False,multiple_sclerosis
ARF4,700,0.0084,1213,0.03873,False,multiple_sclerosis
TOX4,701,0.00839,2560,0.01635,False,multiple_sclerosis
RBBP6,702,0.00839,876,0.05855,False,multiple_sclerosis
SRSF3,703,0.00839,1650,0.02734,False,multiple_sclerosis
CNTFR,704,0.00836,1802,0.025,False,multiple_sclerosis
SPHK2,705,0.00834,925,0.05493,False,multiple_sclerosis
S100A8,706,0.00831,3114,0.01121,False,multiple_sclerosis
TAOK2,707,0.00824,3004,0.01203,False,multiple_sclerosis
TAOK3,708,0.00824,3002,0.01205,False,multiple_sclerosis
LGMN,709,0.00822,3537,0.00861,False,multiple_sclerosis
HNRNPM,710,0.0082,1456,0.03175,False,multiple_sclerosis
CYC1,711,0.00816,917,0.05548,False,multiple_sclerosis
NUDC,712,0.00815,1927,0.02267,False,multiple_sclerosis
CSTA,713,0.00811,3163,0.01071,False,multiple_sclerosis
PKMYT1,714,0.0081,2198,0.01926,False,multiple_sclerosis
TMED7,715,0.00805,973,0.05081,False,multiple_sclerosis
TMED10,716,0.00803,951,0.05277,False,multiple_sclerosis
SCYL1,717,0.00802,936,0.05381,False,multiple_sclerosis
COPZ2,718,0.008,905,0.05647,False,multiple_sclerosis
ARCN1,719,0.00799,889,0.05753,False,multiple_sclerosis
COPE,720,0.00799,890,0.0575,False,multiple_sclerosis
SCN4A,721,0.00795,1288,0.03615,False,multiple_sclerosis
UQCRH,722,0.00793,1934,0.02251,False,multiple_sclerosis
DLG4,723,0.00788,397,0.21779,False,multiple_sclerosis
CAV3,724,0.00783,995,0.0495,False,multiple_sclerosis
HSPA1B,725,0.00783,4911,0.00502,False,multiple_sclerosis
IL10RB,726,0.00781,1061,0.04506,False,multiple_sclerosis
HSPA1L,727,0.00781,4766,0.00539,False,multiple_sclerosis
NOS1,728,0.0078,182,0.30421,False,multiple_sclerosis
PDE4A,729,0.00779,398,0.21756,False,multiple_sclerosis
SRRM2,730,0.00774,1928,0.02266,False,multiple_sclerosis
ITGB6,731,0.00771,2591,0.01602,False,multiple_sclerosis
TTK,732,0.0077,2122,0.02016,False,multiple_sclerosis
SHC4,733,0.0077,2983,0.01224,False,multiple_sclerosis
SHC3,734,0.0077,2988,0.0122,False,multiple_sclerosis
GAB1,735,0.00769,2965,0.01237,False,multiple_sclerosis
PIK3C3,736,0.00767,892,0.05733,False,multiple_sclerosis
CDIPT,737,0.00764,860,0.06073,False,multiple_sclerosis
PIP4P1,738,0.00761,1328,0.035,False,multiple_sclerosis
PIP4P2,739,0.00761,1324,0.03506,False,multiple_sclerosis
ARF3,740,0.00758,1663,0.02712,False,multiple_sclerosis
KCNIP4,741,0.00758,952,0.05268,False,multiple_sclerosis
JAM2,742,0.00757,4627,0.0057,False,multiple_sclerosis
KCNIP1,743,0.00756,934,0.05396,False,multiple_sclerosis
USO1,744,0.00756,2420,0.01741,False,multiple_sclerosis
FCGR2A,745,0.00753,438,0.2039,False,multiple_sclerosis
EXOSC2,746,0.00751,3472,0.00886,False,multiple_sclerosis
ARFGAP1,747,0.00748,4183,0.00682,False,multiple_sclerosis
CD6,748,0.00747,455,0.19608,False,multiple_sclerosis
DCP2,749,0.00743,3205,0.01044,False,multiple_sclerosis
ZFP36L2,750,0.00743,3220,0.01028,False,multiple_sclerosis
SNIP1,751,0.00734,1080,0.04382,False,multiple_sclerosis
GABRB2,752,0.00733,1581,0.02899,False,multiple_sclerosis
GABRB3,753,0.00731,1527,0.02998,False,multiple_sclerosis
INPP4A,754,0.0073,1007,0.04851,False,multiple_sclerosis
INPP4B,755,0.0073,1010,0.04817,False,multiple_sclerosis
FIG4,756,0.00729,993,0.04951,False,multiple_sclerosis
GPATCH11,757,0.00729,1274,0.03654,False,multiple_sclerosis
CCNB2,758,0.00727,798,0.06759,False,multiple_sclerosis
AFTPH,759,0.00724,2357,0.01788,False,multiple_sclerosis
INPP5F,760,0.00722,1026,0.0466,False,multiple_sclerosis
GABRD,761,0.00721,1251,0.03739,False,multiple_sclerosis
WEE1,762,0.00721,1545,0.0296,False,multiple_sclerosis
CDC25C,763,0.0072,1532,0.02987,False,multiple_sclerosis
F2R,764,0.0072,4515,0.00603,False,multiple_sclerosis
GABRA5,765,0.0072,1215,0.03861,False,multiple_sclerosis
TNFSF12,766,0.00711,1441,0.03196,False,multiple_sclerosis
SYNRG,767,0.00706,4859,0.00513,False,multiple_sclerosis
BAIAP2L2,768,0.00705,4823,0.00524,False,multiple_sclerosis
IL15,769,0.00704,757,0.07534,False,multiple_sclerosis
LRRC18,770,0.00703,1888,0.02354,False,multiple_sclerosis
WDFY4,771,0.00703,1885,0.02354,False,multiple_sclerosis
ITGA6,772,0.00701,1087,0.04314,False,multiple_sclerosis
DIPK2A,773,0.007,1202,0.03955,False,multiple_sclerosis
LAMA3,774,0.00695,2207,0.01913,False,multiple_sclerosis
NCALD,775,0.00689,4141,0.00696,False,multiple_sclerosis
IFNA8,776,0.00688,2934,0.01255,False,multiple_sclerosis
IFNA5,777,0.00688,2960,0.01239,False,multiple_sclerosis
IFNW1,778,0.00687,2868,0.01318,False,multiple_sclerosis
CDC25A,779,0.00686,1649,0.02735,False,multiple_sclerosis
STAT2,780,0.00685,655,0.09891,False,multiple_sclerosis
TIMP1,781,0.00682,3917,0.00749,False,multiple_sclerosis
TSPAN8,782,0.00682,2244,0.01879,False,multiple_sclerosis
ENAM,783,0.0068,3820,0.00771,False,multiple_sclerosis
IFITM1,784,0.00678,2048,0.02094,False,multiple_sclerosis
TRAF6,785,0.00677,420,0.20978,False,multiple_sclerosis
RB1,786,0.00676,1647,0.02743,False,multiple_sclerosis
TIMP2,787,0.00673,3407,0.00914,False,multiple_sclerosis
TMED3,788,0.00671,1813,0.02488,False,multiple_sclerosis
LCK,789,0.00671,767,0.07306,False,multiple_sclerosis
MBD5,790,0.0067,3370,0.00931,False,multiple_sclerosis
CD276,791,0.00665,1191,0.03966,False,multiple_sclerosis
KDM1B,792,0.00664,3165,0.0107,False,multiple_sclerosis
SGO1,793,0.00663,2163,0.01969,False,multiple_sclerosis
PLA2G10,794,0.00662,2242,0.01882,False,multiple_sclerosis
ASXL2,795,0.00661,3088,0.01141,False,multiple_sclerosis
BAP1,796,0.0066,3051,0.01169,False,multiple_sclerosis
ITGA2,797,0.00658,1245,0.03768,False,multiple_sclerosis
CRLF2,798,0.00658,5355,0.00343,False,multiple_sclerosis
ITGA3,799,0.00657,1231,0.03821,False,multiple_sclerosis
NEU4,800,0.00657,3379,0.00925,False,multiple_sclerosis
NANP,801,0.00651,3184,0.01054,False,multiple_sclerosis
GALNS,802,0.00647,3099,0.01135,False,multiple_sclerosis
ITGA10,803,0.00647,4500,0.00606,False,multiple_sclerosis
ITGA11,804,0.00647,4518,0.00602,False,multiple_sclerosis
ITGAE,805,0.00645,4387,0.00637,False,multiple_sclerosis
PIK3C2G,806,0.00642,956,0.0522,False,multiple_sclerosis
PLEK,807,0.00641,2670,0.01529,False,multiple_sclerosis
GAL3ST1,808,0.0064,2920,0.01269,False,multiple_sclerosis
PI4KA,809,0.00639,1091,0.04275,False,multiple_sclerosis
LEPR,810,0.00638,3139,0.0109,False,multiple_sclerosis
CD151,811,0.00637,1340,0.03459,False,multiple_sclerosis
SEC16A,812,0.00637,2175,0.01956,False,multiple_sclerosis
COL17A1,813,0.00636,1322,0.03512,False,multiple_sclerosis
CDK3,814,0.00636,4903,0.00504,False,multiple_sclerosis
SLC22A18,815,0.00635,4853,0.00515,False,multiple_sclerosis
CSF2,816,0.00635,383,0.22227,False,multiple_sclerosis
CTSA,817,0.00633,2775,0.01408,False,multiple_sclerosis
PHLDA2,818,0.00633,4728,0.00546,False,multiple_sclerosis
RUNX1,819,0.00632,231,0.28508,False,multiple_sclerosis
CLTA,820,0.00632,972,0.05107,False,multiple_sclerosis
MDM4,821,0.00631,1707,0.02643,False,multiple_sclerosis
SPTBN4,822,0.00627,1004,0.04875,False,multiple_sclerosis
PIK3C2B,823,0.00627,823,0.0644,False,multiple_sclerosis
IFNA10,824,0.00619,5044,0.00463,False,multiple_sclerosis
IFNA14,825,0.00619,5043,0.00463,False,multiple_sclerosis
IFNA13,826,0.00619,5045,0.00462,False,multiple_sclerosis
IFNA21,827,0.00619,5070,0.00455,False,multiple_sclerosis
IFNA6,828,0.00619,5067,0.00456,False,multiple_sclerosis
IFNA7,829,0.00619,5072,0.00455,False,multiple_sclerosis
IFNA16,830,0.00619,5071,0.00455,False,multiple_sclerosis
IFNA4,831,0.00618,5026,0.00467,False,multiple_sclerosis
AP1S1,832,0.00616,1160,0.04061,False,multiple_sclerosis
RASSF5,833,0.00615,2693,0.01508,False,multiple_sclerosis
EVPL,834,0.00609,4100,0.00705,False,multiple_sclerosis
DSP,835,0.00609,4049,0.00716,False,multiple_sclerosis
ARF1,836,0.00608,597,0.12133,False,multiple_sclerosis
LEF1,837,0.00607,236,0.28212,False,multiple_sclerosis
IL9R,838,0.00607,5391,0.00324,False,multiple_sclerosis
DSG1,839,0.00605,3710,0.00806,False,multiple_sclerosis
NCS1,840,0.00605,1029,0.04649,False,multiple_sclerosis
DSG3,841,0.00603,3573,0.00846,False,multiple_sclerosis
CLCF1,842,0.00601,5274,0.00385,False,multiple_sclerosis
COX5A,843,0.00593,2772,0.0141,False,multiple_sclerosis
MZB1,844,0.00593,5186,0.00419,False,multiple_sclerosis
UQCR11,845,0.00593,2769,0.0141,False,multiple_sclerosis
COX5B,846,0.00593,2770,0.0141,False,multiple_sclerosis
COX4I1,847,0.00593,2774,0.01409,False,multiple_sclerosis
MS4A7,848,0.00592,5160,0.00429,False,multiple_sclerosis
NCKAP5,849,0.00592,2824,0.01358,False,multiple_sclerosis
FCRL1,850,0.00591,5086,0.00452,False,multiple_sclerosis
AP2A1,851,0.00589,703,0.08653,False,multiple_sclerosis
IGKV2D-29,852,0.00588,4807,0.00529,False,multiple_sclerosis
LRP6,853,0.00587,2444,0.01722,False,multiple_sclerosis
NR3C2,854,0.0058,2125,0.02014,False,multiple_sclerosis
DPP10,855,0.00575,1311,0.03544,False,multiple_sclerosis
GADD45A,856,0.00574,2232,0.01888,False,multiple_sclerosis
DPP6,857,0.00574,1294,0.03593,False,multiple_sclerosis
AP2A2,858,0.00573,849,0.06191,False,multiple_sclerosis
PPIA,859,0.00571,172,0.30812,False,multiple_sclerosis
GJC3,860,0.00571,3898,0.00752,False,multiple_sclerosis
KCNJ5,861,0.00569,1056,0.04521,False,multiple_sclerosis
ITGB1BP1,862,0.00564,4426,0.00627,False,multiple_sclerosis
SEMA7A,863,0.00564,4441,0.00624,False,multiple_sclerosis
ILK,864,0.00564,4419,0.00628,False,multiple_sclerosis
LTB,865,0.00562,1486,0.03091,False,multiple_sclerosis
NBR1,866,0.00561,1392,0.03322,False,multiple_sclerosis
CD81,867,0.0056,1137,0.04168,False,multiple_sclerosis
DGAT2,868,0.00555,2312,0.01817,False,multiple_sclerosis
BORA,869,0.00554,2072,0.02074,False,multiple_sclerosis
TRPM4,870,0.00554,1812,0.02488,False,multiple_sclerosis
SEC22B,871,0.00553,1790,0.02516,False,multiple_sclerosis
RTN4,872,0.00552,4660,0.0056,False,multiple_sclerosis
FTL,873,0.00552,3201,0.01045,False,multiple_sclerosis
SGPL1,874,0.00551,4598,0.00578,False,multiple_sclerosis
SF3A2,875,0.0055,902,0.05655,False,multiple_sclerosis
MT-ND4L,876,0.0055,1578,0.02912,False,multiple_sclerosis
BTLA,877,0.00549,2092,0.02051,False,multiple_sclerosis
JUN,878,0.00549,464,0.19196,False,multiple_sclerosis
SPNS2,879,0.00549,4381,0.00638,False,multiple_sclerosis
APOM,880,0.00546,4122,0.00699,False,multiple_sclerosis
RANBP9,881,0.0054,5163,0.00427,False,multiple_sclerosis
PANK3,882,0.00538,2865,0.01321,False,multiple_sclerosis
PANK2,883,0.00538,2864,0.01321,False,multiple_sclerosis
VNN2,884,0.00536,2825,0.01357,False,multiple_sclerosis
VNN1,885,0.00536,2826,0.01357,False,multiple_sclerosis
GAS6,886,0.00536,4847,0.00517,False,multiple_sclerosis
PPCDC,887,0.00532,2743,0.01446,False,multiple_sclerosis
COASY,888,0.00532,2745,0.01443,False,multiple_sclerosis
PPCS,889,0.00532,2741,0.01446,False,multiple_sclerosis
TELO2,890,0.00531,1718,0.02633,False,multiple_sclerosis
HSP90AA1,891,0.0053,502,0.17554,False,multiple_sclerosis
CBX7,892,0.00527,5237,0.004,False,multiple_sclerosis
CDKN3,893,0.00527,5271,0.00388,False,multiple_sclerosis
VPREB3,894,0.00522,2980,0.01226,False,multiple_sclerosis
FCRLA,895,0.00521,2870,0.01316,False,multiple_sclerosis
POU2AF1,896,0.00521,2881,0.01303,False,multiple_sclerosis
IRX3,897,0.00521,2079,0.02064,False,multiple_sclerosis
XBP1,898,0.00511,2194,0.01928,False,multiple_sclerosis
GNG4,899,0.00511,277,0.27075,False,multiple_sclerosis
ACTG1,900,0.0051,2561,0.01635,False,multiple_sclerosis
CEP70,901,0.0051,5193,0.00416,False,multiple_sclerosis
KCNK5,902,0.0051,4479,0.00611,False,multiple_sclerosis
SLC12A2,903,0.00509,4450,0.0062,False,multiple_sclerosis
GYS1,904,0.00509,1832,0.02436,False,multiple_sclerosis
ABCG1,905,0.00507,4349,0.00643,False,multiple_sclerosis
IMP4,906,0.00507,991,0.04981,False,multiple_sclerosis
CENPA,907,0.00506,1402,0.033,False,multiple_sclerosis
SCD5,908,0.00505,2005,0.02135,False,multiple_sclerosis
HLA-DQB1,909,0.00503,2614,0.01581,False,multiple_sclerosis
TSLP,910,0.005,1533,0.02987,False,multiple_sclerosis
GABRG2,911,0.00498,1625,0.02823,False,multiple_sclerosis
VPS26A,912,0.00498,1455,0.03176,False,multiple_sclerosis
CKS2,913,0.00498,2464,0.01706,False,multiple_sclerosis
GABRA2,914,0.00498,1624,0.02828,False,multiple_sclerosis
ITGA8,915,0.00498,2533,0.01657,False,multiple_sclerosis
ITGA7,916,0.00498,2532,0.01657,False,multiple_sclerosis
GOLPH3,917,0.00497,2343,0.01801,False,multiple_sclerosis
ATF5,918,0.00497,1915,0.02296,False,multiple_sclerosis
XPOT,919,0.00497,1446,0.03193,False,multiple_sclerosis
CDC20,920,0.00496,670,0.09576,False,multiple_sclerosis
LSM7,921,0.00494,1204,0.03941,False,multiple_sclerosis
SREBF1,922,0.00492,1023,0.04679,False,multiple_sclerosis
LTBR,923,0.00491,918,0.05539,False,multiple_sclerosis
IL11,924,0.00488,2168,0.01961,False,multiple_sclerosis
CNTF,925,0.00488,2188,0.01938,False,multiple_sclerosis
DLG1,926,0.00487,751,0.07772,False,multiple_sclerosis
PCSK9,927,0.00486,3737,0.00798,False,multiple_sclerosis
APP,928,0.00484,1913,0.02302,False,multiple_sclerosis
UBIAD1,929,0.00484,3604,0.00837,False,multiple_sclerosis
INSIG2,930,0.00483,3470,0.00887,False,multiple_sclerosis
MTMR4,931,0.00482,3414,0.00911,False,multiple_sclerosis
PAX5,932,0.00482,845,0.06209,False,multiple_sclerosis
INSIG1,933,0.00482,3452,0.00897,False,multiple_sclerosis
BATF3,934,0.00478,1644,0.02752,False,multiple_sclerosis
APH1A,935,0.00478,3551,0.00853,False,multiple_sclerosis
TSGA13,936,0.00476,2508,0.0168,False,multiple_sclerosis
AGT,937,0.00475,3401,0.00915,False,multiple_sclerosis
NCSTN,938,0.00475,3402,0.00915,False,multiple_sclerosis
IPO9,939,0.00475,2042,0.02099,False,multiple_sclerosis
SGIP1,940,0.00475,2557,0.01637,False,multiple_sclerosis
ZW10,941,0.00475,2441,0.01725,False,multiple_sclerosis
REN,942,0.00473,3336,0.00954,False,multiple_sclerosis
NR1H3,943,0.00473,1675,0.02702,False,multiple_sclerosis
NFE2L1,944,0.00471,2383,0.01763,False,multiple_sclerosis
HPX,945,0.0047,2034,0.02105,False,multiple_sclerosis
CASR,946,0.00469,2495,0.01688,False,multiple_sclerosis
BACE1,947,0.00468,3185,0.01054,False,multiple_sclerosis
KCNJ9,948,0.00466,2285,0.01844,False,multiple_sclerosis
GPR156,949,0.00466,2304,0.01826,False,multiple_sclerosis
CACNA1H,950,0.00466,3849,0.00763,False,multiple_sclerosis
KCNJ6,951,0.00465,2243,0.01879,False,multiple_sclerosis
CHRNA4,952,0.00464,2534,0.01655,False,multiple_sclerosis
IDE,953,0.00462,3032,0.01181,False,multiple_sclerosis
IKBKB,954,0.00461,335,0.24976,False,multiple_sclerosis
BST2,955,0.00461,4161,0.00687,False,multiple_sclerosis
PKHD1,956,0.00458,3818,0.00771,False,multiple_sclerosis
ACLY,957,0.00458,2086,0.02056,False,multiple_sclerosis
BUB1B,958,0.00458,771,0.07187,False,multiple_sclerosis
NAV1,959,0.00457,3405,0.00914,False,multiple_sclerosis
KDELR2,960,0.00457,2551,0.01645,False,multiple_sclerosis
ERCC3,961,0.00457,1657,0.02722,False,multiple_sclerosis
KDELR1,962,0.00456,2498,0.01686,False,multiple_sclerosis
RBL2,963,0.00455,4621,0.00572,False,multiple_sclerosis
PRPF4,964,0.00455,2372,0.01772,False,multiple_sclerosis
AGTRAP,965,0.00455,3639,0.00828,False,multiple_sclerosis
PRPF31,966,0.00455,2370,0.01772,False,multiple_sclerosis
CDC37,967,0.00454,4582,0.00582,False,multiple_sclerosis
UBL4A,968,0.00454,3555,0.00852,False,multiple_sclerosis
PIP5K1C,969,0.00453,1186,0.03987,False,multiple_sclerosis
GET4,970,0.00453,3481,0.00884,False,multiple_sclerosis
PSEN1,971,0.0045,1406,0.03292,False,multiple_sclerosis
SNX4,972,0.0045,3197,0.01048,False,multiple_sclerosis
SPHK1,973,0.00449,792,0.06869,False,multiple_sclerosis
GET3,974,0.00448,3238,0.0102,False,multiple_sclerosis
SNX17,975,0.00448,3095,0.01136,False,multiple_sclerosis
GET1,976,0.00448,3237,0.0102,False,multiple_sclerosis
CALHM1,977,0.00448,3162,0.01072,False,multiple_sclerosis
PIK3C2A,978,0.00447,1487,0.0309,False,multiple_sclerosis
WFS1,979,0.00447,4322,0.00649,False,multiple_sclerosis
SCN9A,980,0.00447,3142,0.01086,False,multiple_sclerosis
SNX8,981,0.00446,3021,0.01192,False,multiple_sclerosis
HNF1B,982,0.00446,4260,0.00663,False,multiple_sclerosis
ONECUT1,983,0.00445,4165,0.00686,False,multiple_sclerosis
LSM3,984,0.00445,1609,0.02857,False,multiple_sclerosis
USP10,985,0.00444,2939,0.01251,False,multiple_sclerosis
SERPINE2,986,0.00444,2958,0.0124,False,multiple_sclerosis
KCNJ11,987,0.00444,1449,0.03188,False,multiple_sclerosis
PRPF6,988,0.00443,1155,0.04067,False,multiple_sclerosis
SNX2,989,0.00443,2910,0.01277,False,multiple_sclerosis
SNX1,990,0.00443,2906,0.0128,False,multiple_sclerosis
EXT2,991,0.00443,3938,0.00745,False,multiple_sclerosis
ITGAL,992,0.00443,732,0.08111,False,multiple_sclerosis
AMER1,993,0.00442,1517,0.03014,False,multiple_sclerosis
SCN2B,994,0.00442,3057,0.01166,False,multiple_sclerosis
TBC1D5,995,0.00441,2841,0.01348,False,multiple_sclerosis
KCTD16,996,0.00441,4048,0.00716,False,multiple_sclerosis
FBXL17,997,0.0044,4070,0.00711,False,multiple_sclerosis
ENC1,998,0.0044,4147,0.00693,False,multiple_sclerosis
KLHL12,999,0.0044,4151,0.00691,False,multiple_sclerosis
HMOX1,1000,0.0044,4156,0.00691,False,multiple_sclerosis
WLS,1001,0.0044,2807,0.01376,False,multiple_sclerosis
NQO1,1002,0.0044,4082,0.00709,False,multiple_sclerosis
KLHL9,1003,0.0044,4192,0.00679,False,multiple_sclerosis
SNX27,1004,0.0044,2799,0.01379,False,multiple_sclerosis
BUD23,1005,0.00439,2630,0.01565,False,multiple_sclerosis
PGAM5,1006,0.00439,3897,0.00752,False,multiple_sclerosis
DPP3,1007,0.00439,3927,0.00746,False,multiple_sclerosis
KLHL3,1008,0.00439,4041,0.00719,False,multiple_sclerosis
SNX12,1009,0.00438,2755,0.0143,False,multiple_sclerosis
SNX5,1010,0.00438,2734,0.01449,False,multiple_sclerosis
CUL3,1011,0.00438,3893,0.00753,False,multiple_sclerosis
NEIL2,1012,0.00438,3890,0.00753,False,multiple_sclerosis
VPS26B,1013,0.00438,2729,0.01452,False,multiple_sclerosis
SNX6,1014,0.00436,2701,0.01497,False,multiple_sclerosis
VPS29,1015,0.00436,2687,0.01513,False,multiple_sclerosis
NRF1,1016,0.00434,3040,0.01178,False,multiple_sclerosis
EIF2AK3,1017,0.00433,3010,0.01197,False,multiple_sclerosis
RAB1A,1018,0.00432,836,0.06286,False,multiple_sclerosis
CYB5RL,1019,0.00431,2164,0.01966,False,multiple_sclerosis
SEC24C,1020,0.00431,2103,0.02031,False,multiple_sclerosis
LSM4,1021,0.0043,1619,0.02843,False,multiple_sclerosis
LSM5,1022,0.0043,1618,0.02843,False,multiple_sclerosis
EXOC8,1023,0.0043,2904,0.0128,False,multiple_sclerosis
LSM8,1024,0.0043,1617,0.02843,False,multiple_sclerosis
CYB5R4,1025,0.0043,2105,0.02031,False,multiple_sclerosis
LSM2,1026,0.0043,1616,0.02843,False,multiple_sclerosis
PCDH19,1027,0.00429,4358,0.00642,False,multiple_sclerosis
KCNJ3,1028,0.00428,1031,0.04636,False,multiple_sclerosis
RAN,1029,0.00428,878,0.05846,False,multiple_sclerosis
EIF1,1030,0.00428,2861,0.01328,False,multiple_sclerosis
SCN3B,1031,0.00427,2119,0.02019,False,multiple_sclerosis
IFT122,1032,0.00426,1818,0.02474,False,multiple_sclerosis
PSTPIP1,1033,0.00425,588,0.12531,False,multiple_sclerosis
BUB1,1034,0.00424,787,0.06968,False,multiple_sclerosis
SRC,1035,0.00424,60,0.35761,False,multiple_sclerosis
CIZ1,1036,0.00423,4806,0.00529,False,multiple_sclerosis
EIF2S1,1037,0.00423,2712,0.01478,False,multiple_sclerosis
BCCIP,1038,0.00423,4805,0.00529,False,multiple_sclerosis
PIP4K2C,1039,0.00422,1536,0.02982,False,multiple_sclerosis
NUP214,1040,0.00422,967,0.05167,False,multiple_sclerosis
TSC2,1041,0.00421,4259,0.00663,False,multiple_sclerosis
GSKIP,1042,0.00421,4282,0.00659,False,multiple_sclerosis
FRAT2,1043,0.00421,4272,0.00661,False,multiple_sclerosis
PPP1R15A,1044,0.00421,2694,0.01507,False,multiple_sclerosis
FRAT1,1045,0.00421,4231,0.00671,False,multiple_sclerosis
MAPT,1046,0.00421,4232,0.00671,False,multiple_sclerosis
SHOC2,1047,0.0042,2666,0.01532,False,multiple_sclerosis
DNMT3A,1048,0.00419,220,0.2881,False,multiple_sclerosis
TRAF5,1049,0.00418,1139,0.04139,False,multiple_sclerosis
SNRNP200,1050,0.00416,1156,0.04066,False,multiple_sclerosis
RRP12,1051,0.00416,2513,0.01672,False,multiple_sclerosis
KCNJ8,1052,0.00415,2486,0.01692,False,multiple_sclerosis
CALCRL,1053,0.00414,4845,0.00517,False,multiple_sclerosis
UQCRQ,1054,0.00413,2022,0.02121,False,multiple_sclerosis
UQCRC2,1055,0.00413,2025,0.02116,False,multiple_sclerosis
TRPM6,1056,0.00413,4276,0.0066,False,multiple_sclerosis
CSF3R,1057,0.00412,1906,0.02329,False,multiple_sclerosis
PPP1CA,1058,0.00411,1303,0.03565,False,multiple_sclerosis
CACNB4,1059,0.00411,4110,0.00703,False,multiple_sclerosis
PPP1CB,1060,0.00409,1257,0.03712,False,multiple_sclerosis
MADCAM1,1061,0.00409,1763,0.02558,False,multiple_sclerosis
PPP1CC,1062,0.00407,1226,0.03831,False,multiple_sclerosis
ADAM22,1063,0.00406,3789,0.00782,False,multiple_sclerosis
TCF7,1064,0.00405,306,0.2588,False,multiple_sclerosis
GRIN2D,1065,0.00405,848,0.06202,False,multiple_sclerosis
TSR1,1066,0.00404,1700,0.02658,False,multiple_sclerosis
PNO1,1067,0.00404,1716,0.02634,False,multiple_sclerosis
GAB2,1068,0.00403,2817,0.01367,False,multiple_sclerosis
MNAT1,1069,0.00403,4587,0.0058,False,multiple_sclerosis
CDK7,1070,0.00402,4466,0.00615,False,multiple_sclerosis
SMO,1071,0.00402,4556,0.00589,False,multiple_sclerosis
FAM83D,1072,0.00402,4577,0.00584,False,multiple_sclerosis
CKS1B,1073,0.00402,1723,0.02628,False,multiple_sclerosis
GLI3,1074,0.00402,4576,0.00584,False,multiple_sclerosis
CTDP1,1075,0.00402,4471,0.00613,False,multiple_sclerosis
FAM83G,1076,0.00402,4566,0.00586,False,multiple_sclerosis
FAM83H,1077,0.00401,4526,0.00601,False,multiple_sclerosis
SNRPG,1078,0.004,706,0.08507,False,multiple_sclerosis
ATP6V1C2,1079,0.004,986,0.05021,False,multiple_sclerosis
CCNH,1080,0.00399,3916,0.00749,False,multiple_sclerosis
DNM2,1081,0.00399,3489,0.00882,False,multiple_sclerosis
PLAAT3,1082,0.00399,1332,0.03497,False,multiple_sclerosis
GSK3A,1083,0.00399,4171,0.00685,False,multiple_sclerosis
CDK13,1084,0.00398,3846,0.00764,False,multiple_sclerosis
TRADD,1085,0.00398,999,0.04895,False,multiple_sclerosis
CCNK,1086,0.00397,3701,0.0081,False,multiple_sclerosis
MYLIP,1087,0.00397,2254,0.01871,False,multiple_sclerosis
SF3B5,1088,0.00397,1564,0.02937,False,multiple_sclerosis
IPO8,1089,0.00395,4157,0.00691,False,multiple_sclerosis
SRSF5,1090,0.00394,4014,0.00726,False,multiple_sclerosis
KPNA4,1091,0.00393,1125,0.04217,False,multiple_sclerosis
IPO11,1092,0.00393,3870,0.00756,False,multiple_sclerosis
SRSF6,1093,0.00393,3924,0.00747,False,multiple_sclerosis
SRSF4,1094,0.00393,3915,0.00749,False,multiple_sclerosis
SRSF2,1095,0.00392,3827,0.00769,False,multiple_sclerosis
CTSL,1096,0.00392,2147,0.01996,False,multiple_sclerosis
AAK1,1097,0.00392,2273,0.01856,False,multiple_sclerosis
CD160,1098,0.00392,2927,0.01264,False,multiple_sclerosis
PSIP1,1099,0.00392,3844,0.00764,False,multiple_sclerosis
DHX34,1100,0.00391,3736,0.00799,False,multiple_sclerosis
GSPT1,1101,0.0039,3656,0.00822,False,multiple_sclerosis
CYP51A1,1102,0.00389,1922,0.02276,False,multiple_sclerosis
E2F1,1103,0.00389,1799,0.02502,False,multiple_sclerosis
GTSE1,1104,0.00389,3695,0.00812,False,multiple_sclerosis
FBXO43,1105,0.00389,3660,0.00822,False,multiple_sclerosis
CENPU,1106,0.00389,3643,0.00826,False,multiple_sclerosis
ERCC6L,1107,0.00388,3640,0.00828,False,multiple_sclerosis
ETF1,1108,0.00386,3366,0.00932,False,multiple_sclerosis
RANBP1,1109,0.00385,1073,0.04454,False,multiple_sclerosis
SKP1,1110,0.00385,963,0.05181,False,multiple_sclerosis
INCENP,1111,0.00384,2080,0.02064,False,multiple_sclerosis
HNRNPK,1112,0.00383,1043,0.04565,False,multiple_sclerosis
CLTB,1113,0.00382,1185,0.03991,False,multiple_sclerosis
YY1,1114,0.00382,2374,0.0177,False,multiple_sclerosis
PIK3CA,1115,0.00382,581,0.12924,False,multiple_sclerosis
RAB5A,1116,0.00381,1188,0.03979,False,multiple_sclerosis
GRIN3B,1117,0.00381,950,0.05282,False,multiple_sclerosis
AP5M1,1118,0.00379,1615,0.0285,False,multiple_sclerosis
RARA,1119,0.00377,1746,0.02587,False,multiple_sclerosis
AP1B1,1120,0.00377,1503,0.03044,False,multiple_sclerosis
ACOX1,1121,0.00377,4180,0.00683,False,multiple_sclerosis
ATP6AP1,1122,0.00375,1604,0.02861,False,multiple_sclerosis
ATP6V0B,1123,0.00375,1594,0.02869,False,multiple_sclerosis
ATP6V0D2,1124,0.00375,1613,0.02855,False,multiple_sclerosis
ATP6V0E1,1125,0.00375,1603,0.02861,False,multiple_sclerosis
RNASEK,1126,0.00375,1606,0.02859,False,multiple_sclerosis
ATP6V1H,1127,0.00375,1595,0.02869,False,multiple_sclerosis
ATP6V1F,1128,0.00375,1597,0.02869,False,multiple_sclerosis
ATP6AP2,1129,0.00375,1601,0.02864,False,multiple_sclerosis
FADS3,1130,0.00375,3750,0.00794,False,multiple_sclerosis
ATP6V0D1,1131,0.00375,1598,0.02868,False,multiple_sclerosis
ATP6V1E2,1132,0.00375,1612,0.02855,False,multiple_sclerosis
ATP6V1E1,1133,0.00375,1596,0.02869,False,multiple_sclerosis
ATP6V1G1,1134,0.00375,1599,0.02868,False,multiple_sclerosis
CYB5A,1135,0.00373,3498,0.00878,False,multiple_sclerosis
IL1B,1136,0.00373,139,0.32113,False,multiple_sclerosis
CYB5B,1137,0.00373,3488,0.00882,False,multiple_sclerosis
GNA12,1138,0.00372,791,0.06875,False,multiple_sclerosis
KCNK3,1139,0.0037,4717,0.00548,False,multiple_sclerosis
AP4S1,1140,0.00368,1148,0.04096,False,multiple_sclerosis
PTPN11,1141,0.00367,562,0.14108,False,multiple_sclerosis
AP3S1,1142,0.00367,1066,0.0449,False,multiple_sclerosis
DPYS,1143,0.00366,4226,0.00672,False,multiple_sclerosis
GPR143,1144,0.00366,4137,0.00697,False,multiple_sclerosis
KISS1,1145,0.00365,4011,0.00726,False,multiple_sclerosis
OXNAD1,1146,0.00365,3951,0.00741,False,multiple_sclerosis
CD274,1147,0.00365,1419,0.03267,False,multiple_sclerosis
GOLT1B,1148,0.00365,4012,0.00726,False,multiple_sclerosis
TYMP,1149,0.00365,3970,0.00736,False,multiple_sclerosis
TMEM116,1150,0.00365,4111,0.00703,False,multiple_sclerosis
GOLT1A,1151,0.00365,4008,0.00726,False,multiple_sclerosis
AP1G1,1152,0.00364,1492,0.03077,False,multiple_sclerosis
IPO13,1153,0.00364,3954,0.00741,False,multiple_sclerosis
PMVK,1154,0.00363,2180,0.01952,False,multiple_sclerosis
PPARG,1155,0.00363,1259,0.03706,False,multiple_sclerosis
AKAP9,1156,0.00361,1761,0.02563,False,multiple_sclerosis
H1-0,1157,0.00361,3664,0.00821,False,multiple_sclerosis
GRIA2,1158,0.0036,1254,0.03729,False,multiple_sclerosis
IPO4,1159,0.0036,3605,0.00837,False,multiple_sclerosis
TNPO2,1160,0.0036,3553,0.00853,False,multiple_sclerosis
ZMAT2,1161,0.00359,4229,0.00671,False,multiple_sclerosis
LSM1,1162,0.00359,4217,0.00674,False,multiple_sclerosis
TMC1,1163,0.00359,2229,0.01892,False,multiple_sclerosis
TXNL4A,1164,0.00359,4223,0.00672,False,multiple_sclerosis
IGLV10-54,1165,0.00359,3120,0.01115,False,multiple_sclerosis
SNU13,1166,0.00359,4224,0.00672,False,multiple_sclerosis
MFAP1,1167,0.00358,2277,0.01852,False,multiple_sclerosis
IPO5,1168,0.00357,3396,0.00918,False,multiple_sclerosis
PRKAA2,1169,0.00356,1997,0.02154,False,multiple_sclerosis
MT-ND6,1170,0.00356,5270,0.00388,False,multiple_sclerosis
PCBP1,1171,0.00356,1666,0.02709,False,multiple_sclerosis
PRKAG1,1172,0.00356,1999,0.0215,False,multiple_sclerosis
PRKAG3,1173,0.00356,1980,0.0219,False,multiple_sclerosis
COX7A1,1174,0.00354,5068,0.00456,False,multiple_sclerosis
KPNB1,1175,0.00354,3273,0.00996,False,multiple_sclerosis
POLR2L,1176,0.00353,2233,0.01888,False,multiple_sclerosis
POLR2G,1177,0.00353,2203,0.01922,False,multiple_sclerosis
ABCA1,1178,0.00353,2402,0.01751,False,multiple_sclerosis
TCEA1,1179,0.00353,2196,0.01927,False,multiple_sclerosis
POLR2C,1180,0.00352,2171,0.01958,False,multiple_sclerosis
SUPT16H,1181,0.00352,2156,0.01983,False,multiple_sclerosis
SSRP1,1182,0.00352,2162,0.01971,False,multiple_sclerosis
RAB1B,1183,0.00351,1286,0.03619,False,multiple_sclerosis
NUP98,1184,0.0035,863,0.06024,False,multiple_sclerosis
RIOK1,1185,0.00349,2567,0.01632,False,multiple_sclerosis
NOB1,1186,0.00348,2553,0.01644,False,multiple_sclerosis
RPS13,1187,0.00348,2564,0.01634,False,multiple_sclerosis
AP1M1,1188,0.00348,2248,0.01877,False,multiple_sclerosis
AMY1B,1189,0.00348,3434,0.00905,False,multiple_sclerosis
PPP1R3D,1190,0.00347,3327,0.00965,False,multiple_sclerosis
SREBF2,1191,0.00347,1065,0.04495,False,multiple_sclerosis
GYS2,1192,0.00347,3323,0.00968,False,multiple_sclerosis
GYG2,1193,0.00346,3290,0.00987,False,multiple_sclerosis
PYGB,1194,0.00346,3285,0.0099,False,multiple_sclerosis
GYG1,1195,0.00346,3251,0.01014,False,multiple_sclerosis
PI4K2B,1196,0.00346,1100,0.04264,False,multiple_sclerosis
PRPF8,1197,0.00346,829,0.06341,False,multiple_sclerosis
SNRPB,1198,0.00345,1210,0.03897,False,multiple_sclerosis
ITSN1,1199,0.00343,1555,0.02946,False,multiple_sclerosis
NECAP2,1200,0.00343,1584,0.02893,False,multiple_sclerosis
AGL,1201,0.00341,3042,0.01177,False,multiple_sclerosis
CHID1,1202,0.00341,4019,0.00725,False,multiple_sclerosis
CNPY2,1203,0.00341,4030,0.00722,False,multiple_sclerosis
TBX21,1204,0.00341,750,0.07775,False,multiple_sclerosis
CNPY1,1205,0.0034,3792,0.00781,False,multiple_sclerosis
CHIT1,1206,0.0034,3817,0.00772,False,multiple_sclerosis
GSC,1207,0.0034,2124,0.02014,False,multiple_sclerosis
P2RX7,1208,0.0034,2562,0.01634,False,multiple_sclerosis
P2RX6,1209,0.0034,2542,0.01652,False,multiple_sclerosis
P2RX5,1210,0.0034,2563,0.01634,False,multiple_sclerosis
STBD1,1211,0.0034,2969,0.01233,False,multiple_sclerosis
CACNG3,1212,0.00339,2588,0.01605,False,multiple_sclerosis
CACNG4,1213,0.00339,2623,0.01575,False,multiple_sclerosis
SORT1,1214,0.00339,3757,0.00789,False,multiple_sclerosis
EPM2AIP1,1215,0.00339,2922,0.01265,False,multiple_sclerosis
GRIA3,1216,0.00339,2568,0.01632,False,multiple_sclerosis
GCSH,1217,0.00338,2109,0.02028,False,multiple_sclerosis
GRN,1218,0.00338,3557,0.00851,False,multiple_sclerosis
CACNG2,1219,0.00338,2484,0.01692,False,multiple_sclerosis
GRIA4,1220,0.00338,2438,0.01726,False,multiple_sclerosis
PSAPL1,1221,0.00337,3415,0.0091,False,multiple_sclerosis
PPP1R3C,1222,0.00337,2832,0.01352,False,multiple_sclerosis
PWP2,1223,0.00337,2652,0.01544,False,multiple_sclerosis
ATP5F1B,1224,0.00336,4365,0.0064,False,multiple_sclerosis
NHLRC1,1225,0.00336,2813,0.01371,False,multiple_sclerosis
GPR37L1,1226,0.00335,3304,0.00976,False,multiple_sclerosis
ABI2,1227,0.00333,4947,0.00495,False,multiple_sclerosis
NCKAP1,1228,0.00333,4984,0.00486,False,multiple_sclerosis
IGF2BP2,1229,0.00333,1493,0.03072,False,multiple_sclerosis
HDAC7,1230,0.00332,348,0.23859,False,multiple_sclerosis
ITGA1,1231,0.00332,1016,0.04754,False,multiple_sclerosis
ITGAV,1232,0.00332,1019,0.04727,False,multiple_sclerosis
ABI1,1233,0.00332,4791,0.00533,False,multiple_sclerosis
TLR9,1234,0.00331,474,0.1884,False,multiple_sclerosis
YWHAG,1235,0.00331,4334,0.00646,False,multiple_sclerosis
HASPIN,1236,0.00331,3874,0.00755,False,multiple_sclerosis
YWHAQ,1237,0.00331,4323,0.00648,False,multiple_sclerosis
RCC2,1238,0.00331,3815,0.00772,False,multiple_sclerosis
PIK3CG,1239,0.00331,1822,0.02466,False,multiple_sclerosis
CENPE,1240,0.00331,3811,0.00774,False,multiple_sclerosis
NUP88,1241,0.00331,1127,0.04209,False,multiple_sclerosis
NDC80,1242,0.0033,3802,0.00778,False,multiple_sclerosis
ARSA,1243,0.0033,1696,0.02662,False,multiple_sclerosis
NUP153,1244,0.00328,888,0.05755,False,multiple_sclerosis
HSD17B7,1245,0.00328,1950,0.0223,False,multiple_sclerosis
SMAD2,1246,0.00327,813,0.06567,False,multiple_sclerosis
BYSL,1247,0.00327,633,0.10797,False,multiple_sclerosis
UTP14A,1248,0.00327,1764,0.02556,False,multiple_sclerosis
PLA2G6,1249,0.00326,1282,0.03626,False,multiple_sclerosis
P2RX1,1250,0.00326,1691,0.02666,False,multiple_sclerosis
P2RX4,1251,0.00326,1697,0.02661,False,multiple_sclerosis
MCM5,1252,0.00325,1992,0.0217,False,multiple_sclerosis
MCM9,1253,0.00325,2059,0.02086,False,multiple_sclerosis
MCM3,1254,0.00325,1988,0.02172,False,multiple_sclerosis
MCM2,1255,0.00325,1993,0.02169,False,multiple_sclerosis
PI4K2A,1256,0.00325,1457,0.03174,False,multiple_sclerosis
CDC45,1257,0.00325,1987,0.02172,False,multiple_sclerosis
GINS1,1258,0.00325,2007,0.02133,False,multiple_sclerosis
MCM4,1259,0.00325,1989,0.02172,False,multiple_sclerosis
MCM6,1260,0.00325,1991,0.02171,False,multiple_sclerosis
GINS4,1261,0.00325,2016,0.02125,False,multiple_sclerosis
MVK,1262,0.00324,1346,0.03427,False,multiple_sclerosis
HMGCS1,1263,0.00324,1308,0.03548,False,multiple_sclerosis
HMGCS2,1264,0.00324,1354,0.03406,False,multiple_sclerosis
SNRPF,1265,0.00324,763,0.07394,False,multiple_sclerosis
IDI1,1266,0.00324,1292,0.03597,False,multiple_sclerosis
FDPS,1267,0.00324,1279,0.03634,False,multiple_sclerosis
FDFT1,1268,0.00323,1269,0.03676,False,multiple_sclerosis
NT5M,1269,0.00322,2345,0.01799,False,multiple_sclerosis
PIP4K2B,1270,0.00322,1530,0.02992,False,multiple_sclerosis
TGFBR3,1271,0.00322,2496,0.01688,False,multiple_sclerosis
NT5C1B,1272,0.00322,2387,0.01762,False,multiple_sclerosis
NT5C1B-RDH14,1273,0.00322,2388,0.01762,False,multiple_sclerosis
NT5C3B,1274,0.00322,2417,0.01742,False,multiple_sclerosis
SMAD7,1275,0.00322,2455,0.01713,False,multiple_sclerosis
ENTPD5,1276,0.00322,2406,0.01747,False,multiple_sclerosis
TGFB2,1277,0.00322,2453,0.01716,False,multiple_sclerosis
ENTPD6,1278,0.00322,2404,0.01749,False,multiple_sclerosis
AMPD2,1279,0.00321,2268,0.0186,False,multiple_sclerosis
AMPD1,1280,0.00321,2274,0.01855,False,multiple_sclerosis
NPC1L1,1281,0.00321,2031,0.02112,False,multiple_sclerosis
ADSS1,1282,0.00321,2249,0.01877,False,multiple_sclerosis
ADSS2,1283,0.00321,2228,0.01893,False,multiple_sclerosis
TPMT,1284,0.00321,2298,0.01833,False,multiple_sclerosis
AMPD3,1285,0.00321,2272,0.01857,False,multiple_sclerosis
ITGB3,1286,0.0032,1703,0.02652,False,multiple_sclerosis
IFNE,1287,0.0032,2165,0.01966,False,multiple_sclerosis
IFNK,1288,0.0032,2167,0.01962,False,multiple_sclerosis
MAP3K14,1289,0.00319,1461,0.03154,False,multiple_sclerosis
NDUFAF3,1290,0.00318,1243,0.03774,False,multiple_sclerosis
MVD,1291,0.00317,1924,0.0227,False,multiple_sclerosis
LSS,1292,0.00317,1967,0.02201,False,multiple_sclerosis
RBM25,1293,0.00317,2009,0.02132,False,multiple_sclerosis
FCHO2,1294,0.00316,2351,0.01793,False,multiple_sclerosis
PTTG1,1295,0.00315,3790,0.00782,False,multiple_sclerosis
CPEB1,1296,0.00315,3825,0.0077,False,multiple_sclerosis
ATP6V1G3,1297,0.00315,4537,0.00596,False,multiple_sclerosis
BUD31,1298,0.00314,1179,0.04013,False,multiple_sclerosis
NEDD9,1299,0.00314,3714,0.00806,False,multiple_sclerosis
TPX2,1300,0.00314,3686,0.00815,False,multiple_sclerosis
MYCN,1301,0.00314,3687,0.00814,False,multiple_sclerosis
KMT2A,1302,0.00314,1176,0.04021,False,multiple_sclerosis
GNA15,1303,0.00313,1240,0.03798,False,multiple_sclerosis
AP3S2,1304,0.00311,1387,0.03335,False,multiple_sclerosis
EPN2,1305,0.0031,2226,0.01895,False,multiple_sclerosis
EPN3,1306,0.0031,2240,0.01884,False,multiple_sclerosis
CASP8,1307,0.00309,708,0.08458,False,multiple_sclerosis
RIOK3,1308,0.00309,4502,0.00605,False,multiple_sclerosis
CNST,1309,0.00309,4407,0.0063,False,multiple_sclerosis
GRM1,1310,0.00308,1586,0.02889,False,multiple_sclerosis
OCRL,1311,0.00307,2316,0.01814,False,multiple_sclerosis
AP3B2,1312,0.00306,2027,0.02115,False,multiple_sclerosis
KCNIP3,1313,0.00305,840,0.06241,False,multiple_sclerosis
CRNKL1,1314,0.00305,1184,0.03995,False,multiple_sclerosis
CDC40,1315,0.00305,1180,0.04005,False,multiple_sclerosis
AP3M2,1316,0.00305,1946,0.02236,False,multiple_sclerosis
AP3M1,1317,0.00305,1940,0.02243,False,multiple_sclerosis
RXRB,1318,0.00304,1256,0.03719,False,multiple_sclerosis
EFTUD2,1319,0.00304,958,0.05213,False,multiple_sclerosis
CCAR2,1320,0.00304,2106,0.0203,False,multiple_sclerosis
RCL1,1321,0.00304,1317,0.03525,False,multiple_sclerosis
CDKN2AIP,1322,0.00303,4694,0.00554,False,multiple_sclerosis
PADI4,1323,0.00303,535,0.15025,False,multiple_sclerosis
PSPH,1324,0.00302,2128,0.0201,False,multiple_sclerosis
MME,1325,0.00301,1230,0.03823,False,multiple_sclerosis
AP4E1,1326,0.00301,1129,0.04197,False,multiple_sclerosis
RRP1,1327,0.00301,2283,0.01845,False,multiple_sclerosis
SURF6,1328,0.00301,2235,0.01886,False,multiple_sclerosis
RRS1,1329,0.00301,2241,0.01882,False,multiple_sclerosis
CLTCL1,1330,0.003,1223,0.03837,False,multiple_sclerosis
XAB2,1331,0.00299,2301,0.0183,False,multiple_sclerosis
SYF2,1332,0.00299,2295,0.01835,False,multiple_sclerosis
LAMTOR1,1333,0.00298,1901,0.02342,False,multiple_sclerosis
ACAT1,1334,0.00298,2082,0.0206,False,multiple_sclerosis
PDCD1,1335,0.00297,1377,0.03349,False,multiple_sclerosis
SNRPD1,1336,0.00297,851,0.06171,False,multiple_sclerosis
PIP5K1B,1337,0.00297,2289,0.0184,False,multiple_sclerosis
PIP5KL1,1338,0.00297,2290,0.0184,False,multiple_sclerosis
AP4B1,1339,0.00296,1103,0.0426,False,multiple_sclerosis
RUNDC3A,1340,0.00295,3985,0.00732,False,multiple_sclerosis
NFKBIL1,1341,0.00295,1067,0.04488,False,multiple_sclerosis
TGFB3,1342,0.00294,1668,0.02707,False,multiple_sclerosis
MAPRE1,1343,0.00293,1838,0.02412,False,multiple_sclerosis
AGXT,1344,0.00292,1398,0.03306,False,multiple_sclerosis
BIRC5,1345,0.00292,904,0.05651,False,multiple_sclerosis
RALGDS,1346,0.00292,3505,0.00877,False,multiple_sclerosis
UGT8,1347,0.00291,1590,0.02882,False,multiple_sclerosis
AP4M1,1348,0.0029,912,0.05587,False,multiple_sclerosis
TOP2B,1349,0.00289,3699,0.00811,False,multiple_sclerosis
TOP1MT,1350,0.00289,3727,0.00802,False,multiple_sclerosis
CENPF,1351,0.00289,3696,0.00812,False,multiple_sclerosis
NCAPG,1352,0.00289,3715,0.00805,False,multiple_sclerosis
PBK,1353,0.00289,3743,0.00796,False,multiple_sclerosis
IL19,1354,0.00289,508,0.17395,False,multiple_sclerosis
NUP188,1355,0.00288,1539,0.02977,False,multiple_sclerosis
ASPM,1356,0.00288,3609,0.00835,False,multiple_sclerosis
NUP62,1357,0.00288,1542,0.02969,False,multiple_sclerosis
AAAS,1358,0.00288,1576,0.02916,False,multiple_sclerosis
NUP58,1359,0.00288,1544,0.02961,False,multiple_sclerosis
NUP54,1360,0.00288,1543,0.02969,False,multiple_sclerosis
NUP43,1361,0.00288,1101,0.04264,False,multiple_sclerosis
TOP1,1362,0.00288,3615,0.00833,False,multiple_sclerosis
NUP37,1363,0.00288,1108,0.04248,False,multiple_sclerosis
BIRC3,1364,0.00288,1106,0.04251,False,multiple_sclerosis
NUP35,1365,0.00288,1541,0.02971,False,multiple_sclerosis
NUP85,1366,0.00288,1096,0.04271,False,multiple_sclerosis
HSPA8,1367,0.00288,83,0.34532,False,multiple_sclerosis
ACADM,1368,0.00288,4695,0.00554,False,multiple_sclerosis
NUSAP1,1369,0.00288,3602,0.00838,False,multiple_sclerosis
SEH1L,1370,0.00288,1094,0.04272,False,multiple_sclerosis
NUP210,1371,0.00288,1550,0.02958,False,multiple_sclerosis
NDC1,1372,0.00288,1557,0.02944,False,multiple_sclerosis
NUP107,1373,0.00288,1093,0.04272,False,multiple_sclerosis
NUP133,1374,0.00288,1097,0.0427,False,multiple_sclerosis
AHCTF1,1375,0.00288,1107,0.04249,False,multiple_sclerosis
NUP155,1376,0.00288,1099,0.04265,False,multiple_sclerosis
NCAM1,1377,0.00287,1758,0.02563,False,multiple_sclerosis
PDE4D,1378,0.00286,391,0.22159,False,multiple_sclerosis
MDM2,1379,0.00286,715,0.08385,False,multiple_sclerosis
POLR2J,1380,0.00285,4121,0.00699,False,multiple_sclerosis
TRIM69,1381,0.00285,3542,0.00859,False,multiple_sclerosis
POLR2D,1382,0.00284,3900,0.00752,False,multiple_sclerosis
HPS1,1383,0.00284,3433,0.00906,False,multiple_sclerosis
IWS1,1384,0.00284,3850,0.00763,False,multiple_sclerosis
ABCG5,1385,0.00284,2432,0.01734,False,multiple_sclerosis
ABCG8,1386,0.00284,2303,0.01827,False,multiple_sclerosis
PPIB,1387,0.00284,2040,0.02099,False,multiple_sclerosis
TEX35,1388,0.00283,3328,0.00964,False,multiple_sclerosis
NOP53,1389,0.00282,4210,0.00675,False,multiple_sclerosis
RBM28,1390,0.00282,4257,0.00664,False,multiple_sclerosis
YTHDC1,1391,0.00281,1767,0.02555,False,multiple_sclerosis
EEF1E1,1392,0.00281,3173,0.01063,False,multiple_sclerosis
ITGB5,1393,0.0028,1776,0.02544,False,multiple_sclerosis
ITGB8,1394,0.0028,1794,0.02509,False,multiple_sclerosis
BCAS4,1395,0.00279,3054,0.01167,False,multiple_sclerosis
RPS14,1396,0.00279,1152,0.04074,False,multiple_sclerosis
BLOC1S4,1397,0.00276,2896,0.01288,False,multiple_sclerosis
CRHR2,1398,0.00276,4336,0.00646,False,multiple_sclerosis
BLOC1S2,1399,0.00276,2895,0.01289,False,multiple_sclerosis
SNAPIN,1400,0.00276,2894,0.01292,False,multiple_sclerosis
BLOC1S1,1401,0.00276,2889,0.01294,False,multiple_sclerosis
MAP2K3,1402,0.00275,2001,0.02146,False,multiple_sclerosis
HSD11B2,1403,0.00275,3996,0.0073,False,multiple_sclerosis
MAP2K6,1404,0.00275,1948,0.02233,False,multiple_sclerosis
IL27,1405,0.00275,2590,0.01602,False,multiple_sclerosis
DCAF13,1406,0.00274,1320,0.03516,False,multiple_sclerosis
CYP17A1,1407,0.00274,3603,0.00837,False,multiple_sclerosis
CYP11B2,1408,0.00274,3684,0.00816,False,multiple_sclerosis
BET1L,1409,0.00273,4964,0.0049,False,multiple_sclerosis
ADCYAP1,1410,0.00273,3442,0.00903,False,multiple_sclerosis
NGDN,1411,0.00273,1780,0.02534,False,multiple_sclerosis
FSHB,1412,0.00273,3440,0.00904,False,multiple_sclerosis
CYP11B1,1413,0.00273,3468,0.00888,False,multiple_sclerosis
TSHB,1414,0.00273,3404,0.00915,False,multiple_sclerosis
DHX38,1415,0.00273,4185,0.00681,False,multiple_sclerosis
SRRT,1416,0.00272,4079,0.00709,False,multiple_sclerosis
MAGOHB,1417,0.00272,4050,0.00715,False,multiple_sclerosis
PLEKHM1,1418,0.00272,3090,0.01139,False,multiple_sclerosis
RNPS1,1419,0.00272,4155,0.00691,False,multiple_sclerosis
MON1A,1420,0.00272,3019,0.01193,False,multiple_sclerosis
DYNC1LI2,1421,0.00272,3080,0.01145,False,multiple_sclerosis
RRP7A,1422,0.00272,1775,0.02544,False,multiple_sclerosis
CHML,1423,0.00272,3109,0.01129,False,multiple_sclerosis
DYNC1H1,1424,0.00272,3053,0.01168,False,multiple_sclerosis
MRAP2,1425,0.00272,3357,0.00938,False,multiple_sclerosis
DYNC1LI1,1426,0.00272,3060,0.01162,False,multiple_sclerosis
SRRM1,1427,0.00272,4123,0.00699,False,multiple_sclerosis
CCZ1B,1428,0.00271,3006,0.01202,False,multiple_sclerosis
SNRPA,1429,0.00271,1638,0.02766,False,multiple_sclerosis
MRAP,1430,0.00271,3257,0.01009,False,multiple_sclerosis
CCZ1,1431,0.00271,2997,0.01211,False,multiple_sclerosis
CHM,1432,0.00271,2928,0.01263,False,multiple_sclerosis
GDI1,1433,0.00271,2989,0.01219,False,multiple_sclerosis
PDZD8,1434,0.00271,2986,0.01222,False,multiple_sclerosis
GDI2,1435,0.00271,2991,0.01218,False,multiple_sclerosis
RUBCN,1436,0.00271,2979,0.01227,False,multiple_sclerosis
RAB7B,1437,0.00271,2993,0.01216,False,multiple_sclerosis
TBC1D17,1438,0.00271,2961,0.01239,False,multiple_sclerosis
OSBPL1A,1439,0.0027,2867,0.01318,False,multiple_sclerosis
TBC1D15,1440,0.0027,2879,0.01304,False,multiple_sclerosis
RILP,1441,0.0027,2846,0.01343,False,multiple_sclerosis
NXF1,1442,0.0027,2195,0.01927,False,multiple_sclerosis
AKT1,1443,0.0027,524,0.15632,False,multiple_sclerosis
NPPA,1444,0.0027,1931,0.02257,False,multiple_sclerosis
NOP56,1445,0.00269,2681,0.01518,False,multiple_sclerosis
NAT10,1446,0.00269,2680,0.01518,False,multiple_sclerosis
ENTPD3,1447,0.00268,4346,0.00644,False,multiple_sclerosis
CANT1,1448,0.00268,4332,0.00646,False,multiple_sclerosis
WDR3,1449,0.00267,1060,0.04506,False,multiple_sclerosis
SPG7,1450,0.00267,4809,0.00529,False,multiple_sclerosis
ATAD5,1451,0.00267,3670,0.00818,False,multiple_sclerosis
CPB2,1452,0.00267,4986,0.00486,False,multiple_sclerosis
CD5L,1453,0.00267,5284,0.00382,False,multiple_sclerosis
TIPIN,1454,0.00267,3527,0.00866,False,multiple_sclerosis
DTL,1455,0.00267,3700,0.0081,False,multiple_sclerosis
CHTF18,1456,0.00267,3629,0.00831,False,multiple_sclerosis
GINS2,1457,0.00267,3533,0.00863,False,multiple_sclerosis
GINS3,1458,0.00267,3531,0.00864,False,multiple_sclerosis
NHP2,1459,0.00266,1342,0.03456,False,multiple_sclerosis
C8B,1460,0.00266,4485,0.0061,False,multiple_sclerosis
WDR82,1461,0.00266,1418,0.03272,False,multiple_sclerosis
ASAH1,1462,0.00266,1777,0.02541,False,multiple_sclerosis
C6,1463,0.00266,4486,0.0061,False,multiple_sclerosis
C7,1464,0.00266,4482,0.0061,False,multiple_sclerosis
C9,1465,0.00266,4481,0.0061,False,multiple_sclerosis
GBA,1466,0.00266,1717,0.02634,False,multiple_sclerosis
SEC61B,1467,0.00264,4863,0.00512,False,multiple_sclerosis
BET1,1468,0.00264,4887,0.00506,False,multiple_sclerosis
ERCC6,1469,0.00263,3878,0.00754,False,multiple_sclerosis
PDGFD,1470,0.00263,4795,0.00532,False,multiple_sclerosis
ORC4,1471,0.00263,3709,0.00807,False,multiple_sclerosis
RECQL4,1472,0.00263,3586,0.0084,False,multiple_sclerosis
PDGFC,1473,0.00263,4794,0.00532,False,multiple_sclerosis
RNF40,1474,0.00263,4094,0.00706,False,multiple_sclerosis
RNF20,1475,0.00263,3913,0.00749,False,multiple_sclerosis
ORC2,1476,0.00263,3571,0.00846,False,multiple_sclerosis
TICRR,1477,0.00263,3657,0.00822,False,multiple_sclerosis
CDC7,1478,0.00263,3588,0.0084,False,multiple_sclerosis
PDGFA,1479,0.00263,4793,0.00532,False,multiple_sclerosis
H2BC11,1480,0.00263,3988,0.00731,False,multiple_sclerosis
PDGFB,1481,0.00263,4796,0.00532,False,multiple_sclerosis
MCM8,1482,0.00263,3642,0.00826,False,multiple_sclerosis
WDR43,1483,0.00263,1329,0.035,False,multiple_sclerosis
SGPP2,1484,0.00262,3133,0.01097,False,multiple_sclerosis
GBA2,1485,0.00262,3127,0.01106,False,multiple_sclerosis
DEGS2,1486,0.00262,3128,0.01106,False,multiple_sclerosis
ENPP7,1487,0.00261,3089,0.0114,False,multiple_sclerosis
UGCG,1488,0.00261,3081,0.01145,False,multiple_sclerosis
SGMS1,1489,0.00261,3073,0.01154,False,multiple_sclerosis
CERK,1490,0.00261,3082,0.01144,False,multiple_sclerosis
CERS2,1491,0.00261,3083,0.01144,False,multiple_sclerosis
RPS9,1492,0.00261,1278,0.03635,False,multiple_sclerosis
SGMS2,1493,0.00261,3077,0.0115,False,multiple_sclerosis
SMPD4,1494,0.00261,3079,0.01145,False,multiple_sclerosis
CERS3,1495,0.00261,3107,0.01131,False,multiple_sclerosis
SMPD2,1496,0.00261,3035,0.0118,False,multiple_sclerosis
SMPD3,1497,0.00261,3047,0.01173,False,multiple_sclerosis
CERS4,1498,0.00261,3094,0.01136,False,multiple_sclerosis
SGPP1,1499,0.00261,3123,0.01112,False,multiple_sclerosis
CERS5,1500,0.00261,3093,0.01138,False,multiple_sclerosis
CERS6,1501,0.00261,3085,0.01144,False,multiple_sclerosis
SF3B2,1502,0.00261,1600,0.02866,False,multiple_sclerosis
DEGS1,1503,0.00261,3113,0.01123,False,multiple_sclerosis
NUDCD1,1504,0.0026,4727,0.00546,False,multiple_sclerosis
SMYD1,1505,0.0026,4427,0.00627,False,multiple_sclerosis
PRR15L,1506,0.0026,4834,0.00521,False,multiple_sclerosis
GABRG3,1507,0.00259,2510,0.01678,False,multiple_sclerosis
SMN1,1508,0.00259,4538,0.00596,False,multiple_sclerosis
GABRA3,1509,0.00259,2512,0.01673,False,multiple_sclerosis
APOE,1510,0.00259,1168,0.04037,False,multiple_sclerosis
SURF4,1511,0.00259,4467,0.00615,False,multiple_sclerosis
GABRG1,1512,0.00258,2307,0.01822,False,multiple_sclerosis
KIF2C,1513,0.00258,1020,0.04719,False,multiple_sclerosis
IRX1,1514,0.00258,3974,0.00736,False,multiple_sclerosis
KIF23,1515,0.00257,1409,0.03288,False,multiple_sclerosis
IRX5,1516,0.00257,3771,0.00786,False,multiple_sclerosis
KCTD5,1517,0.00257,3852,0.00762,False,multiple_sclerosis
GABRA4,1518,0.00257,2284,0.01845,False,multiple_sclerosis
CDC123,1519,0.00256,2023,0.0212,False,multiple_sclerosis
GLB1,1520,0.00255,1416,0.03273,False,multiple_sclerosis
AQR,1521,0.00255,4114,0.00703,False,multiple_sclerosis
YJU2,1522,0.00255,4106,0.00704,False,multiple_sclerosis
CWC15,1523,0.00255,4108,0.00704,False,multiple_sclerosis
FOXM1,1524,0.00255,1467,0.03131,False,multiple_sclerosis
CWC22,1525,0.00255,4112,0.00703,False,multiple_sclerosis
RBM22,1526,0.00255,4109,0.00704,False,multiple_sclerosis
ARF5,1527,0.00255,1247,0.03761,False,multiple_sclerosis
LCOR,1528,0.00254,4910,0.00502,False,multiple_sclerosis
LRPPRC,1529,0.00254,4005,0.00727,False,multiple_sclerosis
NXF3,1530,0.00254,3958,0.0074,False,multiple_sclerosis
JUNB,1531,0.00254,1481,0.03097,False,multiple_sclerosis
TLE3,1532,0.00254,4820,0.00524,False,multiple_sclerosis
ESRRA,1533,0.00254,4810,0.00529,False,multiple_sclerosis
THRA,1534,0.00254,4938,0.00497,False,multiple_sclerosis
SNUPN,1535,0.00253,3767,0.00787,False,multiple_sclerosis
NUP42,1536,0.00253,3877,0.00755,False,multiple_sclerosis
CSE1L,1537,0.00253,3836,0.00765,False,multiple_sclerosis
SRSF1,1538,0.00253,885,0.05764,False,multiple_sclerosis
PKIA,1539,0.00253,3895,0.00753,False,multiple_sclerosis
NR2C1,1540,0.00253,4573,0.00585,False,multiple_sclerosis
PHAX,1541,0.00253,3803,0.00777,False,multiple_sclerosis
ESRRG,1542,0.00253,4672,0.00558,False,multiple_sclerosis
CYP1B1,1543,0.00252,3585,0.00842,False,multiple_sclerosis
HLA-DQA1,1544,0.00252,1636,0.02774,False,multiple_sclerosis
ANKRD9,1545,0.00251,4249,0.00666,False,multiple_sclerosis
HSD17B1,1546,0.00251,3467,0.00888,False,multiple_sclerosis
AMT,1547,0.00251,1479,0.031,False,multiple_sclerosis
TYMS,1548,0.00251,1069,0.04477,False,multiple_sclerosis
HSD17B2,1549,0.00251,3561,0.00849,False,multiple_sclerosis
ELOVL1,1550,0.00251,3461,0.00894,False,multiple_sclerosis
CTPS1,1551,0.00251,4258,0.00663,False,multiple_sclerosis
ELOVL3,1552,0.00251,3562,0.00849,False,multiple_sclerosis
ELOVL4,1553,0.00251,3518,0.00872,False,multiple_sclerosis
ELOVL7,1554,0.00251,3532,0.00864,False,multiple_sclerosis
ENTPD1,1555,0.00251,4319,0.00649,False,multiple_sclerosis
HSD17B8,1556,0.00251,3463,0.00893,False,multiple_sclerosis
DHRS11,1557,0.00251,3543,0.00857,False,multiple_sclerosis
MAFK,1558,0.0025,2739,0.01447,False,multiple_sclerosis
NOP58,1559,0.0025,1316,0.03527,False,multiple_sclerosis
NIFK,1560,0.0025,1059,0.04508,False,multiple_sclerosis
WDR36,1561,0.00249,1062,0.04504,False,multiple_sclerosis
SARS1,1562,0.00248,4043,0.00718,False,multiple_sclerosis
SARS2,1563,0.00248,4051,0.00715,False,multiple_sclerosis
KARS1,1564,0.00248,4054,0.00715,False,multiple_sclerosis
MSL3,1565,0.00247,1977,0.02194,False,multiple_sclerosis
NARS1,1566,0.00247,3762,0.00788,False,multiple_sclerosis
SNRPB2,1567,0.00247,1187,0.03984,False,multiple_sclerosis
EIF4A3,1568,0.00247,1501,0.03052,False,multiple_sclerosis
ACTL6A,1569,0.00247,1964,0.02209,False,multiple_sclerosis
HPS6,1570,0.00247,1910,0.02313,False,multiple_sclerosis
HPS4,1571,0.00247,1899,0.02348,False,multiple_sclerosis
MORF4L1,1572,0.00246,1956,0.02222,False,multiple_sclerosis
TNPO1,1573,0.00246,937,0.0538,False,multiple_sclerosis
BLOC1S3,1574,0.00246,1760,0.02563,False,multiple_sclerosis
MAPKAPK2,1575,0.00246,2063,0.02081,False,multiple_sclerosis
BLOC1S6,1576,0.00246,1797,0.02505,False,multiple_sclerosis
ARMH3,1577,0.00246,4045,0.00718,False,multiple_sclerosis
NMD3,1578,0.00246,1232,0.03814,False,multiple_sclerosis
LARS1,1579,0.00246,3521,0.0087,False,multiple_sclerosis
DMAP1,1580,0.00246,1959,0.02218,False,multiple_sclerosis
FCGR3B,1581,0.00246,1960,0.02215,False,multiple_sclerosis
PCNA,1582,0.00245,1458,0.03164,False,multiple_sclerosis
HIF1A,1583,0.00245,770,0.07187,False,multiple_sclerosis
DDX56,1584,0.00244,4341,0.00645,False,multiple_sclerosis
VAC14,1585,0.00244,3432,0.00906,False,multiple_sclerosis
PUM3,1586,0.00244,4337,0.00645,False,multiple_sclerosis
DDX27,1587,0.00243,4221,0.00672,False,multiple_sclerosis
SEC23A,1588,0.00243,3624,0.00832,False,multiple_sclerosis
UTP15,1589,0.00243,1803,0.02498,False,multiple_sclerosis
SAR1A,1590,0.00243,3638,0.0083,False,multiple_sclerosis
SAR1B,1591,0.00243,3637,0.0083,False,multiple_sclerosis
WDR24,1592,0.00243,3619,0.00832,False,multiple_sclerosis
NOL10,1593,0.00243,1805,0.02498,False,multiple_sclerosis
CEBPZ,1594,0.00243,4261,0.00663,False,multiple_sclerosis
ADRA2A,1595,0.00243,4529,0.006,False,multiple_sclerosis
WDR59,1596,0.00243,3618,0.00832,False,multiple_sclerosis
NCK1,1597,0.00243,1438,0.03202,False,multiple_sclerosis
MIOS,1598,0.00243,3617,0.00832,False,multiple_sclerosis
TBL3,1599,0.00243,1804,0.02498,False,multiple_sclerosis
SEC23B,1600,0.00243,3625,0.00832,False,multiple_sclerosis
SEC24B,1601,0.00243,3622,0.00832,False,multiple_sclerosis
SEC24A,1602,0.00243,3621,0.00832,False,multiple_sclerosis
SEC31B,1603,0.00243,3631,0.00831,False,multiple_sclerosis
SEC31A,1604,0.00243,3628,0.00832,False,multiple_sclerosis
SEC24D,1605,0.00243,3626,0.00832,False,multiple_sclerosis
P2RY11,1606,0.00242,3800,0.00779,False,multiple_sclerosis
CDH1,1607,0.00242,4245,0.00667,False,multiple_sclerosis
SYNGR3,1608,0.00242,4087,0.00708,False,multiple_sclerosis
FLOT1,1609,0.00242,4107,0.00704,False,multiple_sclerosis
HSPG2,1610,0.00242,4588,0.0058,False,multiple_sclerosis
FLOT2,1611,0.00242,4238,0.00669,False,multiple_sclerosis
PICK1,1612,0.00242,4405,0.00631,False,multiple_sclerosis
LRP2,1613,0.00241,4076,0.00709,False,multiple_sclerosis
APBB1,1614,0.00241,4164,0.00686,False,multiple_sclerosis
SFTPD,1615,0.00241,4280,0.00659,False,multiple_sclerosis
UBE2C,1616,0.0024,1400,0.03303,False,multiple_sclerosis
SERPINE1,1617,0.0024,3879,0.00754,False,multiple_sclerosis
LRPAP1,1618,0.0024,3851,0.00763,False,multiple_sclerosis
SYN3,1619,0.0024,4536,0.00596,False,multiple_sclerosis
UTP6,1620,0.0024,1064,0.04499,False,multiple_sclerosis
PLAT,1621,0.0024,3891,0.00753,False,multiple_sclerosis
RINT1,1622,0.0024,4690,0.00555,False,multiple_sclerosis
MKI67,1623,0.0024,2136,0.02006,False,multiple_sclerosis
A2M,1624,0.0024,3845,0.00764,False,multiple_sclerosis
CS,1625,0.0024,3613,0.00834,False,multiple_sclerosis
ACOT12,1626,0.0024,3634,0.0083,False,multiple_sclerosis
DLGAP5,1627,0.0024,1423,0.03259,False,multiple_sclerosis
ACSF3,1628,0.0024,3576,0.00845,False,multiple_sclerosis
CHAT,1629,0.0024,4522,0.00601,False,multiple_sclerosis
ALDH6A1,1630,0.0024,3616,0.00833,False,multiple_sclerosis
NR4A2,1631,0.00239,4278,0.0066,False,multiple_sclerosis
MCAT,1632,0.00239,3453,0.00897,False,multiple_sclerosis
ACSS2,1633,0.00239,3464,0.00891,False,multiple_sclerosis
ACSS1,1634,0.00239,3513,0.00876,False,multiple_sclerosis
MLYCD,1635,0.00239,3471,0.00886,False,multiple_sclerosis
EEF1G,1636,0.00239,4638,0.00568,False,multiple_sclerosis
SLC18A1,1637,0.00239,3824,0.0077,False,multiple_sclerosis
SLC6A2,1638,0.00239,4215,0.00674,False,multiple_sclerosis
MRPS22,1639,0.00239,4532,0.006,False,multiple_sclerosis
ACAT2,1640,0.00239,3497,0.00879,False,multiple_sclerosis
HLCS,1641,0.00239,3491,0.00881,False,multiple_sclerosis
SLC17A8,1642,0.00238,3655,0.00822,False,multiple_sclerosis
SLC29A4,1643,0.00238,3730,0.008,False,multiple_sclerosis
SLC17A6,1644,0.00238,3633,0.0083,False,multiple_sclerosis
GULP1,1645,0.00238,1633,0.02779,False,multiple_sclerosis
EMG1,1646,0.00238,1058,0.04514,False,multiple_sclerosis
IFNA17,1647,0.00238,2116,0.02021,False,multiple_sclerosis
NOP14,1648,0.00238,1796,0.02507,False,multiple_sclerosis
PLA2G12A,1649,0.00237,4797,0.00532,False,multiple_sclerosis
PLA2G4F,1650,0.00237,4786,0.00534,False,multiple_sclerosis
IGF1R,1651,0.00237,1427,0.03252,False,multiple_sclerosis
TGFB1I1,1652,0.00236,5151,0.0043,False,multiple_sclerosis
CD247,1653,0.00236,1326,0.03505,False,multiple_sclerosis
PLA1A,1654,0.00235,3923,0.00747,False,multiple_sclerosis
LPXN,1655,0.00235,4832,0.00522,False,multiple_sclerosis
PSTPIP2,1656,0.00235,4718,0.00548,False,multiple_sclerosis
PTK2B,1657,0.00235,4740,0.00542,False,multiple_sclerosis
HSP90AB1,1658,0.00234,503,0.17545,False,multiple_sclerosis
LMAN1,1659,0.00233,4149,0.00692,False,multiple_sclerosis
RPS3A,1660,0.00233,4712,0.00548,False,multiple_sclerosis
HPS3,1661,0.00233,1312,0.03543,False,multiple_sclerosis
CA9,1662,0.00233,3856,0.00762,False,multiple_sclerosis
HPS5,1663,0.00233,1321,0.03513,False,multiple_sclerosis
CA4,1664,0.00233,3936,0.00745,False,multiple_sclerosis
CA3,1665,0.00233,3837,0.00765,False,multiple_sclerosis
CA14,1666,0.00232,3578,0.00844,False,multiple_sclerosis
KHDRBS1,1667,0.00232,3206,0.01044,False,multiple_sclerosis
CA13,1668,0.00232,3563,0.00849,False,multiple_sclerosis
SFPQ,1669,0.00232,3211,0.01037,False,multiple_sclerosis
HNRNPF,1670,0.00232,3183,0.01054,False,multiple_sclerosis
CA12,1671,0.00232,3761,0.00789,False,multiple_sclerosis
KHSRP,1672,0.00232,3215,0.0103,False,multiple_sclerosis
RBMX,1673,0.00232,3187,0.01053,False,multiple_sclerosis
SRSF7,1674,0.00232,3217,0.0103,False,multiple_sclerosis
UTP18,1675,0.00232,928,0.05484,False,multiple_sclerosis
SHARPIN,1676,0.00232,3250,0.01015,False,multiple_sclerosis
NOL6,1677,0.00232,924,0.05507,False,multiple_sclerosis
HNRNPR,1678,0.00232,3174,0.01062,False,multiple_sclerosis
CA7,1679,0.00232,3691,0.00813,False,multiple_sclerosis
HNRNPH3,1680,0.00232,3193,0.0105,False,multiple_sclerosis
MATR3-2,1681,0.00232,3194,0.0105,False,multiple_sclerosis
CA5A,1682,0.00232,3582,0.00843,False,multiple_sclerosis
CA6,1683,0.00232,3742,0.00797,False,multiple_sclerosis
HNRNPH1,1684,0.00231,3158,0.01073,False,multiple_sclerosis
RRP9,1685,0.00231,922,0.05517,False,multiple_sclerosis
ZNF593,1686,0.00231,2433,0.01734,False,multiple_sclerosis
CA5B,1687,0.00231,3514,0.00875,False,multiple_sclerosis
HNRNPC,1688,0.00231,3153,0.01074,False,multiple_sclerosis
PTBP1,1689,0.00231,3159,0.01073,False,multiple_sclerosis
CA1,1690,0.00231,3474,0.00885,False,multiple_sclerosis
HNRNPL,1691,0.00231,3169,0.01067,False,multiple_sclerosis
CA8,1692,0.00231,3508,0.00876,False,multiple_sclerosis
HNRNPA2B1,1693,0.00231,3160,0.01073,False,multiple_sclerosis
EHD2,1694,0.0023,4207,0.00676,False,multiple_sclerosis
SNAP91,1695,0.0023,4194,0.00679,False,multiple_sclerosis
AATF,1696,0.0023,4715,0.00548,False,multiple_sclerosis
ABR,1697,0.0023,5446,0.00295,False,multiple_sclerosis
DNTTIP2,1698,0.0023,4707,0.00551,False,multiple_sclerosis
BHLHE22,1699,0.0023,4483,0.0061,False,multiple_sclerosis
NSA2,1700,0.0023,2282,0.01846,False,multiple_sclerosis
LYN,1701,0.0023,634,0.10793,False,multiple_sclerosis
NTSR2,1702,0.00229,4227,0.00672,False,multiple_sclerosis
AMPH,1703,0.00229,4154,0.00691,False,multiple_sclerosis
TFIP11,1704,0.00229,4205,0.00676,False,multiple_sclerosis
SUGP1,1705,0.00229,4209,0.00676,False,multiple_sclerosis
KRR1,1706,0.00229,793,0.06825,False,multiple_sclerosis
AP1G2,1707,0.00229,4286,0.00658,False,multiple_sclerosis
RBM10,1708,0.00229,4219,0.00673,False,multiple_sclerosis
GPATCH2,1709,0.00229,4237,0.00669,False,multiple_sclerosis
MED16,1710,0.00229,1667,0.02708,False,multiple_sclerosis
RAPGEF1,1711,0.00228,2516,0.0167,False,multiple_sclerosis
CTF1,1712,0.00228,3111,0.01125,False,multiple_sclerosis
WDR75,1713,0.00228,1327,0.03502,False,multiple_sclerosis
OSM,1714,0.00228,3064,0.0116,False,multiple_sclerosis
M0R3G1_HUMAN,1715,0.00228,4288,0.00658,False,multiple_sclerosis
LIF,1716,0.00228,3110,0.01127,False,multiple_sclerosis
LIFR,1717,0.00228,3119,0.01117,False,multiple_sclerosis
PROCR,1718,0.00228,2439,0.01726,False,multiple_sclerosis
EPS15,1719,0.00227,968,0.05145,False,multiple_sclerosis
VAV1,1720,0.00227,1085,0.04322,False,multiple_sclerosis
PRPF18,1721,0.00226,3703,0.00809,False,multiple_sclerosis
FNTB,1722,0.00226,3438,0.00904,False,multiple_sclerosis
FNTA,1723,0.00226,3427,0.00908,False,multiple_sclerosis
CDCA8,1724,0.00226,1429,0.0325,False,multiple_sclerosis
DHDDS,1725,0.00226,3406,0.00914,False,multiple_sclerosis
IRS2,1726,0.00226,1947,0.02233,False,multiple_sclerosis
TAB2,1727,0.00226,1414,0.03277,False,multiple_sclerosis
HNRNPU,1728,0.00226,1944,0.0224,False,multiple_sclerosis
NUP50,1729,0.00226,4242,0.00668,False,multiple_sclerosis
NUS1,1730,0.00226,3454,0.00897,False,multiple_sclerosis
PDSS1,1731,0.00226,3430,0.00907,False,multiple_sclerosis
PDSS2,1732,0.00226,3459,0.00894,False,multiple_sclerosis
PPP2CB,1733,0.00225,4724,0.00547,False,multiple_sclerosis
SC5D,1734,0.00225,3441,0.00903,False,multiple_sclerosis
LBR,1735,0.00225,3512,0.00876,False,multiple_sclerosis
RRAGA,1736,0.00225,2067,0.02078,False,multiple_sclerosis
GDF15,1737,0.00225,4614,0.00575,False,multiple_sclerosis
APC,1738,0.00225,1648,0.02737,False,multiple_sclerosis
FKBP1B,1739,0.00225,2407,0.01747,False,multiple_sclerosis
CASQ1,1740,0.00225,2445,0.01722,False,multiple_sclerosis
PPP2R1B,1741,0.00225,4776,0.00537,False,multiple_sclerosis
MARCHF6,1742,0.00225,3545,0.00857,False,multiple_sclerosis
CASQ2,1743,0.00225,2461,0.01709,False,multiple_sclerosis
DHCR24,1744,0.00225,3693,0.00812,False,multiple_sclerosis
RRAGB,1745,0.00225,2066,0.02078,False,multiple_sclerosis
ALK,1746,0.00225,4651,0.00564,False,multiple_sclerosis
SMIM22,1747,0.00225,3663,0.00821,False,multiple_sclerosis
RRAGC,1748,0.00225,2065,0.02078,False,multiple_sclerosis
NSDHL,1749,0.00224,3331,0.00961,False,multiple_sclerosis
TNFRSF6B,1750,0.00224,1965,0.02207,False,multiple_sclerosis
MYCL,1751,0.00224,3943,0.00744,False,multiple_sclerosis
FAXDC2,1752,0.00224,3387,0.00922,False,multiple_sclerosis
ACTB,1753,0.00224,1629,0.02804,False,multiple_sclerosis
PHF1,1754,0.00224,4000,0.00729,False,multiple_sclerosis
CH25H,1755,0.00224,3341,0.00948,False,multiple_sclerosis
TM7SF2,1756,0.00224,3342,0.00946,False,multiple_sclerosis
NUTM2A,1757,0.00224,4047,0.00716,False,multiple_sclerosis
MSMO1,1758,0.00224,3311,0.00973,False,multiple_sclerosis
DLG3,1759,0.00224,869,0.05937,False,multiple_sclerosis
DDX46,1760,0.00223,3884,0.00754,False,multiple_sclerosis
PHF5A,1761,0.00223,3889,0.00754,False,multiple_sclerosis
SNRNP40,1762,0.00223,4413,0.00629,False,multiple_sclerosis
MED8,1763,0.00223,4083,0.00709,False,multiple_sclerosis
TAF1,1764,0.00223,3496,0.00879,False,multiple_sclerosis
DDX49,1765,0.00223,4754,0.00541,False,multiple_sclerosis
RBMX2,1766,0.00223,3887,0.00754,False,multiple_sclerosis
MED20,1767,0.00223,4075,0.00709,False,multiple_sclerosis
RBBP5,1768,0.00223,3437,0.00904,False,multiple_sclerosis
SF3A1,1769,0.00223,3888,0.00754,False,multiple_sclerosis
NOL11,1770,0.00223,4792,0.00533,False,multiple_sclerosis
MED27,1771,0.00223,4080,0.00709,False,multiple_sclerosis
MED25,1772,0.00223,4081,0.00709,False,multiple_sclerosis
SF3B6,1773,0.00223,3885,0.00754,False,multiple_sclerosis
MED24,1774,0.00223,4086,0.00709,False,multiple_sclerosis
DDX42,1775,0.00223,3886,0.00754,False,multiple_sclerosis
SF3B3,1776,0.00223,3883,0.00754,False,multiple_sclerosis
MED22,1777,0.00223,4077,0.00709,False,multiple_sclerosis
KCNMB2,1778,0.00223,465,0.19151,False,multiple_sclerosis
MSL1,1779,0.00222,3349,0.00943,False,multiple_sclerosis
MCRS1,1780,0.00222,3364,0.00933,False,multiple_sclerosis
KANSL1,1781,0.00222,3343,0.00945,False,multiple_sclerosis
KANSL2,1782,0.00222,3411,0.00911,False,multiple_sclerosis
KANSL3,1783,0.00222,3368,0.00931,False,multiple_sclerosis
WDR5,1784,0.00222,3351,0.00942,False,multiple_sclerosis
MSL2,1785,0.00222,3350,0.00943,False,multiple_sclerosis
RRP1B,1786,0.00222,1554,0.02946,False,multiple_sclerosis
PHF20,1787,0.00222,3354,0.0094,False,multiple_sclerosis
SART1,1788,0.00221,837,0.06274,False,multiple_sclerosis
UTP3,1789,0.00221,739,0.07985,False,multiple_sclerosis
CDH17,1790,0.00221,4990,0.00483,False,multiple_sclerosis
WDR74,1791,0.00221,1499,0.03061,False,multiple_sclerosis
INSRR,1792,0.00221,4818,0.00525,False,multiple_sclerosis
GALC,1793,0.00221,1090,0.04282,False,multiple_sclerosis
PTPRF,1794,0.00221,4782,0.00534,False,multiple_sclerosis
CLCN6,1795,0.00221,3134,0.01095,False,multiple_sclerosis
ACSL5,1796,0.0022,2935,0.01254,False,multiple_sclerosis
SUZ12,1797,0.0022,3242,0.01019,False,multiple_sclerosis
ACSL6,1798,0.0022,2957,0.01241,False,multiple_sclerosis
ACSL3,1799,0.0022,2974,0.0123,False,multiple_sclerosis
ACSL4,1800,0.0022,2964,0.01237,False,multiple_sclerosis
ACSBG2,1801,0.0022,2943,0.01249,False,multiple_sclerosis
FLI1,1802,0.0022,2975,0.0123,False,multiple_sclerosis
ACSBG1,1803,0.0022,2985,0.01223,False,multiple_sclerosis
ACSL1,1804,0.0022,2930,0.01258,False,multiple_sclerosis
MECR,1805,0.00219,2820,0.01363,False,multiple_sclerosis
PPT2,1806,0.00219,2789,0.01393,False,multiple_sclerosis
MFSD8,1807,0.00219,2827,0.01357,False,multiple_sclerosis
NR2C2,1808,0.00219,3140,0.01088,False,multiple_sclerosis
AAGAB,1809,0.00219,4295,0.00655,False,multiple_sclerosis
GNL2,1810,0.00219,1513,0.03025,False,multiple_sclerosis
CLN6,1811,0.00218,2725,0.01461,False,multiple_sclerosis
LSM10,1812,0.00218,4412,0.00629,False,multiple_sclerosis
ITGA9,1813,0.00218,1676,0.02692,False,multiple_sclerosis
TPP1,1814,0.00218,2752,0.01433,False,multiple_sclerosis
CLN8,1815,0.00218,2733,0.01449,False,multiple_sclerosis
CALM2,1816,0.00218,679,0.09329,False,multiple_sclerosis
PRPF19,1817,0.00218,964,0.05177,False,multiple_sclerosis
CLN5,1818,0.00218,2722,0.01464,False,multiple_sclerosis
HTR3A,1819,0.00218,1756,0.0257,False,multiple_sclerosis
CLN3,1820,0.00218,2714,0.01476,False,multiple_sclerosis
FIP1L1,1821,0.00217,1982,0.02187,False,multiple_sclerosis
MRC1,1822,0.00216,1233,0.03814,False,multiple_sclerosis
DEPDC5,1823,0.00216,3706,0.00808,False,multiple_sclerosis
RAF1,1824,0.00216,4029,0.00722,False,multiple_sclerosis
FNIP2,1825,0.00216,3748,0.00795,False,multiple_sclerosis
CDT1,1826,0.00216,1227,0.0383,False,multiple_sclerosis
FLCN,1827,0.00216,3716,0.00805,False,multiple_sclerosis
RGP1,1828,0.00216,3826,0.00769,False,multiple_sclerosis
WDR83,1829,0.00215,3632,0.0083,False,multiple_sclerosis
RRAGD,1830,0.00215,3501,0.00877,False,multiple_sclerosis
ACVR1C,1831,0.00215,4459,0.00617,False,multiple_sclerosis
LAMTOR5,1832,0.00215,3502,0.00877,False,multiple_sclerosis
XRN1,1833,0.00215,2112,0.02026,False,multiple_sclerosis
GDF11,1834,0.00215,4296,0.00655,False,multiple_sclerosis
NPRL3,1835,0.00215,3698,0.00811,False,multiple_sclerosis
CRK,1836,0.00215,1642,0.02756,False,multiple_sclerosis
ACBD3,1837,0.00215,1836,0.02422,False,multiple_sclerosis
LAMTOR4,1838,0.00215,3500,0.00877,False,multiple_sclerosis
FKBP4,1839,0.00215,2803,0.01377,False,multiple_sclerosis
SF3A3,1840,0.00215,914,0.05572,False,multiple_sclerosis
SMAD6,1841,0.00215,4370,0.0064,False,multiple_sclerosis
NECAP1,1842,0.00215,4013,0.00726,False,multiple_sclerosis
ACVR2B,1843,0.00215,4298,0.00655,False,multiple_sclerosis
KPNA3,1844,0.00215,4425,0.00627,False,multiple_sclerosis
MSTN,1845,0.00215,4297,0.00655,False,multiple_sclerosis
KPNA1,1846,0.00215,4397,0.00633,False,multiple_sclerosis
TGOLN2,1847,0.00215,4038,0.0072,False,multiple_sclerosis
SLC38A9,1848,0.00215,3503,0.00877,False,multiple_sclerosis
BAMBI,1849,0.00215,4340,0.00645,False,multiple_sclerosis
ACVR1B,1850,0.00215,4339,0.00645,False,multiple_sclerosis
NPRL2,1851,0.00215,3648,0.00825,False,multiple_sclerosis
DLAT,1852,0.00214,1347,0.03422,False,multiple_sclerosis
MTAP,1853,0.00214,1815,0.02483,False,multiple_sclerosis
ASNS,1854,0.00214,4243,0.00668,False,multiple_sclerosis
KPNA2,1855,0.00214,4230,0.00671,False,multiple_sclerosis
LGALS4,1856,0.00214,4132,0.00698,False,multiple_sclerosis
CD1D,1857,0.00214,2730,0.01452,False,multiple_sclerosis
RSL1D1,1858,0.00214,2202,0.01923,False,multiple_sclerosis
EP300,1859,0.00213,294,0.26242,False,multiple_sclerosis
CDKAL1,1860,0.00213,994,0.04951,False,multiple_sclerosis
PSAT1,1861,0.00213,3567,0.00847,False,multiple_sclerosis
XPR1,1862,0.00213,2610,0.01584,False,multiple_sclerosis
TRNT1,1863,0.00212,5197,0.00415,False,multiple_sclerosis
IRS4,1864,0.00212,1942,0.02242,False,multiple_sclerosis
PDCD11,1865,0.00212,1335,0.03487,False,multiple_sclerosis
UTP4,1866,0.00212,1338,0.03482,False,multiple_sclerosis
GEMIN2,1867,0.00211,4352,0.00643,False,multiple_sclerosis
UTP11,1868,0.00211,1025,0.04664,False,multiple_sclerosis
BACH1,1869,0.00211,4816,0.00527,False,multiple_sclerosis
NFE2L3,1870,0.00211,4671,0.00559,False,multiple_sclerosis
NEIL1,1871,0.0021,4546,0.00593,False,multiple_sclerosis
NFE2,1872,0.0021,4424,0.00627,False,multiple_sclerosis
HLA-A,1873,0.00209,2378,0.01767,False,multiple_sclerosis
HLA-F,1874,0.00209,2442,0.01724,False,multiple_sclerosis
EP400,1875,0.00208,2021,0.02121,False,multiple_sclerosis
PTK2,1876,0.00208,887,0.05756,False,multiple_sclerosis
CACNA1C,1877,0.00208,755,0.07573,False,multiple_sclerosis
NR5A1,1878,0.00208,2541,0.01652,False,multiple_sclerosis
NEDD8,1879,0.00207,4561,0.00587,False,multiple_sclerosis
FBXO4,1880,0.00207,4619,0.00574,False,multiple_sclerosis
RARB,1881,0.00207,4324,0.00648,False,multiple_sclerosis
MBTD1,1882,0.00207,1926,0.02269,False,multiple_sclerosis
RARG,1883,0.00207,4392,0.00635,False,multiple_sclerosis
DAXX,1884,0.00207,984,0.05034,False,multiple_sclerosis
PAX8,1885,0.00207,4553,0.00591,False,multiple_sclerosis
LAMP1,1886,0.00207,1154,0.04069,False,multiple_sclerosis
EPC2,1887,0.00207,1981,0.02189,False,multiple_sclerosis
PPP2R1A,1888,0.00206,2093,0.0205,False,multiple_sclerosis
SHMT2,1889,0.00206,1166,0.04055,False,multiple_sclerosis
NOC2L,1890,0.00205,1488,0.0309,False,multiple_sclerosis
PTPN21,1891,0.00205,3278,0.00992,False,multiple_sclerosis
PAFAH1B1,1892,0.00205,3265,0.01004,False,multiple_sclerosis
RPF1,1893,0.00205,1475,0.03111,False,multiple_sclerosis
VAMP1,1894,0.00205,3256,0.01009,False,multiple_sclerosis
MLST8,1895,0.00205,1520,0.03007,False,multiple_sclerosis
RPTOR,1896,0.00205,1490,0.03078,False,multiple_sclerosis
KRT8,1897,0.00204,4239,0.00669,False,multiple_sclerosis
PPFIA3,1898,0.00204,3138,0.0109,False,multiple_sclerosis
SYNE4,1899,0.00204,3999,0.00729,False,multiple_sclerosis
HSP90B1,1900,0.00204,1482,0.03097,False,multiple_sclerosis
ARL5B,1901,0.00204,3136,0.01092,False,multiple_sclerosis
PARP10,1902,0.00204,3854,0.00762,False,multiple_sclerosis
KLC4,1903,0.00204,3170,0.01065,False,multiple_sclerosis
KLC3,1904,0.00204,3101,0.01134,False,multiple_sclerosis
GFAP,1905,0.00204,3945,0.00743,False,multiple_sclerosis
DES,1906,0.00204,3973,0.00736,False,multiple_sclerosis
CUL1,1907,0.00204,1405,0.03293,False,multiple_sclerosis
SYNE1,1908,0.00204,4039,0.00719,False,multiple_sclerosis
SYNM,1909,0.00204,3798,0.00779,False,multiple_sclerosis
KIF5B,1910,0.00204,3118,0.01117,False,multiple_sclerosis
KIF5A,1911,0.00204,3144,0.01085,False,multiple_sclerosis
SPTAN1,1912,0.00204,4179,0.00683,False,multiple_sclerosis
SYT4,1913,0.00204,3157,0.01073,False,multiple_sclerosis
MADD,1914,0.00204,3192,0.0105,False,multiple_sclerosis
TUBB2A,1915,0.00204,3213,0.01031,False,multiple_sclerosis
KIFAP3,1916,0.00204,3210,0.01038,False,multiple_sclerosis
KLC2,1917,0.00203,2948,0.01246,False,multiple_sclerosis
PPFIA1,1918,0.00203,3000,0.01207,False,multiple_sclerosis
CYP7A1,1919,0.00203,1523,0.03007,False,multiple_sclerosis
KIF5C,1920,0.00203,3076,0.0115,False,multiple_sclerosis
SYNE3,1921,0.00203,3423,0.00909,False,multiple_sclerosis
HSPB3,1922,0.00203,3550,0.00853,False,multiple_sclerosis
FADS6,1923,0.00203,2517,0.0167,False,multiple_sclerosis
KLC1,1924,0.00203,3033,0.0118,False,multiple_sclerosis
KIF1B,1925,0.00203,2967,0.01234,False,multiple_sclerosis
KIF1C,1926,0.00203,3012,0.01197,False,multiple_sclerosis
JDP2,1927,0.00202,5292,0.00379,False,multiple_sclerosis
TUBB2B,1928,0.00202,2792,0.01385,False,multiple_sclerosis
TCP1,1929,0.00201,4505,0.00605,False,multiple_sclerosis
USP11,1930,0.00201,4507,0.00604,False,multiple_sclerosis
HSPA4,1931,0.00201,646,0.10284,False,multiple_sclerosis
TUBA1A,1932,0.00201,2764,0.01421,False,multiple_sclerosis
MTHFD1L,1933,0.00201,1145,0.04119,False,multiple_sclerosis
IMMT,1934,0.00201,1683,0.02674,False,multiple_sclerosis
SHQ1,1935,0.00201,4351,0.00643,False,multiple_sclerosis
DVL1,1936,0.00201,1273,0.03661,False,multiple_sclerosis
ESPL1,1937,0.00201,883,0.05782,False,multiple_sclerosis
RNF8,1938,0.00201,4544,0.00593,False,multiple_sclerosis
PRPF3,1939,0.00201,1280,0.03633,False,multiple_sclerosis
GRIA1,1940,0.00201,795,0.06802,False,multiple_sclerosis
TRDN,1941,0.00201,1689,0.02668,False,multiple_sclerosis
LSM11,1942,0.00201,4437,0.00625,False,multiple_sclerosis
CTC1,1943,0.002,4096,0.00706,False,multiple_sclerosis
CTSD,1944,0.002,1135,0.04174,False,multiple_sclerosis
ERAP1,1945,0.002,728,0.0817,False,multiple_sclerosis
RTEL1,1946,0.002,3949,0.00742,False,multiple_sclerosis
VPS41,1947,0.00199,4462,0.00616,False,multiple_sclerosis
TUBB,1948,0.00199,3955,0.00741,False,multiple_sclerosis
DEPTOR,1949,0.00199,3940,0.00745,False,multiple_sclerosis
IFNL2,1950,0.00199,3203,0.01044,False,multiple_sclerosis
ATP6V1D,1951,0.00199,1241,0.0379,False,multiple_sclerosis
TCIRG1,1952,0.00199,1236,0.03804,False,multiple_sclerosis
AKT1S1,1953,0.00199,3932,0.00745,False,multiple_sclerosis
ATP6V0A4,1954,0.00199,1224,0.03836,False,multiple_sclerosis
ATP6V0C,1955,0.00199,1239,0.03799,False,multiple_sclerosis
MAPKAP1,1956,0.00199,3934,0.00745,False,multiple_sclerosis
ATP6V0A1,1957,0.00199,1229,0.03824,False,multiple_sclerosis
AGO3,1958,0.00199,4359,0.00642,False,multiple_sclerosis
TTI1,1959,0.00199,3939,0.00745,False,multiple_sclerosis
PRR5,1960,0.00199,3942,0.00745,False,multiple_sclerosis
AP1S3,1961,0.00199,4418,0.00628,False,multiple_sclerosis
ATP6V1B1,1962,0.00199,1221,0.03842,False,multiple_sclerosis
AP1M2,1963,0.00199,4287,0.00658,False,multiple_sclerosis
RPS6KB2,1964,0.00199,3950,0.00741,False,multiple_sclerosis
RHEB,1965,0.00199,3941,0.00745,False,multiple_sclerosis
ARPIN-AP3S2,1966,0.00198,3909,0.0075,False,multiple_sclerosis
MS4A3,1967,0.00198,2697,0.01505,False,multiple_sclerosis
ARPIN,1968,0.00198,4184,0.00682,False,multiple_sclerosis
SLC30A3,1969,0.00198,4263,0.00662,False,multiple_sclerosis
IL22RA2,1970,0.00197,3399,0.00917,False,multiple_sclerosis
NOL9,1971,0.00196,4506,0.00605,False,multiple_sclerosis
LSG1,1972,0.00196,4745,0.00542,False,multiple_sclerosis
CD9,1973,0.00196,2615,0.0158,False,multiple_sclerosis
ELAVL1,1974,0.00196,962,0.05199,False,multiple_sclerosis
WDR46,1975,0.00195,921,0.05518,False,multiple_sclerosis
NDUFAF1,1976,0.00195,3050,0.0117,False,multiple_sclerosis
SDAD1,1977,0.00195,4225,0.00672,False,multiple_sclerosis
ADAMTS17,1978,0.00194,2671,0.01528,False,multiple_sclerosis
TEX10,1979,0.00194,4021,0.00725,False,multiple_sclerosis
WDR18,1980,0.00194,3957,0.0074,False,multiple_sclerosis
MPHOSPH10,1981,0.00194,819,0.06513,False,multiple_sclerosis
NLE1,1982,0.00194,3760,0.00789,False,multiple_sclerosis
CDC6,1983,0.00194,1450,0.03188,False,multiple_sclerosis
GZMA,1984,0.00193,2170,0.01959,False,multiple_sclerosis
KIF20A,1985,0.00193,765,0.07332,False,multiple_sclerosis
CLDN1,1986,0.00193,4677,0.00557,False,multiple_sclerosis
APOB,1987,0.00193,4487,0.00609,False,multiple_sclerosis
IL13RA1,1988,0.00193,1141,0.04134,False,multiple_sclerosis
FABP1,1989,0.00193,4873,0.00511,False,multiple_sclerosis
IRS1,1990,0.00193,736,0.08044,False,multiple_sclerosis
CLDN7,1991,0.00193,4821,0.00524,False,multiple_sclerosis
PDZK1,1992,0.00193,4650,0.00565,False,multiple_sclerosis
SPP1,1993,0.00193,1371,0.03372,False,multiple_sclerosis
APOA1,1994,0.00193,4484,0.0061,False,multiple_sclerosis
PIK3R5,1995,0.00193,4980,0.00487,False,multiple_sclerosis
CRY1,1996,0.00192,2525,0.01664,False,multiple_sclerosis
SNW1,1997,0.00192,779,0.0708,False,multiple_sclerosis
U2AF2,1998,0.00192,1348,0.03421,False,multiple_sclerosis
SLC17A7,1999,0.00192,1027,0.04653,False,multiple_sclerosis
ATP6V0E2,2000,0.00191,1509,0.03028,False,multiple_sclerosis
TNFRSF17,2001,0.00191,1678,0.02688,False,multiple_sclerosis
P2RX3,2002,0.0019,1300,0.03572,False,multiple_sclerosis
INSR,2003,0.0019,1921,0.02282,False,multiple_sclerosis
LOC102723996,2004,0.00189,1216,0.03856,False,multiple_sclerosis
RIC1,2005,0.00188,1975,0.02194,False,multiple_sclerosis
RUNX2,2006,0.00188,724,0.08289,False,multiple_sclerosis
LAMC2,2007,0.00188,4269,0.00661,False,multiple_sclerosis
LAMB3,2008,0.00188,4206,0.00676,False,multiple_sclerosis
STXBP1,2009,0.00188,2280,0.01848,False,multiple_sclerosis
MAK16,2010,0.00188,1121,0.04221,False,multiple_sclerosis
BRIX1,2011,0.00188,1132,0.04188,False,multiple_sclerosis
UPF1,2012,0.00187,1367,0.03377,False,multiple_sclerosis
PTS,2013,0.00187,1464,0.03134,False,multiple_sclerosis
SNRNP70,2014,0.00186,1454,0.03183,False,multiple_sclerosis
A4GALT,2015,0.00186,4139,0.00697,False,multiple_sclerosis
LALBA,2016,0.00186,4133,0.00698,False,multiple_sclerosis
FCGR3A,2017,0.00186,1042,0.04569,False,multiple_sclerosis
HEATR3,2018,0.00186,1009,0.04835,False,multiple_sclerosis
ST6GAL2,2019,0.00186,3991,0.0073,False,multiple_sclerosis
B3GAT1,2020,0.00186,4148,0.00692,False,multiple_sclerosis
B4GALNT3,2021,0.00186,4135,0.00697,False,multiple_sclerosis
B3GAT2,2022,0.00186,4143,0.00696,False,multiple_sclerosis
ASXL1,2023,0.00185,1572,0.02927,False,multiple_sclerosis
GOSR2,2024,0.00185,1144,0.0412,False,multiple_sclerosis
GCDH,2025,0.00184,3808,0.00776,False,multiple_sclerosis
BCKDHB,2026,0.00184,3665,0.0082,False,multiple_sclerosis
PDYN,2027,0.00184,857,0.06103,False,multiple_sclerosis
FMR1,2028,0.00184,1908,0.0232,False,multiple_sclerosis
OGDHL,2029,0.00184,3668,0.00819,False,multiple_sclerosis
DHTKD1,2030,0.00184,3692,0.00813,False,multiple_sclerosis
SUCLA2,2031,0.00184,3713,0.00806,False,multiple_sclerosis
FH,2032,0.00184,3805,0.00777,False,multiple_sclerosis
MDH2,2033,0.00184,3848,0.00763,False,multiple_sclerosis
HDC,2034,0.00183,1561,0.0294,False,multiple_sclerosis
POM121,2035,0.00183,4374,0.0064,False,multiple_sclerosis
CYB5R3,2036,0.00182,1425,0.03255,False,multiple_sclerosis
CBLC,2037,0.00182,5064,0.00457,False,multiple_sclerosis
CYB5R2,2038,0.00182,1433,0.03219,False,multiple_sclerosis
CYB5R1,2039,0.00182,1480,0.03098,False,multiple_sclerosis
SH2B2,2040,0.00182,5091,0.0045,False,multiple_sclerosis
YEATS4,2041,0.00181,1304,0.03555,False,multiple_sclerosis
POLR2A,2042,0.00181,1075,0.04424,False,multiple_sclerosis
MEAF6,2043,0.00181,1263,0.03699,False,multiple_sclerosis
EPC1,2044,0.00181,1330,0.03499,False,multiple_sclerosis
BRD8,2045,0.00181,1309,0.03546,False,multiple_sclerosis
RYR2,2046,0.00181,1271,0.03669,False,multiple_sclerosis
HYOU1,2047,0.0018,4519,0.00602,False,multiple_sclerosis
PDIA3,2048,0.0018,4335,0.00646,False,multiple_sclerosis
TAP1,2049,0.0018,4468,0.00615,False,multiple_sclerosis
PRKAB1,2050,0.0018,1451,0.03187,False,multiple_sclerosis
HSPA5,2051,0.0018,4353,0.00643,False,multiple_sclerosis
POLR2F,2052,0.0018,1494,0.03067,False,multiple_sclerosis
POLR2B,2053,0.0018,1485,0.03093,False,multiple_sclerosis
PRKAG2,2054,0.0018,1424,0.03256,False,multiple_sclerosis
PRKAA1,2055,0.0018,1432,0.03228,False,multiple_sclerosis
ACVRL1,2056,0.0018,2596,0.01593,False,multiple_sclerosis
NTM,2057,0.0018,3456,0.00896,False,multiple_sclerosis
RBM8A,2058,0.0018,1512,0.03027,False,multiple_sclerosis
INO80,2059,0.00179,4302,0.00654,False,multiple_sclerosis
ABCA2,2060,0.00179,4376,0.00639,False,multiple_sclerosis
COX6A2,2061,0.00179,4940,0.00497,False,multiple_sclerosis
COX6B1,2062,0.00179,4936,0.00498,False,multiple_sclerosis
SLC9A1,2063,0.00179,4056,0.00714,False,multiple_sclerosis
COX7C,2064,0.00179,4934,0.00498,False,multiple_sclerosis
PLN,2065,0.00179,4069,0.00711,False,multiple_sclerosis
ABCB8,2066,0.00179,4361,0.00641,False,multiple_sclerosis
UQCRHL,2067,0.00179,4939,0.00497,False,multiple_sclerosis
ATP2A2,2068,0.00179,4058,0.00713,False,multiple_sclerosis
SLC12A1,2069,0.00179,4173,0.00684,False,multiple_sclerosis
FAN1,2070,0.00179,1359,0.03392,False,multiple_sclerosis
SUPT4H1,2071,0.00178,1157,0.04065,False,multiple_sclerosis
FXYD1,2072,0.00178,3559,0.0085,False,multiple_sclerosis
LEO1,2073,0.00178,1161,0.04059,False,multiple_sclerosis
ATP1B4,2074,0.00178,3539,0.0086,False,multiple_sclerosis
CDC73,2075,0.00178,1138,0.04144,False,multiple_sclerosis
ATP1B3,2076,0.00178,3419,0.00909,False,multiple_sclerosis
IBTK,2077,0.00178,5206,0.00412,False,multiple_sclerosis
SPN,2078,0.00178,2201,0.01924,False,multiple_sclerosis
CBFB,2079,0.00178,1081,0.04355,False,multiple_sclerosis
ANAPC4,2080,0.00178,2083,0.02059,False,multiple_sclerosis
SH3BP5,2081,0.00178,5236,0.004,False,multiple_sclerosis
ATP1B2,2082,0.00178,3449,0.00898,False,multiple_sclerosis
VCAM1,2083,0.00177,927,0.05487,False,multiple_sclerosis
HAVCR2,2084,0.00177,3198,0.01048,False,multiple_sclerosis
TRRAP,2085,0.00177,983,0.05035,False,multiple_sclerosis
ACVR2A,2086,0.00177,2646,0.01548,False,multiple_sclerosis
GGCX,2087,0.00177,1933,0.02256,False,multiple_sclerosis
RTF1,2088,0.00177,1006,0.04858,False,multiple_sclerosis
POLE2,2089,0.00176,1349,0.03417,False,multiple_sclerosis
TNFRSF8,2090,0.00176,1831,0.02438,False,multiple_sclerosis
CTR9,2091,0.00176,1516,0.03018,False,multiple_sclerosis
SYNJ2,2092,0.00176,4458,0.00617,False,multiple_sclerosis
RXRA,2093,0.00175,786,0.06995,False,multiple_sclerosis
IL10RA,2094,0.00175,1307,0.03548,False,multiple_sclerosis
ACTN2,2095,0.00175,854,0.06139,False,multiple_sclerosis
DDX3X,2096,0.00174,2589,0.01604,False,multiple_sclerosis
USP21,2097,0.00174,5224,0.00405,False,multiple_sclerosis
BMI1,2098,0.00174,5280,0.00384,False,multiple_sclerosis
FBXW11,2099,0.00174,1859,0.02365,False,multiple_sclerosis
DHFR2,2100,0.00173,1190,0.0397,False,multiple_sclerosis
FN1,2101,0.00173,626,0.10947,False,multiple_sclerosis
SLC30A8,2102,0.00173,2035,0.02104,False,multiple_sclerosis
WDR12,2103,0.00173,909,0.05604,False,multiple_sclerosis
NT5C1A,2104,0.00172,1643,0.02756,False,multiple_sclerosis
NT5C,2105,0.00172,1655,0.02726,False,multiple_sclerosis
INVS,2106,0.00172,3287,0.00989,False,multiple_sclerosis
NT5C2,2107,0.00172,1660,0.02715,False,multiple_sclerosis
IL5,2108,0.00172,725,0.08274,False,multiple_sclerosis
IQCB1,2109,0.00172,3263,0.01004,False,multiple_sclerosis
GLDC,2110,0.00172,1033,0.04595,False,multiple_sclerosis
NPHP4,2111,0.00172,3196,0.01049,False,multiple_sclerosis
TMEM107,2112,0.00172,3280,0.00992,False,multiple_sclerosis
PIPOX,2113,0.00172,3978,0.00735,False,multiple_sclerosis
IL21,2114,0.00171,2582,0.01612,False,multiple_sclerosis
RPGRIP1L,2115,0.00171,3056,0.01167,False,multiple_sclerosis
DAO,2116,0.00171,3969,0.00737,False,multiple_sclerosis
MTHFD2,2117,0.00171,3816,0.00772,False,multiple_sclerosis
RAB8A,2118,0.00171,3020,0.01192,False,multiple_sclerosis
B9D2,2119,0.00171,3001,0.01206,False,multiple_sclerosis
MKS1,2120,0.00171,3007,0.01202,False,multiple_sclerosis
TMEM17,2121,0.00171,3152,0.01075,False,multiple_sclerosis
TMEM216,2122,0.00171,2973,0.01231,False,multiple_sclerosis
TMEM231,2123,0.00171,3016,0.01195,False,multiple_sclerosis
SRR,2124,0.00171,3963,0.00739,False,multiple_sclerosis
THRB,2125,0.00171,2779,0.01406,False,multiple_sclerosis
TCTN3,2126,0.00171,3013,0.01196,False,multiple_sclerosis
TCTN2,2127,0.00171,3009,0.01199,False,multiple_sclerosis
TCTN1,2128,0.00171,2984,0.01223,False,multiple_sclerosis
SARDH,2129,0.00171,3862,0.00761,False,multiple_sclerosis
FBXW7,2130,0.00171,2683,0.01517,False,multiple_sclerosis
MTHFD2L,2131,0.00171,3819,0.00771,False,multiple_sclerosis
ARL13B,2132,0.00171,3112,0.01123,False,multiple_sclerosis
B9D1,2133,0.00171,2990,0.01218,False,multiple_sclerosis
SDS,2134,0.00171,3948,0.00742,False,multiple_sclerosis
OFD1,2135,0.00171,3161,0.01072,False,multiple_sclerosis
TPI1,2136,0.0017,990,0.04982,False,multiple_sclerosis
CLSPN,2137,0.0017,1430,0.03236,False,multiple_sclerosis
TMEM67,2138,0.0017,2953,0.01243,False,multiple_sclerosis
BCL6,2139,0.0017,1610,0.02856,False,multiple_sclerosis
CC2D2A,2140,0.0017,2945,0.01247,False,multiple_sclerosis
NPHP1,2141,0.0017,2952,0.01243,False,multiple_sclerosis
MCM7,2142,0.0017,1422,0.03261,False,multiple_sclerosis
PRKAB2,2143,0.00169,981,0.05042,False,multiple_sclerosis
STAR,2144,0.00169,1835,0.02424,False,multiple_sclerosis
EIF6,2145,0.00169,1569,0.0293,False,multiple_sclerosis
YWHAH,2146,0.00169,2536,0.01655,False,multiple_sclerosis
FTSJ3,2147,0.00169,1548,0.02959,False,multiple_sclerosis
DDC,2148,0.00168,1214,0.03864,False,multiple_sclerosis
KIF2B,2149,0.00168,4159,0.00688,False,multiple_sclerosis
KIF18A,2150,0.00168,4153,0.00691,False,multiple_sclerosis
KIF14,2151,0.00168,4176,0.00684,False,multiple_sclerosis
CDCA3,2152,0.00168,4167,0.00686,False,multiple_sclerosis
FRMD4A,2153,0.00168,1299,0.03579,False,multiple_sclerosis
NFU1,2154,0.00168,1954,0.02224,False,multiple_sclerosis
CEP55,2155,0.00168,4152,0.00691,False,multiple_sclerosis
KIF4A,2156,0.00167,3574,0.00846,False,multiple_sclerosis
RPS5,2157,0.00167,998,0.049,False,multiple_sclerosis
KIFC1,2158,0.00167,3651,0.00824,False,multiple_sclerosis
KIF11,2159,0.00167,688,0.09014,False,multiple_sclerosis
IRF9,2160,0.00167,989,0.04989,False,multiple_sclerosis
KIF15,2161,0.00167,3659,0.00822,False,multiple_sclerosis
SNRPA1,2162,0.00167,719,0.08346,False,multiple_sclerosis
ACVR1,2163,0.00167,1784,0.02528,False,multiple_sclerosis
RMDN3,2164,0.00167,3034,0.0118,False,multiple_sclerosis
ITGB2,2165,0.00167,810,0.06595,False,multiple_sclerosis
TROAP,2166,0.00167,3554,0.00852,False,multiple_sclerosis
HJURP,2167,0.00167,3725,0.00803,False,multiple_sclerosis
PDCD1LG2,2168,0.00166,1827,0.02449,False,multiple_sclerosis
VPS53,2169,0.00166,1345,0.03433,False,multiple_sclerosis
RPS12,2170,0.00166,1786,0.02526,False,multiple_sclerosis
PIK3R2,2171,0.00166,630,0.10854,False,multiple_sclerosis
CACNA1A,2172,0.00166,898,0.05678,False,multiple_sclerosis
UTP20,2173,0.00166,873,0.05902,False,multiple_sclerosis
RPS21,2174,0.00166,1788,0.02522,False,multiple_sclerosis
CRBN,2175,0.00165,2454,0.01714,False,multiple_sclerosis
SNRPN,2176,0.00165,1104,0.04259,False,multiple_sclerosis
THBS1,2177,0.00164,841,0.06238,False,multiple_sclerosis
PTMA,2178,0.00164,2515,0.01671,False,multiple_sclerosis
RPS7,2179,0.00163,1046,0.0456,False,multiple_sclerosis
RAB3A,2180,0.00163,1200,0.03956,False,multiple_sclerosis
BOP1,2181,0.00162,1124,0.04217,False,multiple_sclerosis
EBNA1BP2,2182,0.00162,1123,0.04218,False,multiple_sclerosis
SYMPK,2183,0.00161,1825,0.02454,False,multiple_sclerosis
CABS1,2184,0.00161,4275,0.0066,False,multiple_sclerosis
NIP7,2185,0.00161,797,0.06785,False,multiple_sclerosis
ENSP00000485615,2186,0.00161,3641,0.00828,False,multiple_sclerosis
CD38,2187,0.00161,668,0.09664,False,multiple_sclerosis
SHC2,2188,0.00161,2074,0.02072,False,multiple_sclerosis
STMN4,2189,0.00161,4410,0.00629,False,multiple_sclerosis
LCA5,2190,0.00161,3873,0.00755,False,multiple_sclerosis
BCL2L14,2191,0.00161,4188,0.0068,False,multiple_sclerosis
ATP6V1G2,2192,0.00161,1072,0.04465,False,multiple_sclerosis
MRGBP,2193,0.00161,3564,0.00848,False,multiple_sclerosis
RAB43,2194,0.00161,4545,0.00593,False,multiple_sclerosis
RUVBL2,2195,0.00161,1497,0.03063,False,multiple_sclerosis
VPS72,2196,0.00161,3677,0.00817,False,multiple_sclerosis
MORF4L2,2197,0.00161,3600,0.00838,False,multiple_sclerosis
ACKR1,2198,0.0016,2259,0.01866,False,multiple_sclerosis
C4A,2199,0.0016,389,0.22186,False,multiple_sclerosis
CALM3,2200,0.0016,473,0.18864,False,multiple_sclerosis
GCLM,2201,0.0016,2006,0.02135,False,multiple_sclerosis
PALB2,2202,0.00159,2222,0.01899,False,multiple_sclerosis
HSPB2,2203,0.00159,2306,0.01825,False,multiple_sclerosis
COG3,2204,0.00159,1376,0.03349,False,multiple_sclerosis
GPBAR1,2205,0.00159,2851,0.01342,False,multiple_sclerosis
CALM1,2206,0.00159,1246,0.03762,False,multiple_sclerosis
DCP1A,2207,0.00159,2465,0.01705,False,multiple_sclerosis
TBK1,2208,0.00159,839,0.06258,False,multiple_sclerosis
ACACB,2209,0.00159,2329,0.0181,False,multiple_sclerosis
TNFSF9,2210,0.00159,2446,0.01721,False,multiple_sclerosis
IL22RA1,2211,0.00158,1582,0.02899,False,multiple_sclerosis
TCL1A,2212,0.00158,2735,0.01448,False,multiple_sclerosis
UNC13D,2213,0.00158,2367,0.01774,False,multiple_sclerosis
UPF2,2214,0.00158,2088,0.02053,False,multiple_sclerosis
SMG1,2215,0.00158,2043,0.02096,False,multiple_sclerosis
UPF3A,2216,0.00158,2117,0.02021,False,multiple_sclerosis
STX11,2217,0.00158,2377,0.01767,False,multiple_sclerosis
UPF3B,2218,0.00158,2287,0.01843,False,multiple_sclerosis
SMG9,2219,0.00158,2091,0.02051,False,multiple_sclerosis
STXBP2,2220,0.00158,2419,0.01741,False,multiple_sclerosis
CDCA5,2221,0.00158,2057,0.02089,False,multiple_sclerosis
PRF1,2222,0.00158,2214,0.01908,False,multiple_sclerosis
PNRC2,2223,0.00158,2311,0.01817,False,multiple_sclerosis
UBE2I,2224,0.00158,1570,0.02928,False,multiple_sclerosis
CACNG8,2225,0.00157,4580,0.00583,False,multiple_sclerosis
OTUD3,2226,0.00157,135,0.32226,False,multiple_sclerosis
YWHAB,2227,0.00157,1473,0.03117,False,multiple_sclerosis
CNIH2,2228,0.00157,4510,0.00604,False,multiple_sclerosis
OLFM2,2229,0.00157,4642,0.00566,False,multiple_sclerosis
SHISA9,2230,0.00157,4432,0.00626,False,multiple_sclerosis
CACNG7,2231,0.00157,4330,0.00647,False,multiple_sclerosis
PXN,2232,0.00157,1331,0.03499,False,multiple_sclerosis
GRIK4,2233,0.00157,4382,0.00638,False,multiple_sclerosis
CACNG5,2234,0.00157,4657,0.00562,False,multiple_sclerosis
EPN1,2235,0.00156,3995,0.0073,False,multiple_sclerosis
ITSN2,2236,0.00156,3979,0.00735,False,multiple_sclerosis
AGFG2,2237,0.00156,4447,0.00621,False,multiple_sclerosis
BLNK,2238,0.00156,1623,0.0283,False,multiple_sclerosis
CHEK2,2239,0.00155,4885,0.00506,False,multiple_sclerosis
TP53BP2,2240,0.00155,4880,0.00506,False,multiple_sclerosis
TP53BP1,2241,0.00155,4881,0.00506,False,multiple_sclerosis
CRH,2242,0.00155,2305,0.01825,False,multiple_sclerosis
USP7,2243,0.00155,4883,0.00506,False,multiple_sclerosis
PIK3R3,2244,0.00155,769,0.0721,False,multiple_sclerosis
HIPK2,2245,0.00155,4882,0.00506,False,multiple_sclerosis
FADD,2246,0.00154,1088,0.04297,False,multiple_sclerosis
SUCLG2,2247,0.00153,2558,0.01636,False,multiple_sclerosis
GRK2,2248,0.00153,2710,0.01485,False,multiple_sclerosis
AMFR,2249,0.00153,1737,0.02603,False,multiple_sclerosis
ARHGEF11,2250,0.00153,2721,0.01464,False,multiple_sclerosis
TERF2,2251,0.00152,1720,0.02631,False,multiple_sclerosis
KLK4,2252,0.00152,2559,0.01636,False,multiple_sclerosis
CACNA1G,2253,0.00152,2471,0.01701,False,multiple_sclerosis
SMAD3,2254,0.00152,112,0.33086,False,multiple_sclerosis
DOCK3,2255,0.00152,2594,0.01595,False,multiple_sclerosis
MT-CYB,2256,0.00152,1050,0.04533,False,multiple_sclerosis
GTPBP4,2257,0.00152,947,0.0531,False,multiple_sclerosis
PES1,2258,0.00152,949,0.05283,False,multiple_sclerosis
SLC34A3,2259,0.00152,2580,0.01613,False,multiple_sclerosis
SLC34A1,2260,0.00152,2548,0.01646,False,multiple_sclerosis
CREB1,2261,0.00151,775,0.07139,False,multiple_sclerosis
DOCK4,2262,0.00151,2457,0.01711,False,multiple_sclerosis
WDR35,2263,0.00151,2382,0.01766,False,multiple_sclerosis
DOCK5,2264,0.00151,2537,0.01654,False,multiple_sclerosis
FGF23,2265,0.00151,2384,0.01763,False,multiple_sclerosis
SF3B4,2266,0.00151,2361,0.01784,False,multiple_sclerosis
DOCK1,2267,0.00151,2353,0.01792,False,multiple_sclerosis
ADGRB1,2268,0.00151,2436,0.01729,False,multiple_sclerosis
ELMO3,2269,0.00151,2394,0.01757,False,multiple_sclerosis
RNF31,2270,0.0015,1284,0.03622,False,multiple_sclerosis
CD59,2271,0.0015,2098,0.02042,False,multiple_sclerosis
EIF4EBP1,2272,0.0015,2505,0.01681,False,multiple_sclerosis
RICTOR,2273,0.0015,2491,0.01689,False,multiple_sclerosis
DHCR7,2274,0.0015,1028,0.04653,False,multiple_sclerosis
VPS35,2275,0.00149,1030,0.04647,False,multiple_sclerosis
HIP1R,2276,0.00149,2597,0.01591,False,multiple_sclerosis
GPR37,2277,0.00149,2084,0.02057,False,multiple_sclerosis
CD70,2278,0.00149,1909,0.02316,False,multiple_sclerosis
CYP21A2,2279,0.00149,2500,0.01685,False,multiple_sclerosis
NR0B1,2280,0.00149,1575,0.02919,False,multiple_sclerosis
SLC5A2,2281,0.00149,2245,0.01878,False,multiple_sclerosis
CREB3L2,2282,0.00148,3944,0.00743,False,multiple_sclerosis
MBTPS1,2283,0.00148,3920,0.00748,False,multiple_sclerosis
CREB3L4,2284,0.00148,3982,0.00733,False,multiple_sclerosis
CREM,2285,0.00148,4057,0.00714,False,multiple_sclerosis
LAG3,2286,0.00148,1828,0.02447,False,multiple_sclerosis
CD7,2287,0.00148,2017,0.02125,False,multiple_sclerosis
CREB3,2288,0.00148,3860,0.00761,False,multiple_sclerosis
CRTC2,2289,0.00148,3933,0.00745,False,multiple_sclerosis
CAMK4,2290,0.00148,4115,0.00703,False,multiple_sclerosis
MBTPS2,2291,0.00148,3871,0.00756,False,multiple_sclerosis
ATF6B,2292,0.00148,3981,0.00734,False,multiple_sclerosis
ATF4,2293,0.00148,3968,0.00738,False,multiple_sclerosis
ATF1,2294,0.00148,4380,0.00638,False,multiple_sclerosis
FYN,2295,0.00148,754,0.07615,False,multiple_sclerosis
CREB3L1,2296,0.00148,3894,0.00753,False,multiple_sclerosis
TAF4,2297,0.00148,4520,0.00602,False,multiple_sclerosis
ERBIN,2298,0.00147,2507,0.0168,False,multiple_sclerosis
NPM1,2299,0.00147,2821,0.01361,False,multiple_sclerosis
NACA,2300,0.00147,4443,0.00623,False,multiple_sclerosis
RPL10A,2301,0.00147,4498,0.00606,False,multiple_sclerosis
RPL14,2302,0.00147,4540,0.00595,False,multiple_sclerosis
RPL38,2303,0.00147,4523,0.00601,False,multiple_sclerosis
RPL29,2304,0.00147,4521,0.00601,False,multiple_sclerosis
SELL,2305,0.00146,1258,0.03711,False,multiple_sclerosis
FPGS,2306,0.00146,2479,0.01695,False,multiple_sclerosis
PSEN2,2307,0.00146,1559,0.0294,False,multiple_sclerosis
FOXA1,2308,0.00146,1428,0.03252,False,multiple_sclerosis
GZMB,2309,0.00146,1744,0.02591,False,multiple_sclerosis
PPP2CA,2310,0.00146,1368,0.03375,False,multiple_sclerosis
OTUD5,2311,0.00146,5356,0.00343,False,multiple_sclerosis
TRAF3IP3,2312,0.00146,5362,0.00341,False,multiple_sclerosis
CPSF6,2313,0.00146,1212,0.03875,False,multiple_sclerosis
PDGFRB,2314,0.00145,1228,0.03826,False,multiple_sclerosis
TH,2315,0.00145,1098,0.04267,False,multiple_sclerosis
IGHV3-43D,2316,0.00145,778,0.07086,False,multiple_sclerosis
OPLAH,2317,0.00145,2338,0.01805,False,multiple_sclerosis
CPS1,2318,0.00145,2276,0.01854,False,multiple_sclerosis
HMMR,2319,0.00145,2358,0.01786,False,multiple_sclerosis
FKBP5,2320,0.00145,1778,0.02537,False,multiple_sclerosis
FOXO3,2321,0.00145,1011,0.04812,False,multiple_sclerosis
IDI2,2322,0.00145,1350,0.03415,False,multiple_sclerosis
SFTPB,2323,0.00145,1820,0.02473,False,multiple_sclerosis
VTN,2324,0.00145,2850,0.01342,False,multiple_sclerosis
RAE1,2325,0.00144,2565,0.01633,False,multiple_sclerosis
OPCML,2326,0.00143,2095,0.02047,False,multiple_sclerosis
RGPD2,2327,0.00143,2392,0.01758,False,multiple_sclerosis
CTTN,2328,0.00143,1448,0.03189,False,multiple_sclerosis
HCLS1,2329,0.00143,1611,0.02855,False,multiple_sclerosis
TRIM5,2330,0.00143,2375,0.0177,False,multiple_sclerosis
CPSF1,2331,0.00142,3218,0.01029,False,multiple_sclerosis
TUT1,2332,0.00142,3312,0.00973,False,multiple_sclerosis
FURIN,2333,0.00142,2133,0.02007,False,multiple_sclerosis
PCF11,2334,0.00142,3318,0.00969,False,multiple_sclerosis
CPSF2,2335,0.00142,3248,0.01016,False,multiple_sclerosis
CPSF3,2336,0.00142,3245,0.01018,False,multiple_sclerosis
CPSF4,2337,0.00142,3313,0.0097,False,multiple_sclerosis
WDR33,2338,0.00142,3255,0.01011,False,multiple_sclerosis
RBCK1,2339,0.00142,2829,0.01355,False,multiple_sclerosis
PAPOLB,2340,0.00142,3410,0.00911,False,multiple_sclerosis
DRD5,2341,0.00142,2403,0.01751,False,multiple_sclerosis
CSTF2,2342,0.00142,3281,0.00991,False,multiple_sclerosis
PAPOLG,2343,0.00142,3395,0.00919,False,multiple_sclerosis
ZCCHC7,2344,0.00142,3227,0.01026,False,multiple_sclerosis
FDX1,2345,0.00142,2262,0.01866,False,multiple_sclerosis
BRCA2,2346,0.00142,2100,0.02037,False,multiple_sclerosis
CSTF2T,2347,0.00142,3361,0.00934,False,multiple_sclerosis
MTREX,2348,0.00142,3228,0.01026,False,multiple_sclerosis
MTPAP,2349,0.00142,3337,0.00954,False,multiple_sclerosis
NR0B2,2350,0.00142,2600,0.0159,False,multiple_sclerosis
CHMP4B,2351,0.00141,3787,0.00782,False,multiple_sclerosis
EMC4,2352,0.00141,3735,0.00799,False,multiple_sclerosis
CHMP7,2353,0.00141,3739,0.00798,False,multiple_sclerosis
VPS37D,2354,0.00141,3620,0.00832,False,multiple_sclerosis
CHMP4A,2355,0.00141,3720,0.00804,False,multiple_sclerosis
STX5,2356,0.00141,996,0.04925,False,multiple_sclerosis
VPS37A,2357,0.00141,3591,0.0084,False,multiple_sclerosis
VPS37C,2358,0.00141,3589,0.0084,False,multiple_sclerosis
CHMP2B,2359,0.00141,3763,0.00788,False,multiple_sclerosis
MVB12B,2360,0.00141,3587,0.0084,False,multiple_sclerosis
CHMP5,2361,0.00141,3866,0.00758,False,multiple_sclerosis
UEVLD,2362,0.00141,3768,0.00787,False,multiple_sclerosis
RELA,2363,0.00141,590,0.12447,False,multiple_sclerosis
VPS4A,2364,0.00141,3690,0.00814,False,multiple_sclerosis
VPS37B,2365,0.00141,3590,0.0084,False,multiple_sclerosis
PTPN4,2366,0.0014,4465,0.00615,False,multiple_sclerosis
YARS2,2367,0.0014,2286,0.01843,False,multiple_sclerosis
GRM3,2368,0.0014,4595,0.00579,False,multiple_sclerosis
ATAD3A,2369,0.0014,3649,0.00825,False,multiple_sclerosis
AARS1,2370,0.0014,2193,0.0193,False,multiple_sclerosis
FGF13,2371,0.0014,2494,0.01689,False,multiple_sclerosis
IARS1,2372,0.0014,2297,0.01833,False,multiple_sclerosis
ATIC,2373,0.0014,826,0.06416,False,multiple_sclerosis
YARS1,2374,0.0014,2237,0.01885,False,multiple_sclerosis
LARS2,2375,0.0014,2132,0.02007,False,multiple_sclerosis
PARS2,2376,0.0014,2258,0.01868,False,multiple_sclerosis
VIM,2377,0.0014,1437,0.03209,False,multiple_sclerosis
EARS2,2378,0.0014,2227,0.01894,False,multiple_sclerosis
NARS2,2379,0.0014,2288,0.01841,False,multiple_sclerosis
IARS2,2380,0.0014,2208,0.01913,False,multiple_sclerosis
RPS20,2381,0.0014,1305,0.03554,False,multiple_sclerosis
VARS2,2382,0.0014,2205,0.01917,False,multiple_sclerosis
TARS3,2383,0.0014,2234,0.01886,False,multiple_sclerosis
TARS1,2384,0.0014,2264,0.01865,False,multiple_sclerosis
HARS1,2385,0.0014,2310,0.01819,False,multiple_sclerosis
GNLY,2386,0.0014,1690,0.02667,False,multiple_sclerosis
HARS2,2387,0.0014,2302,0.01829,False,multiple_sclerosis
VARS1,2388,0.0014,2204,0.01919,False,multiple_sclerosis
PDE3A,2389,0.0014,370,0.22745,False,multiple_sclerosis
GARS1,2390,0.0014,2333,0.01808,False,multiple_sclerosis
PA2G4,2391,0.0014,1911,0.02309,False,multiple_sclerosis
FAM189A2,2392,0.00139,3356,0.00938,False,multiple_sclerosis
CISH,2393,0.00139,5370,0.00337,False,multiple_sclerosis
CSRP3,2394,0.00139,3181,0.01056,False,multiple_sclerosis
ANKRD1,2395,0.00139,3200,0.01047,False,multiple_sclerosis
TRIM63,2396,0.00139,3178,0.0106,False,multiple_sclerosis
NEB,2397,0.00139,3180,0.0106,False,multiple_sclerosis
CAPN3,2398,0.00139,3179,0.0106,False,multiple_sclerosis
RNF181,2399,0.00139,5298,0.00373,False,multiple_sclerosis
CSNK1E,2400,0.00139,2261,0.01866,False,multiple_sclerosis
ANKRD2,2401,0.00139,3232,0.01023,False,multiple_sclerosis
TRIM55,2402,0.00139,3254,0.01012,False,multiple_sclerosis
TNFRSF18,2403,0.00139,1902,0.02341,False,multiple_sclerosis
OBSL1,2404,0.00139,3225,0.01027,False,multiple_sclerosis
TJP2,2405,0.00139,3575,0.00846,False,multiple_sclerosis
MYBPC3,2406,0.00139,3182,0.01055,False,multiple_sclerosis
MYH6,2407,0.00139,3324,0.00968,False,multiple_sclerosis
MYL3,2408,0.00139,3306,0.00975,False,multiple_sclerosis
OBSCN,2409,0.00139,3177,0.0106,False,multiple_sclerosis
MYH7,2410,0.00139,3259,0.01009,False,multiple_sclerosis
MYL2,2411,0.00139,3282,0.00991,False,multiple_sclerosis
MYL1,2412,0.00139,3246,0.01018,False,multiple_sclerosis
MYBPC2,2413,0.00139,3239,0.0102,False,multiple_sclerosis
TRIM54,2414,0.00139,3291,0.00986,False,multiple_sclerosis
TCAP,2415,0.00139,3176,0.01061,False,multiple_sclerosis
MAPK14,2416,0.00139,50,0.36309,False,multiple_sclerosis
MIB2,2417,0.00138,5242,0.00396,False,multiple_sclerosis
VDAC3,2418,0.00138,3121,0.01115,False,multiple_sclerosis
INS,2419,0.00138,1410,0.03286,False,multiple_sclerosis
DBI,2420,0.00138,3137,0.01091,False,multiple_sclerosis
SLC25A6,2421,0.00138,3132,0.01098,False,multiple_sclerosis
SLC25A5,2422,0.00138,3135,0.01094,False,multiple_sclerosis
MLKL,2423,0.00138,3209,0.01039,False,multiple_sclerosis
TSPOAP1,2424,0.00138,3066,0.01159,False,multiple_sclerosis
SLC25A4,2425,0.00138,3143,0.01086,False,multiple_sclerosis
BCAR1,2426,0.00138,1250,0.03741,False,multiple_sclerosis
SLC25A31,2427,0.00138,3145,0.01083,False,multiple_sclerosis
PIP4K2A,2428,0.00138,933,0.05428,False,multiple_sclerosis
SYT1,2429,0.00137,84,0.34526,False,multiple_sclerosis
HBEGF,2430,0.00137,1192,0.03964,False,multiple_sclerosis
COMT,2431,0.00136,2414,0.01743,False,multiple_sclerosis
DHX16,2432,0.00136,2448,0.0172,False,multiple_sclerosis
KLRD1,2433,0.00136,1396,0.03309,False,multiple_sclerosis
PPARGC1A,2434,0.00136,896,0.05692,False,multiple_sclerosis
DRD1,2435,0.00136,2620,0.01578,False,multiple_sclerosis
DRD4,2436,0.00136,2313,0.01815,False,multiple_sclerosis
TPR,2437,0.00135,2506,0.0168,False,multiple_sclerosis
CDK8,2438,0.00134,2322,0.01813,False,multiple_sclerosis
MED30,2439,0.00134,2336,0.01807,False,multiple_sclerosis
CFLAR,2440,0.00134,1730,0.02618,False,multiple_sclerosis
MED6,2441,0.00134,2331,0.01808,False,multiple_sclerosis
MED4,2442,0.00134,2327,0.0181,False,multiple_sclerosis
MED29,2443,0.00134,2325,0.01811,False,multiple_sclerosis
MED26,2444,0.00134,2328,0.0181,False,multiple_sclerosis
MED12,2445,0.00134,2318,0.01814,False,multiple_sclerosis
MED19,2446,0.00134,2323,0.01812,False,multiple_sclerosis
MED18,2447,0.00134,2319,0.01814,False,multiple_sclerosis
MED17,2448,0.00134,2326,0.01811,False,multiple_sclerosis
MED15,2449,0.00134,2335,0.01807,False,multiple_sclerosis
MED14,2450,0.00134,2315,0.01814,False,multiple_sclerosis
PAX6,2451,0.00134,2837,0.01351,False,multiple_sclerosis
MED28,2452,0.00134,2321,0.01814,False,multiple_sclerosis
MAPK12,2453,0.00134,1579,0.02909,False,multiple_sclerosis
CD72,2454,0.00134,2174,0.01957,False,multiple_sclerosis
CDK5,2455,0.00134,2430,0.01736,False,multiple_sclerosis
LTF,2456,0.00134,2459,0.0171,False,multiple_sclerosis
AXIN2,2457,0.00134,1285,0.03621,False,multiple_sclerosis
RPL31,2458,0.00134,1785,0.02528,False,multiple_sclerosis
MAPK13,2459,0.00134,1573,0.02926,False,multiple_sclerosis
CDK19,2460,0.00134,2317,0.01814,False,multiple_sclerosis
ALDH1L1,2461,0.00134,2398,0.01753,False,multiple_sclerosis
ALDH1L2,2462,0.00134,2373,0.01771,False,multiple_sclerosis
MAPK11,2463,0.00134,1549,0.02958,False,multiple_sclerosis
AXIN1,2464,0.00134,1281,0.03629,False,multiple_sclerosis
PLPP2,2465,0.00134,2148,0.01996,False,multiple_sclerosis
CCNC,2466,0.00134,2320,0.01814,False,multiple_sclerosis
NFE2L2,2467,0.00134,1147,0.04099,False,multiple_sclerosis
TANK,2468,0.00133,2275,0.01854,False,multiple_sclerosis
TNFRSF10B,2469,0.00133,1752,0.0258,False,multiple_sclerosis
RAD51D,2470,0.00133,2360,0.01784,False,multiple_sclerosis
CYLD,2471,0.00133,1039,0.04577,False,multiple_sclerosis
ANXA6,2472,0.00133,678,0.09362,False,multiple_sclerosis
HLA-E,2473,0.00132,1662,0.02713,False,multiple_sclerosis
ACTA1,2474,0.00132,1630,0.02802,False,multiple_sclerosis
SGTA,2475,0.00132,2152,0.01989,False,multiple_sclerosis
FLNB,2476,0.00132,2405,0.01748,False,multiple_sclerosis
FLNC,2477,0.00132,2538,0.01653,False,multiple_sclerosis
RPS8,2478,0.00132,1823,0.02464,False,multiple_sclerosis
TLR3,2479,0.00132,1343,0.03449,False,multiple_sclerosis
SMAD4,2480,0.00131,941,0.0533,False,multiple_sclerosis
SLC18A3,2481,0.00131,2216,0.01906,False,multiple_sclerosis
KIF17,2482,0.00131,4439,0.00625,False,multiple_sclerosis
SLC32A1,2483,0.00131,2141,0.01998,False,multiple_sclerosis
VAMP2,2484,0.00131,2149,0.01995,False,multiple_sclerosis
LIN7A,2485,0.00131,4552,0.00592,False,multiple_sclerosis
RASGRF1,2486,0.00131,4445,0.00622,False,multiple_sclerosis
KRT14,2487,0.00131,2435,0.01731,False,multiple_sclerosis
PIAS3,2488,0.0013,5353,0.00344,False,multiple_sclerosis
PRKCG,2489,0.0013,2700,0.01498,False,multiple_sclerosis
CASP10,2490,0.0013,2230,0.01891,False,multiple_sclerosis
LPCAT4,2491,0.00129,2408,0.01747,False,multiple_sclerosis
LCAT,2492,0.00129,2379,0.01767,False,multiple_sclerosis
PISD,2493,0.00129,2293,0.01837,False,multiple_sclerosis
NCBP1,2494,0.00129,761,0.07451,False,multiple_sclerosis
PLD3,2495,0.00129,2401,0.01752,False,multiple_sclerosis
KDR,2496,0.00129,1830,0.02446,False,multiple_sclerosis
LPCAT3,2497,0.00129,2380,0.01766,False,multiple_sclerosis
PEMT,2498,0.00129,2332,0.01808,False,multiple_sclerosis
LPCAT1,2499,0.00129,2393,0.01758,False,multiple_sclerosis
LPCAT2,2500,0.00129,2395,0.01756,False,multiple_sclerosis
PTDSS2,2501,0.00129,2365,0.0178,False,multiple_sclerosis
LAMTOR2,2502,0.00129,2425,0.01738,False,multiple_sclerosis
CEPT1,2503,0.00129,2324,0.01812,False,multiple_sclerosis
MAP2K2,2504,0.00129,2547,0.01647,False,multiple_sclerosis
RBX1,2505,0.00128,897,0.05679,False,multiple_sclerosis
IKZF1,2506,0.00128,336,0.24917,False,multiple_sclerosis
UPP2,2507,0.00127,2672,0.01527,False,multiple_sclerosis
EEF1A2,2508,0.00127,4393,0.00635,False,multiple_sclerosis
HLA-DQA2,2509,0.00127,4196,0.00678,False,multiple_sclerosis
POLDIP3,2510,0.00127,2554,0.01643,False,multiple_sclerosis
HLA-DRB5,2511,0.00127,4198,0.00678,False,multiple_sclerosis
UPP1,2512,0.00127,2412,0.01743,False,multiple_sclerosis
RORA,2513,0.00127,1242,0.03787,False,multiple_sclerosis
HLA-DPB1,2514,0.00127,4247,0.00667,False,multiple_sclerosis
ZAP70,2515,0.00127,1222,0.03842,False,multiple_sclerosis
HLA-DOB,2516,0.00127,4240,0.00668,False,multiple_sclerosis
COQ2,2517,0.00127,2161,0.01972,False,multiple_sclerosis
EEF1A1,2518,0.00127,4372,0.0064,False,multiple_sclerosis
MLANA,2519,0.00127,4396,0.00633,False,multiple_sclerosis
OGT,2520,0.00127,1002,0.0488,False,multiple_sclerosis
SMG6,2521,0.00127,1126,0.04211,False,multiple_sclerosis
MAGOH,2522,0.00127,2609,0.01584,False,multiple_sclerosis
SMARCA4,2523,0.00126,1774,0.02545,False,multiple_sclerosis
ASPH,2524,0.00126,1585,0.02889,False,multiple_sclerosis
DRD2,2525,0.00126,1159,0.04063,False,multiple_sclerosis
WAS,2526,0.00126,1390,0.03327,False,multiple_sclerosis
MAOA,2527,0.00126,1167,0.0405,False,multiple_sclerosis
RIPK3,2528,0.00126,2385,0.01763,False,multiple_sclerosis
C8A,2529,0.00126,2828,0.01356,False,multiple_sclerosis
C5AR2,2530,0.00126,2836,0.01351,False,multiple_sclerosis
HLA-DPA1,2531,0.00126,2787,0.01395,False,multiple_sclerosis
CCNT2,2532,0.00126,2291,0.0184,False,multiple_sclerosis
AKAP1,2533,0.00126,1741,0.02594,False,multiple_sclerosis
VAV2,2534,0.00125,2197,0.01926,False,multiple_sclerosis
B3GNT2,2535,0.00125,532,0.15109,False,multiple_sclerosis
RPS6KA5,2536,0.00125,2528,0.0166,False,multiple_sclerosis
MTHFD1,2537,0.00125,1627,0.02813,False,multiple_sclerosis
IKBKG,2538,0.00125,559,0.14154,False,multiple_sclerosis
PDHX,2539,0.00124,2142,0.01997,False,multiple_sclerosis
BCKDHA,2540,0.00124,2145,0.01997,False,multiple_sclerosis
RPSA,2541,0.00124,1824,0.02459,False,multiple_sclerosis
PDK3,2542,0.00124,2219,0.01901,False,multiple_sclerosis
PDHA1,2543,0.00124,2143,0.01997,False,multiple_sclerosis
DLST,2544,0.00124,2158,0.01974,False,multiple_sclerosis
DTNBP1,2545,0.00124,1021,0.04709,False,multiple_sclerosis
PDHA2,2546,0.00124,2146,0.01996,False,multiple_sclerosis
FOSB,2547,0.00124,1983,0.02183,False,multiple_sclerosis
OGDH,2548,0.00124,2183,0.01949,False,multiple_sclerosis
DBT,2549,0.00124,2172,0.01958,False,multiple_sclerosis
CACNA2D1,2550,0.00124,4549,0.00592,False,multiple_sclerosis
SP1,2551,0.00123,2019,0.02122,False,multiple_sclerosis
FOSL1,2552,0.00123,1962,0.02214,False,multiple_sclerosis
JPH1,2553,0.00123,4489,0.00609,False,multiple_sclerosis
ATP2A1,2554,0.00123,4514,0.00603,False,multiple_sclerosis
POLA1,2555,0.00122,2018,0.02124,False,multiple_sclerosis
TACC3,2556,0.00122,1976,0.02194,False,multiple_sclerosis
POLE,2557,0.00122,2000,0.02149,False,multiple_sclerosis
ACE,2558,0.00122,2029,0.02114,False,multiple_sclerosis
POLR2E,2559,0.00122,2256,0.01869,False,multiple_sclerosis
POLR2K,2560,0.00122,2292,0.01838,False,multiple_sclerosis
ATM,2561,0.00122,1244,0.0377,False,multiple_sclerosis
CKAP5,2562,0.00122,1834,0.02432,False,multiple_sclerosis
MAN2A1,2563,0.00122,2211,0.0191,False,multiple_sclerosis
FCER1A,2564,0.00121,3043,0.01176,False,multiple_sclerosis
GNL3,2565,0.00121,3908,0.00751,False,multiple_sclerosis
BCAS2,2566,0.00121,2349,0.01794,False,multiple_sclerosis
MAP3K7,2567,0.00121,818,0.06514,False,multiple_sclerosis
PPARA,2568,0.00121,1008,0.0484,False,multiple_sclerosis
ORC5,2569,0.00121,3904,0.00751,False,multiple_sclerosis
ORC3,2570,0.00121,3892,0.00753,False,multiple_sclerosis
NSUN6,2571,0.00121,3911,0.0075,False,multiple_sclerosis
PADI2,2572,0.00121,1661,0.02713,False,multiple_sclerosis
DDX55,2573,0.00121,3881,0.00754,False,multiple_sclerosis
GOLIM4,2574,0.0012,4328,0.00647,False,multiple_sclerosis
NOP2,2575,0.0012,3823,0.0077,False,multiple_sclerosis
ARFRP1,2576,0.0012,4317,0.00649,False,multiple_sclerosis
PIK3CD,2577,0.0012,677,0.09376,False,multiple_sclerosis
DDX18,2578,0.0012,3806,0.00777,False,multiple_sclerosis
TLN1,2579,0.0012,2535,0.01655,False,multiple_sclerosis
MAP2K1,2580,0.0012,1722,0.02629,False,multiple_sclerosis
FDXR,2581,0.0012,1469,0.03126,False,multiple_sclerosis
TLN2,2582,0.0012,2624,0.01574,False,multiple_sclerosis
RPS3,2583,0.0012,1325,0.03505,False,multiple_sclerosis
CAMK2B,2584,0.0012,2544,0.0165,False,multiple_sclerosis
VPS45,2585,0.0012,4300,0.00654,False,multiple_sclerosis
PTH,2586,0.00119,1504,0.03043,False,multiple_sclerosis
VPS51,2587,0.00119,3756,0.0079,False,multiple_sclerosis
CRKL,2588,0.00119,1806,0.02498,False,multiple_sclerosis
CACNA1S,2589,0.00119,2599,0.01591,False,multiple_sclerosis
VSIG2,2590,0.00119,4175,0.00684,False,multiple_sclerosis
TIMELESS,2591,0.00119,2012,0.02128,False,multiple_sclerosis
CYP1A1,2592,0.00119,2037,0.021,False,multiple_sclerosis
STAC3,2593,0.00119,2673,0.01527,False,multiple_sclerosis
HCFC1,2594,0.00119,1369,0.03373,False,multiple_sclerosis
YKT6,2595,0.00119,4177,0.00684,False,multiple_sclerosis
CYP3A5,2596,0.00119,2036,0.02101,False,multiple_sclerosis
CAD,2597,0.00119,1491,0.03077,False,multiple_sclerosis
TNFRSF9,2598,0.00119,1211,0.03877,False,multiple_sclerosis
GABARAP,2599,0.00118,1260,0.03706,False,multiple_sclerosis
IGKV2D-28,2600,0.00118,2176,0.01955,False,multiple_sclerosis
ATP1A2,2601,0.00118,2368,0.01774,False,multiple_sclerosis
FXYD2,2602,0.00118,2253,0.01872,False,multiple_sclerosis
ATP1A4,2603,0.00118,2431,0.01735,False,multiple_sclerosis
JUND,2604,0.00118,1985,0.02175,False,multiple_sclerosis
CD63,2605,0.00118,2004,0.02135,False,multiple_sclerosis
ATP1A3,2606,0.00118,2359,0.01785,False,multiple_sclerosis
CTSS,2607,0.00118,1779,0.02536,False,multiple_sclerosis
RPS23,2608,0.00117,2713,0.01477,False,multiple_sclerosis
DKC1,2609,0.00117,2251,0.01875,False,multiple_sclerosis
SUPT5H,2610,0.00117,879,0.05832,False,multiple_sclerosis
CHEK1,2611,0.00117,1128,0.04208,False,multiple_sclerosis
NOP10,2612,0.00117,2250,0.01875,False,multiple_sclerosis
TEP1,2613,0.00117,2314,0.01815,False,multiple_sclerosis
NVL,2614,0.00117,2434,0.01734,False,multiple_sclerosis
IFNA2,2615,0.00117,1203,0.03943,False,multiple_sclerosis
RPL15,2616,0.00117,1768,0.02554,False,multiple_sclerosis
GNL3L,2617,0.00117,2573,0.01624,False,multiple_sclerosis
GAR1,2618,0.00117,2278,0.01851,False,multiple_sclerosis
PDPK1,2619,0.00116,3038,0.01179,False,multiple_sclerosis
PPP1R13L,2620,0.00116,2843,0.01347,False,multiple_sclerosis
NT5C3A,2621,0.00116,2514,0.01671,False,multiple_sclerosis
PPP1R9B,2622,0.00116,1476,0.03109,False,multiple_sclerosis
CAMK2A,2623,0.00116,899,0.05675,False,multiple_sclerosis
CYP19A1,2624,0.00116,2094,0.02048,False,multiple_sclerosis
SFN,2625,0.00116,2823,0.01358,False,multiple_sclerosis
CREBBP,2626,0.00115,604,0.11608,False,multiple_sclerosis
FUS,2627,0.00115,1969,0.02198,False,multiple_sclerosis
CTCF,2628,0.00115,2064,0.02079,False,multiple_sclerosis
B3GNT5,2629,0.00114,2386,0.01763,False,multiple_sclerosis
GMPR,2630,0.00114,1310,0.03545,False,multiple_sclerosis
MARS1,2631,0.00114,2266,0.01862,False,multiple_sclerosis
MAFB,2632,0.00114,1665,0.02709,False,multiple_sclerosis
B3GALNT1,2633,0.00114,2427,0.01737,False,multiple_sclerosis
FDX2,2634,0.00114,313,0.25702,False,multiple_sclerosis
SULT1E1,2635,0.00113,1382,0.03344,False,multiple_sclerosis
DHX9,2636,0.00113,1323,0.03512,False,multiple_sclerosis
HMGA1,2637,0.00113,2342,0.01802,False,multiple_sclerosis
KITLG,2638,0.00113,2033,0.02107,False,multiple_sclerosis
MRTO4,2639,0.00113,726,0.08203,False,multiple_sclerosis
LAMA4,2640,0.00113,2674,0.01527,False,multiple_sclerosis
CNOT1,2641,0.00112,1420,0.03264,False,multiple_sclerosis
TICAM1,2642,0.00112,1407,0.03289,False,multiple_sclerosis
WDR61,2643,0.00112,2348,0.01795,False,multiple_sclerosis
GLA,2644,0.00112,1174,0.04024,False,multiple_sclerosis
STON2,2645,0.00112,2108,0.02029,False,multiple_sclerosis
HSPB1,2646,0.00112,2137,0.02005,False,multiple_sclerosis
TCEA2,2647,0.00112,2413,0.01743,False,multiple_sclerosis
CYP2R1,2648,0.00112,1587,0.02888,False,multiple_sclerosis
ATP6V0A2,2649,0.00111,997,0.04908,False,multiple_sclerosis
CXCR5,2650,0.00111,1463,0.03153,False,multiple_sclerosis
TNFRSF4,2651,0.00111,1209,0.03911,False,multiple_sclerosis
GAK,2652,0.00111,2389,0.01761,False,multiple_sclerosis
SHTN1,2653,0.00111,855,0.06122,False,multiple_sclerosis
SDHA,2654,0.00111,1953,0.02225,False,multiple_sclerosis
CLEC6A,2655,0.0011,3030,0.01184,False,multiple_sclerosis
C8G,2656,0.0011,2955,0.01241,False,multiple_sclerosis
ICOSLG,2657,0.0011,1478,0.03104,False,multiple_sclerosis
TGFB1,2658,0.0011,859,0.06091,False,multiple_sclerosis
GAPDH,2659,0.0011,2334,0.01808,False,multiple_sclerosis
NCOA1,2660,0.00109,685,0.09082,False,multiple_sclerosis
ANK3,2661,0.00109,959,0.0521,False,multiple_sclerosis
PPIF,2662,0.00109,1146,0.04117,False,multiple_sclerosis
SMG5,2663,0.00108,1515,0.03023,False,multiple_sclerosis
PROS1,2664,0.00108,1995,0.02159,False,multiple_sclerosis
TBC1D14,2665,0.00107,2477,0.01697,False,multiple_sclerosis
KIF21B,2666,0.00107,2010,0.02132,False,multiple_sclerosis
H4C6,2667,0.00107,2231,0.01891,False,multiple_sclerosis
KCNN2,2668,0.00107,2192,0.01931,False,multiple_sclerosis
TRAPPC10,2669,0.00106,2089,0.02052,False,multiple_sclerosis
TRAPPC3,2670,0.00106,2053,0.0209,False,multiple_sclerosis
TLR6,2671,0.00106,2008,0.02132,False,multiple_sclerosis
TRAPPC3L,2672,0.00106,2138,0.02002,False,multiple_sclerosis
TRAPPC1,2673,0.00106,2052,0.02092,False,multiple_sclerosis
TRAPPC6A,2674,0.00106,2081,0.02063,False,multiple_sclerosis
TRAPPC6B,2675,0.00106,2055,0.0209,False,multiple_sclerosis
PGAM2,2676,0.00106,2178,0.01953,False,multiple_sclerosis
PGAM1,2677,0.00106,2155,0.01985,False,multiple_sclerosis
MAP11,2678,0.00106,2309,0.0182,False,multiple_sclerosis
TRAPPC2L,2679,0.00106,2045,0.02095,False,multiple_sclerosis
BPGM,2680,0.00106,2076,0.0207,False,multiple_sclerosis
TRAPPC8,2681,0.00106,2046,0.02095,False,multiple_sclerosis
TRAPPC9,2682,0.00106,2085,0.02056,False,multiple_sclerosis
IFNL1,2683,0.00106,2473,0.017,False,multiple_sclerosis
TRAPPC4,2684,0.00106,2058,0.02088,False,multiple_sclerosis
PLA2G4A,2685,0.00106,1318,0.03524,False,multiple_sclerosis
TRAPPC2B,2686,0.00106,2144,0.01997,False,multiple_sclerosis
TRAPPC12,2687,0.00106,2054,0.0209,False,multiple_sclerosis
TRAPPC2,2688,0.00106,2050,0.02093,False,multiple_sclerosis
PGAM4,2689,0.00106,2184,0.01948,False,multiple_sclerosis
TRAPPC13,2690,0.00106,2068,0.02077,False,multiple_sclerosis
FYCO1,2691,0.00105,1442,0.03195,False,multiple_sclerosis
ANP32A,2692,0.00105,1770,0.02552,False,multiple_sclerosis
BDNF,2693,0.00105,2529,0.01659,False,multiple_sclerosis
TNS2,2694,0.00105,2661,0.01537,False,multiple_sclerosis
SHC1,2695,0.00104,654,0.09913,False,multiple_sclerosis
FOXP3,2696,0.00104,783,0.07029,False,multiple_sclerosis
CANX,2697,0.00103,2552,0.01644,False,multiple_sclerosis
STIP1,2698,0.00103,1693,0.02665,False,multiple_sclerosis
FHL1,2699,0.00103,2840,0.01349,False,multiple_sclerosis
PDIA4,2700,0.00103,2619,0.01578,False,multiple_sclerosis
CHUK,2701,0.00102,607,0.11533,False,multiple_sclerosis
CA2,2702,0.00102,2166,0.01964,False,multiple_sclerosis
PTEN,2703,0.00102,575,0.13364,False,multiple_sclerosis
MTHFR,2704,0.00102,2173,0.01957,False,multiple_sclerosis
CBS,2705,0.00102,2130,0.02008,False,multiple_sclerosis
PTGES3,2706,0.00102,980,0.05042,False,multiple_sclerosis
CREB5,2707,0.00101,2707,0.0149,False,multiple_sclerosis
DMD,2708,0.00101,2003,0.02143,False,multiple_sclerosis
DAG1,2709,0.00101,2060,0.02085,False,multiple_sclerosis
ARHGEF1,2710,0.00101,1814,0.02487,False,multiple_sclerosis
ZBP1,2711,0.00101,2354,0.0179,False,multiple_sclerosis
ATF2,2712,0.00101,1403,0.03296,False,multiple_sclerosis
CEBPB,2713,0.00101,1935,0.02248,False,multiple_sclerosis
DTNA,2714,0.00101,1986,0.02174,False,multiple_sclerosis
RPS6KB1,2715,0.00101,1748,0.02584,False,multiple_sclerosis
GC,2716,0.001,1399,0.03305,False,multiple_sclerosis
SNCA,2717,0.001,935,0.05387,False,multiple_sclerosis
THOC6,2718,0.001,1743,0.02593,False,multiple_sclerosis
DDX39A,2719,0.001,1772,0.02549,False,multiple_sclerosis
RSAD2,2720,0.001,1337,0.03487,False,multiple_sclerosis
THOC3,2721,0.001,1747,0.02585,False,multiple_sclerosis
FYTTD1,2722,0.001,1766,0.02555,False,multiple_sclerosis
THOC7,2723,0.001,1755,0.02574,False,multiple_sclerosis
ALYREF,2724,0.001,1783,0.02529,False,multiple_sclerosis
SARNP,2725,0.00099,1656,0.02724,False,multiple_sclerosis
NDE1,2726,0.00099,1698,0.02659,False,multiple_sclerosis
SELP,2727,0.00099,1674,0.02702,False,multiple_sclerosis
FLNA,2728,0.00099,758,0.07524,False,multiple_sclerosis
RPL32,2729,0.00099,2696,0.01506,False,multiple_sclerosis
THOC1,2730,0.00099,1677,0.02688,False,multiple_sclerosis
THOC5,2731,0.00099,1688,0.02669,False,multiple_sclerosis
RPL18A,2732,0.00099,2695,0.01507,False,multiple_sclerosis
COIL,2733,0.00099,2308,0.01822,False,multiple_sclerosis
CHTOP,2734,0.00099,1686,0.02669,False,multiple_sclerosis
RPS28,2735,0.00099,1385,0.0334,False,multiple_sclerosis
GPAM,2736,0.00099,1507,0.03037,False,multiple_sclerosis
B3GNT3,2737,0.00098,1726,0.02627,False,multiple_sclerosis
MAP1LC3B,2738,0.00098,1732,0.02616,False,multiple_sclerosis
EPRS1,2739,0.00098,691,0.08852,False,multiple_sclerosis
RPS2,2740,0.00098,1032,0.0461,False,multiple_sclerosis
MTR,2741,0.00098,1502,0.03047,False,multiple_sclerosis
PRKCA,2742,0.00098,1339,0.03468,False,multiple_sclerosis
RPS15,2743,0.00098,1063,0.04499,False,multiple_sclerosis
FUT9,2744,0.00098,1715,0.02635,False,multiple_sclerosis
ST3GAL6,2745,0.00098,1731,0.02617,False,multiple_sclerosis
B3GNT4,2746,0.00098,1742,0.02594,False,multiple_sclerosis
FUT6,2747,0.00098,1710,0.02642,False,multiple_sclerosis
FUT4,2748,0.00098,1725,0.02627,False,multiple_sclerosis
RHOG,2749,0.00097,1621,0.02841,False,multiple_sclerosis
QDPR,2750,0.00097,1634,0.02776,False,multiple_sclerosis
UBE3A,2751,0.00097,2504,0.01683,False,multiple_sclerosis
MAOB,2752,0.00097,979,0.05051,False,multiple_sclerosis
B3GALT1,2753,0.00096,1651,0.02733,False,multiple_sclerosis
B3GALT2,2754,0.00096,1669,0.02707,False,multiple_sclerosis
CSTB,2755,0.00095,1466,0.03131,False,multiple_sclerosis
MARS2,2756,0.00095,1519,0.03009,False,multiple_sclerosis
HLA-B,2757,0.00095,1654,0.02728,False,multiple_sclerosis
LUC7L,2758,0.00095,1297,0.03588,False,multiple_sclerosis
CARD10,2759,0.00095,3062,0.0116,False,multiple_sclerosis
CARD14,2760,0.00095,3084,0.01144,False,multiple_sclerosis
B2M,2761,0.00095,1955,0.02223,False,multiple_sclerosis
HDAC3,2762,0.00095,1842,0.02408,False,multiple_sclerosis
ERBB2,2763,0.00094,700,0.0876,False,multiple_sclerosis
ALB,2764,0.00094,2440,0.01725,False,multiple_sclerosis
RPS6,2765,0.00094,820,0.06495,False,multiple_sclerosis
PPL,2766,0.00094,2011,0.0213,False,multiple_sclerosis
THBS2,2767,0.00093,1808,0.02495,False,multiple_sclerosis
IFNA1,2768,0.00093,710,0.08434,False,multiple_sclerosis
B3GALT5,2769,0.00093,377,0.22361,False,multiple_sclerosis
CDK9,2770,0.00093,1177,0.04013,False,multiple_sclerosis
ASS1,2771,0.00093,1684,0.02674,False,multiple_sclerosis
RPS19,2772,0.00093,1353,0.03408,False,multiple_sclerosis
AKT2,2773,0.00092,2855,0.01333,False,multiple_sclerosis
KCTD7,2774,0.00092,1745,0.02587,False,multiple_sclerosis
PTPN6,2775,0.00092,809,0.06603,False,multiple_sclerosis
DNM1,2776,0.00092,2267,0.01862,False,multiple_sclerosis
AKT3,2777,0.00092,2873,0.0131,False,multiple_sclerosis
SUCLG1,2778,0.00091,2104,0.02031,False,multiple_sclerosis
UBE2D2,2779,0.00091,2921,0.01266,False,multiple_sclerosis
RPL8,2780,0.00091,1054,0.04527,False,multiple_sclerosis
ABL1,2781,0.00091,1526,0.03002,False,multiple_sclerosis
SDC1,2782,0.00091,2503,0.01684,False,multiple_sclerosis
RPL4,2783,0.00091,1057,0.04519,False,multiple_sclerosis
C5AR1,2784,0.00091,2039,0.02099,False,multiple_sclerosis
GART,2785,0.0009,1217,0.03851,False,multiple_sclerosis
SMURF1,2786,0.0009,1275,0.03652,False,multiple_sclerosis
LRP5,2787,0.0009,2120,0.02018,False,multiple_sclerosis
BID,2788,0.00089,1266,0.03686,False,multiple_sclerosis
COG5,2789,0.00089,1970,0.02195,False,multiple_sclerosis
PLPP3,2790,0.00089,1470,0.03126,False,multiple_sclerosis
COG7,2791,0.00089,1973,0.02195,False,multiple_sclerosis
COG4,2792,0.00089,1971,0.02195,False,multiple_sclerosis
STX16,2793,0.00089,2157,0.01975,False,multiple_sclerosis
VPS52,2794,0.00089,2210,0.01911,False,multiple_sclerosis
GOSR1,2795,0.00089,2252,0.01873,False,multiple_sclerosis
STX6,2796,0.00089,2181,0.01952,False,multiple_sclerosis
ATP1B1,2797,0.00089,2281,0.01847,False,multiple_sclerosis
COG1,2798,0.00089,1974,0.02195,False,multiple_sclerosis
SMURF2,2799,0.00089,1053,0.04529,False,multiple_sclerosis
GOLGA5,2800,0.00089,2221,0.01899,False,multiple_sclerosis
VAMP4,2801,0.00089,2468,0.01703,False,multiple_sclerosis
SST,2802,0.00089,1641,0.02758,False,multiple_sclerosis
VPS54,2803,0.00089,2296,0.01833,False,multiple_sclerosis
VTI1A,2804,0.00089,2339,0.01805,False,multiple_sclerosis
COG2,2805,0.00089,1972,0.02195,False,multiple_sclerosis
SYNGAP1,2806,0.00089,1754,0.02579,False,multiple_sclerosis
UMPS,2807,0.00088,1408,0.03288,False,multiple_sclerosis
CD74,2808,0.00088,834,0.06304,False,multiple_sclerosis
CCP110,2809,0.00088,1816,0.02477,False,multiple_sclerosis
DNAJC5,2810,0.00088,1150,0.04087,False,multiple_sclerosis
NPY,2811,0.00088,1801,0.02502,False,multiple_sclerosis
RPL24,2812,0.00087,2688,0.01513,False,multiple_sclerosis
CHMP2A,2813,0.00087,2524,0.01664,False,multiple_sclerosis
CHMP3,2814,0.00087,2456,0.01712,False,multiple_sclerosis
EGFR,2815,0.00087,380,0.2231,False,multiple_sclerosis
VPS36,2816,0.00087,2469,0.01702,False,multiple_sclerosis
UBAP1,2817,0.00087,2511,0.01678,False,multiple_sclerosis
CHMP6,2818,0.00087,2478,0.01695,False,multiple_sclerosis
SNF8,2819,0.00087,2518,0.01669,False,multiple_sclerosis
CEP290,2820,0.00087,1793,0.02512,False,multiple_sclerosis
VPS25,2821,0.00087,2483,0.01693,False,multiple_sclerosis
TSG101,2822,0.00087,2396,0.01755,False,multiple_sclerosis
MVB12A,2823,0.00087,2467,0.01703,False,multiple_sclerosis
EZH2,2824,0.00087,1378,0.03348,False,multiple_sclerosis
HLA-DRA,2825,0.00086,1920,0.02287,False,multiple_sclerosis
GCG,2826,0.00086,1524,0.03002,False,multiple_sclerosis
GIP,2827,0.00086,1483,0.03094,False,multiple_sclerosis
VDAC2,2828,0.00086,2113,0.02025,False,multiple_sclerosis
TNIP1,2829,0.00086,667,0.09664,False,multiple_sclerosis
PLD1,2830,0.00085,1712,0.02641,False,multiple_sclerosis
FUT1,2831,0.00085,1268,0.03682,False,multiple_sclerosis
CEBPA,2832,0.00085,1237,0.03804,False,multiple_sclerosis
TARDBP,2833,0.00085,1372,0.03362,False,multiple_sclerosis
GABARAPL1,2834,0.00085,1704,0.02649,False,multiple_sclerosis
BGLAP,2835,0.00084,1637,0.02767,False,multiple_sclerosis
CSTF3,2836,0.00084,1958,0.0222,False,multiple_sclerosis
ANP32E,2837,0.00084,2121,0.02017,False,multiple_sclerosis
RORC,2838,0.00084,844,0.06213,False,multiple_sclerosis
TXN,2839,0.00083,2224,0.01898,False,multiple_sclerosis
TXN2,2840,0.00083,1639,0.02765,False,multiple_sclerosis
H3-3B,2841,0.00083,966,0.05169,False,multiple_sclerosis
ITPA,2842,0.00083,1045,0.0456,False,multiple_sclerosis
MYD88,2843,0.00083,636,0.10696,False,multiple_sclerosis
DPYSL2,2844,0.00083,1607,0.02858,False,multiple_sclerosis
F2,2845,0.00083,1628,0.02811,False,multiple_sclerosis
ENO1,2846,0.00082,2492,0.01689,False,multiple_sclerosis
CHPT1,2847,0.00082,1465,0.03134,False,multiple_sclerosis
LOC102723407,2848,0.00082,768,0.07291,False,multiple_sclerosis
RPL18,2849,0.00082,1352,0.03411,False,multiple_sclerosis
LMO2,2850,0.00082,2153,0.01988,False,multiple_sclerosis
TCF3,2851,0.00082,2075,0.02071,False,multiple_sclerosis
NCF1,2852,0.00082,1358,0.03395,False,multiple_sclerosis
RPL19,2853,0.00082,1355,0.03403,False,multiple_sclerosis
RPL30,2854,0.00081,1351,0.03411,False,multiple_sclerosis
NT5E,2855,0.00081,714,0.08396,False,multiple_sclerosis
RAPGEF2,2856,0.00081,2131,0.02008,False,multiple_sclerosis
PSD4,2857,0.00081,1961,0.02214,False,multiple_sclerosis
DNA2,2858,0.00081,1602,0.02862,False,multiple_sclerosis
TOPBP1,2859,0.00081,1591,0.02882,False,multiple_sclerosis
CYP3A4,2860,0.0008,1439,0.03201,False,multiple_sclerosis
RPS18,2861,0.0008,1158,0.04065,False,multiple_sclerosis
FHL2,2862,0.0008,2159,0.01973,False,multiple_sclerosis
FANCD2,2863,0.0008,1547,0.02959,False,multiple_sclerosis
RPS11,2864,0.0008,1749,0.02584,False,multiple_sclerosis
HTT,2865,0.0008,932,0.05429,False,multiple_sclerosis
CD34,2866,0.0008,1001,0.04891,False,multiple_sclerosis
NCOR1,2867,0.00079,589,0.12471,False,multiple_sclerosis
RUVBL1,2868,0.00079,800,0.06695,False,multiple_sclerosis
TAL1,2869,0.00079,948,0.05301,False,multiple_sclerosis
ST6GAL1,2870,0.00078,2474,0.01699,False,multiple_sclerosis
FUT8,2871,0.00078,2421,0.0174,False,multiple_sclerosis
MGAT5B,2872,0.00078,2270,0.01859,False,multiple_sclerosis
CCR7,2873,0.00078,742,0.07904,False,multiple_sclerosis
CDC5L,2874,0.00078,702,0.08739,False,multiple_sclerosis
DDB1,2875,0.00078,1078,0.04392,False,multiple_sclerosis
NR1H4,2876,0.00078,1431,0.03232,False,multiple_sclerosis
CLEC7A,2877,0.00078,1314,0.03536,False,multiple_sclerosis
RAC2,2878,0.00078,806,0.06624,False,multiple_sclerosis
RPL7,2879,0.00078,2706,0.01491,False,multiple_sclerosis
RACGAP1,2880,0.00078,1759,0.02563,False,multiple_sclerosis
HLA-DMA,2881,0.00077,2634,0.01563,False,multiple_sclerosis
HLA-DOA,2882,0.00077,2662,0.01536,False,multiple_sclerosis
GRB2,2883,0.00077,504,0.17532,False,multiple_sclerosis
HPRT1,2884,0.00077,1041,0.0457,False,multiple_sclerosis
ALDH18A1,2885,0.00077,1518,0.03012,False,multiple_sclerosis
HLA-DMB,2886,0.00077,2665,0.01533,False,multiple_sclerosis
RAB11B,2887,0.00077,2114,0.02025,False,multiple_sclerosis
LPL,2888,0.00077,1631,0.02795,False,multiple_sclerosis
RIPK2,2889,0.00077,1727,0.02627,False,multiple_sclerosis
CTBP2,2890,0.00076,1917,0.02294,False,multiple_sclerosis
VIP,2891,0.00076,1522,0.03007,False,multiple_sclerosis
POMC,2892,0.00076,1401,0.03302,False,multiple_sclerosis
FCHO1,2893,0.00076,2437,0.01727,False,multiple_sclerosis
USP8,2894,0.00076,319,0.25584,False,multiple_sclerosis
BTRC,2895,0.00075,812,0.06571,False,multiple_sclerosis
MALT1,2896,0.00075,1379,0.03346,False,multiple_sclerosis
GNA13,2897,0.00075,690,0.08986,False,multiple_sclerosis
ARRB2,2898,0.00075,1567,0.02934,False,multiple_sclerosis
RPF2,2899,0.00075,838,0.06264,False,multiple_sclerosis
LGALS9,2900,0.00075,1681,0.02683,False,multiple_sclerosis
RPL17,2901,0.00074,1849,0.02393,False,multiple_sclerosis
YWHAZ,2902,0.00074,1207,0.03928,False,multiple_sclerosis
CAMP,2903,0.00074,1302,0.03565,False,multiple_sclerosis
YAP1,2904,0.00074,1037,0.0458,False,multiple_sclerosis
MTNR1B,2905,0.00074,1546,0.02959,False,multiple_sclerosis
FGF2,2906,0.00074,1608,0.02858,False,multiple_sclerosis
CASP3,2907,0.00073,977,0.05068,False,multiple_sclerosis
SQSTM1,2908,0.00073,870,0.05931,False,multiple_sclerosis
GMPS,2909,0.00073,780,0.07079,False,multiple_sclerosis
MED23,2910,0.00072,1462,0.03154,False,multiple_sclerosis
BCL2L1,2911,0.00072,862,0.06039,False,multiple_sclerosis
NCBP2,2912,0.00072,938,0.05376,False,multiple_sclerosis
RPS16,2913,0.00072,2740,0.01446,False,multiple_sclerosis
ARF6,2914,0.00072,1105,0.04253,False,multiple_sclerosis
STAM,2915,0.00071,1384,0.0334,False,multiple_sclerosis
RASA1,2916,0.00071,2451,0.01717,False,multiple_sclerosis
CD3G,2917,0.00071,2199,0.01926,False,multiple_sclerosis
ST8SIA4,2918,0.00071,4674,0.00558,False,multiple_sclerosis
ULK1,2919,0.00071,1705,0.02647,False,multiple_sclerosis
FOXO1,2920,0.00071,2191,0.01931,False,multiple_sclerosis
MMP9,2921,0.0007,1024,0.04676,False,multiple_sclerosis
SIN3A,2922,0.00069,1003,0.04875,False,multiple_sclerosis
CCNT1,2923,0.00069,868,0.05949,False,multiple_sclerosis
ALOX12,2924,0.00068,1412,0.03281,False,multiple_sclerosis
KAT5,2925,0.00068,866,0.05964,False,multiple_sclerosis
NCOR2,2926,0.00068,675,0.09491,False,multiple_sclerosis
CAV1,2927,0.00068,718,0.0835,False,multiple_sclerosis
BATF2,2928,0.00068,2632,0.01564,False,multiple_sclerosis
IL22,2929,0.00068,946,0.05319,False,multiple_sclerosis
MAVS,2930,0.00067,886,0.05764,False,multiple_sclerosis
CSK,2931,0.00067,1671,0.02705,False,multiple_sclerosis
RPL10,2932,0.00067,1846,0.02397,False,multiple_sclerosis
NCOA3,2933,0.00067,865,0.05972,False,multiple_sclerosis
GNAI3,2934,0.00067,551,0.14465,False,multiple_sclerosis
BCL2,2935,0.00067,827,0.06414,False,multiple_sclerosis
GNAI2,2936,0.00067,557,0.14197,False,multiple_sclerosis
IL3,2937,0.00067,955,0.05229,False,multiple_sclerosis
TAPBP,2938,0.00066,2622,0.01577,False,multiple_sclerosis
HDGFL1,2939,0.00066,4846,0.00517,False,multiple_sclerosis
EGF,2940,0.00066,880,0.05829,False,multiple_sclerosis
IL13RA2,2941,0.00066,2653,0.01544,False,multiple_sclerosis
HRAS,2942,0.00066,1014,0.04776,False,multiple_sclerosis
ADCY9,2943,0.00065,1562,0.0294,False,multiple_sclerosis
RPL34,2944,0.00065,1397,0.03307,False,multiple_sclerosis
TINF2,2945,0.00065,1082,0.04345,False,multiple_sclerosis
H3-4,2946,0.00065,1164,0.04056,False,multiple_sclerosis
TERF1,2947,0.00065,1089,0.04284,False,multiple_sclerosis
RPL7A,2948,0.00064,1086,0.0432,False,multiple_sclerosis
STUB1,2949,0.00064,1120,0.04221,False,multiple_sclerosis
CACNA1D,2950,0.00064,1713,0.02636,False,multiple_sclerosis
MBOAT1,2951,0.00064,1182,0.04,False,multiple_sclerosis
RPL9,2952,0.00063,1900,0.02344,False,multiple_sclerosis
CHMP1B,2953,0.00063,1709,0.02642,False,multiple_sclerosis
RPS27A,2954,0.00063,856,0.06121,False,multiple_sclerosis
SH2B1,2955,0.00062,2107,0.0203,False,multiple_sclerosis
NLRC5,2956,0.00062,3070,0.01155,False,multiple_sclerosis
BAX,2957,0.00062,1652,0.02731,False,multiple_sclerosis
HGS,2958,0.00062,1702,0.02652,False,multiple_sclerosis
SCARB2,2959,0.00062,1495,0.03067,False,multiple_sclerosis
CD36,2960,0.00062,1568,0.02933,False,multiple_sclerosis
PLCD1,2961,0.00062,1531,0.02989,False,multiple_sclerosis
KAT2B,2962,0.00062,1440,0.03196,False,multiple_sclerosis
MAPK3,2963,0.00062,523,0.15719,False,multiple_sclerosis
DCN,2964,0.00062,2356,0.01788,False,multiple_sclerosis
C3AR1,2965,0.00061,1365,0.03379,False,multiple_sclerosis
PLD2,2966,0.00061,1301,0.03567,False,multiple_sclerosis
RPS24,2967,0.00061,1436,0.03211,False,multiple_sclerosis
NCF4,2968,0.0006,1130,0.04194,False,multiple_sclerosis
RPL23A,2969,0.0006,666,0.09667,False,multiple_sclerosis
ATF3,2970,0.0006,2915,0.01273,False,multiple_sclerosis
MLLT1,2971,0.0006,1620,0.02842,False,multiple_sclerosis
RPL36,2972,0.0006,1844,0.02398,False,multiple_sclerosis
MAX,2973,0.0006,2778,0.01407,False,multiple_sclerosis
SYNJ1,2974,0.0006,1153,0.0407,False,multiple_sclerosis
NFATC2,2975,0.0006,2189,0.01934,False,multiple_sclerosis
RPL6,2976,0.0006,1843,0.02406,False,multiple_sclerosis
CALML6,2977,0.00059,547,0.14655,False,multiple_sclerosis
MET,2978,0.00059,1220,0.03846,False,multiple_sclerosis
CFB,2979,0.00059,1140,0.04137,False,multiple_sclerosis
ITGAX,2980,0.00059,1172,0.04028,False,multiple_sclerosis
RPA1,2981,0.00059,1051,0.04529,False,multiple_sclerosis
IFNB1,2982,0.00059,788,0.06951,False,multiple_sclerosis
PABPN1,2983,0.00059,1857,0.02369,False,multiple_sclerosis
CALML5,2984,0.00059,564,0.13952,False,multiple_sclerosis
CALML4,2985,0.00059,549,0.14499,False,multiple_sclerosis
CALML3,2986,0.00059,563,0.1396,False,multiple_sclerosis
KRAS,2987,0.00058,665,0.09684,False,multiple_sclerosis
UBA52,2988,0.00058,1181,0.04003,False,multiple_sclerosis
IL18,2989,0.00058,1860,0.02362,False,multiple_sclerosis
SIN3B,2990,0.00058,1362,0.03388,False,multiple_sclerosis
ANPEP,2991,0.00058,1925,0.0227,False,multiple_sclerosis
C1QBP,2992,0.00058,2391,0.01759,False,multiple_sclerosis
TNFRSF10A,2993,0.00057,3149,0.01079,False,multiple_sclerosis
TNFSF10,2994,0.00057,3147,0.01081,False,multiple_sclerosis
NRAS,2995,0.00057,919,0.05538,False,multiple_sclerosis
ANK2,2996,0.00057,1291,0.03598,False,multiple_sclerosis
IL33,2997,0.00057,2550,0.01645,False,multiple_sclerosis
RPL23,2998,0.00057,944,0.05327,False,multiple_sclerosis
IL1A,2999,0.00057,720,0.08346,False,multiple_sclerosis
CARD11,3000,0.00057,1357,0.03398,False,multiple_sclerosis
TPH1,3001,0.00056,1724,0.02627,False,multiple_sclerosis
POMGNT1,3002,0.00056,1000,0.04895,False,multiple_sclerosis
ATP13A2,3003,0.00056,1498,0.03061,False,multiple_sclerosis
RAC1,3004,0.00055,881,0.05828,False,multiple_sclerosis
DHX58,3005,0.00055,3003,0.01205,False,multiple_sclerosis
FSCN1,3006,0.00055,308,0.25784,False,multiple_sclerosis
CBL,3007,0.00055,712,0.0842,False,multiple_sclerosis
PTK6,3008,0.00055,2732,0.0145,False,multiple_sclerosis
LUM,3009,0.00055,1923,0.02275,False,multiple_sclerosis
HCK,3010,0.00054,2049,0.02094,False,multiple_sclerosis
PPARD,3011,0.00054,285,0.26608,False,multiple_sclerosis
RRAS,3012,0.00054,1249,0.03749,False,multiple_sclerosis
ALCAM,3013,0.00054,2812,0.01371,False,multiple_sclerosis
H3-5,3014,0.00054,1171,0.0403,False,multiple_sclerosis
CD200R1,3015,0.00054,2830,0.01354,False,multiple_sclerosis
THY1,3016,0.00053,2880,0.01303,False,multiple_sclerosis
FUT3,3017,0.00053,1757,0.02569,False,multiple_sclerosis
IFIT3,3018,0.00053,2150,0.01991,False,multiple_sclerosis
MX1,3019,0.00053,2097,0.02043,False,multiple_sclerosis
B4GALT3,3020,0.00053,1800,0.02502,False,multiple_sclerosis
ARRB1,3021,0.00053,1361,0.03389,False,multiple_sclerosis
NANOG,3022,0.00053,1205,0.03938,False,multiple_sclerosis
B4GALT1,3023,0.00053,1773,0.02546,False,multiple_sclerosis
B4GALT4,3024,0.00053,1781,0.0253,False,multiple_sclerosis
DNAJC6,3025,0.00053,1388,0.03333,False,multiple_sclerosis
RPL35,3026,0.00053,804,0.06646,False,multiple_sclerosis
TCF7L2,3027,0.00053,1283,0.03623,False,multiple_sclerosis
IFI44,3028,0.00053,2129,0.0201,False,multiple_sclerosis
MAPK1,3029,0.00052,534,0.15026,False,multiple_sclerosis
GNB5,3030,0.00052,748,0.07808,False,multiple_sclerosis
SH3KBP1,3031,0.00052,2727,0.01458,False,multiple_sclerosis
IFIT1,3032,0.00052,1659,0.02719,False,multiple_sclerosis
TNRC18,3033,0.00051,1861,0.02361,False,multiple_sclerosis
SIRT1,3034,0.00051,992,0.04976,False,multiple_sclerosis
FOXH1,3035,0.00051,2899,0.01284,False,multiple_sclerosis
ERVW-1,3036,0.00051,3087,0.01142,False,multiple_sclerosis
CD226,3037,0.00051,260,0.27539,False,multiple_sclerosis
SNAI1,3038,0.00051,2956,0.01241,False,multiple_sclerosis
MYO5A,3039,0.00051,2123,0.02016,False,multiple_sclerosis
KAT2A,3040,0.00051,2704,0.01492,False,multiple_sclerosis
FCER1G,3041,0.0005,978,0.05067,False,multiple_sclerosis
EXO1,3042,0.0005,807,0.0662,False,multiple_sclerosis
FBN1,3043,0.0005,900,0.05669,False,multiple_sclerosis
BRCA1,3044,0.00049,561,0.14116,False,multiple_sclerosis
ISG15,3045,0.00049,1334,0.03489,False,multiple_sclerosis
NFKB2,3046,0.00049,1017,0.04746,False,multiple_sclerosis
MAPK9,3047,0.00049,960,0.05209,False,multiple_sclerosis
ITGA2B,3048,0.00049,3284,0.0099,False,multiple_sclerosis
CD209,3049,0.00048,3286,0.0099,False,multiple_sclerosis
AKR1B10,3050,0.00048,2702,0.01496,False,multiple_sclerosis
SOX2,3051,0.00048,1525,0.03002,False,multiple_sclerosis
CFHR1,3052,0.00048,2522,0.01665,False,multiple_sclerosis
TIRAP,3053,0.00048,1201,0.03956,False,multiple_sclerosis
MAP3K5,3054,0.00048,2954,0.01243,False,multiple_sclerosis
UBB,3055,0.00048,1018,0.04739,False,multiple_sclerosis
AKR1B1,3056,0.00048,2647,0.01548,False,multiple_sclerosis
COL1A2,3057,0.00048,1013,0.04797,False,multiple_sclerosis
CYBB,3058,0.00048,2078,0.02064,False,multiple_sclerosis
CFI,3059,0.00048,1706,0.02645,False,multiple_sclerosis
GLRX3,3060,0.00048,1932,0.02257,False,multiple_sclerosis
SPR,3061,0.00048,2598,0.01591,False,multiple_sclerosis
NOX4,3062,0.00048,2900,0.01284,False,multiple_sclerosis
MBOAT2,3063,0.00048,1074,0.04438,False,multiple_sclerosis
NR5A2,3064,0.00048,284,0.26669,False,multiple_sclerosis
GLS2,3065,0.00048,1566,0.02935,False,multiple_sclerosis
ARMS2,3066,0.00047,3189,0.01051,False,multiple_sclerosis
PPP3R1,3067,0.00047,1762,0.02558,False,multiple_sclerosis
GNG2,3068,0.00047,593,0.12287,False,multiple_sclerosis
ETV7,3069,0.00047,2546,0.01648,False,multiple_sclerosis
CASP1,3070,0.00047,1858,0.02368,False,multiple_sclerosis
BMP2,3071,0.00047,1556,0.02945,False,multiple_sclerosis
CFHR3,3072,0.00047,3268,0.01002,False,multiple_sclerosis
TLR1,3073,0.00047,428,0.20645,False,multiple_sclerosis
PPP3CA,3074,0.00047,1769,0.02554,False,multiple_sclerosis
POU5F1,3075,0.00047,3204,0.01044,False,multiple_sclerosis
LY96,3076,0.00046,3195,0.01049,False,multiple_sclerosis
TLR2,3077,0.00046,988,0.05016,False,multiple_sclerosis
TNIP2,3078,0.00046,1841,0.0241,False,multiple_sclerosis
MASP2,3079,0.00046,1733,0.02612,False,multiple_sclerosis
SPIB,3080,0.00046,3309,0.00974,False,multiple_sclerosis
TNFSF8,3081,0.00046,3167,0.01069,False,multiple_sclerosis
TLR5,3082,0.00046,2449,0.01719,False,multiple_sclerosis
HNF4A,3083,0.00046,2051,0.02093,False,multiple_sclerosis
ATF7,3084,0.00046,3025,0.01188,False,multiple_sclerosis
ZC3H13,3085,0.00046,2177,0.01954,False,multiple_sclerosis
GCNT2,3086,0.00045,2708,0.01488,False,multiple_sclerosis
SAP30,3087,0.00045,1998,0.02153,False,multiple_sclerosis
NCL,3088,0.00045,1580,0.02905,False,multiple_sclerosis
PTX3,3089,0.00045,2299,0.01833,False,multiple_sclerosis
ADGRF5,3090,0.00045,1036,0.04584,False,multiple_sclerosis
SOCS2,3091,0.00045,3186,0.01053,False,multiple_sclerosis
IL26,3092,0.00045,3548,0.00854,False,multiple_sclerosis
IL24,3093,0.00045,3458,0.00895,False,multiple_sclerosis
ATRIP,3094,0.00045,176,0.3073,False,multiple_sclerosis
TKFC,3095,0.00045,2692,0.0151,False,multiple_sclerosis
FUT5,3096,0.00045,2703,0.01494,False,multiple_sclerosis
VDAC1,3097,0.00044,777,0.07088,False,multiple_sclerosis
DPP4,3098,0.00044,196,0.29672,False,multiple_sclerosis
YWHAE,3099,0.00044,1235,0.03804,False,multiple_sclerosis
PARK7,3100,0.00044,183,0.30398,False,multiple_sclerosis
CLEC4E,3101,0.00044,3212,0.01032,False,multiple_sclerosis
CD55,3102,0.00043,2269,0.01859,False,multiple_sclerosis
CEP57,3103,0.00043,1253,0.03731,False,multiple_sclerosis
PVR,3104,0.00043,2863,0.01323,False,multiple_sclerosis
SEMA4D,3105,0.00043,2576,0.01616,False,multiple_sclerosis
COPS5,3106,0.00043,1782,0.02529,False,multiple_sclerosis
CARM1,3107,0.00043,2892,0.01293,False,multiple_sclerosis
ST3GAL1,3108,0.00043,2611,0.01582,False,multiple_sclerosis
ST3GAL2,3109,0.00043,2613,0.01581,False,multiple_sclerosis
EHMT2,3110,0.00043,1951,0.02228,False,multiple_sclerosis
ST3GAL4,3111,0.00043,2618,0.01578,False,multiple_sclerosis
CD46,3112,0.00043,2371,0.01772,False,multiple_sclerosis
PLCB3,3113,0.00042,1070,0.0447,False,multiple_sclerosis
PYCARD,3114,0.00042,2115,0.02025,False,multiple_sclerosis
PLCG2,3115,0.00042,743,0.07882,False,multiple_sclerosis
SHANK1,3116,0.00042,2472,0.01701,False,multiple_sclerosis
GALR2,3117,0.00042,2800,0.01379,False,multiple_sclerosis
HTR2A,3118,0.00042,2716,0.01475,False,multiple_sclerosis
SIGIRR,3119,0.00042,3271,0.00999,False,multiple_sclerosis
GALR1,3120,0.00042,2805,0.01377,False,multiple_sclerosis
ELN,3121,0.00042,2521,0.01666,False,multiple_sclerosis
HTR1B,3122,0.00042,2711,0.01485,False,multiple_sclerosis
MEF2A,3123,0.00042,1930,0.02264,False,multiple_sclerosis
LGALS3,3124,0.00042,1563,0.02939,False,multiple_sclerosis
HTR2C,3125,0.00042,2758,0.01426,False,multiple_sclerosis
FFAR3,3126,0.00042,2786,0.01396,False,multiple_sclerosis
TNFRSF25,3127,0.00042,2944,0.01248,False,multiple_sclerosis
CSF1R,3128,0.00041,1095,0.04271,False,multiple_sclerosis
IL4I1,3129,0.00041,2424,0.01739,False,multiple_sclerosis
SLC9A8,3130,0.00041,2352,0.01792,False,multiple_sclerosis
FLT3LG,3131,0.00041,2366,0.0178,False,multiple_sclerosis
NECTIN2,3132,0.00041,2901,0.01283,False,multiple_sclerosis
NECTIN1,3133,0.00041,2891,0.01293,False,multiple_sclerosis
IFIT2,3134,0.00041,2995,0.01212,False,multiple_sclerosis
EIF2AK2,3135,0.00041,3017,0.01195,False,multiple_sclerosis
GRAP2,3136,0.00041,1558,0.02943,False,multiple_sclerosis
DDX60,3137,0.00041,2994,0.01213,False,multiple_sclerosis
RBM17,3138,0.00041,1505,0.03043,False,multiple_sclerosis
PRKN,3139,0.00041,192,0.29901,False,multiple_sclerosis
HMGB1,3140,0.00041,1719,0.02632,False,multiple_sclerosis
MBL2,3141,0.00041,867,0.05952,False,multiple_sclerosis
PLPP5,3142,0.0004,1789,0.02518,False,multiple_sclerosis
EPOR,3143,0.0004,3279,0.00992,False,multiple_sclerosis
TICAM2,3144,0.0004,3297,0.0098,False,multiple_sclerosis
HDAC1,3145,0.0004,431,0.206,False,multiple_sclerosis
ZBTB17,3146,0.0004,2919,0.01269,False,multiple_sclerosis
EZR,3147,0.0004,1811,0.02488,False,multiple_sclerosis
IRAK4,3148,0.0004,874,0.05888,False,multiple_sclerosis
CSF1,3149,0.0004,2350,0.01794,False,multiple_sclerosis
PLPP4,3150,0.0004,1839,0.02411,False,multiple_sclerosis
TAB1,3151,0.0004,1165,0.04055,False,multiple_sclerosis
PGF,3152,0.0004,2527,0.0166,False,multiple_sclerosis
SRF,3153,0.0004,3055,0.01167,False,multiple_sclerosis
RHOA,3154,0.0004,542,0.14791,False,multiple_sclerosis
PRKG2,3155,0.0004,910,0.05602,False,multiple_sclerosis
PRKG1,3156,0.0004,969,0.05143,False,multiple_sclerosis
FTCD,3157,0.00039,2571,0.01629,False,multiple_sclerosis
TLR8,3158,0.00039,2690,0.01512,False,multiple_sclerosis
ATG12,3159,0.00039,1514,0.03024,False,multiple_sclerosis
GFPT1,3160,0.00039,2460,0.01709,False,multiple_sclerosis
ITPR1,3161,0.00039,1122,0.04219,False,multiple_sclerosis
TMEM109,3162,0.00039,2636,0.01562,False,multiple_sclerosis
MS4A4A,3163,0.00039,3344,0.00945,False,multiple_sclerosis
GLUL,3164,0.00039,2362,0.01783,False,multiple_sclerosis
DYNLL1,3165,0.00039,2785,0.01397,False,multiple_sclerosis
GATB,3166,0.00039,2410,0.01745,False,multiple_sclerosis
GFPT2,3167,0.00039,2466,0.01703,False,multiple_sclerosis
NFKBIB,3168,0.00039,1380,0.03345,False,multiple_sclerosis
IL1RAP,3169,0.00039,1765,0.02556,False,multiple_sclerosis
VSIG4,3170,0.00039,3071,0.01155,False,multiple_sclerosis
CCRL2,3171,0.00038,2629,0.01566,False,multiple_sclerosis
PRPS1,3172,0.00038,2390,0.0176,False,multiple_sclerosis
FABP5,3173,0.00038,2279,0.01851,False,multiple_sclerosis
BCL3,3174,0.00038,3262,0.01006,False,multiple_sclerosis
OAS2,3175,0.00038,2215,0.01908,False,multiple_sclerosis
CFP,3176,0.00038,2531,0.01658,False,multiple_sclerosis
MFN1,3177,0.00038,1551,0.02956,False,multiple_sclerosis
IRAK1,3178,0.00038,433,0.20582,False,multiple_sclerosis
TAX1BP1,3179,0.00038,3267,0.01003,False,multiple_sclerosis
GNB1,3180,0.00038,579,0.13076,False,multiple_sclerosis
KLF11,3181,0.00038,5213,0.00409,False,multiple_sclerosis
RPLP0,3182,0.00038,1315,0.03527,False,multiple_sclerosis
PRPS1L1,3183,0.00038,2502,0.01684,False,multiple_sclerosis
SOD1,3184,0.00038,2884,0.01302,False,multiple_sclerosis
PAX4,3185,0.00038,5327,0.00357,False,multiple_sclerosis
AWAT1,3186,0.00038,4292,0.00655,False,multiple_sclerosis
GATA1,3187,0.00038,1238,0.03802,False,multiple_sclerosis
SH2B3,3188,0.00038,435,0.20499,False,multiple_sclerosis
MMP2,3189,0.00038,1853,0.02384,False,multiple_sclerosis
NCBP3,3190,0.00037,2750,0.01436,False,multiple_sclerosis
NAA25,3191,0.00037,5140,0.00435,False,multiple_sclerosis
DLGAP1,3192,0.00037,159,0.31347,False,multiple_sclerosis
RPL21,3193,0.00037,1189,0.03977,False,multiple_sclerosis
IFI44L,3194,0.00037,3092,0.01138,False,multiple_sclerosis
IFI6,3195,0.00037,3098,0.01135,False,multiple_sclerosis
FAM160A2,3196,0.00037,5523,0.00213,False,multiple_sclerosis
GNAQ,3197,0.00037,669,0.09645,False,multiple_sclerosis
SERPING1,3198,0.00037,1646,0.02749,False,multiple_sclerosis
IL1R2,3199,0.00037,3332,0.00957,False,multiple_sclerosis
RPL5,3200,0.00037,920,0.05537,False,multiple_sclerosis
TIA1,3201,0.00037,2595,0.01595,False,multiple_sclerosis
MX2,3202,0.00037,3104,0.01133,False,multiple_sclerosis
THPO,3203,0.00037,5052,0.0046,False,multiple_sclerosis
AKTIP,3204,0.00037,5534,0.00203,False,multiple_sclerosis
OASL,3205,0.00037,3125,0.0111,False,multiple_sclerosis
OAS3,3206,0.00037,3061,0.01161,False,multiple_sclerosis
LDB1,3207,0.00037,1136,0.04173,False,multiple_sclerosis
NTRK3,3208,0.00037,4615,0.00575,False,multiple_sclerosis
CX3CR1,3209,0.00037,3029,0.01186,False,multiple_sclerosis
SNTA1,3210,0.00037,2247,0.01877,False,multiple_sclerosis
NTRK2,3211,0.00037,4676,0.00557,False,multiple_sclerosis
DARS2,3212,0.00037,2294,0.01835,False,multiple_sclerosis
NOTCH1,3213,0.00037,1809,0.02494,False,multiple_sclerosis
NTRK1,3214,0.00037,4647,0.00566,False,multiple_sclerosis
MPL,3215,0.00037,5147,0.00432,False,multiple_sclerosis
LPIN2,3216,0.00037,2773,0.01409,False,multiple_sclerosis
MAD2L2,3217,0.00037,2090,0.02051,False,multiple_sclerosis
DPPA3,3218,0.00037,5482,0.00265,False,multiple_sclerosis
ACP5,3219,0.00037,2913,0.01273,False,multiple_sclerosis
CCL4L2,3220,0.00036,2648,0.01547,False,multiple_sclerosis
TET2,3221,0.00036,1791,0.02516,False,multiple_sclerosis
MEFV,3222,0.00036,2798,0.0138,False,multiple_sclerosis
CD2BP2,3223,0.00036,5182,0.00421,False,multiple_sclerosis
ARG1,3224,0.00036,2847,0.01343,False,multiple_sclerosis
SYP,3225,0.00036,974,0.05074,False,multiple_sclerosis
GPI,3226,0.00036,1552,0.02951,False,multiple_sclerosis
GABRQ,3227,0.00036,4431,0.00626,False,multiple_sclerosis
VAV3,3228,0.00036,3150,0.01078,False,multiple_sclerosis
CR1,3229,0.00036,2363,0.01782,False,multiple_sclerosis
ELOC,3230,0.00036,2838,0.0135,False,multiple_sclerosis
ARG2,3231,0.00036,2848,0.01342,False,multiple_sclerosis
FCGRT,3232,0.00036,3275,0.00994,False,multiple_sclerosis
KALRN,3233,0.00036,385,0.22216,False,multiple_sclerosis
IRAK3,3234,0.00036,3369,0.00931,False,multiple_sclerosis
CDS1,3235,0.00036,2685,0.01516,False,multiple_sclerosis
HPGDS,3236,0.00036,1248,0.03756,False,multiple_sclerosis
AZIN2,3237,0.00036,2886,0.01301,False,multiple_sclerosis
FCGR1A,3238,0.00036,3264,0.01004,False,multiple_sclerosis
ASL,3239,0.00036,2859,0.01329,False,multiple_sclerosis
PINK1,3240,0.00036,2663,0.01534,False,multiple_sclerosis
CBLIF,3241,0.00036,1854,0.0238,False,multiple_sclerosis
H3C13,3242,0.00036,847,0.06203,False,multiple_sclerosis
H3C12,3243,0.00036,846,0.06205,False,multiple_sclerosis
TOLLIP,3244,0.00036,3302,0.00977,False,multiple_sclerosis
LRRK2,3245,0.00036,2684,0.01516,False,multiple_sclerosis
GIPC1,3246,0.00035,5035,0.00464,False,multiple_sclerosis
NID1,3247,0.00035,2810,0.01373,False,multiple_sclerosis
TALDO1,3248,0.00035,2260,0.01866,False,multiple_sclerosis
CES3,3249,0.00035,5540,0.00181,False,multiple_sclerosis
NLRC4,3250,0.00035,3086,0.01143,False,multiple_sclerosis
PABPC1,3251,0.00035,2337,0.01807,False,multiple_sclerosis
SERPINA1,3252,0.00035,2463,0.01706,False,multiple_sclerosis
RHAG,3253,0.00035,2555,0.01642,False,multiple_sclerosis
PC,3254,0.00035,2429,0.01736,False,multiple_sclerosis
CCL17,3255,0.00035,1588,0.02887,False,multiple_sclerosis
LRG1,3256,0.00035,4985,0.00486,False,multiple_sclerosis
PECAM1,3257,0.00035,4995,0.0048,False,multiple_sclerosis
LDHA,3258,0.00035,2300,0.01832,False,multiple_sclerosis
CCL11,3259,0.00035,1605,0.0286,False,multiple_sclerosis
GDF2,3260,0.00035,4785,0.00534,False,multiple_sclerosis
EDA2R,3261,0.00035,2574,0.01623,False,multiple_sclerosis
PKLR,3262,0.00035,1565,0.02936,False,multiple_sclerosis
PML,3263,0.00035,3096,0.01135,False,multiple_sclerosis
CYP2C8,3264,0.00035,2028,0.02115,False,multiple_sclerosis
CYP2E1,3265,0.00035,2030,0.02113,False,multiple_sclerosis
IRAK2,3266,0.00035,2575,0.01618,False,multiple_sclerosis
CYP4F2,3267,0.00035,2026,0.02115,False,multiple_sclerosis
CYP4F3,3268,0.00035,2024,0.02119,False,multiple_sclerosis
MC4R,3269,0.00035,2110,0.02027,False,multiple_sclerosis
UBE2D1,3270,0.00035,3214,0.0103,False,multiple_sclerosis
GATA2,3271,0.00035,2918,0.0127,False,multiple_sclerosis
ALOX15,3272,0.00035,2002,0.02146,False,multiple_sclerosis
CDH5,3273,0.00035,5104,0.00447,False,multiple_sclerosis
PRMT5,3274,0.00035,2917,0.01271,False,multiple_sclerosis
CDS2,3275,0.00035,1912,0.02303,False,multiple_sclerosis
ALOX15B,3276,0.00035,2020,0.02121,False,multiple_sclerosis
IKZF3,3277,0.00035,2996,0.01211,False,multiple_sclerosis
BMP10,3278,0.00035,4841,0.0052,False,multiple_sclerosis
BMPR2,3279,0.00035,4827,0.00522,False,multiple_sclerosis
ATXN1L,3280,0.00034,2587,0.01605,False,multiple_sclerosis
UBA7,3281,0.00034,1472,0.03121,False,multiple_sclerosis
NEDD4L,3282,0.00034,1829,0.02447,False,multiple_sclerosis
RPL26,3283,0.00034,2852,0.0134,False,multiple_sclerosis
CYP2C9,3284,0.00034,1255,0.0372,False,multiple_sclerosis
C4BPA,3285,0.00034,3126,0.01107,False,multiple_sclerosis
FCER2,3286,0.00034,5361,0.00341,False,multiple_sclerosis
ENSP00000293826,3287,0.00034,5542,0.00162,False,multiple_sclerosis
GNAI1,3288,0.00034,499,0.17629,False,multiple_sclerosis
ZBED6,3289,0.00034,2488,0.01691,False,multiple_sclerosis
CSNK1D,3290,0.00034,2470,0.01701,False,multiple_sclerosis
PPA2,3291,0.00034,2616,0.0158,False,multiple_sclerosis
PKM,3292,0.00034,1109,0.04244,False,multiple_sclerosis
IKZF2,3293,0.00034,5324,0.00358,False,multiple_sclerosis
PRKCE,3294,0.00034,3023,0.0119,False,multiple_sclerosis
GOT1,3295,0.00034,2649,0.01547,False,multiple_sclerosis
GOT1L1,3296,0.00034,1851,0.02391,False,multiple_sclerosis
GOT2,3297,0.00034,2657,0.01541,False,multiple_sclerosis
LHPP,3298,0.00034,2625,0.01572,False,multiple_sclerosis
C4BPB,3299,0.00034,3129,0.01104,False,multiple_sclerosis
PPA1,3300,0.00034,2577,0.01614,False,multiple_sclerosis
GAD2,3301,0.00034,2225,0.01895,False,multiple_sclerosis
RUNX1T1,3302,0.00034,3049,0.01173,False,multiple_sclerosis
COLEC11,3303,0.00034,2539,0.01653,False,multiple_sclerosis
GSDMD,3304,0.00034,2946,0.01247,False,multiple_sclerosis
CD37,3305,0.00034,5513,0.00232,False,multiple_sclerosis
ZFYVE9,3306,0.00033,5093,0.0045,False,multiple_sclerosis
ZNF366,3307,0.00033,5301,0.00372,False,multiple_sclerosis
C1QC,3308,0.00033,975,0.05073,False,multiple_sclerosis
PTF1A,3309,0.00033,2728,0.01454,False,multiple_sclerosis
SMAD9,3310,0.00033,5110,0.00444,False,multiple_sclerosis
PTGDS,3311,0.00033,2978,0.01229,False,multiple_sclerosis
PTGES2,3312,0.00033,2942,0.01249,False,multiple_sclerosis
PTGIS,3313,0.00033,2916,0.01271,False,multiple_sclerosis
FFAR1,3314,0.00033,5472,0.00274,False,multiple_sclerosis
FFAR2,3315,0.00033,5483,0.00264,False,multiple_sclerosis
FKBP10,3316,0.00033,2645,0.01552,False,multiple_sclerosis
FKBP6,3317,0.00033,2633,0.01563,False,multiple_sclerosis
CCL3,3318,0.00033,1092,0.04272,False,multiple_sclerosis
SLC44A4,3319,0.00033,5509,0.00237,False,multiple_sclerosis
BSG,3320,0.00033,2415,0.01743,False,multiple_sclerosis
ERC1,3321,0.00033,5455,0.00286,False,multiple_sclerosis
TAB3,3322,0.00033,5456,0.00282,False,multiple_sclerosis
NR1I3,3323,0.00033,5209,0.0041,False,multiple_sclerosis
CLIP2,3324,0.00033,2530,0.01659,False,multiple_sclerosis
PRTN3,3325,0.00033,2736,0.01448,False,multiple_sclerosis
MPO,3326,0.00033,2751,0.01435,False,multiple_sclerosis
CTSG,3327,0.00033,2809,0.01374,False,multiple_sclerosis
SKI,3328,0.00033,5128,0.00439,False,multiple_sclerosis
HRH2,3329,0.00033,884,0.05776,False,multiple_sclerosis
RPL13,3330,0.00033,1938,0.02245,False,multiple_sclerosis
SKIL,3331,0.00033,5097,0.00449,False,multiple_sclerosis
CYP4F8,3332,0.00033,3005,0.01203,False,multiple_sclerosis
KAT6A,3333,0.00033,5036,0.00464,False,multiple_sclerosis
E2F5,3334,0.00033,5100,0.00448,False,multiple_sclerosis
E2F4,3335,0.00033,5092,0.0045,False,multiple_sclerosis
DEFB103A,3336,0.00033,1738,0.02602,False,multiple_sclerosis
CSF3,3337,0.00033,1173,0.04027,False,multiple_sclerosis
MFN2,3338,0.00033,2839,0.0135,False,multiple_sclerosis
DNTT,3339,0.00033,5485,0.00262,False,multiple_sclerosis
MASP1,3340,0.00033,1837,0.02421,False,multiple_sclerosis
IL17RC,3341,0.00033,1939,0.02243,False,multiple_sclerosis
CXCR2,3342,0.00033,1826,0.0245,False,multiple_sclerosis
BMP1,3343,0.00033,2127,0.02012,False,multiple_sclerosis
TRIM33,3344,0.00033,5096,0.00449,False,multiple_sclerosis
IL17RB,3345,0.00033,2013,0.02126,False,multiple_sclerosis
TSC1,3346,0.00033,5460,0.0028,False,multiple_sclerosis
CHD4,3347,0.00033,2099,0.02041,False,multiple_sclerosis
SIRT2,3348,0.00032,2761,0.01423,False,multiple_sclerosis
NMNAT1,3349,0.00032,2737,0.01448,False,multiple_sclerosis
ITIH4,3350,0.00032,3199,0.01048,False,multiple_sclerosis
NNT,3351,0.00032,2790,0.01392,False,multiple_sclerosis
SIRT6,3352,0.00032,2759,0.01425,False,multiple_sclerosis
SIRT5,3353,0.00032,2756,0.01428,False,multiple_sclerosis
HSPA9,3354,0.00032,926,0.0549,False,multiple_sclerosis
IL17RD,3355,0.00032,3566,0.00847,False,multiple_sclerosis
VTCN1,3356,0.00032,5477,0.00271,False,multiple_sclerosis
IL17RE,3357,0.00032,3367,0.00932,False,multiple_sclerosis
ERBB4,3358,0.00032,2783,0.01398,False,multiple_sclerosis
NADK2,3359,0.00032,2757,0.01426,False,multiple_sclerosis
SIRT7,3360,0.00032,2763,0.01422,False,multiple_sclerosis
SIRT3,3361,0.00032,2726,0.01459,False,multiple_sclerosis
SIRT4,3362,0.00032,2760,0.01425,False,multiple_sclerosis
ZNF346,3363,0.00032,5084,0.00452,False,multiple_sclerosis
ATXN3,3364,0.00032,1699,0.02658,False,multiple_sclerosis
QPRT,3365,0.00032,2723,0.01463,False,multiple_sclerosis
EIF4E,3366,0.00032,4924,0.005,False,multiple_sclerosis
ERAP2,3367,0.00032,2569,0.0163,False,multiple_sclerosis
NUDT12,3368,0.00032,2744,0.01445,False,multiple_sclerosis
EREG,3369,0.00032,3015,0.01195,False,multiple_sclerosis
RELB,3370,0.00032,1739,0.02601,False,multiple_sclerosis
IL25,3371,0.00032,3374,0.00928,False,multiple_sclerosis
BIN1,3372,0.00032,5051,0.0046,False,multiple_sclerosis
CDCA7L,3373,0.00032,5060,0.00458,False,multiple_sclerosis
NRG4,3374,0.00032,2794,0.01383,False,multiple_sclerosis
NRG2,3375,0.00032,2819,0.01366,False,multiple_sclerosis
NRG1,3376,0.00032,2831,0.01353,False,multiple_sclerosis
BMPR1B,3377,0.00032,4961,0.00491,False,multiple_sclerosis
CD200,3378,0.00032,5405,0.00318,False,multiple_sclerosis
XIAP,3379,0.00032,5469,0.00276,False,multiple_sclerosis
BST1,3380,0.00032,2768,0.01416,False,multiple_sclerosis
BTC,3381,0.00032,3011,0.01197,False,multiple_sclerosis
PRLR,3382,0.00032,5467,0.00278,False,multiple_sclerosis
PTPRCAP,3383,0.00032,5345,0.00347,False,multiple_sclerosis
TRIM65,3384,0.00032,5219,0.00407,False,multiple_sclerosis
NAPRT,3385,0.00032,2797,0.01381,False,multiple_sclerosis
AGPAT3,3386,0.00032,1949,0.02231,False,multiple_sclerosis
GLMN,3387,0.00032,5017,0.00471,False,multiple_sclerosis
WASL,3388,0.00032,1673,0.02704,False,multiple_sclerosis
RNF125,3389,0.00032,5210,0.0041,False,multiple_sclerosis
TRIM25,3390,0.00032,5218,0.00407,False,multiple_sclerosis
IGF2,3391,0.00032,1022,0.04684,False,multiple_sclerosis
IGF2BP1,3392,0.00032,5081,0.00453,False,multiple_sclerosis
CEP250,3393,0.00032,4998,0.00479,False,multiple_sclerosis
CYP2B6,3394,0.00032,1708,0.02643,False,multiple_sclerosis
PLCB4,3395,0.00032,1941,0.02242,False,multiple_sclerosis
CYP2C19,3396,0.00032,1356,0.03398,False,multiple_sclerosis
TRAIP,3397,0.00032,5503,0.00245,False,multiple_sclerosis
GHR,3398,0.00032,5462,0.0028,False,multiple_sclerosis
LCN2,3399,0.00032,5454,0.00288,False,multiple_sclerosis
TET3,3400,0.00032,625,0.10983,False,multiple_sclerosis
LGALS2,3401,0.00032,5541,0.00163,False,multiple_sclerosis
SPI1,3402,0.00032,752,0.07767,False,multiple_sclerosis
LGALS9B,3403,0.00032,5457,0.00281,False,multiple_sclerosis
LGALS9C,3404,0.00032,5458,0.00281,False,multiple_sclerosis
PGK1,3405,0.00032,1391,0.03323,False,multiple_sclerosis
KL,3406,0.00031,5317,0.00363,False,multiple_sclerosis
HAX1,3407,0.00031,2949,0.01244,False,multiple_sclerosis
DEF6,3408,0.00031,5510,0.00236,False,multiple_sclerosis
CLEC9A,3409,0.00031,3219,0.01028,False,multiple_sclerosis
CCL15,3410,0.00031,2658,0.01541,False,multiple_sclerosis
KNG1,3411,0.00031,2940,0.01251,False,multiple_sclerosis
TRIM72,3412,0.00031,1918,0.02293,False,multiple_sclerosis
SUV39H1,3413,0.00031,2872,0.01313,False,multiple_sclerosis
FAF1,3414,0.00031,5403,0.00319,False,multiple_sclerosis
GPAT2,3415,0.00031,2765,0.01421,False,multiple_sclerosis
CD68,3416,0.00031,5532,0.00204,False,multiple_sclerosis
ITK,3417,0.00031,2179,0.01952,False,multiple_sclerosis
CD1A,3418,0.00031,5495,0.00253,False,multiple_sclerosis
CD1B,3419,0.00031,5449,0.00292,False,multiple_sclerosis
GPX6,3420,0.00031,2462,0.01708,False,multiple_sclerosis
TYROBP,3421,0.00031,1658,0.02722,False,multiple_sclerosis
METTL1,3422,0.00031,5162,0.00428,False,multiple_sclerosis
CD1E,3423,0.00031,5479,0.00268,False,multiple_sclerosis
NFKBIZ,3424,0.00031,3530,0.00865,False,multiple_sclerosis
GPX7,3425,0.00031,2482,0.01693,False,multiple_sclerosis
GPX8,3426,0.00031,2480,0.01694,False,multiple_sclerosis
GPX5,3427,0.00031,2490,0.0169,False,multiple_sclerosis
CCL13,3428,0.00031,2626,0.01571,False,multiple_sclerosis
GPX3,3429,0.00031,2485,0.01692,False,multiple_sclerosis
SELPLG,3430,0.00031,5498,0.00249,False,multiple_sclerosis
FCN2,3431,0.00031,2592,0.01597,False,multiple_sclerosis
GPD1L,3432,0.00031,2795,0.01383,False,multiple_sclerosis
PTPN13,3433,0.00031,5424,0.00307,False,multiple_sclerosis
GPR55,3434,0.00031,2664,0.01534,False,multiple_sclerosis
PHEX,3435,0.00031,5108,0.00445,False,multiple_sclerosis
AGPAT5,3436,0.00031,2780,0.01404,False,multiple_sclerosis
GPD1,3437,0.00031,2738,0.01447,False,multiple_sclerosis
PIAS2,3438,0.00031,2239,0.01884,False,multiple_sclerosis
FOXO4,3439,0.00031,5453,0.00288,False,multiple_sclerosis
IRF3,3440,0.00031,871,0.05928,False,multiple_sclerosis
SPDYA,3441,0.00031,5116,0.00443,False,multiple_sclerosis
RPL11,3442,0.00031,756,0.0754,False,multiple_sclerosis
GPX2,3443,0.00031,2487,0.01691,False,multiple_sclerosis
PPIG,3444,0.00031,5221,0.00406,False,multiple_sclerosis
GPAT4,3445,0.00031,2784,0.01397,False,multiple_sclerosis
GPAT3,3446,0.00031,2767,0.01417,False,multiple_sclerosis
PPAT,3447,0.00031,219,0.28817,False,multiple_sclerosis
SHANK3,3448,0.0003,4078,0.00709,False,multiple_sclerosis
HOMER1,3449,0.0003,4126,0.00699,False,multiple_sclerosis
CXCR1,3450,0.0003,2698,0.01504,False,multiple_sclerosis
H3-2,3451,0.0003,1701,0.02654,False,multiple_sclerosis
PF4V1,3452,0.0003,2607,0.01585,False,multiple_sclerosis
C3,3453,0.0003,652,0.09955,False,multiple_sclerosis
HOMER2,3454,0.0003,4591,0.0058,False,multiple_sclerosis
PTPRR,3455,0.0003,4925,0.005,False,multiple_sclerosis
DUSP10,3456,0.0003,4921,0.00501,False,multiple_sclerosis
DUSP1,3457,0.0003,4879,0.00507,False,multiple_sclerosis
HOMER3,3458,0.0003,4281,0.00659,False,multiple_sclerosis
POT1,3459,0.0003,2347,0.01795,False,multiple_sclerosis
DUSP9,3460,0.0003,4973,0.00488,False,multiple_sclerosis
IDO2,3461,0.0003,2808,0.01375,False,multiple_sclerosis
GYPC,3462,0.0003,5531,0.00206,False,multiple_sclerosis
SPEN,3463,0.0003,2330,0.01809,False,multiple_sclerosis
CCL1,3464,0.0003,2656,0.01541,False,multiple_sclerosis
SRGAP2,3465,0.0003,2719,0.01467,False,multiple_sclerosis
IRGM,3466,0.0003,2038,0.02099,False,multiple_sclerosis
LSP1,3467,0.0003,5463,0.0028,False,multiple_sclerosis
CCL26,3468,0.0003,1957,0.02222,False,multiple_sclerosis
CCL27,3469,0.0003,2709,0.01488,False,multiple_sclerosis
AREG,3470,0.0003,5150,0.00431,False,multiple_sclerosis
SIKE1,3471,0.0003,5431,0.00304,False,multiple_sclerosis
CCL7,3472,0.0003,2667,0.01531,False,multiple_sclerosis
RPS6KA4,3473,0.0003,4937,0.00497,False,multiple_sclerosis
MAP2K4,3474,0.0003,4932,0.00499,False,multiple_sclerosis
MAPK7,3475,0.0003,5511,0.00236,False,multiple_sclerosis
MAPKAPK3,3476,0.0003,4888,0.00506,False,multiple_sclerosis
PILRA,3477,0.0003,5514,0.00232,False,multiple_sclerosis
GRM5,3478,0.0003,4395,0.00634,False,multiple_sclerosis
PTPN7,3479,0.0003,4918,0.00501,False,multiple_sclerosis
CYP2J2,3480,0.0003,2876,0.01306,False,multiple_sclerosis
AZI2,3481,0.0003,5433,0.00302,False,multiple_sclerosis
IDO1,3482,0.0003,2976,0.0123,False,multiple_sclerosis
ADPRM,3483,0.0003,2443,0.01722,False,multiple_sclerosis
SHANK2,3484,0.0003,4145,0.00694,False,multiple_sclerosis
XCL2,3485,0.0003,2520,0.01667,False,multiple_sclerosis
GRB7,3486,0.0003,5205,0.00412,False,multiple_sclerosis
CD1C,3487,0.0003,3103,0.01134,False,multiple_sclerosis
ATP2B4,3488,0.0003,5008,0.00474,False,multiple_sclerosis
CYP4A11,3489,0.0003,2888,0.01297,False,multiple_sclerosis
SRGAP3,3490,0.0003,2501,0.01684,False,multiple_sclerosis
NLGN1,3491,0.0003,4338,0.00645,False,multiple_sclerosis
NLGN4X,3492,0.0003,4575,0.00584,False,multiple_sclerosis
NRXN1,3493,0.0003,4898,0.00504,False,multiple_sclerosis
NOS1AP,3494,0.0003,4946,0.00495,False,multiple_sclerosis
RAD52,3495,0.0003,2236,0.01885,False,multiple_sclerosis
ANK1,3496,0.0003,1071,0.04467,False,multiple_sclerosis
TAC1,3497,0.0003,1682,0.02675,False,multiple_sclerosis
RASD1,3498,0.0003,4967,0.00489,False,multiple_sclerosis
NLGN4Y,3499,0.0003,4640,0.00567,False,multiple_sclerosis
RAP1A,3500,0.0003,1916,0.02294,False,multiple_sclerosis
TBKBP1,3501,0.0003,5440,0.00297,False,multiple_sclerosis
MRPS9,3502,0.0003,1133,0.04186,False,multiple_sclerosis
ACKR4,3503,0.0003,2638,0.0156,False,multiple_sclerosis
FAM49B,3504,0.0003,5000,0.00478,False,multiple_sclerosis
RAD51,3505,0.0003,1694,0.02664,False,multiple_sclerosis
NLGN3,3506,0.0003,4597,0.00578,False,multiple_sclerosis
RPS17,3507,0.0003,2966,0.01234,False,multiple_sclerosis
TGFA,3508,0.0003,5143,0.00434,False,multiple_sclerosis
MEF2D,3509,0.00029,2970,0.01233,False,multiple_sclerosis
PLCB1,3510,0.00029,1474,0.03112,False,multiple_sclerosis
RTP4,3511,0.00029,5376,0.00332,False,multiple_sclerosis
MTFMT,3512,0.00029,4625,0.0057,False,multiple_sclerosis
SLC2A4,3513,0.00029,5265,0.0039,False,multiple_sclerosis
CCL28,3514,0.00029,3439,0.00904,False,multiple_sclerosis
CD14,3515,0.00029,5422,0.00308,False,multiple_sclerosis
TRIM8,3516,0.00029,5429,0.00304,False,multiple_sclerosis
PLCB2,3517,0.00029,1537,0.02981,False,multiple_sclerosis
CCL24,3518,0.00029,3435,0.00905,False,multiple_sclerosis
FCN1,3519,0.00029,3378,0.00926,False,multiple_sclerosis
CCL23,3520,0.00029,3436,0.00905,False,multiple_sclerosis
BBC3,3521,0.00029,2782,0.014,False,multiple_sclerosis
GNPAT,3522,0.00029,1444,0.03194,False,multiple_sclerosis
COMMD1,3523,0.00029,5419,0.0031,False,multiple_sclerosis
CMPK2,3524,0.00029,5415,0.00312,False,multiple_sclerosis
CCL3L1,3525,0.00029,3519,0.00871,False,multiple_sclerosis
COL6A1,3526,0.00029,2804,0.01377,False,multiple_sclerosis
DDX58,3527,0.00029,731,0.08114,False,multiple_sclerosis
CCL8,3528,0.00029,1937,0.02246,False,multiple_sclerosis
UCP1,3529,0.00029,5252,0.00394,False,multiple_sclerosis
EBF1,3530,0.00029,2265,0.01864,False,multiple_sclerosis
PAICS,3531,0.00029,4474,0.00612,False,multiple_sclerosis
PAH,3532,0.00029,4716,0.00548,False,multiple_sclerosis
MCL1,3533,0.00029,2715,0.01475,False,multiple_sclerosis
GGH,3534,0.00029,4607,0.00577,False,multiple_sclerosis
IL20,3535,0.00029,5512,0.00234,False,multiple_sclerosis
COL4A3,3536,0.00029,2660,0.01539,False,multiple_sclerosis
COL4A1,3537,0.00029,2686,0.01515,False,multiple_sclerosis
RREB1,3538,0.00029,1560,0.0294,False,multiple_sclerosis
HERC6,3539,0.00029,5394,0.00323,False,multiple_sclerosis
BCL2L2,3540,0.00029,2742,0.01446,False,multiple_sclerosis
UCP2,3541,0.00029,5257,0.00393,False,multiple_sclerosis
IL20RA,3542,0.00029,5475,0.00272,False,multiple_sclerosis
BCL2L10,3543,0.00029,2893,0.01292,False,multiple_sclerosis
CBR1,3544,0.00029,4574,0.00584,False,multiple_sclerosis
FABP4,3545,0.00029,5235,0.00401,False,multiple_sclerosis
IL20RB,3546,0.00029,5476,0.00272,False,multiple_sclerosis
RARS1,3547,0.00029,5285,0.00382,False,multiple_sclerosis
HERC5,3548,0.00029,5329,0.00355,False,multiple_sclerosis
COL6A2,3549,0.00029,2788,0.01394,False,multiple_sclerosis
CLEC1B,3550,0.00029,5393,0.00324,False,multiple_sclerosis
CPT1B,3551,0.00029,5222,0.00406,False,multiple_sclerosis
CXCL2,3552,0.00029,3408,0.00914,False,multiple_sclerosis
BIK,3553,0.00029,2878,0.01305,False,multiple_sclerosis
CXCL11,3554,0.00029,1945,0.02239,False,multiple_sclerosis
NOD1,3555,0.00029,2912,0.01274,False,multiple_sclerosis
ACKR2,3556,0.00029,3494,0.00879,False,multiple_sclerosis
PMAIP1,3557,0.00029,2849,0.01342,False,multiple_sclerosis
UCP3,3558,0.00029,5194,0.00416,False,multiple_sclerosis
CRABP2,3559,0.00029,5283,0.00382,False,multiple_sclerosis
TLR4,3560,0.00029,218,0.28882,False,multiple_sclerosis
MRPS16,3561,0.00029,2220,0.01899,False,multiple_sclerosis
CCL14,3562,0.00029,3469,0.00888,False,multiple_sclerosis
FCN3,3563,0.00029,3397,0.00917,False,multiple_sclerosis
HSPD1,3564,0.00029,5417,0.0031,False,multiple_sclerosis
SERPINH1,3565,0.00029,2747,0.0144,False,multiple_sclerosis
MRPL21,3566,0.00029,2579,0.01613,False,multiple_sclerosis
PPARGC1B,3567,0.00029,5187,0.00419,False,multiple_sclerosis
GUCY1B1,3568,0.00029,1996,0.02156,False,multiple_sclerosis
PFAS,3569,0.00029,4516,0.00602,False,multiple_sclerosis
CUL2,3570,0.00029,5386,0.00326,False,multiple_sclerosis
BCL2A1,3571,0.00029,2720,0.01464,False,multiple_sclerosis
CAMTA1,3572,0.00029,1540,0.02974,False,multiple_sclerosis
MMS19,3573,0.00029,5034,0.00465,False,multiple_sclerosis
ELOB,3574,0.00029,5377,0.00331,False,multiple_sclerosis
CUL5,3575,0.00029,5398,0.00321,False,multiple_sclerosis
CPT1C,3576,0.00029,5269,0.00388,False,multiple_sclerosis
DNAJA3,3577,0.00029,5543,0.00162,False,multiple_sclerosis
RETN,3578,0.00029,5423,0.00307,False,multiple_sclerosis
BLM,3579,0.00029,2499,0.01685,False,multiple_sclerosis
PRKDC,3580,0.00028,1622,0.02833,False,multiple_sclerosis
RRAS2,3581,0.00028,2087,0.02055,False,multiple_sclerosis
YTHDF2,3582,0.00028,3702,0.00809,False,multiple_sclerosis
RPA3,3583,0.00028,2659,0.01539,False,multiple_sclerosis
ATG10,3584,0.00028,2818,0.01366,False,multiple_sclerosis
TRPC1,3585,0.00028,2857,0.0133,False,multiple_sclerosis
AHCY,3586,0.00028,2369,0.01773,False,multiple_sclerosis
CDO1,3587,0.00028,2572,0.01628,False,multiple_sclerosis
BOLA3,3588,0.00028,5022,0.0047,False,multiple_sclerosis
YTHDF1,3589,0.00028,3685,0.00816,False,multiple_sclerosis
MAPK8,3590,0.00028,705,0.08621,False,multiple_sclerosis
PDE5A,3591,0.00028,2858,0.0133,False,multiple_sclerosis
AGPAT1,3592,0.00028,1984,0.02178,False,multiple_sclerosis
IYD,3593,0.00028,5168,0.00425,False,multiple_sclerosis
GUCY1A1,3594,0.00028,2833,0.01352,False,multiple_sclerosis
PDE6G,3595,0.00028,2947,0.01247,False,multiple_sclerosis
IL18BP,3596,0.00028,5438,0.00298,False,multiple_sclerosis
MYH3,3597,0.00028,5040,0.00463,False,multiple_sclerosis
UNC93B1,3598,0.00028,3375,0.00928,False,multiple_sclerosis
ETS2,3599,0.00028,5366,0.00339,False,multiple_sclerosis
IL18RAP,3600,0.00028,5363,0.00341,False,multiple_sclerosis
TNIP3,3601,0.00028,5481,0.00265,False,multiple_sclerosis
LYRM4,3602,0.00028,4874,0.0051,False,multiple_sclerosis
YTHDC2,3603,0.00028,3847,0.00763,False,multiple_sclerosis
ADAMTSL5,3604,0.00028,4828,0.00522,False,multiple_sclerosis
ISCA1,3605,0.00028,5142,0.00434,False,multiple_sclerosis
AGPAT2,3606,0.00028,1994,0.02164,False,multiple_sclerosis
CCL16,3607,0.00028,3529,0.00865,False,multiple_sclerosis
IL1RL2,3608,0.00028,2972,0.01232,False,multiple_sclerosis
PTPN18,3609,0.00028,5154,0.0043,False,multiple_sclerosis
ISCA2,3610,0.00028,5135,0.00437,False,multiple_sclerosis
MYLK,3611,0.00028,2411,0.01744,False,multiple_sclerosis
H3C1,3612,0.00028,2423,0.0174,False,multiple_sclerosis
ISCU,3613,0.00028,4815,0.00527,False,multiple_sclerosis
COMP,3614,0.00028,1968,0.02199,False,multiple_sclerosis
NEGR1,3615,0.00028,3813,0.00772,False,multiple_sclerosis
CIITA,3616,0.00028,270,0.27225,False,multiple_sclerosis
LCLAT1,3617,0.00028,2806,0.01376,False,multiple_sclerosis
BOLA1,3618,0.00028,5132,0.00438,False,multiple_sclerosis
STAMBP,3619,0.00028,2869,0.01317,False,multiple_sclerosis
STING1,3620,0.00028,2871,0.01315,False,multiple_sclerosis
MFAP3,3621,0.00028,5156,0.0043,False,multiple_sclerosis
PTGES,3622,0.00028,1571,0.02928,False,multiple_sclerosis
NFS1,3623,0.00028,4849,0.00517,False,multiple_sclerosis
VIRMA,3624,0.00028,3740,0.00797,False,multiple_sclerosis
GLRX5,3625,0.00028,5123,0.00441,False,multiple_sclerosis
RNF11,3626,0.00028,5461,0.0028,False,multiple_sclerosis
XCL1,3627,0.00028,3308,0.00975,False,multiple_sclerosis
ALKBH1,3628,0.00028,3480,0.00884,False,multiple_sclerosis
ATXN7,3629,0.00028,2621,0.01577,False,multiple_sclerosis
NCR1,3630,0.00028,2689,0.01512,False,multiple_sclerosis
METTL14,3631,0.00028,3535,0.00862,False,multiple_sclerosis
ERV3-1,3632,0.00028,5310,0.00368,False,multiple_sclerosis
METTL3,3633,0.00028,3671,0.00818,False,multiple_sclerosis
MFAP2,3634,0.00028,4271,0.00661,False,multiple_sclerosis
WIPI2,3635,0.00028,2793,0.01383,False,multiple_sclerosis
MFAP5,3636,0.00028,4390,0.00636,False,multiple_sclerosis
DXO,3637,0.00028,5533,0.00204,False,multiple_sclerosis
PLEKHA1,3638,0.00028,5413,0.00313,False,multiple_sclerosis
ALKBH5,3639,0.00028,3391,0.0092,False,multiple_sclerosis
RNF41,3640,0.00028,1810,0.02492,False,multiple_sclerosis
ALKBH3,3641,0.00028,4025,0.00722,False,multiple_sclerosis
CX3CL1,3642,0.00028,2676,0.01522,False,multiple_sclerosis
WTAP,3643,0.00028,3611,0.00835,False,multiple_sclerosis
WRN,3644,0.00028,1751,0.02581,False,multiple_sclerosis
CD2AP,3645,0.00028,1640,0.02763,False,multiple_sclerosis
CXCL5,3646,0.00028,3493,0.00879,False,multiple_sclerosis
RBM15,3647,0.00028,3967,0.00738,False,multiple_sclerosis
ATG7,3648,0.00028,2796,0.01382,False,multiple_sclerosis
GABARAPL2,3649,0.00028,2802,0.01378,False,multiple_sclerosis
FBN3,3650,0.00028,5119,0.00441,False,multiple_sclerosis
PRAG1,3651,0.00028,2056,0.02089,False,multiple_sclerosis
TKTL2,3652,0.00028,2255,0.01869,False,multiple_sclerosis
ADAMTS13,3653,0.00028,5410,0.00316,False,multiple_sclerosis
TKTL1,3654,0.00028,2346,0.01798,False,multiple_sclerosis
FANCA,3655,0.00028,2399,0.01753,False,multiple_sclerosis
NCR2,3656,0.00028,2777,0.01407,False,multiple_sclerosis
TST,3657,0.00028,2217,0.01903,False,multiple_sclerosis
NCR3,3658,0.00028,2678,0.0152,False,multiple_sclerosis
CXCR4,3659,0.00028,682,0.09175,False,multiple_sclerosis
IL31,3660,0.00028,5442,0.00296,False,multiple_sclerosis
KLRC2,3661,0.00028,2883,0.01302,False,multiple_sclerosis
CEP152,3662,0.00028,3797,0.0078,False,multiple_sclerosis
MPST,3663,0.00028,2218,0.01901,False,multiple_sclerosis
IL31RA,3664,0.00028,5443,0.00295,False,multiple_sclerosis
PF4,3665,0.00028,1510,0.03028,False,multiple_sclerosis
ENSP00000493607,3666,0.00028,5348,0.00346,False,multiple_sclerosis
MUS81,3667,0.00028,1670,0.02706,False,multiple_sclerosis
IL37,3668,0.00028,5360,0.00341,False,multiple_sclerosis
YTHDF3,3669,0.00028,3732,0.00799,False,multiple_sclerosis
ATXN7-2,3670,0.00028,2612,0.01581,False,multiple_sclerosis
FXN,3671,0.00028,5073,0.00454,False,multiple_sclerosis
CCR8,3672,0.00028,3457,0.00896,False,multiple_sclerosis
GNPDA2,3673,0.00028,3747,0.00795,False,multiple_sclerosis
KCTD15,3674,0.00028,3799,0.00779,False,multiple_sclerosis
ADAMTS10,3675,0.00028,5018,0.00471,False,multiple_sclerosis
HMCN1,3676,0.00028,5538,0.00185,False,multiple_sclerosis
TMEM18,3677,0.00028,3652,0.00824,False,multiple_sclerosis
MECOM,3678,0.00028,5335,0.00353,False,multiple_sclerosis
ADA,3679,0.00028,2677,0.01522,False,multiple_sclerosis
ERVFRD-1,3680,0.00028,5309,0.00368,False,multiple_sclerosis
TKT,3681,0.00028,2344,0.01799,False,multiple_sclerosis
WIPF1,3682,0.00028,5418,0.0031,False,multiple_sclerosis
ABO,3683,0.00027,4889,0.00506,False,multiple_sclerosis
NLRP14,3684,0.00027,5166,0.00426,False,multiple_sclerosis
EXOC6,3685,0.00027,4800,0.00531,False,multiple_sclerosis
ACAD9,3686,0.00027,5384,0.00327,False,multiple_sclerosis
CEP63,3687,0.00027,1952,0.02226,False,multiple_sclerosis
DUOX1,3688,0.00027,4974,0.00488,False,multiple_sclerosis
UGT2B17,3689,0.00027,5057,0.00459,False,multiple_sclerosis
JAM3,3690,0.00027,2766,0.01419,False,multiple_sclerosis
NBPF1,3691,0.00027,5020,0.0047,False,multiple_sclerosis
SOCS5,3692,0.00027,5528,0.00208,False,multiple_sclerosis
TCF7L1,3693,0.00027,1845,0.02398,False,multiple_sclerosis
NDFIP1,3694,0.00027,664,0.09699,False,multiple_sclerosis
PIK3R4,3695,0.00027,4541,0.00595,False,multiple_sclerosis
ECSIT,3696,0.00027,5383,0.00327,False,multiple_sclerosis
CRP,3697,0.00027,961,0.05206,False,multiple_sclerosis
USF1,3698,0.00027,4416,0.00628,False,multiple_sclerosis
DYSF,3699,0.00027,4457,0.00617,False,multiple_sclerosis
PRPF39,3700,0.00027,4675,0.00557,False,multiple_sclerosis
SIRPB1,3701,0.00027,4770,0.00538,False,multiple_sclerosis
DUOX2,3702,0.00027,5011,0.00473,False,multiple_sclerosis
WARS2,3703,0.00027,4417,0.00628,False,multiple_sclerosis
PLCE1,3704,0.00027,2981,0.01226,False,multiple_sclerosis
NDUFAF4,3705,0.00027,5382,0.00327,False,multiple_sclerosis
CHDH,3706,0.00027,4997,0.00479,False,multiple_sclerosis
WARS1,3707,0.00027,4508,0.00604,False,multiple_sclerosis
UBQLN1,3708,0.00027,4869,0.00512,False,multiple_sclerosis
CYCS,3709,0.00027,1219,0.03849,False,multiple_sclerosis
CYBA,3710,0.00027,4917,0.00502,False,multiple_sclerosis
SETBP1,3711,0.00027,5261,0.00392,False,multiple_sclerosis
UBC,3712,0.00027,632,0.10837,False,multiple_sclerosis
RARS2,3713,0.00027,4291,0.00656,False,multiple_sclerosis
TMEM126B,3714,0.00027,5385,0.00327,False,multiple_sclerosis
ZMYM2,3715,0.00027,4779,0.00535,False,multiple_sclerosis
SCUBE3,3716,0.00027,1296,0.03592,False,multiple_sclerosis
ZMYM3,3717,0.00027,4550,0.00592,False,multiple_sclerosis
DDX23,3718,0.00027,4592,0.0058,False,multiple_sclerosis
MSN,3719,0.00027,2675,0.01522,False,multiple_sclerosis
NPEPPS,3720,0.00027,5031,0.00465,False,multiple_sclerosis
PDE3B,3721,0.00027,2987,0.01221,False,multiple_sclerosis
THBS4,3722,0.00027,4860,0.00513,False,multiple_sclerosis
ARHGAP35,3723,0.00027,4829,0.00522,False,multiple_sclerosis
NOXO1,3724,0.00027,4914,0.00502,False,multiple_sclerosis
ATP7B,3725,0.00027,5118,0.00441,False,multiple_sclerosis
NOXA1,3726,0.00027,4930,0.00499,False,multiple_sclerosis
THBS3,3727,0.00027,4951,0.00493,False,multiple_sclerosis
VTA1,3728,0.00027,3558,0.00851,False,multiple_sclerosis
TMEM189-UBE2V1,3729,0.00027,4662,0.0056,False,multiple_sclerosis
THBD,3730,0.00027,1445,0.03193,False,multiple_sclerosis
ANXA1,3731,0.00027,4661,0.0056,False,multiple_sclerosis
RHCE,3732,0.00027,4956,0.00492,False,multiple_sclerosis
QARS1,3733,0.00027,4423,0.00627,False,multiple_sclerosis
NOX5,3734,0.00027,5062,0.00458,False,multiple_sclerosis
GUK1,3735,0.00027,2992,0.01216,False,multiple_sclerosis
RHD,3736,0.00027,4920,0.00501,False,multiple_sclerosis
RDX,3737,0.00027,2654,0.01542,False,multiple_sclerosis
EPHX2,3738,0.00027,5234,0.00401,False,multiple_sclerosis
TMEM189,3739,0.00027,4663,0.0056,False,multiple_sclerosis
LIPF,3740,0.00027,5039,0.00464,False,multiple_sclerosis
MOCS1,3741,0.00027,2519,0.01668,False,multiple_sclerosis
ADCY4,3742,0.00027,3117,0.01118,False,multiple_sclerosis
RPL27A,3743,0.00027,2854,0.01337,False,multiple_sclerosis
TECTA,3744,0.00027,832,0.0632,False,multiple_sclerosis
ITCH,3745,0.00027,1787,0.02526,False,multiple_sclerosis
RABIF,3746,0.00027,2718,0.0147,False,multiple_sclerosis
GYPB,3747,0.00027,4777,0.00537,False,multiple_sclerosis
GYPA,3748,0.00027,4935,0.00498,False,multiple_sclerosis
NPR2,3749,0.00027,3116,0.01118,False,multiple_sclerosis
GPRIN2,3750,0.00027,5013,0.00473,False,multiple_sclerosis
SELENOI,3751,0.00027,4644,0.00566,False,multiple_sclerosis
NOX3,3752,0.00027,4962,0.0049,False,multiple_sclerosis
NOX1,3753,0.00027,4916,0.00502,False,multiple_sclerosis
HYDIN,3754,0.00027,4972,0.00488,False,multiple_sclerosis
EGR1,3755,0.00026,1680,0.02683,False,multiple_sclerosis
SET,3756,0.00026,5451,0.0029,False,multiple_sclerosis
ADCY8,3757,0.00026,1679,0.02687,False,multiple_sclerosis
OSCAR,3758,0.00026,5420,0.00309,False,multiple_sclerosis
MED12L,3759,0.00026,4331,0.00646,False,multiple_sclerosis
STAU1,3760,0.00026,4835,0.00521,False,multiple_sclerosis
ME3,3761,0.00026,4208,0.00676,False,multiple_sclerosis
ME2,3762,0.00026,4212,0.00674,False,multiple_sclerosis
EME1,3763,0.00026,2628,0.01567,False,multiple_sclerosis
ME1,3764,0.00026,4204,0.00677,False,multiple_sclerosis
MED10,3765,0.00026,4344,0.00644,False,multiple_sclerosis
CTSK,3766,0.00026,5322,0.0036,False,multiple_sclerosis
CD163,3767,0.00026,5496,0.00252,False,multiple_sclerosis
DOCK2,3768,0.00026,4618,0.00574,False,multiple_sclerosis
NTS,3769,0.00026,2523,0.01665,False,multiple_sclerosis
CXCL8,3770,0.00026,602,0.11728,False,multiple_sclerosis
SLX4,3771,0.00026,2493,0.01689,False,multiple_sclerosis
SFRP1,3772,0.00026,5294,0.00378,False,multiple_sclerosis
IFT57,3773,0.00026,4851,0.00516,False,multiple_sclerosis
CXCL12,3774,0.00026,957,0.05214,False,multiple_sclerosis
STN1,3775,0.00026,4348,0.00644,False,multiple_sclerosis
CXCL1,3776,0.00026,1142,0.04134,False,multiple_sclerosis
FGR,3777,0.00026,4912,0.00502,False,multiple_sclerosis
MED21,3778,0.00026,4356,0.00642,False,multiple_sclerosis
AOX1,3779,0.00026,1496,0.03064,False,multiple_sclerosis
F5H5P2_HUMAN,3780,0.00026,4033,0.00721,False,multiple_sclerosis
ADCY6,3781,0.00026,1736,0.02603,False,multiple_sclerosis
FANCI,3782,0.00026,2593,0.01595,False,multiple_sclerosis
OLIG3,3783,0.00026,5536,0.00197,False,multiple_sclerosis
ADCY7,3784,0.00026,1734,0.02612,False,multiple_sclerosis
MT2A,3785,0.00026,5519,0.00221,False,multiple_sclerosis
CTNND2,3786,0.00026,2924,0.01264,False,multiple_sclerosis
HGD,3787,0.00026,5311,0.00367,False,multiple_sclerosis
QKI,3788,0.00026,4343,0.00644,False,multiple_sclerosis
CCK,3789,0.00026,2543,0.01652,False,multiple_sclerosis
GNAO1,3790,0.00026,1904,0.02335,False,multiple_sclerosis
MACF1,3791,0.00026,5223,0.00406,False,multiple_sclerosis
ADCY3,3792,0.00026,1687,0.02669,False,multiple_sclerosis
GRP,3793,0.00026,2635,0.01562,False,multiple_sclerosis
EIF4G1,3794,0.00026,4666,0.00559,False,multiple_sclerosis
DCSTAMP,3795,0.00026,5404,0.00319,False,multiple_sclerosis
LDHAL6A,3796,0.00026,4233,0.0067,False,multiple_sclerosis
C1GALT1,3797,0.00026,4475,0.00612,False,multiple_sclerosis
NLK,3798,0.00026,2844,0.01347,False,multiple_sclerosis
LDHAL6B,3799,0.00026,4222,0.00672,False,multiple_sclerosis
ITPR2,3800,0.00026,1500,0.0306,False,multiple_sclerosis
RAPGEF3,3801,0.00026,3065,0.0116,False,multiple_sclerosis
CCL4,3802,0.00026,1289,0.03607,False,multiple_sclerosis
PDK1,3803,0.00026,4088,0.00708,False,multiple_sclerosis
PDK2,3804,0.00026,4129,0.00698,False,multiple_sclerosis
ZNF398,3805,0.00026,5239,0.00398,False,multiple_sclerosis
PDP2,3806,0.00026,4234,0.0067,False,multiple_sclerosis
LGR4,3807,0.00026,5326,0.00358,False,multiple_sclerosis
CLEC11A,3808,0.00026,5373,0.00333,False,multiple_sclerosis
NAGA,3809,0.00026,4596,0.00578,False,multiple_sclerosis
TDO2,3810,0.00026,4748,0.00541,False,multiple_sclerosis
ARL4A,3811,0.00026,5238,0.00398,False,multiple_sclerosis
RIPK4,3812,0.00026,5306,0.00369,False,multiple_sclerosis
AKAP6,3813,0.00026,2998,0.01208,False,multiple_sclerosis
IL18R1,3814,0.00026,541,0.14822,False,multiple_sclerosis
SOX17,3815,0.00026,2890,0.01294,False,multiple_sclerosis
C1R,3816,0.00026,477,0.18708,False,multiple_sclerosis
COL4A5,3817,0.00026,1817,0.02476,False,multiple_sclerosis
COL5A1,3818,0.00026,1415,0.03276,False,multiple_sclerosis
JUP,3819,0.00026,2845,0.01346,False,multiple_sclerosis
COL5A2,3820,0.00026,1413,0.03281,False,multiple_sclerosis
NMU,3821,0.00026,2643,0.01558,False,multiple_sclerosis
GBGT1,3822,0.00026,4517,0.00602,False,multiple_sclerosis
MARCKS,3823,0.00026,5304,0.00371,False,multiple_sclerosis
PCBD2,3824,0.00026,4631,0.00569,False,multiple_sclerosis
TNFRSF11B,3825,0.00026,5169,0.00425,False,multiple_sclerosis
APOD,3826,0.00026,5489,0.00259,False,multiple_sclerosis
SLX1A,3827,0.00026,2669,0.0153,False,multiple_sclerosis
TNFRSF11A,3828,0.00026,5170,0.00425,False,multiple_sclerosis
SOST,3829,0.00026,5291,0.00379,False,multiple_sclerosis
PCBD1,3830,0.00026,4632,0.00569,False,multiple_sclerosis
TRIP4,3831,0.00026,4342,0.00644,False,multiple_sclerosis
HPD,3832,0.00025,5258,0.00393,False,multiple_sclerosis
DDIT4,3833,0.00025,4913,0.00502,False,multiple_sclerosis
SH2D1A,3834,0.00025,5434,0.00301,False,multiple_sclerosis
UNC13A,3835,0.00025,4267,0.00661,False,multiple_sclerosis
INPPL1,3836,0.00025,5369,0.00337,False,multiple_sclerosis
FBXO38,3837,0.00025,4701,0.00552,False,multiple_sclerosis
HTR2B,3838,0.00025,4736,0.00544,False,multiple_sclerosis
IL5RA,3839,0.00025,3363,0.00933,False,multiple_sclerosis
INPP5D,3840,0.00025,5338,0.00351,False,multiple_sclerosis
HTR1D,3841,0.00025,4563,0.00586,False,multiple_sclerosis
FANCM,3842,0.00025,953,0.0526,False,multiple_sclerosis
UBA1,3843,0.00025,2102,0.02032,False,multiple_sclerosis
UNC13B,3844,0.00025,3993,0.0073,False,multiple_sclerosis
DLX6,3845,0.00025,5228,0.00404,False,multiple_sclerosis
DRD3,3846,0.00025,5019,0.00471,False,multiple_sclerosis
U2SURP,3847,0.00025,5080,0.00453,False,multiple_sclerosis
EXOC4,3848,0.00025,4720,0.00547,False,multiple_sclerosis
IFNL3,3849,0.00025,5494,0.00257,False,multiple_sclerosis
HTR1A,3850,0.00025,4429,0.00627,False,multiple_sclerosis
ICAM2,3851,0.00025,5334,0.00353,False,multiple_sclerosis
TAT,3852,0.00025,5256,0.00393,False,multiple_sclerosis
PMPCB,3853,0.00025,2497,0.01687,False,multiple_sclerosis
LOX,3854,0.00025,2925,0.01264,False,multiple_sclerosis
MAML3,3855,0.00025,4562,0.00587,False,multiple_sclerosis
MAML2,3856,0.00025,4560,0.00587,False,multiple_sclerosis
MAML1,3857,0.00025,4559,0.00587,False,multiple_sclerosis
SV2A,3858,0.00025,4018,0.00725,False,multiple_sclerosis
NOTCH4,3859,0.00025,4601,0.00578,False,multiple_sclerosis
FSTL1,3860,0.00025,5535,0.00202,False,multiple_sclerosis
PDE4B,3861,0.00025,359,0.23263,False,multiple_sclerosis
NOTCH3,3862,0.00025,4565,0.00586,False,multiple_sclerosis
NOTCH2,3863,0.00025,4564,0.00586,False,multiple_sclerosis
MIXL1,3864,0.00025,5272,0.00387,False,multiple_sclerosis
SYN1,3865,0.00025,3998,0.00729,False,multiple_sclerosis
NOD2,3866,0.00025,338,0.24733,False,multiple_sclerosis
SYN2,3867,0.00025,4228,0.00672,False,multiple_sclerosis
CPLX1,3868,0.00025,3785,0.00782,False,multiple_sclerosis
NME1,3869,0.00025,5468,0.00276,False,multiple_sclerosis
CNTN6,3870,0.00025,5441,0.00296,False,multiple_sclerosis
GP1BA,3871,0.00025,5351,0.00345,False,multiple_sclerosis
GSDME,3872,0.00025,5153,0.0043,False,multiple_sclerosis
WNT10B,3873,0.00025,5145,0.00433,False,multiple_sclerosis
GABPB1,3874,0.00025,4706,0.00551,False,multiple_sclerosis
ALDH2,3875,0.00025,5090,0.0045,False,multiple_sclerosis
SLC15A3,3876,0.00025,5425,0.00307,False,multiple_sclerosis
SDCBP,3877,0.00025,5318,0.00362,False,multiple_sclerosis
SDCBP2,3878,0.00025,5486,0.00261,False,multiple_sclerosis
S100A13,3879,0.00025,3786,0.00782,False,multiple_sclerosis
BECN1,3880,0.00025,916,0.05562,False,multiple_sclerosis
ACKR3,3881,0.00025,5480,0.00267,False,multiple_sclerosis
OXT,3882,0.00025,2762,0.01423,False,multiple_sclerosis
STX1B,3883,0.00025,4250,0.00666,False,multiple_sclerosis
CDCP1,3884,0.00025,5430,0.00304,False,multiple_sclerosis
NRARP,3885,0.00025,4682,0.00556,False,multiple_sclerosis
COL3A1,3886,0.00025,901,0.05656,False,multiple_sclerosis
COL4A2,3887,0.00025,223,0.28688,False,multiple_sclerosis
VAMP3,3888,0.00025,3868,0.00758,False,multiple_sclerosis
CDX2,3889,0.00025,5392,0.00324,False,multiple_sclerosis
GZMK,3890,0.00025,5263,0.00391,False,multiple_sclerosis
TBPL2,3891,0.00025,5388,0.00326,False,multiple_sclerosis
FGF1,3892,0.00025,3859,0.00761,False,multiple_sclerosis
GLI2,3893,0.00025,4704,0.00551,False,multiple_sclerosis
PLS1,3894,0.00025,2409,0.01746,False,multiple_sclerosis
CUX1,3895,0.00025,5412,0.00314,False,multiple_sclerosis
FGL2,3896,0.00025,5444,0.00295,False,multiple_sclerosis
ANKK1,3897,0.00025,5089,0.0045,False,multiple_sclerosis
PLCG1,3898,0.00025,576,0.13344,False,multiple_sclerosis
CSF2RA,3899,0.00025,3345,0.00945,False,multiple_sclerosis
KLRG1,3900,0.00025,5316,0.00363,False,multiple_sclerosis
KRT5,3901,0.00025,4844,0.00518,False,multiple_sclerosis
TP73,3902,0.00025,4399,0.00633,False,multiple_sclerosis
L7N2F9_HUMAN,3903,0.00025,4085,0.00709,False,multiple_sclerosis
SP7,3904,0.00025,1645,0.02751,False,multiple_sclerosis
LCP2,3905,0.00025,830,0.06334,False,multiple_sclerosis
KRT7,3906,0.00025,5445,0.00295,False,multiple_sclerosis
NCBP2L,3907,0.00025,5058,0.00459,False,multiple_sclerosis
GHRL,3908,0.00025,2617,0.01579,False,multiple_sclerosis
NLRP3,3909,0.00025,5516,0.00227,False,multiple_sclerosis
NFKBID,3910,0.00025,5470,0.00276,False,multiple_sclerosis
CIR1,3911,0.00025,4594,0.00579,False,multiple_sclerosis
PERP,3912,0.00025,4608,0.00576,False,multiple_sclerosis
TLR10,3913,0.00025,5436,0.00299,False,multiple_sclerosis
TBXT,3914,0.00025,5231,0.00402,False,multiple_sclerosis
BPI,3915,0.00024,4643,0.00566,False,multiple_sclerosis
RAD21L1,3916,0.00024,3570,0.00846,False,multiple_sclerosis
CEACAM8,3917,0.00024,4867,0.00512,False,multiple_sclerosis
WAPL,3918,0.00024,3486,0.00883,False,multiple_sclerosis
MTX3,3919,0.00024,3839,0.00765,False,multiple_sclerosis
SAMM50,3920,0.00024,3460,0.00894,False,multiple_sclerosis
RPL28,3921,0.00024,5122,0.00441,False,multiple_sclerosis
PRDX2,3922,0.00024,5047,0.00462,False,multiple_sclerosis
NMNAT3,3923,0.00024,5069,0.00456,False,multiple_sclerosis
CHCHD10,3924,0.00024,3426,0.00908,False,multiple_sclerosis
MMP8,3925,0.00024,4979,0.00487,False,multiple_sclerosis
NUDT13,3926,0.00024,5217,0.00408,False,multiple_sclerosis
NUDT15,3927,0.00024,5032,0.00465,False,multiple_sclerosis
RPL35A,3928,0.00024,5121,0.00441,False,multiple_sclerosis
SERPINF2,3929,0.00024,5099,0.00448,False,multiple_sclerosis
SMC1B,3930,0.00024,3490,0.00882,False,multiple_sclerosis
SERPINB1,3931,0.00024,4652,0.00564,False,multiple_sclerosis
CHCHD5,3932,0.00024,3971,0.00736,False,multiple_sclerosis
SMC3,3933,0.00024,3487,0.00883,False,multiple_sclerosis
REC8,3934,0.00024,3499,0.00878,False,multiple_sclerosis
MTX2,3935,0.00024,3409,0.00912,False,multiple_sclerosis
RACK1,3936,0.00024,594,0.12284,False,multiple_sclerosis
NRP2,3937,0.00024,2246,0.01877,False,multiple_sclerosis
SMC5,3938,0.00024,4010,0.00726,False,multiple_sclerosis
SMC6,3939,0.00024,4119,0.007,False,multiple_sclerosis
RPL3,3940,0.00024,5141,0.00435,False,multiple_sclerosis
MTX1,3941,0.00024,3525,0.00868,False,multiple_sclerosis
CHCHD2,3942,0.00024,3741,0.00797,False,multiple_sclerosis
MYH9,3943,0.00024,2238,0.01885,False,multiple_sclerosis
GNGT1,3944,0.00024,2923,0.01264,False,multiple_sclerosis
CHCHD3,3945,0.00024,3381,0.00924,False,multiple_sclerosis
RAD21,3946,0.00024,3484,0.00883,False,multiple_sclerosis
OTUD7B,3947,0.00024,5001,0.00478,False,multiple_sclerosis
MICOS13,3948,0.00024,3384,0.00923,False,multiple_sclerosis
TOMM40,3949,0.00024,3922,0.00747,False,multiple_sclerosis
ARHGEF7,3950,0.00024,268,0.27286,False,multiple_sclerosis
XRCC6,3951,0.00024,4693,0.00554,False,multiple_sclerosis
TOMM7,3952,0.00024,4285,0.00658,False,multiple_sclerosis
TOMM70,3953,0.00024,4007,0.00727,False,multiple_sclerosis
ARL1,3954,0.00024,4570,0.00585,False,multiple_sclerosis
BGN,3955,0.00024,1771,0.02549,False,multiple_sclerosis
PDS5A,3956,0.00024,3483,0.00883,False,multiple_sclerosis
PDS5B,3957,0.00024,3515,0.00874,False,multiple_sclerosis
PELI1,3958,0.00024,5488,0.00259,False,multiple_sclerosis
PELI2,3959,0.00024,5492,0.00258,False,multiple_sclerosis
TRPC3,3960,0.00024,5321,0.00361,False,multiple_sclerosis
PELI3,3961,0.00024,5491,0.00259,False,multiple_sclerosis
EXOC7,3962,0.00024,4461,0.00616,False,multiple_sclerosis
PTPRJ,3963,0.00024,5439,0.00298,False,multiple_sclerosis
H3BMQ9_HUMAN,3964,0.00024,4294,0.00655,False,multiple_sclerosis
H3BUN2_HUMAN,3965,0.00024,4293,0.00655,False,multiple_sclerosis
SLPI,3966,0.00024,4578,0.00584,False,multiple_sclerosis
FLRT1,3967,0.00024,2875,0.01306,False,multiple_sclerosis
RNASE3,3968,0.00024,4878,0.00507,False,multiple_sclerosis
SOD3,3969,0.00024,4969,0.00488,False,multiple_sclerosis
SOD2-2,3970,0.00024,4894,0.00505,False,multiple_sclerosis
SOD2,3971,0.00024,4893,0.00505,False,multiple_sclerosis
HNF1A,3972,0.00024,2679,0.01519,False,multiple_sclerosis
AZU1,3973,0.00024,4572,0.00585,False,multiple_sclerosis
PLXNA1,3974,0.00024,2540,0.01652,False,multiple_sclerosis
TOMM5,3975,0.00024,4251,0.00665,False,multiple_sclerosis
XRCC5,3976,0.00024,4751,0.00541,False,multiple_sclerosis
TOMM22,3977,0.00024,3956,0.0074,False,multiple_sclerosis
RPL17-C18orf32,3978,0.00024,5129,0.00439,False,multiple_sclerosis
MICOS10,3979,0.00024,3388,0.00921,False,multiple_sclerosis
SNAP29,3980,0.00024,4099,0.00705,False,multiple_sclerosis
SMC1A,3981,0.00024,3485,0.00883,False,multiple_sclerosis
RAB6A,3982,0.00024,4321,0.00649,False,multiple_sclerosis
ACD,3983,0.00024,4637,0.00568,False,multiple_sclerosis
RAB36,3984,0.00024,4530,0.006,False,multiple_sclerosis
COL1A1,3985,0.00024,1306,0.0355,False,multiple_sclerosis
FBXO7,3986,0.00024,5050,0.0046,False,multiple_sclerosis
DEFA4,3987,0.00024,4571,0.00585,False,multiple_sclerosis
CCR2,3988,0.00024,1290,0.03601,False,multiple_sclerosis
STAG3,3989,0.00024,3581,0.00843,False,multiple_sclerosis
MDC1,3990,0.00024,4158,0.0069,False,multiple_sclerosis
DNAJC11,3991,0.00024,3612,0.00834,False,multiple_sclerosis
ESCO2,3992,0.00024,3875,0.00755,False,multiple_sclerosis
STAG2,3993,0.00024,3492,0.0088,False,multiple_sclerosis
EFCAB6,3994,0.00024,4855,0.00514,False,multiple_sclerosis
MAU2,3995,0.00024,3770,0.00787,False,multiple_sclerosis
APOO,3996,0.00024,3383,0.00924,False,multiple_sclerosis
MALSU1,3997,0.00024,5230,0.00403,False,multiple_sclerosis
ESCO1,3998,0.00024,3627,0.00832,False,multiple_sclerosis
APOOL,3999,0.00024,3382,0.00924,False,multiple_sclerosis
SGO2,4000,0.00024,3682,0.00816,False,multiple_sclerosis
ATG3,4001,0.00024,1692,0.02666,False,multiple_sclerosis
SEL1L,4002,0.00023,2126,0.02012,False,multiple_sclerosis
PTK7,4003,0.00023,5216,0.00408,False,multiple_sclerosis
RAP1B,4004,0.00023,2853,0.01339,False,multiple_sclerosis
PTCD3,4005,0.00023,3552,0.00853,False,multiple_sclerosis
SLC7A11,4006,0.00023,5103,0.00447,False,multiple_sclerosis
SELE,4007,0.00023,5094,0.00449,False,multiple_sclerosis
PTCRA,4008,0.00023,5251,0.00394,False,multiple_sclerosis
SERPINB2,4009,0.00023,5157,0.00429,False,multiple_sclerosis
IQGAP1,4010,0.00023,5115,0.00443,False,multiple_sclerosis
MRPS34,4011,0.00023,3511,0.00876,False,multiple_sclerosis
CD93,4012,0.00023,5464,0.00279,False,multiple_sclerosis
IGF2R,4013,0.00023,4692,0.00555,False,multiple_sclerosis
MSX1,4014,0.00023,2271,0.01858,False,multiple_sclerosis
WDR4,4015,0.00023,3601,0.00838,False,multiple_sclerosis
STK40,4016,0.00023,2905,0.0128,False,multiple_sclerosis
MSR1,4017,0.00023,5015,0.00472,False,multiple_sclerosis
AIF1,4018,0.00023,5473,0.00273,False,multiple_sclerosis
IL1RL1,4019,0.00023,5504,0.00245,False,multiple_sclerosis
OS9,4020,0.00023,2140,0.01999,False,multiple_sclerosis
TRIB1,4021,0.00023,2903,0.0128,False,multiple_sclerosis
TRIM21,4022,0.00023,2950,0.01244,False,multiple_sclerosis
IL1RN,4023,0.00023,5471,0.00275,False,multiple_sclerosis
MRPS5,4024,0.00023,3510,0.00876,False,multiple_sclerosis
TRIM62,4025,0.00023,5490,0.00259,False,multiple_sclerosis
ERLEC1,4026,0.00023,2190,0.01933,False,multiple_sclerosis
IL36RN,4027,0.00023,5508,0.00239,False,multiple_sclerosis
EOMES,4028,0.00023,329,0.2509,False,multiple_sclerosis
MRPS33,4029,0.00023,3365,0.00933,False,multiple_sclerosis
P2RY8,4030,0.00023,5305,0.0037,False,multiple_sclerosis
MRPS31,4031,0.00023,3269,0.01002,False,multiple_sclerosis
MRPS28,4032,0.00023,3292,0.00986,False,multiple_sclerosis
MRPS27,4033,0.00023,3338,0.00952,False,multiple_sclerosis
MRPS26,4034,0.00023,3386,0.00922,False,multiple_sclerosis
MRPS25,4035,0.00023,3335,0.00956,False,multiple_sclerosis
MRPS23,4036,0.00023,3371,0.0093,False,multiple_sclerosis
MRPS21,4037,0.00023,3372,0.0093,False,multiple_sclerosis
MRPS18C,4038,0.00023,3516,0.00873,False,multiple_sclerosis
NCF2,4039,0.00023,252,0.2773,False,multiple_sclerosis
TXNDC12,4040,0.00023,4020,0.00725,False,multiple_sclerosis
CDC42,4041,0.00023,853,0.06155,False,multiple_sclerosis
ENG,4042,0.00023,251,0.27799,False,multiple_sclerosis
GSTT2B,4043,0.00023,3977,0.00735,False,multiple_sclerosis
GSTA4,4044,0.00023,3989,0.0073,False,multiple_sclerosis
GSTA3,4045,0.00023,3964,0.00739,False,multiple_sclerosis
GSTA1,4046,0.00023,4034,0.00721,False,multiple_sclerosis
CHD3,4047,0.00023,5161,0.00428,False,multiple_sclerosis
GSS,4048,0.00023,4027,0.00722,False,multiple_sclerosis
GSR,4049,0.00023,3821,0.00771,False,multiple_sclerosis
VCAN,4050,0.00023,5098,0.00449,False,multiple_sclerosis
IKZF5,4051,0.00023,5286,0.00382,False,multiple_sclerosis
GSTA5,4052,0.00023,4023,0.00723,False,multiple_sclerosis
LAMC1,4053,0.00023,5033,0.00465,False,multiple_sclerosis
GSTM1,4054,0.00023,3929,0.00746,False,multiple_sclerosis
GPX4,4055,0.00023,3794,0.00781,False,multiple_sclerosis
IKZF4,4056,0.00023,5313,0.00366,False,multiple_sclerosis
GSTM2,4057,0.00023,3961,0.0074,False,multiple_sclerosis
GP6,4058,0.00023,4755,0.00541,False,multiple_sclerosis
GNB4,4059,0.00023,1468,0.03129,False,multiple_sclerosis
GNB3,4060,0.00023,1459,0.03161,False,multiple_sclerosis
GNB2,4061,0.00023,1477,0.03106,False,multiple_sclerosis
GNAS,4062,0.00023,882,0.05794,False,multiple_sclerosis
GSTM3,4063,0.00023,3921,0.00747,False,multiple_sclerosis
GSTM4,4064,0.00023,4004,0.00727,False,multiple_sclerosis
GLP1R,4065,0.00023,4622,0.00572,False,multiple_sclerosis
NOA1,4066,0.00023,3444,0.00901,False,multiple_sclerosis
GSTM5,4067,0.00023,3976,0.00735,False,multiple_sclerosis
GSTO1,4068,0.00023,3843,0.00764,False,multiple_sclerosis
GSTO2,4069,0.00023,3959,0.0074,False,multiple_sclerosis
GSTP1,4070,0.00023,3793,0.00781,False,multiple_sclerosis
MRPS18B,4071,0.00023,3321,0.00969,False,multiple_sclerosis
WNT3A,4072,0.00023,5281,0.00383,False,multiple_sclerosis
ACE2,4073,0.00023,4533,0.00599,False,multiple_sclerosis
SOS2,4074,0.00023,2902,0.01282,False,multiple_sclerosis
PLG,4075,0.00023,4831,0.00522,False,multiple_sclerosis
TRMT5,4076,0.00023,3447,0.00898,False,multiple_sclerosis
DPYSL3,4077,0.00023,2644,0.01555,False,multiple_sclerosis
ASPN,4078,0.00023,5201,0.00412,False,multiple_sclerosis
MGST1,4079,0.00023,3980,0.00735,False,multiple_sclerosis
DAP3,4080,0.00023,3504,0.00877,False,multiple_sclerosis
ZFHX3,4081,0.00023,5295,0.00377,False,multiple_sclerosis
FBLN2,4082,0.00023,5262,0.00391,False,multiple_sclerosis
ADSL,4083,0.00023,864,0.05992,False,multiple_sclerosis
AK3,4084,0.00023,1265,0.03694,False,multiple_sclerosis
MGAT1,4085,0.00023,2578,0.01614,False,multiple_sclerosis
DCK,4086,0.00023,1261,0.03706,False,multiple_sclerosis
ADK,4087,0.00023,1252,0.03738,False,multiple_sclerosis
MEP1B,4088,0.00023,4765,0.00539,False,multiple_sclerosis
MEP1A,4089,0.00023,4761,0.0054,False,multiple_sclerosis
COL21A1,4090,0.00023,5082,0.00452,False,multiple_sclerosis
COL6A3,4091,0.00023,5226,0.00404,False,multiple_sclerosis
PRCP,4092,0.00023,4620,0.00573,False,multiple_sclerosis
PREP,4093,0.00023,4702,0.00552,False,multiple_sclerosis
MAP3K8,4094,0.00023,5474,0.00272,False,multiple_sclerosis
ATP12A,4095,0.00023,1735,0.02606,False,multiple_sclerosis
MRPS15,4096,0.00023,3261,0.01007,False,multiple_sclerosis
COL10A1,4097,0.00023,5014,0.00472,False,multiple_sclerosis
CLCA1,4098,0.00023,5042,0.00463,False,multiple_sclerosis
FOLR2,4099,0.00023,5493,0.00258,False,multiple_sclerosis
MRAS,4100,0.00023,3154,0.01074,False,multiple_sclerosis
HDAC2,4101,0.00023,660,0.09797,False,multiple_sclerosis
XDH,4102,0.00023,2509,0.01679,False,multiple_sclerosis
TIAM1,4103,0.00023,5114,0.00444,False,multiple_sclerosis
SPARC,4104,0.00023,5267,0.00388,False,multiple_sclerosis
ESPN,4105,0.00023,2475,0.01699,False,multiple_sclerosis
FZD9,4106,0.00023,2200,0.01925,False,multiple_sclerosis
MRPS10,4107,0.00023,3380,0.00925,False,multiple_sclerosis
CCL19,4108,0.00023,1293,0.03595,False,multiple_sclerosis
MRPS11,4109,0.00023,3340,0.00949,False,multiple_sclerosis
MRPS14,4110,0.00023,3358,0.00937,False,multiple_sclerosis
XPNPEP2,4111,0.00023,4684,0.00556,False,multiple_sclerosis
MC1R,4112,0.00022,2489,0.01691,False,multiple_sclerosis
MPPED2,4113,0.00022,3394,0.00919,False,multiple_sclerosis
TNFSF11,4114,0.00022,334,0.24987,False,multiple_sclerosis
MEF2B,4115,0.00022,5254,0.00393,False,multiple_sclerosis
DPH5,4116,0.00022,3635,0.0083,False,multiple_sclerosis
EDEM1,4117,0.00022,4017,0.00725,False,multiple_sclerosis
DPH6,4118,0.00022,3867,0.00758,False,multiple_sclerosis
MGAM,4119,0.00022,2416,0.01742,False,multiple_sclerosis
RDH8,4120,0.00022,3758,0.00789,False,multiple_sclerosis
RHOT2,4121,0.00022,4904,0.00503,False,multiple_sclerosis
RDH12,4122,0.00022,3653,0.00823,False,multiple_sclerosis
RDH5,4123,0.00022,3738,0.00798,False,multiple_sclerosis
MOGS,4124,0.00022,4769,0.00538,False,multiple_sclerosis
RHOT1,4125,0.00022,4909,0.00502,False,multiple_sclerosis
MT-CO2,4126,0.00022,5088,0.00451,False,multiple_sclerosis
BCO1,4127,0.00022,3733,0.00799,False,multiple_sclerosis
RDH16,4128,0.00022,3801,0.00778,False,multiple_sclerosis
DPH2,4129,0.00022,3329,0.00963,False,multiple_sclerosis
DPH3,4130,0.00022,3385,0.00922,False,multiple_sclerosis
RDH11,4131,0.00022,3721,0.00804,False,multiple_sclerosis
DPH7,4132,0.00022,3669,0.00819,False,multiple_sclerosis
DNAJC10,4133,0.00022,4667,0.00559,False,multiple_sclerosis
RDH10,4134,0.00022,3654,0.00823,False,multiple_sclerosis
TMBIM6,4135,0.00022,4988,0.00484,False,multiple_sclerosis
UGGT1,4136,0.00022,4824,0.00523,False,multiple_sclerosis
DPH1,4137,0.00022,3451,0.00897,False,multiple_sclerosis
DIABLO-2,4138,0.00022,5127,0.00439,False,multiple_sclerosis
NCK2,4139,0.00022,5111,0.00444,False,multiple_sclerosis
TYR,4140,0.00022,2650,0.01545,False,multiple_sclerosis
CCDC122,4141,0.00022,5387,0.00326,False,multiple_sclerosis
ROBO2,4142,0.00022,2223,0.01899,False,multiple_sclerosis
XYLB,4143,0.00022,5003,0.00476,False,multiple_sclerosis
PGRMC1,4144,0.00022,5333,0.00354,False,multiple_sclerosis
ROBO1,4145,0.00022,2212,0.01909,False,multiple_sclerosis
TYRP1,4146,0.00022,2637,0.01561,False,multiple_sclerosis
SDR16C5,4147,0.00022,3754,0.00793,False,multiple_sclerosis
SDHC,4148,0.00022,5133,0.00437,False,multiple_sclerosis
SDHB,4149,0.00022,4963,0.0049,False,multiple_sclerosis
CYP26C1,4150,0.00022,3711,0.00806,False,multiple_sclerosis
CYP26B1,4151,0.00022,3672,0.00818,False,multiple_sclerosis
CYP26A1,4152,0.00022,3658,0.00822,False,multiple_sclerosis
ERN1,4153,0.00022,5303,0.00372,False,multiple_sclerosis
ARHGEF12,4154,0.00022,4839,0.0052,False,multiple_sclerosis
SCRIB,4155,0.00022,4719,0.00547,False,multiple_sclerosis
IMMP1L,4156,0.00022,3303,0.00976,False,multiple_sclerosis
ASIC3,4157,0.00022,5273,0.00386,False,multiple_sclerosis
PAK5,4158,0.00022,4908,0.00503,False,multiple_sclerosis
CAPN2,4159,0.00022,4994,0.00481,False,multiple_sclerosis
ADH1A,4160,0.00022,3694,0.00812,False,multiple_sclerosis
SEPTIN5,4161,0.00022,4877,0.00508,False,multiple_sclerosis
ATG5,4162,0.00022,307,0.25824,False,multiple_sclerosis
PPP3R2,4163,0.00022,5202,0.00412,False,multiple_sclerosis
PPP3CC,4164,0.00022,5190,0.00417,False,multiple_sclerosis
PPP3CB,4165,0.00022,5212,0.0041,False,multiple_sclerosis
SNCAIP,4166,0.00022,4856,0.00514,False,multiple_sclerosis
ADH1B,4167,0.00022,3726,0.00802,False,multiple_sclerosis
ADH4,4168,0.00022,3728,0.00802,False,multiple_sclerosis
ADH7,4169,0.00022,3796,0.00781,False,multiple_sclerosis
DCDC1,4170,0.00022,3307,0.00975,False,multiple_sclerosis
TRPM8,4171,0.00022,4900,0.00504,False,multiple_sclerosis
TRPA1,4172,0.00022,4915,0.00502,False,multiple_sclerosis
FCAR,4173,0.00022,5500,0.00249,False,multiple_sclerosis
CAPN1,4174,0.00022,4884,0.00506,False,multiple_sclerosis
PAK6,4175,0.00022,4836,0.00521,False,multiple_sclerosis
ARHGEF6,4176,0.00022,4741,0.00542,False,multiple_sclerosis
PAK4,4177,0.00022,4830,0.00522,False,multiple_sclerosis
DHRS9,4178,0.00022,3751,0.00794,False,multiple_sclerosis
NFATC3,4179,0.00022,5253,0.00394,False,multiple_sclerosis
NGF,4180,0.00022,5227,0.00404,False,multiple_sclerosis
LACC1,4181,0.00022,5450,0.00291,False,multiple_sclerosis
UBE2L6,4182,0.00022,4858,0.00513,False,multiple_sclerosis
DISC1,4183,0.00022,1035,0.04588,False,multiple_sclerosis
ELP4,4184,0.00022,3274,0.00995,False,multiple_sclerosis
GK2,4185,0.00022,5076,0.00454,False,multiple_sclerosis
GK,4186,0.00022,5087,0.00451,False,multiple_sclerosis
GIT2,4187,0.00022,4714,0.00548,False,multiple_sclerosis
GIT1,4188,0.00022,4713,0.00548,False,multiple_sclerosis
STT3B,4189,0.00022,4965,0.00489,False,multiple_sclerosis
CYP1A2,4190,0.00022,3783,0.00783,False,multiple_sclerosis
UBE2E2,4191,0.00022,4927,0.00499,False,multiple_sclerosis
SI,4192,0.00022,1856,0.02373,False,multiple_sclerosis
TNFRSF21,4193,0.00022,5407,0.00317,False,multiple_sclerosis
PAK3,4194,0.00022,4710,0.00548,False,multiple_sclerosis
DHRS3,4195,0.00022,3722,0.00804,False,multiple_sclerosis
PAK2,4196,0.00022,4711,0.00548,False,multiple_sclerosis
PAK1,4197,0.00022,4733,0.00545,False,multiple_sclerosis
GATA4,4198,0.00022,5191,0.00417,False,multiple_sclerosis
APCS,4199,0.00022,5416,0.0031,False,multiple_sclerosis
DHRS4,4200,0.00022,3676,0.00817,False,multiple_sclerosis
ULBP3,4201,0.00021,5183,0.0042,False,multiple_sclerosis
IL3RA,4202,0.00021,2340,0.01803,False,multiple_sclerosis
UBE2V2,4203,0.00021,3882,0.00754,False,multiple_sclerosis
TXNRD1,4204,0.00021,4195,0.00678,False,multiple_sclerosis
DNMT1,4205,0.00021,2691,0.01511,False,multiple_sclerosis
IAH1,4206,0.00021,4802,0.00531,False,multiple_sclerosis
DNMT3B,4207,0.00021,2754,0.0143,False,multiple_sclerosis
DNAJB6,4208,0.00021,4408,0.0063,False,multiple_sclerosis
DEFB1,4209,0.00021,5499,0.00249,False,multiple_sclerosis
TXNRD2,4210,0.00021,4236,0.00669,False,multiple_sclerosis
IL17B,4211,0.00021,5502,0.00247,False,multiple_sclerosis
TXNRD3,4212,0.00021,4246,0.00667,False,multiple_sclerosis
IL17C,4213,0.00021,5487,0.0026,False,multiple_sclerosis
DEFB4A,4214,0.00021,5497,0.00251,False,multiple_sclerosis
IGHV3-16,4215,0.00021,1577,0.02913,False,multiple_sclerosis
DGLUCY,4216,0.00021,4299,0.00654,False,multiple_sclerosis
DNAJA1,4217,0.00021,4377,0.00639,False,multiple_sclerosis
IL17D,4218,0.00021,5526,0.00211,False,multiple_sclerosis
DNAJA2,4219,0.00021,4391,0.00635,False,multiple_sclerosis
DNAJB1,4220,0.00021,4368,0.0064,False,multiple_sclerosis
DMTN,4221,0.00021,4982,0.00486,False,multiple_sclerosis
PRIM2,4222,0.00021,3645,0.00826,False,multiple_sclerosis
UNC5C,4223,0.00021,2749,0.01436,False,multiple_sclerosis
GEN1,4224,0.00021,4668,0.00559,False,multiple_sclerosis
FKBP2,4225,0.00021,5041,0.00463,False,multiple_sclerosis
FOXN1,4226,0.00021,4907,0.00503,False,multiple_sclerosis
XRCC3,4227,0.00021,4124,0.00699,False,multiple_sclerosis
XRCC2,4228,0.00021,4066,0.00712,False,multiple_sclerosis
FZD3,4229,0.00021,2160,0.01972,False,multiple_sclerosis
FZD6,4230,0.00021,2186,0.01942,False,multiple_sclerosis
WWP2,4231,0.00021,2668,0.01531,False,multiple_sclerosis
GAD1,4232,0.00021,4120,0.00699,False,multiple_sclerosis
WIPI1,4233,0.00021,4983,0.00486,False,multiple_sclerosis
GBP1,4234,0.00021,5505,0.00245,False,multiple_sclerosis
GCK,4235,0.00021,3987,0.00731,False,multiple_sclerosis
GCLC,4236,0.00021,4490,0.00608,False,multiple_sclerosis
ENPP4,4237,0.00021,4091,0.00707,False,multiple_sclerosis
ENPP3,4238,0.00021,692,0.08848,False,multiple_sclerosis
BAG1,4239,0.00021,4373,0.0064,False,multiple_sclerosis
FKBP1C,4240,0.00021,5025,0.00469,False,multiple_sclerosis
FES,4241,0.00021,4409,0.0063,False,multiple_sclerosis
ABHD6,4242,0.00021,4289,0.00657,False,multiple_sclerosis
SEMA3E,4243,0.00021,4865,0.00512,False,multiple_sclerosis
FABP3,4244,0.00021,4512,0.00603,False,multiple_sclerosis
FARP2,4245,0.00021,4970,0.00488,False,multiple_sclerosis
SEMA6D,4246,0.00021,4603,0.00577,False,multiple_sclerosis
SEMA6C,4247,0.00021,4803,0.0053,False,multiple_sclerosis
SEMA6B,4248,0.00021,4201,0.00677,False,multiple_sclerosis
FAAP100,4249,0.00021,4187,0.00681,False,multiple_sclerosis
SEMA3C,4250,0.00021,4252,0.00665,False,multiple_sclerosis
ABHD4,4251,0.00021,4926,0.005,False,multiple_sclerosis
SEMA3B,4252,0.00021,4612,0.00575,False,multiple_sclerosis
SEMA3A,4253,0.00021,4128,0.00699,False,multiple_sclerosis
FBH1,4254,0.00021,4722,0.00547,False,multiple_sclerosis
ABHD12,4255,0.00021,4491,0.00608,False,multiple_sclerosis
FBP1,4256,0.00021,3697,0.00811,False,multiple_sclerosis
FBP2,4257,0.00021,3650,0.00824,False,multiple_sclerosis
ENPP1,4258,0.00021,713,0.08402,False,multiple_sclerosis
BAG2,4259,0.00021,4369,0.0064,False,multiple_sclerosis
HSPH1,4260,0.00021,4378,0.00639,False,multiple_sclerosis
BAG3,4261,0.00021,4375,0.0064,False,multiple_sclerosis
H3C15,4262,0.00021,4307,0.00652,False,multiple_sclerosis
H3C2,4263,0.00021,4313,0.00652,False,multiple_sclerosis
H3C3,4264,0.00021,4305,0.00652,False,multiple_sclerosis
H3C4,4265,0.00021,4314,0.00652,False,multiple_sclerosis
H3C6,4266,0.00021,4306,0.00652,False,multiple_sclerosis
H3C7,4267,0.00021,4303,0.00653,False,multiple_sclerosis
H3C8,4268,0.00021,4310,0.00652,False,multiple_sclerosis
ACTRT3,4269,0.00021,3769,0.00787,False,multiple_sclerosis
HINT1,4270,0.00021,4762,0.0054,False,multiple_sclerosis
HK1,4271,0.00021,4253,0.00665,False,multiple_sclerosis
HK2,4272,0.00021,3912,0.0075,False,multiple_sclerosis
HK3,4273,0.00021,4265,0.00662,False,multiple_sclerosis
UNC5D,4274,0.00021,2655,0.01541,False,multiple_sclerosis
HSPB8,4275,0.00021,4386,0.00637,False,multiple_sclerosis
HSPBP1,4276,0.00021,4379,0.00639,False,multiple_sclerosis
H3C14,4277,0.00021,4309,0.00652,False,multiple_sclerosis
H3C11,4278,0.00021,4308,0.00652,False,multiple_sclerosis
H3C10,4279,0.00021,4312,0.00652,False,multiple_sclerosis
GLUD2,4280,0.00021,4009,0.00726,False,multiple_sclerosis
ENPEP,4281,0.00021,5530,0.00206,False,multiple_sclerosis
GGT1,4282,0.00021,4389,0.00636,False,multiple_sclerosis
GGT5,4283,0.00021,4555,0.0059,False,multiple_sclerosis
BARD1,4284,0.00021,4584,0.00581,False,multiple_sclerosis
GGT6,4285,0.00021,4558,0.00588,False,multiple_sclerosis
GLUD1,4286,0.00021,3966,0.00738,False,multiple_sclerosis
GPR18,4287,0.00021,4854,0.00515,False,multiple_sclerosis
H3-3A,4288,0.00021,4311,0.00652,False,multiple_sclerosis
SFR1,4289,0.00021,4388,0.00636,False,multiple_sclerosis
EGLN2,4290,0.00021,4488,0.00609,False,multiple_sclerosis
EEF1B2,4291,0.00021,5341,0.00348,False,multiple_sclerosis
BCAT1,4292,0.00021,4172,0.00685,False,multiple_sclerosis
BCAT2,4293,0.00021,4182,0.00682,False,multiple_sclerosis
H2AX,4294,0.00021,4579,0.00583,False,multiple_sclerosis
ACTN4,4295,0.00021,4959,0.00491,False,multiple_sclerosis
KYAT3,4296,0.00021,4150,0.00692,False,multiple_sclerosis
TUFM,4297,0.00021,5029,0.00466,False,multiple_sclerosis
RAD51C,4298,0.00021,4064,0.00712,False,multiple_sclerosis
RAD51AP1,4299,0.00021,5028,0.00466,False,multiple_sclerosis
SYNE2,4300,0.00021,5165,0.00426,False,multiple_sclerosis
SWI5,4301,0.00021,4279,0.0066,False,multiple_sclerosis
RAD18,4302,0.00021,3864,0.0076,False,multiple_sclerosis
SLC39A10,4303,0.00021,3249,0.01015,False,multiple_sclerosis
RAD1,4304,0.00021,4134,0.00697,False,multiple_sclerosis
NTN1,4305,0.00021,2602,0.01588,False,multiple_sclerosis
RAC3,4306,0.00021,766,0.07325,False,multiple_sclerosis
NUDT10,4307,0.00021,4585,0.00581,False,multiple_sclerosis
CD244,4308,0.00021,5173,0.00424,False,multiple_sclerosis
SLC39A12,4309,0.00021,3226,0.01027,False,multiple_sclerosis
SLC39A13,4310,0.00021,3171,0.01065,False,multiple_sclerosis
OPTN,4311,0.00021,5465,0.00278,False,multiple_sclerosis
SLC39A14,4312,0.00021,3295,0.00983,False,multiple_sclerosis
RAB33B,4313,0.00021,4954,0.00492,False,multiple_sclerosis
SLC39A2,4314,0.00021,3298,0.0098,False,multiple_sclerosis
SLC39A3,4315,0.00021,3231,0.01024,False,multiple_sclerosis
SLC39A1,4316,0.00021,3146,0.01082,False,multiple_sclerosis
NLRX1,4317,0.00021,5065,0.00457,False,multiple_sclerosis
SLC39A4,4318,0.00021,3416,0.0091,False,multiple_sclerosis
RAD51D-2,4319,0.00021,4063,0.00712,False,multiple_sclerosis
SLC30A6,4320,0.00021,3260,0.01008,False,multiple_sclerosis
SLC30A7,4321,0.00021,3168,0.01068,False,multiple_sclerosis
NAAA,4322,0.00021,4421,0.00627,False,multiple_sclerosis
CLEC16A,4323,0.00021,872,0.05907,False,multiple_sclerosis
NAPEPLD,4324,0.00021,4095,0.00706,False,multiple_sclerosis
NCR3LG1,4325,0.00021,5200,0.00413,False,multiple_sclerosis
IRF2,4326,0.00021,5380,0.00328,False,multiple_sclerosis
CHRAC1,4327,0.00021,3926,0.00747,False,multiple_sclerosis
CFL2,4328,0.00021,5007,0.00474,False,multiple_sclerosis
NEDD4,4329,0.00021,2606,0.01586,False,multiple_sclerosis
SLC30A9,4330,0.00021,3164,0.01071,False,multiple_sclerosis
BRIP1,4331,0.00021,5038,0.00464,False,multiple_sclerosis
CENPS,4332,0.00021,4191,0.0068,False,multiple_sclerosis
NIT1,4333,0.00021,4125,0.00699,False,multiple_sclerosis
NIT2,4334,0.00021,4840,0.0052,False,multiple_sclerosis
RAD54L,4335,0.00021,4628,0.0057,False,multiple_sclerosis
NLRP5,4336,0.00021,4723,0.00547,False,multiple_sclerosis
RAB26,4337,0.00021,5056,0.00459,False,multiple_sclerosis
FABP7,4338,0.00021,4463,0.00616,False,multiple_sclerosis
ALOX12B,4339,0.00021,5243,0.00396,False,multiple_sclerosis
PLOD3,4340,0.00021,2585,0.01608,False,multiple_sclerosis
POLA2,4341,0.00021,3630,0.00831,False,multiple_sclerosis
POLD1,4342,0.00021,3636,0.0083,False,multiple_sclerosis
POLD2,4343,0.00021,3569,0.00846,False,multiple_sclerosis
POLD3,4344,0.00021,3579,0.00844,False,multiple_sclerosis
POLE3,4345,0.00021,3666,0.0082,False,multiple_sclerosis
POLE4,4346,0.00021,3718,0.00804,False,multiple_sclerosis
POLG,4347,0.00021,3777,0.00784,False,multiple_sclerosis
POLG2,4348,0.00021,3833,0.00767,False,multiple_sclerosis
POLH,4349,0.00021,3623,0.00832,False,multiple_sclerosis
POLI,4350,0.00021,3734,0.00799,False,multiple_sclerosis
POLK,4351,0.00021,3899,0.00752,False,multiple_sclerosis
ATG13,4352,0.00021,5066,0.00457,False,multiple_sclerosis
ATG14,4353,0.00021,5048,0.0046,False,multiple_sclerosis
PPBP,4354,0.00021,5507,0.00241,False,multiple_sclerosis
PPID,4355,0.00021,4593,0.00579,False,multiple_sclerosis
PPP4R1,4356,0.00021,5517,0.00225,False,multiple_sclerosis
PSMB9,4357,0.00021,5478,0.0027,False,multiple_sclerosis
PLS3,4358,0.00021,4944,0.00496,False,multiple_sclerosis
PIGR,4359,0.00021,5435,0.003,False,multiple_sclerosis
SLC39A5,4360,0.00021,3252,0.01013,False,multiple_sclerosis
CBSL,4361,0.00021,3984,0.00733,False,multiple_sclerosis
SLC39A6,4362,0.00021,3244,0.01018,False,multiple_sclerosis
SLC39A8,4363,0.00021,3359,0.00936,False,multiple_sclerosis
SLC39A9,4364,0.00021,3068,0.01158,False,multiple_sclerosis
ST13,4365,0.00021,4367,0.0064,False,multiple_sclerosis
CCL25,4366,0.00021,5529,0.00206,False,multiple_sclerosis
PFDN1,4367,0.00021,5312,0.00367,False,multiple_sclerosis
PFDN4,4368,0.00021,5340,0.00348,False,multiple_sclerosis
PFKFB1,4369,0.00021,3838,0.00765,False,multiple_sclerosis
PFKFB2,4370,0.00021,3647,0.00825,False,multiple_sclerosis
PTPRG,4371,0.00021,4833,0.00522,False,multiple_sclerosis
PFKFB4,4372,0.00021,3925,0.00747,False,multiple_sclerosis
PFKL,4373,0.00021,3675,0.00817,False,multiple_sclerosis
PFKM,4374,0.00021,3583,0.00842,False,multiple_sclerosis
PFKP,4375,0.00021,3674,0.00818,False,multiple_sclerosis
PFN1,4376,0.00021,5085,0.00452,False,multiple_sclerosis
PTPN23,4377,0.00021,5030,0.00466,False,multiple_sclerosis
SPATA2,4378,0.00021,5539,0.00183,False,multiple_sclerosis
ALOX5AP,4379,0.00021,4905,0.00503,False,multiple_sclerosis
ANGPTL4,4380,0.00021,4705,0.00551,False,multiple_sclerosis
AIFM1,4381,0.00021,4557,0.00589,False,multiple_sclerosis
CTNNB1,4382,0.00021,472,0.18937,False,multiple_sclerosis
KLRF1,4383,0.00021,5164,0.00426,False,multiple_sclerosis
LTA4H,4384,0.00021,4933,0.00498,False,multiple_sclerosis
RHOD,4385,0.00021,4438,0.00625,False,multiple_sclerosis
LTC4S,4386,0.00021,4948,0.00494,False,multiple_sclerosis
COLGALT2,4387,0.00021,2586,0.01608,False,multiple_sclerosis
AGA,4388,0.00021,4551,0.00592,False,multiple_sclerosis
RND1,4389,0.00021,4142,0.00696,False,multiple_sclerosis
CXCL14,4390,0.00021,5506,0.00241,False,multiple_sclerosis
SLAMF6,4391,0.00021,4999,0.00478,False,multiple_sclerosis
ALDH1B1,4392,0.00021,4511,0.00603,False,multiple_sclerosis
REV1,4393,0.00021,3572,0.00846,False,multiple_sclerosis
ALDH4A1,4394,0.00021,4193,0.00679,False,multiple_sclerosis
MGLL,4395,0.00021,3918,0.00748,False,multiple_sclerosis
MICAL1,4396,0.00021,4891,0.00505,False,multiple_sclerosis
COTL1,4397,0.00021,4945,0.00496,False,multiple_sclerosis
LRRIQ4,4398,0.00021,3765,0.00788,False,multiple_sclerosis
TRAF4,4399,0.00021,5544,0.0016,False,multiple_sclerosis
KYAT1,4400,0.00021,4127,0.00699,False,multiple_sclerosis
BHMT2,4401,0.00021,4053,0.00715,False,multiple_sclerosis
PRIM1,4402,0.00021,3673,0.00818,False,multiple_sclerosis
LRRC34,4403,0.00021,3466,0.00889,False,multiple_sclerosis
BHMT,4404,0.00021,4016,0.00725,False,multiple_sclerosis
TOP3A,4405,0.00021,4178,0.00684,False,multiple_sclerosis
TOP3B,4406,0.00021,4600,0.00578,False,multiple_sclerosis
AHCYL2,4407,0.00021,4090,0.00707,False,multiple_sclerosis
AHCYL1,4408,0.00021,4105,0.00705,False,multiple_sclerosis
L2HGDH,4409,0.00021,4567,0.00586,False,multiple_sclerosis
SIRPA,4410,0.00021,2746,0.01441,False,multiple_sclerosis
RMI1,4411,0.00021,4174,0.00684,False,multiple_sclerosis
CRCP,4412,0.00021,3947,0.00743,False,multiple_sclerosis
LCP1,4413,0.00021,4817,0.00526,False,multiple_sclerosis
CXCL10,4414,0.00021,894,0.05701,False,multiple_sclerosis
CUL4A,4415,0.00021,2604,0.01587,False,multiple_sclerosis
RECQL,4416,0.00021,4960,0.00491,False,multiple_sclerosis
SLC2A1,4417,0.00021,4525,0.00601,False,multiple_sclerosis
DCC,4418,0.00021,2549,0.01645,False,multiple_sclerosis
DAGLB,4419,0.00021,4436,0.00625,False,multiple_sclerosis
SLC30A5,4420,0.00021,3314,0.0097,False,multiple_sclerosis
CNR1,4421,0.00021,3930,0.00746,False,multiple_sclerosis
CNR2,4422,0.00021,4264,0.00662,False,multiple_sclerosis
SLC30A4,4423,0.00021,3326,0.00966,False,multiple_sclerosis
DAGLA,4424,0.00021,4214,0.00674,False,multiple_sclerosis
SLC30A1,4425,0.00021,3300,0.00977,False,multiple_sclerosis
RASSF1,4426,0.00021,4826,0.00522,False,multiple_sclerosis
SLC2A3,4427,0.00021,4635,0.00568,False,multiple_sclerosis
RB1CC1,4428,0.00021,4955,0.00492,False,multiple_sclerosis
CXCL16,4429,0.00021,5501,0.00247,False,multiple_sclerosis
RBBP8,4430,0.00021,2601,0.0159,False,multiple_sclerosis
MRPS7,4431,0.00021,5401,0.0032,False,multiple_sclerosis
CXCR3,4432,0.00021,1119,0.04222,False,multiple_sclerosis
MRPL22,4433,0.00021,5378,0.0033,False,multiple_sclerosis
CXCL9,4434,0.00021,1112,0.04236,False,multiple_sclerosis
MPI,4435,0.00021,3907,0.00751,False,multiple_sclerosis
MRE11,4436,0.00021,4414,0.00629,False,multiple_sclerosis
TIGIT,4437,0.00021,4639,0.00568,False,multiple_sclerosis
SLC26A8,4438,0.00021,1110,0.04241,False,multiple_sclerosis
TIGAR,4439,0.00021,3679,0.00817,False,multiple_sclerosis
AGXT2,4440,0.00021,4220,0.00673,False,multiple_sclerosis
CYP2U1,4441,0.00021,5279,0.00384,False,multiple_sclerosis
CYP4A22,4442,0.00021,5275,0.00385,False,multiple_sclerosis
UBA6,4443,0.0002,4871,0.00511,False,multiple_sclerosis
ARNTL,4444,0.0002,4024,0.00723,False,multiple_sclerosis
ARNTL2,4445,0.0002,4035,0.00721,False,multiple_sclerosis
TRIP12,4446,0.0002,5004,0.00476,False,multiple_sclerosis
SERPIND1,4447,0.0002,4477,0.00611,False,multiple_sclerosis
ATG16L2,4448,0.0002,5136,0.00437,False,multiple_sclerosis
SERPINC1,4449,0.0002,3776,0.00784,False,multiple_sclerosis
AFF4,4450,0.0002,2641,0.01559,False,multiple_sclerosis
SH3GL3,4451,0.0002,4654,0.00563,False,multiple_sclerosis
UBE3C,4452,0.0002,4977,0.00487,False,multiple_sclerosis
ATN1,4453,0.0002,4929,0.00499,False,multiple_sclerosis
AGK,4454,0.0002,4987,0.00485,False,multiple_sclerosis
ACTC1,4455,0.0002,3832,0.00767,False,multiple_sclerosis
TPM2,4456,0.0002,4411,0.00629,False,multiple_sclerosis
WDFY3,4457,0.0002,5148,0.00432,False,multiple_sclerosis
ALDOA,4458,0.0002,4203,0.00677,False,multiple_sclerosis
VWF,4459,0.0002,3841,0.00765,False,multiple_sclerosis
ALDOC,4460,0.0002,4202,0.00677,False,multiple_sclerosis
SZRD1,4461,0.0002,4731,0.00545,False,multiple_sclerosis
SLC24A4,4462,0.0002,2724,0.01462,False,multiple_sclerosis
ATXN2L,4463,0.0002,4434,0.00625,False,multiple_sclerosis
VIPR1,4464,0.0002,5155,0.0043,False,multiple_sclerosis
TAGLN,4465,0.0002,3858,0.00761,False,multiple_sclerosis
VEGFB,4466,0.0002,4732,0.00545,False,multiple_sclerosis
TECPR1,4467,0.0002,5134,0.00437,False,multiple_sclerosis
TENM1,4468,0.0002,4673,0.00558,False,multiple_sclerosis
ATR,4469,0.0002,4301,0.00654,False,multiple_sclerosis
TENM3,4470,0.0002,4691,0.00555,False,multiple_sclerosis
TENM4,4471,0.0002,4655,0.00563,False,multiple_sclerosis
ACTG2,4472,0.0002,3745,0.00795,False,multiple_sclerosis
ATXN3L,4473,0.0002,4401,0.00632,False,multiple_sclerosis
UNC5CL,4474,0.0002,4730,0.00545,False,multiple_sclerosis
UBQLN4,4475,0.0002,4495,0.00608,False,multiple_sclerosis
TMEM175,4476,0.0002,5300,0.00372,False,multiple_sclerosis
SH3GL2,4477,0.0002,4528,0.006,False,multiple_sclerosis
XAF1,4478,0.0002,5406,0.00318,False,multiple_sclerosis
ARIH2,4479,0.0002,4729,0.00546,False,multiple_sclerosis
ARIH1,4480,0.0002,4624,0.00571,False,multiple_sclerosis
ARHGAP31,4481,0.0002,4678,0.00556,False,multiple_sclerosis
TPM1,4482,0.0002,4354,0.00643,False,multiple_sclerosis
APRT,4483,0.0002,1015,0.04754,False,multiple_sclerosis
ADAMTS2,4484,0.0002,624,0.10993,False,multiple_sclerosis
APAF1,4485,0.0002,5229,0.00403,False,multiple_sclerosis
TFPI,4486,0.0002,3774,0.00785,False,multiple_sclerosis
ULBP1,4487,0.0002,1903,0.02341,False,multiple_sclerosis
ULBP2,4488,0.0002,1914,0.023,False,multiple_sclerosis
STK17A,4489,0.0002,5139,0.00435,False,multiple_sclerosis
STK17B,4490,0.0002,5178,0.00423,False,multiple_sclerosis
SETD3,4491,0.0002,4071,0.0071,False,multiple_sclerosis
ALDOB,4492,0.0002,4216,0.00674,False,multiple_sclerosis
ZXDC,4493,0.0002,5244,0.00395,False,multiple_sclerosis
SERPINA10,4494,0.0002,4509,0.00604,False,multiple_sclerosis
KIAA0513,4495,0.0002,3872,0.00756,False,multiple_sclerosis
INTS6,4496,0.0002,3592,0.00839,False,multiple_sclerosis
INTS7,4497,0.0002,3607,0.00836,False,multiple_sclerosis
INTS8,4498,0.0002,3614,0.00834,False,multiple_sclerosis
CEBPG,4499,0.0002,5021,0.0047,False,multiple_sclerosis
INTS9,4500,0.0002,3598,0.00839,False,multiple_sclerosis
DDIT3,4501,0.0002,5106,0.00446,False,multiple_sclerosis
DBP,4502,0.0002,4780,0.00535,False,multiple_sclerosis
DBH,4503,0.0002,4899,0.00504,False,multiple_sclerosis
DAPK3,4504,0.0002,4697,0.00553,False,multiple_sclerosis
DAPK2,4505,0.0002,4749,0.00541,False,multiple_sclerosis
CXCR6,4506,0.0002,5520,0.00219,False,multiple_sclerosis
CXCL3,4507,0.0002,5521,0.00217,False,multiple_sclerosis
CRY2,4508,0.0002,4031,0.00722,False,multiple_sclerosis
MAPKAPK5,4509,0.0002,4895,0.00505,False,multiple_sclerosis
KLRK1,4510,0.0002,1792,0.02513,False,multiple_sclerosis
PNOC,4511,0.0002,4759,0.0054,False,multiple_sclerosis
PNLIP,4512,0.0002,5325,0.00358,False,multiple_sclerosis
PMCH,4513,0.0002,4866,0.00512,False,multiple_sclerosis
LDB2,4514,0.0002,1632,0.02785,False,multiple_sclerosis
PLCD4,4515,0.0002,5308,0.00368,False,multiple_sclerosis
LMOD1,4516,0.0002,4605,0.00577,False,multiple_sclerosis
LPIN1,4517,0.0002,5214,0.00409,False,multiple_sclerosis
PLCD3,4518,0.0002,5293,0.00378,False,multiple_sclerosis
LPIN3,4519,0.0002,5137,0.00436,False,multiple_sclerosis
LSM12,4520,0.0002,4304,0.00653,False,multiple_sclerosis
MAP1LC3A,4521,0.0002,5175,0.00423,False,multiple_sclerosis
INTS5,4522,0.0002,3595,0.00839,False,multiple_sclerosis
INTS3,4523,0.0002,3599,0.00839,False,multiple_sclerosis
INTS2,4524,0.0002,3608,0.00836,False,multiple_sclerosis
INTS14,4525,0.0002,3755,0.00791,False,multiple_sclerosis
EAF1,4526,0.0002,2584,0.0161,False,multiple_sclerosis
DZIP3,4527,0.0002,5074,0.00454,False,multiple_sclerosis
HRG,4528,0.0002,4653,0.00563,False,multiple_sclerosis
RAD9A,4529,0.0002,4325,0.00648,False,multiple_sclerosis
HUS1,4530,0.0002,4398,0.00633,False,multiple_sclerosis
RAD17,4531,0.0002,4383,0.00638,False,multiple_sclerosis
HUWE1,4532,0.0002,4857,0.00513,False,multiple_sclerosis
IFI27,4533,0.0002,5342,0.00348,False,multiple_sclerosis
IFI35,4534,0.0002,5371,0.00336,False,multiple_sclerosis
PUM2,4535,0.0002,4726,0.00546,False,multiple_sclerosis
DLG5,4536,0.0002,5459,0.0028,False,multiple_sclerosis
DGKB,4537,0.0002,384,0.22217,False,multiple_sclerosis
DGAT1,4538,0.0002,5246,0.00395,False,multiple_sclerosis
DERA,4539,0.0002,4543,0.00594,False,multiple_sclerosis
ING4,4540,0.0002,5421,0.00309,False,multiple_sclerosis
DDX6,4541,0.0002,4274,0.0066,False,multiple_sclerosis
INTS1,4542,0.0002,3593,0.00839,False,multiple_sclerosis
INTS10,4543,0.0002,3644,0.00826,False,multiple_sclerosis
INTS11,4544,0.0002,3597,0.00839,False,multiple_sclerosis
INTS12,4545,0.0002,3724,0.00803,False,multiple_sclerosis
PRPSAP2,4546,0.0002,4084,0.00709,False,multiple_sclerosis
PRPSAP1,4547,0.0002,4067,0.00712,False,multiple_sclerosis
INTS13,4548,0.0002,3681,0.00816,False,multiple_sclerosis
C7orf26,4549,0.0002,4006,0.00727,False,multiple_sclerosis
C9orf72,4550,0.0002,4752,0.00541,False,multiple_sclerosis
MAPK6,4551,0.0002,4943,0.00496,False,multiple_sclerosis
MBOAT7,4552,0.0002,4966,0.00489,False,multiple_sclerosis
HCRT,4553,0.0002,4819,0.00525,False,multiple_sclerosis
NELFB,4554,0.0002,4140,0.00696,False,multiple_sclerosis
NAIP,4555,0.0002,4958,0.00491,False,multiple_sclerosis
PABPC4,4556,0.0002,4604,0.00577,False,multiple_sclerosis
NAMPT,4557,0.0002,4922,0.005,False,multiple_sclerosis
CCR10,4558,0.0002,5525,0.00212,False,multiple_sclerosis
CCR4,4559,0.0002,5518,0.00225,False,multiple_sclerosis
CCR5,4560,0.0002,1068,0.0448,False,multiple_sclerosis
NBN,4561,0.0002,4645,0.00566,False,multiple_sclerosis
CIPC,4562,0.0002,4760,0.0054,False,multiple_sclerosis
NCOA5,4563,0.0002,5299,0.00373,False,multiple_sclerosis
CIC,4564,0.0002,4476,0.00611,False,multiple_sclerosis
NUDT9,4565,0.0002,4268,0.00661,False,multiple_sclerosis
NUDT5,4566,0.0002,4362,0.00641,False,multiple_sclerosis
NELFCD,4567,0.0002,4256,0.00664,False,multiple_sclerosis
MID2,4568,0.0002,5010,0.00473,False,multiple_sclerosis
NFIL3,4569,0.0002,4277,0.0066,False,multiple_sclerosis
NFYA,4570,0.0002,4862,0.00513,False,multiple_sclerosis
NRP1,4571,0.0002,1534,0.02986,False,multiple_sclerosis
NFYB,4572,0.0002,4892,0.00505,False,multiple_sclerosis
NFYC,4573,0.0002,4861,0.00513,False,multiple_sclerosis
NR1I2,4574,0.0002,4456,0.00618,False,multiple_sclerosis
NR1D2,4575,0.0002,4211,0.00675,False,multiple_sclerosis
NR1D1,4576,0.0002,4072,0.0071,False,multiple_sclerosis
NPR1,4577,0.0002,5375,0.00332,False,multiple_sclerosis
NLRP1,4578,0.0002,5368,0.00337,False,multiple_sclerosis
NMRK1,4579,0.0002,4928,0.00499,False,multiple_sclerosis
NMRK2,4580,0.0002,4991,0.00482,False,multiple_sclerosis
MYL9,4581,0.0002,3804,0.00777,False,multiple_sclerosis
MYL6B,4582,0.0002,3953,0.00741,False,multiple_sclerosis
PAM,4583,0.0002,4364,0.0064,False,multiple_sclerosis
MYL6,4584,0.0002,3901,0.00751,False,multiple_sclerosis
MINPP1,4585,0.0002,4199,0.00678,False,multiple_sclerosis
PGM2,4586,0.0002,4213,0.00674,False,multiple_sclerosis
PGK2,4587,0.0002,4326,0.00648,False,multiple_sclerosis
MLLT3,4588,0.0002,2526,0.01663,False,multiple_sclerosis
PER3,4589,0.0002,4363,0.00641,False,multiple_sclerosis
PER2,4590,0.0002,4060,0.00713,False,multiple_sclerosis
PER1,4591,0.0002,4371,0.0064,False,multiple_sclerosis
MOGAT1,4592,0.0002,5319,0.00361,False,multiple_sclerosis
MPPE1,4593,0.0002,5524,0.00212,False,multiple_sclerosis
PDE9A,4594,0.0002,5053,0.0046,False,multiple_sclerosis
PDE6C,4595,0.0002,5259,0.00393,False,multiple_sclerosis
PDE6B,4596,0.0002,5189,0.00418,False,multiple_sclerosis
PDE6A,4597,0.0002,5177,0.00423,False,multiple_sclerosis
PDE1A,4598,0.0002,5176,0.00423,False,multiple_sclerosis
PDE11A,4599,0.0002,5125,0.0044,False,multiple_sclerosis
MSMB,4600,0.0002,4404,0.00631,False,multiple_sclerosis
PDE10A,4601,0.0002,5172,0.00424,False,multiple_sclerosis
PCK2,4602,0.0002,4040,0.00719,False,multiple_sclerosis
PCK1,4603,0.0002,4037,0.0072,False,multiple_sclerosis
CNN1,4604,0.0002,4130,0.00698,False,multiple_sclerosis
CLOCK,4605,0.0002,4028,0.00722,False,multiple_sclerosis
MYH10,4606,0.0002,3835,0.00766,False,multiple_sclerosis
MYH11,4607,0.0002,3717,0.00804,False,multiple_sclerosis
MYH14,4608,0.0002,4061,0.00713,False,multiple_sclerosis
MYL12B,4609,0.0002,4665,0.00559,False,multiple_sclerosis
RBFOX2,4610,0.0002,4768,0.00538,False,multiple_sclerosis
PQBP1,4611,0.0002,4629,0.0057,False,multiple_sclerosis
HACE1,4612,0.0002,4822,0.00524,False,multiple_sclerosis
GUCY2D,4613,0.0002,5396,0.00323,False,multiple_sclerosis
RNF19A,4614,0.0002,4919,0.00501,False,multiple_sclerosis
RNF144A,4615,0.0002,4868,0.00512,False,multiple_sclerosis
GALP,4616,0.0002,4480,0.0061,False,multiple_sclerosis
GALR3,4617,0.0002,4284,0.00658,False,multiple_sclerosis
RNASEL,4618,0.0002,5314,0.00364,False,multiple_sclerosis
GCH1,4619,0.0002,5112,0.00444,False,multiple_sclerosis
GHRH,4620,0.0002,4941,0.00497,False,multiple_sclerosis
GLYCTK,4621,0.0002,4118,0.00702,False,multiple_sclerosis
ELL3,4622,0.0002,2731,0.01451,False,multiple_sclerosis
BHLHE40,4623,0.0002,4131,0.00698,False,multiple_sclerosis
BHLHE41,4624,0.0002,4144,0.00695,False,multiple_sclerosis
ELL2,4625,0.0002,2682,0.01517,False,multiple_sclerosis
ELL,4626,0.0002,2642,0.01559,False,multiple_sclerosis
RFXAP,4627,0.0002,4764,0.0054,False,multiple_sclerosis
GPER1,4628,0.0002,5276,0.00385,False,multiple_sclerosis
RFXANK,4629,0.0002,4750,0.00541,False,multiple_sclerosis
RFX5,4630,0.0002,4746,0.00542,False,multiple_sclerosis
RFX1,4631,0.0002,4870,0.00511,False,multiple_sclerosis
GPR151,4632,0.0002,4848,0.00517,False,multiple_sclerosis
RNF216,4633,0.0002,4996,0.0048,False,multiple_sclerosis
RORB,4634,0.0002,4290,0.00656,False,multiple_sclerosis
RPA2,4635,0.0002,4384,0.00637,False,multiple_sclerosis
F12,4636,0.0002,4808,0.00529,False,multiple_sclerosis
BAD,4637,0.0002,5184,0.0042,False,multiple_sclerosis
FAM98A,4638,0.0002,4656,0.00562,False,multiple_sclerosis
FANCG,4639,0.0002,4496,0.00608,False,multiple_sclerosis
F9,4640,0.0002,3960,0.0074,False,multiple_sclerosis
F8,4641,0.0002,3781,0.00783,False,multiple_sclerosis
FBXL3,4642,0.0002,4778,0.00536,False,multiple_sclerosis
F5,4643,0.0002,3795,0.00781,False,multiple_sclerosis
F3,4644,0.0002,3773,0.00785,False,multiple_sclerosis
F11,4645,0.0002,4735,0.00544,False,multiple_sclerosis
RPIA,4646,0.0002,4168,0.00686,False,multiple_sclerosis
FGA,4647,0.0002,4763,0.0054,False,multiple_sclerosis
ETAA1,4648,0.0002,4586,0.0058,False,multiple_sclerosis
FRMD6,4649,0.0002,4737,0.00544,False,multiple_sclerosis
FZD4,4650,0.0002,2135,0.02006,False,multiple_sclerosis
G3BP1,4651,0.0002,4448,0.00621,False,multiple_sclerosis
G6PD,4652,0.0002,4454,0.00619,False,multiple_sclerosis
RPS4X,4653,0.0002,5101,0.00447,False,multiple_sclerosis
RPS25,4654,0.0002,5102,0.00447,False,multiple_sclerosis
BMF,4655,0.0002,5215,0.00409,False,multiple_sclerosis
NMT2,4656,0.0002,5012,0.00473,False,multiple_sclerosis
RBPJL,4657,0.0002,4798,0.00532,False,multiple_sclerosis
GUCY2F,4658,0.0002,5397,0.00321,False,multiple_sclerosis
H6PD,4659,0.0002,4357,0.00642,False,multiple_sclerosis
RBKS,4660,0.0002,4170,0.00686,False,multiple_sclerosis
RAET1L,4661,0.00019,5241,0.00398,False,multiple_sclerosis
MRPL32,4662,0.00019,4781,0.00534,False,multiple_sclerosis
MRPL33,4663,0.00019,4968,0.00489,False,multiple_sclerosis
MRPL36,4664,0.00019,4952,0.00493,False,multiple_sclerosis
SRM,4665,0.00019,3831,0.00768,False,multiple_sclerosis
MRPL9,4666,0.00019,4981,0.00486,False,multiple_sclerosis
MRPS2,4667,0.00019,1795,0.02509,False,multiple_sclerosis
MRPS6,4668,0.00019,4784,0.00534,False,multiple_sclerosis
H2AC20,4669,0.00019,5367,0.00338,False,multiple_sclerosis
RAET1G,4670,0.00019,5211,0.0041,False,multiple_sclerosis
ACAN,4671,0.00019,2015,0.02125,False,multiple_sclerosis
PCNT,4672,0.00019,3347,0.00944,False,multiple_sclerosis
CNTROB,4673,0.00019,3712,0.00806,False,multiple_sclerosis
G6PC2,4674,0.00019,5336,0.00352,False,multiple_sclerosis
RALY,4675,0.00019,4825,0.00523,False,multiple_sclerosis
CNTLN,4676,0.00019,3540,0.0086,False,multiple_sclerosis
ATRN,4677,0.00019,4709,0.0055,False,multiple_sclerosis
CLPTM1L,4678,0.00019,5208,0.00411,False,multiple_sclerosis
PAPSS2,4679,0.00019,4052,0.00715,False,multiple_sclerosis
ETHE1,4680,0.00019,4032,0.00721,False,multiple_sclerosis
MYB,4681,0.00019,5389,0.00326,False,multiple_sclerosis
SSBP3,4682,0.00019,2341,0.01802,False,multiple_sclerosis
SGCZ,4683,0.00019,3876,0.00755,False,multiple_sclerosis
PDE4DIP,4684,0.00019,5188,0.00418,False,multiple_sclerosis
UBE2E1,4685,0.00019,2815,0.01369,False,multiple_sclerosis
G6PC3,4686,0.00019,5428,0.00304,False,multiple_sclerosis
SGCG,4687,0.00019,3506,0.00876,False,multiple_sclerosis
COL14A1,4688,0.00019,5005,0.00476,False,multiple_sclerosis
MLLT10,4689,0.00019,4428,0.00627,False,multiple_sclerosis
SPICE1,4690,0.00019,3122,0.01114,False,multiple_sclerosis
SLFN12,4691,0.00019,5232,0.00401,False,multiple_sclerosis
TLE1,4692,0.00019,5181,0.00421,False,multiple_sclerosis
MMP10,4693,0.00019,5328,0.00356,False,multiple_sclerosis
MOCS2,4694,0.00019,4097,0.00706,False,multiple_sclerosis
BCL9,4695,0.00019,5264,0.00391,False,multiple_sclerosis
MOCS3,4696,0.00019,5024,0.00469,False,multiple_sclerosis
BCL7B,4697,0.00019,4670,0.00559,False,multiple_sclerosis
PDX1,4698,0.00019,4906,0.00503,False,multiple_sclerosis
EDF1,4699,0.00019,5002,0.00477,False,multiple_sclerosis
PDIA6,4700,0.00019,5159,0.00429,False,multiple_sclerosis
MOGAT2,4701,0.00019,5414,0.00312,False,multiple_sclerosis
ALG2,4702,0.00019,5302,0.00372,False,multiple_sclerosis
H2AC18,4703,0.00019,5365,0.0034,False,multiple_sclerosis
MRPL17,4704,0.00019,4864,0.00512,False,multiple_sclerosis
MRPL19,4705,0.00019,4890,0.00505,False,multiple_sclerosis
MRPL20,4706,0.00019,4789,0.00533,False,multiple_sclerosis
RAD54L2,4707,0.00019,5023,0.0047,False,multiple_sclerosis
SQOR,4708,0.00019,4492,0.00608,False,multiple_sclerosis
MRPL27,4709,0.00019,4896,0.00504,False,multiple_sclerosis
WWP1,4710,0.00019,1276,0.03645,False,multiple_sclerosis
PAPSS1,4711,0.00019,4068,0.00712,False,multiple_sclerosis
SGCE,4712,0.00019,3522,0.0087,False,multiple_sclerosis
PAOX,4713,0.00019,3784,0.00783,False,multiple_sclerosis
PGM5,4714,0.00019,4478,0.00611,False,multiple_sclerosis
H2BC21,4715,0.00019,5357,0.00342,False,multiple_sclerosis
NELFE,4716,0.00019,4609,0.00575,False,multiple_sclerosis
NTSR1,4717,0.00019,4852,0.00515,False,multiple_sclerosis
NSUN5,4718,0.00019,4699,0.00553,False,multiple_sclerosis
SAT2,4719,0.00019,3807,0.00776,False,multiple_sclerosis
EAF2,4720,0.00019,4623,0.00571,False,multiple_sclerosis
ZNF217,4721,0.00019,4992,0.00481,False,multiple_sclerosis
USP28,4722,0.00019,5240,0.00398,False,multiple_sclerosis
CEP192,4723,0.00019,3910,0.0075,False,multiple_sclerosis
TACC1,4724,0.00019,3431,0.00907,False,multiple_sclerosis
NR2E1,4725,0.00019,5359,0.00341,False,multiple_sclerosis
CEP164,4726,0.00019,3704,0.00809,False,multiple_sclerosis
AOC1,4727,0.00019,3975,0.00735,False,multiple_sclerosis
ZNF652,4728,0.00019,5247,0.00395,False,multiple_sclerosis
ZNF653,4729,0.00019,5107,0.00446,False,multiple_sclerosis
CEP135,4730,0.00019,3606,0.00836,False,multiple_sclerosis
CENPJ,4731,0.00019,3509,0.00876,False,multiple_sclerosis
NPVF,4732,0.00019,4876,0.00509,False,multiple_sclerosis
SCT,4733,0.00019,4547,0.00593,False,multiple_sclerosis
SYVN1,4734,0.00019,2154,0.01986,False,multiple_sclerosis
ZUP1,4735,0.00019,5152,0.0043,False,multiple_sclerosis
SCUBE1,4736,0.00019,5046,0.00462,False,multiple_sclerosis
FABP6,4737,0.00019,5185,0.00419,False,multiple_sclerosis
SASS6,4738,0.00019,3992,0.0073,False,multiple_sclerosis
BAZ1B,4739,0.00019,4501,0.00606,False,multiple_sclerosis
UTRN,4740,0.00019,3549,0.00853,False,multiple_sclerosis
APC2,4741,0.00019,5109,0.00445,False,multiple_sclerosis
SGCD,4742,0.00019,3478,0.00884,False,multiple_sclerosis
SGCB,4743,0.00019,3662,0.00821,False,multiple_sclerosis
SGCA,4744,0.00019,3477,0.00884,False,multiple_sclerosis
CLEC4C,4745,0.00019,707,0.08484,False,multiple_sclerosis
TEAD4,4746,0.00019,5331,0.00354,False,multiple_sclerosis
TEAD1,4747,0.00019,5315,0.00364,False,multiple_sclerosis
FERMT3,4748,0.00019,5374,0.00333,False,multiple_sclerosis
CLCN7,4749,0.00019,5075,0.00454,False,multiple_sclerosis
ZBTB47,4750,0.00019,5320,0.00361,False,multiple_sclerosis
RASA4,4751,0.00019,5330,0.00354,False,multiple_sclerosis
OTUB1,4752,0.00019,4971,0.00488,False,multiple_sclerosis
TBL2,4753,0.00019,4320,0.00649,False,multiple_sclerosis
RASGRP2,4754,0.00019,5199,0.00413,False,multiple_sclerosis
ODC1,4755,0.00019,3791,0.00781,False,multiple_sclerosis
NDEL1,4756,0.00019,5381,0.00328,False,multiple_sclerosis
OCM2,4757,0.00019,5347,0.00347,False,multiple_sclerosis
OCM,4758,0.00019,5402,0.0032,False,multiple_sclerosis
TCF4,4759,0.00019,5411,0.00315,False,multiple_sclerosis
TCF25,4760,0.00019,4696,0.00553,False,multiple_sclerosis
CHRNA1,4761,0.00019,1506,0.03039,False,multiple_sclerosis
CHMP1A,4762,0.00019,5198,0.00414,False,multiple_sclerosis
CD33,4763,0.00019,5289,0.0038,False,multiple_sclerosis
BRS3,4764,0.00019,5049,0.0046,False,multiple_sclerosis
MLNR,4765,0.00019,3931,0.00745,False,multiple_sclerosis
TREM2,4766,0.00019,3102,0.01134,False,multiple_sclerosis
SNTB1,4767,0.00019,3896,0.00753,False,multiple_sclerosis
GPC4,4768,0.00019,4875,0.00509,False,multiple_sclerosis
PROX1,4769,0.00019,4953,0.00493,False,multiple_sclerosis
KLF4,4770,0.00019,5250,0.00394,False,multiple_sclerosis
POC5,4771,0.00019,3746,0.00795,False,multiple_sclerosis
GHSR,4772,0.00019,4189,0.0068,False,multiple_sclerosis
PYY,4773,0.00019,4931,0.00499,False,multiple_sclerosis
GCKR,4774,0.00019,5358,0.00342,False,multiple_sclerosis
SNTB2,4775,0.00019,4430,0.00627,False,multiple_sclerosis
AGRP,4776,0.00019,4725,0.00547,False,multiple_sclerosis
SNTG1,4777,0.00019,4385,0.00637,False,multiple_sclerosis
SNTG2,4778,0.00019,4452,0.00619,False,multiple_sclerosis
PMF1-BGLAP,4779,0.00019,4113,0.00703,False,multiple_sclerosis
AGMAT,4780,0.00019,3928,0.00746,False,multiple_sclerosis
PRDM14,4781,0.00019,5346,0.00347,False,multiple_sclerosis
UHRF1,4782,0.00019,4850,0.00516,False,multiple_sclerosis
AGMO,4783,0.00019,5372,0.00334,False,multiple_sclerosis
KIAA0586,4784,0.00019,3322,0.00968,False,multiple_sclerosis
GPC1,4785,0.00019,5054,0.0046,False,multiple_sclerosis
CSNK2B,4786,0.00019,5437,0.00299,False,multiple_sclerosis
KDM1A,4787,0.00019,1840,0.02411,False,multiple_sclerosis
PPY,4788,0.00019,4446,0.00621,False,multiple_sclerosis
SMS,4789,0.00019,4599,0.00578,False,multiple_sclerosis
PYGO1,4790,0.00019,5266,0.00389,False,multiple_sclerosis
ELOA,4791,0.00019,4634,0.00568,False,multiple_sclerosis
PYGO2,4792,0.00019,5195,0.00416,False,multiple_sclerosis
ATOH1,4793,0.00019,5399,0.00321,False,multiple_sclerosis
PPP1R1B,4794,0.00019,5400,0.0032,False,multiple_sclerosis
GLYATL1,4795,0.00019,4524,0.00601,False,multiple_sclerosis
CYP8B1,4796,0.00019,4698,0.00553,False,multiple_sclerosis
CYP27A1,4797,0.00019,5158,0.00429,False,multiple_sclerosis
SMOX,4798,0.00019,4316,0.0065,False,multiple_sclerosis
GLIS2,4799,0.00019,5297,0.00374,False,multiple_sclerosis
EIF4H,4800,0.00019,4812,0.00528,False,multiple_sclerosis
TRIM50,4801,0.00019,4646,0.00566,False,multiple_sclerosis
POU4F3,4802,0.00019,5113,0.00444,False,multiple_sclerosis
QTRT1,4803,0.00019,5343,0.00348,False,multiple_sclerosis
PMF1,4804,0.00019,4102,0.00705,False,multiple_sclerosis
PRDM16,4805,0.00019,4703,0.00552,False,multiple_sclerosis
COL8A1,4806,0.00019,4942,0.00496,False,multiple_sclerosis
DERL2,4807,0.00019,2263,0.01865,False,multiple_sclerosis
MC3R,4808,0.00019,4975,0.00488,False,multiple_sclerosis
ICE2,4809,0.00019,4616,0.00575,False,multiple_sclerosis
DGKA,4810,0.00019,5278,0.00384,False,multiple_sclerosis
COL4A4,4811,0.00019,4542,0.00595,False,multiple_sclerosis
AKAP7,4812,0.00019,5344,0.00347,False,multiple_sclerosis
AKAP12,4813,0.00019,5408,0.00317,False,multiple_sclerosis
DGKZ,4814,0.00019,5466,0.00278,False,multiple_sclerosis
C2CD3,4815,0.00019,3834,0.00766,False,multiple_sclerosis
HCST,4816,0.00019,4743,0.00542,False,multiple_sclerosis
LYL1,4817,0.00019,5220,0.00407,False,multiple_sclerosis
DEFB103B,4818,0.00019,4957,0.00492,False,multiple_sclerosis
COL2A1,4819,0.00019,1852,0.02387,False,multiple_sclerosis
SOS1,4820,0.00019,2134,0.02006,False,multiple_sclerosis
CBFA2T2,4821,0.00019,5079,0.00453,False,multiple_sclerosis
GPR39,4822,0.00019,4548,0.00592,False,multiple_sclerosis
RNF128,4823,0.00019,5149,0.00432,False,multiple_sclerosis
LILRB1,4824,0.00019,5131,0.00439,False,multiple_sclerosis
LIMK1,4825,0.00019,4590,0.0058,False,multiple_sclerosis
COL18A1,4826,0.00019,4568,0.00586,False,multiple_sclerosis
MECP2,4827,0.00019,2545,0.01649,False,multiple_sclerosis
DNMT3L,4828,0.00019,4767,0.00539,False,multiple_sclerosis
BIRC6,4829,0.00019,5126,0.0044,False,multiple_sclerosis
DOT1L,4830,0.00019,4535,0.00598,False,multiple_sclerosis
VANGL2,4831,0.00019,1272,0.03665,False,multiple_sclerosis
ADCY1,4832,0.00019,5409,0.00317,False,multiple_sclerosis
GPHN,4833,0.00019,4327,0.00648,False,multiple_sclerosis
ADCY2,4834,0.00019,5426,0.00307,False,multiple_sclerosis
BCORL1,4835,0.00019,5364,0.0034,False,multiple_sclerosis
TTC8,4836,0.00018,3048,0.01173,False,multiple_sclerosis
IGFBP3,4837,0.00018,4504,0.00605,False,multiple_sclerosis
GNG11,4838,0.00018,4923,0.005,False,multiple_sclerosis
VCP,4839,0.00018,3707,0.00808,False,multiple_sclerosis
FAF2,4840,0.00018,3148,0.0108,False,multiple_sclerosis
GNG13,4841,0.00018,5203,0.00412,False,multiple_sclerosis
GNG7,4842,0.00018,5249,0.00395,False,multiple_sclerosis
GPS1,4843,0.00018,4679,0.00556,False,multiple_sclerosis
GNGT2,4844,0.00018,5027,0.00467,False,multiple_sclerosis
NEUROG1,4845,0.00018,4804,0.0053,False,multiple_sclerosis
NEUROG2,4846,0.00018,4602,0.00577,False,multiple_sclerosis
TWIST1,4847,0.00018,4092,0.00707,False,multiple_sclerosis
DLX5,4848,0.00018,4093,0.00706,False,multiple_sclerosis
EDN3,4849,0.00018,5390,0.00325,False,multiple_sclerosis
IGFBP4,4850,0.00018,3541,0.00859,False,multiple_sclerosis
IGFBP5,4851,0.00018,3538,0.0086,False,multiple_sclerosis
UBXN8,4852,0.00018,3853,0.00762,False,multiple_sclerosis
CEP85,4853,0.00018,4200,0.00678,False,multiple_sclerosis
ERCC4,4854,0.00018,4989,0.00483,False,multiple_sclerosis
IGF1,4855,0.00018,3842,0.00765,False,multiple_sclerosis
COPS6,4856,0.00018,4687,0.00556,False,multiple_sclerosis
LHFPL6,4857,0.00018,3830,0.00769,False,multiple_sclerosis
GAST,4858,0.00018,1753,0.0258,False,multiple_sclerosis
COPS9,4859,0.00018,4689,0.00556,False,multiple_sclerosis
COPS8,4860,0.00018,4681,0.00556,False,multiple_sclerosis
COPS7B,4861,0.00018,4685,0.00556,False,multiple_sclerosis
COPS7A,4862,0.00018,4688,0.00556,False,multiple_sclerosis
TNNI3,4863,0.00018,4583,0.00581,False,multiple_sclerosis
MPHOSPH8,4864,0.00018,2062,0.02084,False,multiple_sclerosis
IFT27,4865,0.00018,3534,0.00863,False,multiple_sclerosis
COPS4,4866,0.00018,4680,0.00556,False,multiple_sclerosis
COPS2,4867,0.00018,4686,0.00556,False,multiple_sclerosis
EDN1,4868,0.00018,5307,0.00369,False,multiple_sclerosis
EPO,4869,0.00018,5522,0.00215,False,multiple_sclerosis
ERCC1,4870,0.00018,4734,0.00544,False,multiple_sclerosis
IBSP,4871,0.00018,4897,0.00504,False,multiple_sclerosis
ERLIN2,4872,0.00018,3610,0.00835,False,multiple_sclerosis
LGALS13,4873,0.00018,3906,0.00751,False,multiple_sclerosis
MRVI1,4874,0.00018,5130,0.00439,False,multiple_sclerosis
FOXG1,4875,0.00018,4744,0.00542,False,multiple_sclerosis
ETNK1,4876,0.00018,3937,0.00745,False,multiple_sclerosis
TSNAX,4877,0.00018,5332,0.00354,False,multiple_sclerosis
UFD1,4878,0.00018,3156,0.01074,False,multiple_sclerosis
ADAM12,4879,0.00018,4664,0.0056,False,multiple_sclerosis
CITED2,4880,0.00018,4074,0.0071,False,multiple_sclerosis
DSE,4881,0.00018,906,0.05632,False,multiple_sclerosis
FEZF2,4882,0.00018,4366,0.0064,False,multiple_sclerosis
AFP,4883,0.00018,4503,0.00605,False,multiple_sclerosis
HTR7,4884,0.00018,5083,0.00452,False,multiple_sclerosis
FGFR2,4885,0.00018,4758,0.0054,False,multiple_sclerosis
EMC1,4886,0.00018,3400,0.00916,False,multiple_sclerosis
TERF2IP,4887,0.00018,4162,0.00687,False,multiple_sclerosis
FGFR3,4888,0.00018,4753,0.00541,False,multiple_sclerosis
ERLIN1,4889,0.00018,3546,0.00857,False,multiple_sclerosis
EMC2,4890,0.00018,3479,0.00884,False,multiple_sclerosis
EMC3,4891,0.00018,3390,0.00921,False,multiple_sclerosis
COPS3,4892,0.00018,4683,0.00556,False,multiple_sclerosis
THEMIS,4893,0.00018,4799,0.00531,False,multiple_sclerosis
ASCL1,4894,0.00018,4659,0.0056,False,multiple_sclerosis
NSRP1,4895,0.00018,1333,0.03496,False,multiple_sclerosis
BBS9,4896,0.00018,3014,0.01196,False,multiple_sclerosis
RASGRP3,4897,0.00018,587,0.12573,False,multiple_sclerosis
BBS1,4898,0.00018,3045,0.01176,False,multiple_sclerosis
SLC45A2,4899,0.00018,1740,0.02597,False,multiple_sclerosis
APLNR,4900,0.00018,5105,0.00446,False,multiple_sclerosis
SHOX,4901,0.00018,4606,0.00577,False,multiple_sclerosis
POLN,4902,0.00018,5006,0.00475,False,multiple_sclerosis
RAB27A,4903,0.00018,1963,0.02213,False,multiple_sclerosis
BBIP1,4904,0.00018,3330,0.00961,False,multiple_sclerosis
PPP6C,4905,0.00018,5427,0.00304,False,multiple_sclerosis
BMP4,4906,0.00018,4420,0.00628,False,multiple_sclerosis
OCA2,4907,0.00018,1798,0.02503,False,multiple_sclerosis
BBS5,4908,0.00018,3037,0.0118,False,multiple_sclerosis
BMP7,4909,0.00018,4772,0.00538,False,multiple_sclerosis
SOX11,4910,0.00018,4460,0.00616,False,multiple_sclerosis
SOX13,4911,0.00018,4146,0.00694,False,multiple_sclerosis
SOX9,4912,0.00018,3759,0.00789,False,multiple_sclerosis
SOX6,4913,0.00018,3507,0.00876,False,multiple_sclerosis
BBS10,4914,0.00018,3577,0.00845,False,multiple_sclerosis
SATB2,4915,0.00018,4636,0.00568,False,multiple_sclerosis
PPP6R1,4916,0.00018,5448,0.00293,False,multiple_sclerosis
BBS12,4917,0.00018,3565,0.00847,False,multiple_sclerosis
RLIM,4918,0.00018,4771,0.00538,False,multiple_sclerosis
NPLOC4,4919,0.00018,3155,0.01074,False,multiple_sclerosis
BBS7,4920,0.00018,3024,0.0119,False,multiple_sclerosis
SIX3,4921,0.00018,4611,0.00575,False,multiple_sclerosis
PTGDR2,4922,0.00018,5323,0.0036,False,multiple_sclerosis
PSMD10,4923,0.00018,5537,0.00194,False,multiple_sclerosis
BBS4,4924,0.00018,3031,0.01182,False,multiple_sclerosis
PAX9,4925,0.00018,4658,0.0056,False,multiple_sclerosis
PRG2,4926,0.00018,3476,0.00884,False,multiple_sclerosis
PREX1,4927,0.00018,5120,0.00441,False,multiple_sclerosis
PPP6R3,4928,0.00018,5527,0.00209,False,multiple_sclerosis
PPP6R2,4929,0.00018,5452,0.00288,False,multiple_sclerosis
SLC6A20,4930,0.00018,3235,0.01021,False,multiple_sclerosis
BBS2,4931,0.00018,3018,0.01193,False,multiple_sclerosis
XIRP2,4932,0.00017,4350,0.00643,False,multiple_sclerosis
CLIC5,4933,0.00017,4266,0.00662,False,multiple_sclerosis
MARCHF1,4934,0.00017,3962,0.00739,False,multiple_sclerosis
MARCHF4,4935,0.00017,3914,0.00749,False,multiple_sclerosis
MARCHF8,4936,0.00017,3556,0.00851,False,multiple_sclerosis
MARCHF9,4937,0.00017,4042,0.00719,False,multiple_sclerosis
FZD1,4938,0.00017,3301,0.00977,False,multiple_sclerosis
ARHGAP21,4939,0.00017,4136,0.00697,False,multiple_sclerosis
FZD10,4940,0.00017,3775,0.00784,False,multiple_sclerosis
PHLDB2,4941,0.00017,4262,0.00663,False,multiple_sclerosis
DVL3,4942,0.00017,3355,0.00939,False,multiple_sclerosis
FSCN2,4943,0.00017,4394,0.00634,False,multiple_sclerosis
ARMC8,4944,0.00017,3869,0.00757,False,multiple_sclerosis
FOXP1-2,4945,0.00017,5350,0.00346,False,multiple_sclerosis
FOXP1,4946,0.00017,5395,0.00323,False,multiple_sclerosis
SRGAP1,4947,0.00017,4400,0.00632,False,multiple_sclerosis
FZD2,4948,0.00017,3443,0.00901,False,multiple_sclerosis
SPSB2,4949,0.00017,5337,0.00352,False,multiple_sclerosis
GRXCR2,4950,0.00017,4089,0.00708,False,multiple_sclerosis
DVL2,4951,0.00017,3353,0.00941,False,multiple_sclerosis
CRMP1,4952,0.00017,5225,0.00405,False,multiple_sclerosis
IL1RAPL1,4953,0.00017,4978,0.00487,False,multiple_sclerosis
IL36B,4954,0.00017,5180,0.00422,False,multiple_sclerosis
UBA3,4955,0.00017,3528,0.00866,False,multiple_sclerosis
RGS7,4956,0.00017,5290,0.0038,False,multiple_sclerosis
PTGER2,4957,0.00017,5095,0.00449,False,multiple_sclerosis
PTGER1,4958,0.00017,5055,0.00459,False,multiple_sclerosis
TWF1,4959,0.00017,4470,0.00614,False,multiple_sclerosis
RMND5B,4960,0.00017,4197,0.00678,False,multiple_sclerosis
AFF3,4961,0.00017,663,0.09732,False,multiple_sclerosis
DAOA,4962,0.00017,5260,0.00392,False,multiple_sclerosis
DAAM1,4963,0.00017,4241,0.00668,False,multiple_sclerosis
WDR26,4964,0.00017,3544,0.00857,False,multiple_sclerosis
GATM,4965,0.00017,5277,0.00384,False,multiple_sclerosis
BTN3A1,4966,0.00017,5354,0.00344,False,multiple_sclerosis
PNP,4967,0.00017,4494,0.00608,False,multiple_sclerosis
UPRT,4968,0.00017,4787,0.00533,False,multiple_sclerosis
KPNA6,4969,0.00017,5339,0.0035,False,multiple_sclerosis
ATE1,4970,0.00017,5174,0.00423,False,multiple_sclerosis
KPNA7,4971,0.00017,5233,0.00401,False,multiple_sclerosis
EPB41L1,4972,0.00017,4472,0.00612,False,multiple_sclerosis
TPRN,4973,0.00017,4163,0.00687,False,multiple_sclerosis
ROBO4,4974,0.00017,3772,0.00785,False,multiple_sclerosis
WNT11,4975,0.00017,3362,0.00933,False,multiple_sclerosis
ROR1,4976,0.00017,3266,0.01003,False,multiple_sclerosis
WNT5A,4977,0.00017,3131,0.01099,False,multiple_sclerosis
GRXCR1,4978,0.00017,4283,0.00659,False,multiple_sclerosis
FZD8,4979,0.00017,3568,0.00846,False,multiple_sclerosis
FZD7,4980,0.00017,3560,0.0085,False,multiple_sclerosis
FZD5,4981,0.00017,3526,0.00867,False,multiple_sclerosis
MAGED1,4982,0.00017,4902,0.00504,False,multiple_sclerosis
HAL,4983,0.00017,4950,0.00494,False,multiple_sclerosis
MARCHF2,4984,0.00017,4270,0.00661,False,multiple_sclerosis
RGS7BP,4985,0.00017,5179,0.00422,False,multiple_sclerosis
OTC,4986,0.00017,5268,0.00388,False,multiple_sclerosis
NTN4,4987,0.00017,5059,0.00458,False,multiple_sclerosis
VANGL1,4988,0.00017,3334,0.00956,False,multiple_sclerosis
ANKS1A,4989,0.00017,1411,0.03282,False,multiple_sclerosis
NEO1,4990,0.00017,5245,0.00395,False,multiple_sclerosis
ANKRD6,4991,0.00017,3778,0.00784,False,multiple_sclerosis
NKX6-2,4992,0.00017,4811,0.00529,False,multiple_sclerosis
NKX6-1,4993,0.00017,4814,0.00528,False,multiple_sclerosis
FEM1A,4994,0.00017,5447,0.00294,False,multiple_sclerosis
MYO7A,4995,0.00017,4333,0.00646,False,multiple_sclerosis
CELSR1,4996,0.00017,4046,0.00717,False,multiple_sclerosis
NOS3,4997,0.00017,5287,0.00381,False,multiple_sclerosis
MGAT3,4998,0.00016,3997,0.00729,False,multiple_sclerosis
PLXND1,4999,0.00016,4318,0.00649,False,multiple_sclerosis
PLXNA3,5000,0.00016,3752,0.00794,False,multiple_sclerosis
PLXNA4,5001,0.00016,3584,0.00842,False,multiple_sclerosis
PLXNC1,5002,0.00016,4329,0.00647,False,multiple_sclerosis
SOX7,5003,0.00016,3524,0.00869,False,multiple_sclerosis
RP1L1,5004,0.00016,3315,0.0097,False,multiple_sclerosis
HLA-C,5005,0.00016,1672,0.02704,False,multiple_sclerosis
MAST3,5006,0.00016,4669,0.00559,False,multiple_sclerosis
HGF,5007,0.00016,4747,0.00541,False,multiple_sclerosis
CTBP1,5008,0.00016,772,0.07186,False,multiple_sclerosis
EDAR,5009,0.00016,4630,0.00569,False,multiple_sclerosis
LMO4,5010,0.00016,650,0.10047,False,multiple_sclerosis
LPAR2,5011,0.00016,4055,0.00714,False,multiple_sclerosis
MGAT4A,5012,0.00016,3828,0.00769,False,multiple_sclerosis
SOBP,5013,0.00016,4360,0.00641,False,multiple_sclerosis
LRMDA,5014,0.00016,5061,0.00458,False,multiple_sclerosis
RAPGEF6,5015,0.00016,4073,0.0071,False,multiple_sclerosis
KCNN1,5016,0.00016,4442,0.00623,False,multiple_sclerosis
CFL1,5017,0.00016,1553,0.02947,False,multiple_sclerosis
MGAT2,5018,0.00016,4626,0.0057,False,multiple_sclerosis
MAGI1,5019,0.00016,3946,0.00743,False,multiple_sclerosis
MAGI2,5020,0.00016,3952,0.00741,False,multiple_sclerosis
FUT2,5021,0.00016,244,0.28037,False,multiple_sclerosis
MGAT4D,5022,0.00016,4103,0.00705,False,multiple_sclerosis
MGAT4C,5023,0.00016,3983,0.00733,False,multiple_sclerosis
MGAT4B,5024,0.00016,3822,0.0077,False,multiple_sclerosis
KCNN3,5025,0.00016,4449,0.00621,False,multiple_sclerosis
KCNU1,5026,0.00016,4473,0.00612,False,multiple_sclerosis
FLRT3,5027,0.00016,2781,0.01403,False,multiple_sclerosis
KCNMB1,5028,0.00016,4451,0.00619,False,multiple_sclerosis
DCLRE1B,5029,0.00016,388,0.22188,False,multiple_sclerosis
ANXA2,5030,0.00016,1919,0.02292,False,multiple_sclerosis
KCNMB4,5031,0.00016,4440,0.00625,False,multiple_sclerosis
NME8,5032,0.00016,4169,0.00686,False,multiple_sclerosis
GLRX2,5033,0.00016,3780,0.00783,False,multiple_sclerosis
CACNG6,5034,0.00016,5484,0.00264,False,multiple_sclerosis
CCL5,5035,0.00016,824,0.06423,False,multiple_sclerosis
TRIP10,5036,0.00016,4610,0.00575,False,multiple_sclerosis
EHD1,5037,0.00016,4648,0.00565,False,multiple_sclerosis
COBLL1,5038,0.00016,4186,0.00681,False,multiple_sclerosis
COBL,5039,0.00016,4003,0.00727,False,multiple_sclerosis
ENSP00000483415,5040,0.00016,4886,0.00506,False,multiple_sclerosis
PACSIN2,5041,0.00016,3809,0.00776,False,multiple_sclerosis
MYO1C,5042,0.00016,1528,0.02998,False,multiple_sclerosis
MSRB1,5043,0.00016,3377,0.00927,False,multiple_sclerosis
GNAL,5044,0.00016,2866,0.0132,False,multiple_sclerosis
PACSIN3,5045,0.00016,3782,0.00783,False,multiple_sclerosis
DGKI,5046,0.00016,5248,0.00395,False,multiple_sclerosis
MSRB2,5047,0.00016,3253,0.01012,False,multiple_sclerosis
MSRB3,5048,0.00016,3224,0.01027,False,multiple_sclerosis
KCNMB3,5049,0.00016,4513,0.00603,False,multiple_sclerosis
EVL,5050,0.00016,3990,0.0073,False,multiple_sclerosis
GLRX,5051,0.00016,3417,0.0091,False,multiple_sclerosis
AUTS2,5052,0.00015,5282,0.00383,False,multiple_sclerosis
SLC6A8,5053,0.00015,3905,0.00751,False,multiple_sclerosis
COL9A1,5054,0.00015,3448,0.00898,False,multiple_sclerosis
DERL1,5055,0.00015,4790,0.00533,False,multiple_sclerosis
COL9A2,5056,0.00015,3646,0.00825,False,multiple_sclerosis
AUP1,5057,0.00015,4464,0.00616,False,multiple_sclerosis
DRC3,5058,0.00015,3188,0.01052,False,multiple_sclerosis
CCBE1,5059,0.00015,4949,0.00494,False,multiple_sclerosis
IQCG,5060,0.00015,3216,0.0103,False,multiple_sclerosis
DRC7,5061,0.00015,2931,0.01256,False,multiple_sclerosis
VGLL1,5062,0.00015,4837,0.0052,False,multiple_sclerosis
MYO3A,5063,0.00015,4775,0.00537,False,multiple_sclerosis
VASP,5064,0.00015,2400,0.01753,False,multiple_sclerosis
VGLL4,5065,0.00015,4493,0.00608,False,multiple_sclerosis
CADPS2,5066,0.00015,5204,0.00412,False,multiple_sclerosis
EDIL3,5067,0.00015,3986,0.00731,False,multiple_sclerosis
EFEMP2,5068,0.00015,4993,0.00481,False,multiple_sclerosis
CSH2,5069,0.00015,5009,0.00473,False,multiple_sclerosis
GAS8,5070,0.00015,3063,0.0116,False,multiple_sclerosis
SLC39A7,5071,0.00015,1508,0.0303,False,multiple_sclerosis
CCDC65,5072,0.00015,3036,0.0118,False,multiple_sclerosis
MYO6,5073,0.00015,4774,0.00537,False,multiple_sclerosis
FHIT,5074,0.00015,544,0.14777,False,multiple_sclerosis
MYO1A,5075,0.00015,4773,0.00537,False,multiple_sclerosis
ALDH7A1,5076,0.00015,1193,0.03962,False,multiple_sclerosis
DYRK1A,5077,0.00015,5432,0.00302,False,multiple_sclerosis
COL11A2,5078,0.00015,4044,0.00718,False,multiple_sclerosis
TCP10,5079,0.00015,2951,0.01244,False,multiple_sclerosis
PDLIM4,5080,0.00015,4700,0.00552,False,multiple_sclerosis
CCN2,5081,0.00015,5167,0.00425,False,multiple_sclerosis
COL11A1,5082,0.00015,3536,0.00861,False,multiple_sclerosis
TCTE3,5083,0.00015,2933,0.01255,False,multiple_sclerosis
DYNLT1,5084,0.00015,3059,0.01164,False,multiple_sclerosis
USP33,5085,0.00015,3935,0.00745,False,multiple_sclerosis
FBLN5,5086,0.00015,5117,0.00442,False,multiple_sclerosis
GGA1,5087,0.00014,1886,0.02354,False,multiple_sclerosis
DNASE1,5088,0.00014,1891,0.02354,False,multiple_sclerosis
KCNK1,5089,0.00014,3972,0.00736,False,multiple_sclerosis
ACOXL,5090,0.00014,689,0.08997,False,multiple_sclerosis
THAP9,5091,0.00014,1872,0.02354,False,multiple_sclerosis
TAFA4,5092,0.00014,1875,0.02354,False,multiple_sclerosis
TPCN1,5093,0.00014,4497,0.00606,False,multiple_sclerosis
ZNF354A,5094,0.00014,1874,0.02354,False,multiple_sclerosis
LILRA4,5095,0.00014,5349,0.00346,False,multiple_sclerosis
UNC5B,5096,0.00014,5379,0.00329,False,multiple_sclerosis
RNASEH2A,5097,0.00014,4166,0.00686,False,multiple_sclerosis
SLC1A1,5098,0.00014,3863,0.0076,False,multiple_sclerosis
TOX2,5099,0.00014,1882,0.02354,False,multiple_sclerosis
SPINDOC,5100,0.00014,1889,0.02354,False,multiple_sclerosis
LRIT1,5101,0.00014,1867,0.02354,False,multiple_sclerosis
LRIT2,5102,0.00014,1865,0.02354,False,multiple_sclerosis
DAP,5103,0.00014,1883,0.02354,False,multiple_sclerosis
SPIN3,5104,0.00014,1878,0.02354,False,multiple_sclerosis
KCNK10,5105,0.00014,4001,0.00729,False,multiple_sclerosis
NEUROD1,5106,0.00014,3723,0.00803,False,multiple_sclerosis
RNASEH2B,5107,0.00014,4218,0.00674,False,multiple_sclerosis
ESX1,5108,0.00014,4104,0.00705,False,multiple_sclerosis
POPDC2,5109,0.00014,4788,0.00533,False,multiple_sclerosis
ARHGAP15,5110,0.00014,1876,0.02354,False,multiple_sclerosis
ZNF461,5111,0.00014,1884,0.02354,False,multiple_sclerosis
ETV3,5112,0.00014,1873,0.02354,False,multiple_sclerosis
HECW1,5113,0.00014,5037,0.00464,False,multiple_sclerosis
SUFU,5114,0.00014,3208,0.01041,False,multiple_sclerosis
BRK1,5115,0.00014,1869,0.02354,False,multiple_sclerosis
POU2F3,5116,0.00014,4255,0.00664,False,multiple_sclerosis
TDG,5117,0.00014,5063,0.00457,False,multiple_sclerosis
NEUROG3,5118,0.00014,3729,0.00802,False,multiple_sclerosis
LRRTM2,5119,0.00014,1892,0.02354,False,multiple_sclerosis
KRT76,5120,0.00014,4248,0.00666,False,multiple_sclerosis
SLC11A2,5121,0.00014,5078,0.00453,False,multiple_sclerosis
RNASEH2C,5122,0.00014,4160,0.00687,False,multiple_sclerosis
LCT,5123,0.00014,5515,0.00229,False,multiple_sclerosis
KCNK4,5124,0.00014,4581,0.00582,False,multiple_sclerosis
SPRR2B,5125,0.00014,3865,0.00759,False,multiple_sclerosis
SPRR2A,5126,0.00014,3861,0.00761,False,multiple_sclerosis
DNASE2,5127,0.00014,1895,0.02354,False,multiple_sclerosis
UNC5A,5128,0.00014,543,0.14789,False,multiple_sclerosis
DAPK1,5129,0.00014,1881,0.02354,False,multiple_sclerosis
SRY,5130,0.00014,1862,0.02354,False,multiple_sclerosis
ATXN1,5131,0.00014,185,0.30348,False,multiple_sclerosis
CEMIP2,5132,0.00014,1894,0.02354,False,multiple_sclerosis
PHACTR3,5133,0.00014,1864,0.02354,False,multiple_sclerosis
CAPZA1,5134,0.00014,3373,0.00929,False,multiple_sclerosis
INHA,5135,0.00014,3744,0.00796,False,multiple_sclerosis
GTDC1,5136,0.00014,1896,0.02354,False,multiple_sclerosis
TBP,5137,0.00014,4347,0.00644,False,multiple_sclerosis
NXPE1,5138,0.00014,1879,0.02354,False,multiple_sclerosis
GSN,5139,0.00014,3965,0.00738,False,multiple_sclerosis
CHRD,5140,0.00014,1880,0.02354,False,multiple_sclerosis
NXPE4,5141,0.00014,1897,0.02354,False,multiple_sclerosis
C1S,5142,0.00014,437,0.20422,False,multiple_sclerosis
SAMHD1,5143,0.00014,4026,0.00722,False,multiple_sclerosis
MFSD9,5144,0.00014,1863,0.02354,False,multiple_sclerosis
VWC2,5145,0.00014,1866,0.02354,False,multiple_sclerosis
MFSD6,5146,0.00014,1893,0.02354,False,multiple_sclerosis
TET1,5147,0.00014,5144,0.00433,False,multiple_sclerosis
TMOD4,5148,0.00014,3299,0.00978,False,multiple_sclerosis
CCDC91,5149,0.00014,1887,0.02354,False,multiple_sclerosis
ELF4,5150,0.00014,3339,0.00951,False,multiple_sclerosis
MCOLN1,5151,0.00014,5146,0.00432,False,multiple_sclerosis
CGAS,5152,0.00014,4843,0.00518,False,multiple_sclerosis
GPR152,5153,0.00014,3523,0.0087,False,multiple_sclerosis
SSBP2,5154,0.00014,4531,0.006,False,multiple_sclerosis
DMRT2,5155,0.00014,1877,0.02354,False,multiple_sclerosis
FRG2C,5156,0.00014,1871,0.02354,False,multiple_sclerosis
CAPZA2,5157,0.00014,3317,0.0097,False,multiple_sclerosis
CAPZB,5158,0.00014,3360,0.00935,False,multiple_sclerosis
BVES,5159,0.00014,4838,0.0052,False,multiple_sclerosis
PGBD5,5160,0.00014,1890,0.02354,False,multiple_sclerosis
ISL2,5161,0.00014,5016,0.00472,False,multiple_sclerosis
DDX20,5162,0.00014,1870,0.02354,False,multiple_sclerosis
SWAP70,5163,0.00014,1868,0.02354,False,multiple_sclerosis
SCIN,5164,0.00014,3764,0.00788,False,multiple_sclerosis
SSBP4,5165,0.00014,4534,0.00599,False,multiple_sclerosis
PIEZO1,5166,0.00014,4901,0.00504,False,multiple_sclerosis
NLGN2,5167,0.00014,1653,0.0273,False,multiple_sclerosis
PRKCI,5168,0.00014,3749,0.00794,False,multiple_sclerosis
TFB1M,5169,0.00013,4976,0.00488,False,multiple_sclerosis
PRKACB,5170,0.00013,501,0.17582,False,multiple_sclerosis
RHOC,5171,0.00013,5288,0.00381,False,multiple_sclerosis
GNE,5172,0.00013,3705,0.00808,False,multiple_sclerosis
RIBC2,5173,0.00013,4433,0.00626,False,multiple_sclerosis
CXCL17,5174,0.00013,1592,0.02877,False,multiple_sclerosis
RBPMS,5175,0.00013,4455,0.00618,False,multiple_sclerosis
SYTL2,5176,0.00013,893,0.05711,False,multiple_sclerosis
CLNK,5177,0.00013,4872,0.00511,False,multiple_sclerosis
NOVA1,5178,0.00013,4708,0.0055,False,multiple_sclerosis
PRKACA,5179,0.00013,497,0.17685,False,multiple_sclerosis
MST1R,5180,0.00013,3124,0.01111,False,multiple_sclerosis
DEXI,5181,0.00013,4739,0.00543,False,multiple_sclerosis
DET1,5182,0.00013,5077,0.00454,False,multiple_sclerosis
TXNDC11,5183,0.00013,3294,0.00984,False,multiple_sclerosis
COL16A1,5184,0.00013,4403,0.00631,False,multiple_sclerosis
HNRNPAB,5185,0.00013,4617,0.00575,False,multiple_sclerosis
COL5A3,5186,0.00013,4435,0.00625,False,multiple_sclerosis
RRM1,5187,0.00013,1711,0.02642,False,multiple_sclerosis
SPINT1,5188,0.00013,3412,0.00911,False,multiple_sclerosis
GPN1,5189,0.00013,4641,0.00567,False,multiple_sclerosis
SAV1,5190,0.00013,3520,0.00871,False,multiple_sclerosis
F7,5191,0.00013,2069,0.02076,False,multiple_sclerosis
MGAM2,5192,0.00013,4036,0.00721,False,multiple_sclerosis
NUDT3,5193,0.00013,4738,0.00543,False,multiple_sclerosis
CBFA2T3,5194,0.00013,471,0.18972,False,multiple_sclerosis
CAT,5195,0.00013,3766,0.00787,False,multiple_sclerosis
SPINT2,5196,0.00013,3517,0.00873,False,multiple_sclerosis
RBM24,5197,0.00013,4062,0.00712,False,multiple_sclerosis
LHX9,5198,0.00013,2452,0.01717,False,multiple_sclerosis
TNS1,5199,0.00013,5196,0.00416,False,multiple_sclerosis
P4HA1,5200,0.00013,4002,0.00727,False,multiple_sclerosis
COL27A1,5201,0.00013,4415,0.00628,False,multiple_sclerosis
TMEM207,5202,0.00013,3753,0.00794,False,multiple_sclerosis
HPN,5203,0.00013,3482,0.00884,False,multiple_sclerosis
TEAD3,5204,0.00013,603,0.11659,False,multiple_sclerosis
RCOR1,5205,0.00013,2971,0.01232,False,multiple_sclerosis
GALM,5206,0.00013,3689,0.00814,False,multiple_sclerosis
COP1,5207,0.00013,4554,0.00591,False,multiple_sclerosis
APEH,5208,0.00013,3450,0.00898,False,multiple_sclerosis
ADGRL1,5209,0.00012,1855,0.02377,False,multiple_sclerosis
SMYD3,5210,0.00012,2887,0.01299,False,multiple_sclerosis
CASP5,5211,0.00012,4345,0.00644,False,multiple_sclerosis
C16orf87,5212,0.00012,3840,0.00765,False,multiple_sclerosis
PRKACG,5213,0.00012,510,0.17211,False,multiple_sclerosis
SLC29A1,5214,0.00012,3069,0.01156,False,multiple_sclerosis
SLC28A1,5215,0.00012,3421,0.00909,False,multiple_sclerosis
ADGRL3,5216,0.00012,1821,0.02471,False,multiple_sclerosis
RC3H1,5217,0.00012,3319,0.00969,False,multiple_sclerosis
CCDC155,5218,0.00012,3229,0.01025,False,multiple_sclerosis
SMARCB1,5219,0.00012,4059,0.00713,False,multiple_sclerosis
SLC29A2,5220,0.00012,3058,0.01165,False,multiple_sclerosis
CHRNB1,5221,0.00012,3420,0.00909,False,multiple_sclerosis
DKK1,5222,0.00012,3683,0.00816,False,multiple_sclerosis
CHRND,5223,0.00012,3236,0.01021,False,multiple_sclerosis
CHRNE,5224,0.00012,3445,0.00899,False,multiple_sclerosis
C1QB,5225,0.00012,410,0.21314,False,multiple_sclerosis
ADCY5,5226,0.00012,877,0.05852,False,multiple_sclerosis
SLC28A2,5227,0.00012,3424,0.00909,False,multiple_sclerosis
ANTXR2,5228,0.00012,5207,0.00411,False,multiple_sclerosis
SLC28A3,5229,0.00012,3389,0.00921,False,multiple_sclerosis
PHF3,5230,0.00012,3230,0.01025,False,multiple_sclerosis
NKX2-8,5231,0.00012,3141,0.01088,False,multiple_sclerosis
SLC15A4,5232,0.00012,4098,0.00705,False,multiple_sclerosis
ATP4B,5233,0.00012,560,0.14135,False,multiple_sclerosis
PHF2,5234,0.00012,3429,0.00907,False,multiple_sclerosis
NUCB2,5235,0.00012,4813,0.00528,False,multiple_sclerosis
KCNK2,5236,0.00012,571,0.13537,False,multiple_sclerosis
TASOR,5237,0.00012,3393,0.0092,False,multiple_sclerosis
PBRM1,5238,0.00012,4355,0.00642,False,multiple_sclerosis
BICC1,5239,0.00012,4422,0.00627,False,multiple_sclerosis
CEBPE,5240,0.00012,3594,0.00839,False,multiple_sclerosis
CAGE1,5241,0.00012,3680,0.00816,False,multiple_sclerosis
WNT2B,5242,0.00012,3678,0.00817,False,multiple_sclerosis
NAALADL2,5243,0.00012,3810,0.00775,False,multiple_sclerosis
RAPSN,5244,0.00012,3074,0.01152,False,multiple_sclerosis
RC3H2,5245,0.00012,3223,0.01027,False,multiple_sclerosis
MUSK,5246,0.00012,3296,0.0098,False,multiple_sclerosis
DCAF4L1,5247,0.00012,1048,0.04553,False,multiple_sclerosis
PDCD6,5248,0.00011,2874,0.01307,False,multiple_sclerosis
TPD52L3,5249,0.00011,3346,0.00945,False,multiple_sclerosis
DENND1B,5250,0.00011,1118,0.04223,False,multiple_sclerosis
BCL11A,5251,0.00011,4469,0.00614,False,multiple_sclerosis
ISL1,5252,0.00011,4742,0.00542,False,multiple_sclerosis
S100A6,5253,0.00011,2717,0.0147,False,multiple_sclerosis
PTGS2,5254,0.00011,211,0.29092,False,multiple_sclerosis
ROBO3,5255,0.00011,1807,0.02497,False,multiple_sclerosis
MAL2,5256,0.00011,2860,0.01328,False,multiple_sclerosis
DKKL1,5257,0.00011,729,0.08166,False,multiple_sclerosis
NFKBIE,5258,0.00011,530,0.15193,False,multiple_sclerosis
ZBTB8OS,5259,0.00011,2963,0.01238,False,multiple_sclerosis
BTNL2,5260,0.00011,2982,0.01225,False,multiple_sclerosis
MANBA,5261,0.00011,744,0.07866,False,multiple_sclerosis
TPD52L2,5262,0.00011,3108,0.01129,False,multiple_sclerosis
RTRAF,5263,0.00011,2907,0.01278,False,multiple_sclerosis
GTF2B,5264,0.00011,4801,0.00531,False,multiple_sclerosis
DDX1,5265,0.00011,2908,0.01278,False,multiple_sclerosis
BCL11B,5266,0.00011,3667,0.00819,False,multiple_sclerosis
RNASE6,5267,0.00011,2842,0.01347,False,multiple_sclerosis
ANXA7,5268,0.00011,2822,0.01359,False,multiple_sclerosis
RNASE2,5269,0.00011,2962,0.01238,False,multiple_sclerosis
RNASE1,5270,0.00011,3072,0.01155,False,multiple_sclerosis
RTCB,5271,0.00011,2909,0.01278,False,multiple_sclerosis
ANG,5272,0.00011,2937,0.01254,False,multiple_sclerosis
WWOX,5273,0.00011,1929,0.02266,False,multiple_sclerosis
FGFR1OP,5274,0.00011,2834,0.01352,False,multiple_sclerosis
TFG,5275,0.00011,3293,0.00985,False,multiple_sclerosis
SLC47A2,5276,0.00011,5296,0.00376,False,multiple_sclerosis
SLC47A1,5277,0.00011,5255,0.00393,False,multiple_sclerosis
TPD52L1,5278,0.00011,2968,0.01233,False,multiple_sclerosis
C2orf49,5279,0.00011,2911,0.01276,False,multiple_sclerosis
ECI2,5280,0.0001,2801,0.01378,False,multiple_sclerosis
USP24,5281,0.0001,4453,0.00619,False,multiple_sclerosis
EDEM2,5282,0.0001,1833,0.02435,False,multiple_sclerosis
EDEM3,5283,0.0001,482,0.18297,False,multiple_sclerosis
HSDL2,5284,0.0001,2862,0.01323,False,multiple_sclerosis
DNAJC13,5285,0.0001,4613,0.00575,False,multiple_sclerosis
RASGRP1,5286,0.0001,409,0.21335,False,multiple_sclerosis
ELAVL4,5287,0.0001,4721,0.00547,False,multiple_sclerosis
UQCC2,5288,0.0001,965,0.05173,False,multiple_sclerosis
BCL2L11,5289,0.0001,316,0.2568,False,multiple_sclerosis
ACOX2,5290,0.0001,2932,0.01256,False,multiple_sclerosis
B3GALT6,5291,0.0001,2882,0.01303,False,multiple_sclerosis
SGSH,5292,0.0001,3028,0.01186,False,multiple_sclerosis
NIPBL,5293,0.0001,1847,0.02396,False,multiple_sclerosis
WHRN,5294,0.0001,3418,0.00909,False,multiple_sclerosis
NTNG2,5295,0.0001,3222,0.01028,False,multiple_sclerosis
GASK1A,5296,0.0001,2856,0.01331,False,multiple_sclerosis
MYO15A,5297,0.0001,4181,0.00683,False,multiple_sclerosis
TRAT1,5298,0.0001,5352,0.00344,False,multiple_sclerosis
EXTL2,5299,0.0001,2877,0.01305,False,multiple_sclerosis
MAN2B1,5300,0.0001,2885,0.01302,False,multiple_sclerosis
SYNGR1,5301,0.0001,1162,0.04058,False,multiple_sclerosis
NTNG1,5302,0.0001,3221,0.01028,False,multiple_sclerosis
FABP2,5303,0.0001,3320,0.00969,False,multiple_sclerosis
ETV6,5304,0.0001,1287,0.03616,False,multiple_sclerosis
ETFB,5305,0.0001,3052,0.01168,False,multiple_sclerosis
CDCP2,5306,0.0001,4244,0.00668,False,multiple_sclerosis
ADGRL2,5307,0.0001,225,0.28626,False,multiple_sclerosis
XYLT1,5308,0.0001,2771,0.0141,False,multiple_sclerosis
MAN2C1,5309,0.0001,3270,0.01,False,multiple_sclerosis
ZFP90,5310,0.0001,4065,0.00712,False,multiple_sclerosis
PKD2,5311,9e-05,4499,0.00606,False,multiple_sclerosis
COX20,5312,9e-05,3348,0.00944,False,multiple_sclerosis
NUDT2,5313,9e-05,1529,0.02994,False,multiple_sclerosis
EGR2,5314,9e-05,3376,0.00927,False,multiple_sclerosis
UQCC3,5315,9e-05,4116,0.00702,False,multiple_sclerosis
MAGEC1,5316,9e-05,3547,0.00855,False,multiple_sclerosis
AAMP,5317,9e-05,2556,0.01639,False,multiple_sclerosis
MLPH,5318,9e-05,3258,0.01009,False,multiple_sclerosis
UQCC1,5319,9e-05,3207,0.01043,False,multiple_sclerosis
EGR4,5320,9e-05,3661,0.00821,False,multiple_sclerosis
LASP1,5321,9e-05,3234,0.01021,False,multiple_sclerosis
PDE4C-2,5322,9e-05,4842,0.00518,False,multiple_sclerosis
STC2,5323,9e-05,1850,0.02393,False,multiple_sclerosis
DENND1A,5324,9e-05,4444,0.00622,False,multiple_sclerosis
TSR2,5325,9e-05,5124,0.0044,False,multiple_sclerosis
DCAF4,5326,9e-05,3829,0.00769,False,multiple_sclerosis
PPP2R3A,5327,9e-05,3580,0.00844,False,multiple_sclerosis
IGSF9B,5328,9e-05,3857,0.00762,False,multiple_sclerosis
AEN,5329,9e-05,4649,0.00565,False,multiple_sclerosis
RSBN1,5330,9e-05,3731,0.00799,False,multiple_sclerosis
CHST14,5331,9e-05,3994,0.0073,False,multiple_sclerosis
CUL4B,5332,9e-05,4315,0.00651,False,multiple_sclerosis
RAB27B,5333,9e-05,3247,0.01017,False,multiple_sclerosis
GRWD1,5334,9e-05,4756,0.0054,False,multiple_sclerosis
RAB35,5335,9e-05,1583,0.02897,False,multiple_sclerosis
C1QA,5336,9e-05,436,0.20433,False,multiple_sclerosis
WNT1,5337,9e-05,4117,0.00702,False,multiple_sclerosis
EGR3,5338,9e-05,3455,0.00897,False,multiple_sclerosis
NDRG1,5339,9e-05,4101,0.00705,False,multiple_sclerosis
ANO5,5340,8e-05,3288,0.00988,False,multiple_sclerosis
CCN4,5341,8e-05,1044,0.04561,False,multiple_sclerosis
ANLN,5342,8e-05,3333,0.00957,False,multiple_sclerosis
S100A10,5343,8e-05,3166,0.01069,False,multiple_sclerosis
ARHGDIA,5344,8e-05,2753,0.01432,False,multiple_sclerosis
LST1,5345,8e-05,5138,0.00436,False,multiple_sclerosis
CFTR,5346,8e-05,3462,0.00893,False,multiple_sclerosis
TP63,5347,8e-05,446,0.2015,False,multiple_sclerosis
C4B,5348,8e-05,447,0.20039,False,multiple_sclerosis
SCN10A,5349,8e-05,5171,0.00424,False,multiple_sclerosis
TMEM165,5350,8e-05,4406,0.00631,False,multiple_sclerosis
AK9,5351,8e-05,3305,0.00976,False,multiple_sclerosis
WWTR1,5352,8e-05,1394,0.03315,False,multiple_sclerosis
AHNAK,5353,8e-05,3172,0.01063,False,multiple_sclerosis
ZRSR2,5354,8e-05,4783,0.00534,False,multiple_sclerosis
ANO6,5355,8e-05,3151,0.01077,False,multiple_sclerosis
KIF21A,5356,8e-05,2570,0.0163,False,multiple_sclerosis
SYNPR,5357,8e-05,4235,0.0067,False,multiple_sclerosis
PPEF2,5358,8e-05,3039,0.01178,False,multiple_sclerosis
PPFIBP1,5359,8e-05,2897,0.01288,False,multiple_sclerosis
EFCAB5,5360,7e-05,4138,0.00697,False,multiple_sclerosis
RBPJ,5361,7e-05,158,0.31446,False,multiple_sclerosis
NMNAT2,5362,7e-05,253,0.27727,False,multiple_sclerosis
RIN1,5363,7e-05,3812,0.00774,False,multiple_sclerosis
SPDEF,5364,7e-05,2605,0.01586,False,multiple_sclerosis
MYNN,5365,7e-05,976,0.0507,False,multiple_sclerosis
DGKQ,5366,7e-05,309,0.25764,False,multiple_sclerosis
TRIM28,5367,7e-05,2182,0.01951,False,multiple_sclerosis
CTNNBL1,5368,7e-05,3919,0.00748,False,multiple_sclerosis
UNC119,5369,7e-05,2381,0.01766,False,multiple_sclerosis
POFUT2,5370,7e-05,4569,0.00586,False,multiple_sclerosis
RAMP2,5371,7e-05,3240,0.01019,False,multiple_sclerosis
TFE3,5372,7e-05,4633,0.00569,False,multiple_sclerosis
MAGI3,5373,7e-05,567,0.13879,False,multiple_sclerosis
GPR19,5374,7e-05,2111,0.02027,False,multiple_sclerosis
ARID5B,5375,7e-05,676,0.09471,False,multiple_sclerosis
SFTPC,5376,7e-05,3008,0.01201,False,multiple_sclerosis
DAB2IP,5377,7e-05,3903,0.00751,False,multiple_sclerosis
ESRP1,5378,6e-05,2422,0.0174,False,multiple_sclerosis
RUFY3,5379,6e-05,2481,0.01693,False,multiple_sclerosis
GPR78,5380,6e-05,1195,0.03959,False,multiple_sclerosis
GRHL2,5381,6e-05,1199,0.03959,False,multiple_sclerosis
WDR37,5382,6e-05,1196,0.03959,False,multiple_sclerosis
ENHO,5383,6e-05,3392,0.0092,False,multiple_sclerosis
SIRPG,5384,6e-05,1115,0.04228,False,multiple_sclerosis
CEACAM16,5385,6e-05,3078,0.01149,False,multiple_sclerosis
PACS1,5386,6e-05,2450,0.01719,False,multiple_sclerosis
MICA,5387,6e-05,971,0.05114,False,multiple_sclerosis
PTPRN2,5388,6e-05,1194,0.03959,False,multiple_sclerosis
PTPRN,5389,6e-05,2185,0.01944,False,multiple_sclerosis
IL17RA,5390,6e-05,495,0.17797,False,multiple_sclerosis
MGAT5,5391,6e-05,540,0.14856,False,multiple_sclerosis
OTOA,5392,6e-05,3026,0.01188,False,multiple_sclerosis
OVOL2,5393,6e-05,2581,0.01612,False,multiple_sclerosis
PACS2,5394,6e-05,2566,0.01633,False,multiple_sclerosis
POLR3H,5395,6e-05,2583,0.0161,False,multiple_sclerosis
ATF6,5396,6e-05,2608,0.01585,False,multiple_sclerosis
L1CAM,5397,6e-05,2447,0.0172,False,multiple_sclerosis
LAT,5398,6e-05,1728,0.02621,False,multiple_sclerosis
TPP2,5399,6e-05,2476,0.01697,False,multiple_sclerosis
CAPN10,5400,6e-05,4402,0.00631,False,multiple_sclerosis
COCH,5401,6e-05,3325,0.00966,False,multiple_sclerosis
TPCN2,5402,6e-05,723,0.0829,False,multiple_sclerosis
LPAR1,5403,6e-05,2376,0.01767,False,multiple_sclerosis
PLAC8,5404,6e-05,1198,0.03959,False,multiple_sclerosis
C12orf57,5405,6e-05,2418,0.01742,False,multiple_sclerosis
CPE,5406,6e-05,2776,0.01408,False,multiple_sclerosis
HIVEP3,5407,6e-05,907,0.05618,False,multiple_sclerosis
NFATC1,5408,6e-05,317,0.25668,False,multiple_sclerosis
BOD1L2,5409,6e-05,1729,0.0262,False,multiple_sclerosis
HMGA2,5410,6e-05,1364,0.03383,False,multiple_sclerosis
BOD1,5411,6e-05,3097,0.01135,False,multiple_sclerosis
HELZ,5412,5e-05,644,0.10394,False,multiple_sclerosis
SINHCAF,5413,5e-05,3413,0.00911,False,multiple_sclerosis
GAL,5414,5e-05,233,0.28349,False,multiple_sclerosis
NR2F1,5415,5e-05,808,0.06604,False,multiple_sclerosis
CYTH4,5416,5e-05,2914,0.01273,False,multiple_sclerosis
CXorf21,5417,5e-05,2640,0.0156,False,multiple_sclerosis
TPH2,5418,5e-05,332,0.25031,False,multiple_sclerosis
RND2,5419,5e-05,3688,0.00814,False,multiple_sclerosis
CXCL13,5420,5e-05,487,0.18152,False,multiple_sclerosis
F10,5421,5e-05,132,0.32364,False,multiple_sclerosis
TRIM3,5422,5e-05,3428,0.00908,False,multiple_sclerosis
IFIH1,5423,5e-05,263,0.27417,False,multiple_sclerosis
ING2,5424,5e-05,3316,0.0097,False,multiple_sclerosis
PACSIN1,5425,5e-05,538,0.14881,False,multiple_sclerosis
GPR35,5426,5e-05,2428,0.01736,False,multiple_sclerosis
ARL14,5427,5e-05,3446,0.00899,False,multiple_sclerosis
PDHB,5428,5e-05,140,0.32081,False,multiple_sclerosis
PDE2A,5429,5e-05,376,0.22414,False,multiple_sclerosis
SLC22A4,5430,5e-05,1083,0.04341,False,multiple_sclerosis
SLC9B2,5431,5e-05,3880,0.00754,False,multiple_sclerosis
LRRC4C,5432,4e-05,716,0.08359,False,multiple_sclerosis
CFH,5433,4e-05,364,0.22985,False,multiple_sclerosis
TNFSF15,5434,4e-05,717,0.08354,False,multiple_sclerosis
UBE2L3,5435,4e-05,228,0.28555,False,multiple_sclerosis
BAK1,5436,4e-05,283,0.26675,False,multiple_sclerosis
C2,5437,4e-05,518,0.16405,False,multiple_sclerosis
CCL2,5438,4e-05,356,0.23577,False,multiple_sclerosis
IL1R1,5439,4e-05,429,0.20629,False,multiple_sclerosis
INTS4,5440,4e-05,86,0.34486,False,multiple_sclerosis
MICB,5441,4e-05,405,0.2152,False,multiple_sclerosis
SLC29A3,5442,4e-05,687,0.09043,False,multiple_sclerosis
TENM2,5443,4e-05,1277,0.03643,False,multiple_sclerosis
FLRT2,5444,4e-05,762,0.07448,False,multiple_sclerosis
NRG3,5445,4e-05,598,0.12038,False,multiple_sclerosis
LPP,5446,3e-05,970,0.05122,False,multiple_sclerosis
AHNAK2,5447,3e-05,1076,0.04405,False,multiple_sclerosis
POSTN,5448,3e-05,321,0.25477,False,multiple_sclerosis
ATP2C1,5449,3e-05,1417,0.03273,False,multiple_sclerosis
CCR3,5450,3e-05,485,0.18243,False,multiple_sclerosis
XCR1,5451,3e-05,460,0.19345,False,multiple_sclerosis
KANK2,5452,3e-05,915,0.05565,False,multiple_sclerosis
PPHLN1,5453,3e-05,733,0.081,False,multiple_sclerosis
NELL2,5454,3e-05,1077,0.04405,False,multiple_sclerosis
RAD51B,5455,3e-05,188,0.30185,False,multiple_sclerosis
NRSN1,5456,3e-05,1005,0.0486,False,multiple_sclerosis
CD47,5457,3e-05,250,0.27841,False,multiple_sclerosis
SAT1,5458,3e-05,371,0.22623,False,multiple_sclerosis
PHTF1,5459,3e-05,1435,0.03213,False,multiple_sclerosis
FBN2,5460,2e-05,506,0.17454,False,multiple_sclerosis
FAM20B,5461,2e-05,773,0.0717,False,multiple_sclerosis
NPAS2,5462,2e-05,144,0.31978,False,multiple_sclerosis
TREH,5463,2e-05,672,0.0956,False,multiple_sclerosis
GLS,5464,2e-05,149,0.3176,False,multiple_sclerosis
TRIB2,5465,2e-05,727,0.08189,False,multiple_sclerosis
MSRA,5466,2e-05,527,0.15433,False,multiple_sclerosis
PDE4C,5467,2e-05,1218,0.0385,False,multiple_sclerosis
C5orf30,5468,2e-05,1197,0.03959,False,multiple_sclerosis
PRICKLE1,5469,2e-05,450,0.19824,False,multiple_sclerosis
GLIS3,5470,2e-05,622,0.11027,False,multiple_sclerosis
CCL22,5471,1e-05,492,0.17898,False,multiple_sclerosis
CCL21,5472,1e-05,419,0.20982,False,multiple_sclerosis
CCL20,5473,1e-05,453,0.1968,False,multiple_sclerosis
GTF2I,5474,1e-05,202,0.295,False,multiple_sclerosis
MST1,5475,1e-05,648,0.1009,False,multiple_sclerosis
ATXN2,5476,1e-05,130,0.32389,False,multiple_sclerosis
NAB1,5477,1e-05,939,0.05366,False,multiple_sclerosis
NADSYN1,5478,1e-05,212,0.29046,False,multiple_sclerosis
MLN,5479,1e-05,395,0.21975,False,multiple_sclerosis
CCR1,5480,1e-05,452,0.19752,False,multiple_sclerosis
CHRNG,5481,1e-05,651,0.09957,False,multiple_sclerosis
FAM98B,5482,1e-05,697,0.08776,False,multiple_sclerosis
FAM8A1,5483,1e-05,620,0.11072,False,multiple_sclerosis
SUOX,5484,1e-05,358,0.23278,False,multiple_sclerosis
CEP120,5485,1e-05,299,0.26122,False,multiple_sclerosis
ANXA11,5486,1e-05,696,0.08776,False,multiple_sclerosis
COL13A1,5487,1e-05,730,0.0812,False,multiple_sclerosis
ROR2,5488,1e-05,304,0.25905,False,multiple_sclerosis
CCR6,5489,1e-05,461,0.19299,False,multiple_sclerosis
PLXNA2,5490,1e-05,177,0.30678,False,multiple_sclerosis
RIPOR2,5491,1e-05,394,0.22027,False,multiple_sclerosis
ATG16L1,5492,1e-05,264,0.27352,False,multiple_sclerosis
GFI1,5493,1e-05,445,0.20166,False,multiple_sclerosis
ENO4,5494,1e-05,145,0.31962,False,multiple_sclerosis
TREX1,5495,1e-05,653,0.09948,False,multiple_sclerosis
RNASET2,5496,1e-05,698,0.08776,False,multiple_sclerosis
ELF3,5497,1e-05,601,0.1173,False,multiple_sclerosis
RMI2,5498,1e-05,200,0.29544,False,multiple_sclerosis
GPD2,5499,1e-05,189,0.29975,False,multiple_sclerosis
ELANE,5500,1e-05,170,0.30841,False,multiple_sclerosis
RBFOX1,5501,1e-05,735,0.08087,False,multiple_sclerosis
MIF,5502,1e-05,342,0.24541,False,multiple_sclerosis
TPD52,5503,1e-05,737,0.08023,False,multiple_sclerosis
USP18,5504,1e-05,392,0.22122,False,multiple_sclerosis
SLC24A5,5505,1e-05,613,0.11254,False,multiple_sclerosis
DUSP22,5506,1e-05,637,0.10652,False,multiple_sclerosis
ACTA2,5507,1e-05,107,0.3332,False,multiple_sclerosis
HAPLN1,5508,0.0,580,0.12939,False,multiple_sclerosis
UBAC2,5509,0.0,463,0.19207,False,multiple_sclerosis
OAS1,5510,0.0,393,0.22036,False,multiple_sclerosis
SLIT1,5511,0.0,555,0.14209,False,multiple_sclerosis
GUCY1A2,5512,0.0,291,0.26293,False,multiple_sclerosis
SLC39A11,5513,0.0,168,0.31007,False,multiple_sclerosis
FAAH,5514,0.0,152,0.3169,False,multiple_sclerosis
CHCHD6,5515,0.0,133,0.32359,False,multiple_sclerosis
IL1F10,5516,0.0,586,0.12578,False,multiple_sclerosis
UBE2H,5517,0.0,513,0.16891,False,multiple_sclerosis
DNAJC24,5518,0.0,514,0.16566,False,multiple_sclerosis
REV3L,5519,0.0,70,0.35224,False,multiple_sclerosis
PTGS1,5520,0.0,301,0.2604,False,multiple_sclerosis
PFKFB3,5521,0.0,110,0.33275,False,multiple_sclerosis
TCTE1,5522,0.0,570,0.13593,False,multiple_sclerosis
SEMA6A,5523,0.0,558,0.14162,False,multiple_sclerosis
FTO,5524,0.0,49,0.36397,False,multiple_sclerosis
ALDH1A1,5525,0.0,71,0.35215,False,multiple_sclerosis
SOX5,5526,0.0,491,0.1791,False,multiple_sclerosis
LZTFL1,5527,0.0,402,0.21591,False,multiple_sclerosis
CARMIL1,5528,0.0,619,0.11124,False,multiple_sclerosis
AIRE,5529,0.0,157,0.31453,False,multiple_sclerosis
GTF2IRD1,5530,0.0,439,0.2038,False,multiple_sclerosis
ASIP,5531,0.0,489,0.18053,False,multiple_sclerosis
LHX2,5532,0.0,498,0.17665,False,multiple_sclerosis
MSX2,5533,0.0,493,0.17868,False,multiple_sclerosis
PRPS2,5534,0.0,322,0.25402,False,multiple_sclerosis
AGPAT4,5535,0.0,261,0.27483,False,multiple_sclerosis
ALOX5,5536,0.0,327,0.25293,False,multiple_sclerosis
SSPN,5537,0.0,320,0.25521,False,multiple_sclerosis
PAPPA,5538,0.0,490,0.18027,False,multiple_sclerosis
TESPA1,5539,0.0,454,0.19628,False,multiple_sclerosis
CTH,5540,0.0,91,0.34281,False,multiple_sclerosis
TRMT10B,5541,0.0,23,0.38328,False,multiple_sclerosis
COL15A1,5542,0.0,481,0.18481,False,multiple_sclerosis
PRDX6,5543,0.0,88,0.34337,False,multiple_sclerosis
STAG1,5544,0.0,32,0.37617,False,multiple_sclerosis
PDE4B,1,1.0,127,0.35448,True,rheumatoid_arthritis
WDFY4,2,1.0,462,0.2056,True,rheumatoid_arthritis
CD226,3,1.0,56,0.40533,True,rheumatoid_arthritis
PTGER3,4,1.0,147,0.34277,True,rheumatoid_arthritis
PTGS2,5,1.0,32,0.43945,True,rheumatoid_arthritis
PTGS1,6,1.0,54,0.41189,True,rheumatoid_arthritis
PDE3A,7,1.0,115,0.35908,True,rheumatoid_arthritis
SUOX,8,1.0,123,0.35625,True,rheumatoid_arthritis
PDE4D,9,1.0,141,0.34576,True,rheumatoid_arthritis
MLN,10,1.0,138,0.34632,True,rheumatoid_arthritis
AIRE,11,1.0,13,0.47933,True,rheumatoid_arthritis
PDE4A,12,1.0,148,0.34175,True,rheumatoid_arthritis
DHFR,13,1.0,62,0.39816,True,rheumatoid_arthritis
DHODH,14,1.0,65,0.39575,True,rheumatoid_arthritis
ALOX5,15,1.0,67,0.39474,True,rheumatoid_arthritis
ATP4A,16,1.0,69,0.38944,True,rheumatoid_arthritis
IKZF1,17,0.99999,46,0.41914,True,rheumatoid_arthritis
CIITA,18,0.99999,57,0.40463,True,rheumatoid_arthritis
BLK,19,0.99999,199,0.32237,True,rheumatoid_arthritis
PDE2A,20,0.99999,124,0.35621,True,rheumatoid_arthritis
MIF,21,0.99999,97,0.3715,True,rheumatoid_arthritis
LRRC18,22,0.99999,534,0.17829,False,rheumatoid_arthritis
RASGRP1,23,0.99999,200,0.32229,True,rheumatoid_arthritis
HLA-DRB1,24,0.99999,28,0.44542,True,rheumatoid_arthritis
GNG4,25,0.99998,99,0.37042,True,rheumatoid_arthritis
PADI4,26,0.99998,327,0.27008,True,rheumatoid_arthritis
MS4A1,27,0.99998,81,0.38145,True,rheumatoid_arthritis
PTPN22,28,0.99997,126,0.35504,True,rheumatoid_arthritis
BCL2L11,29,0.99997,85,0.3782,True,rheumatoid_arthritis
ITPR3,30,0.99997,51,0.41484,True,rheumatoid_arthritis
SH2B3,31,0.99997,206,0.32055,True,rheumatoid_arthritis
RAD51B,32,0.99997,26,0.44618,True,rheumatoid_arthritis
PPAT,33,0.99996,108,0.3642,True,rheumatoid_arthritis
MICB,34,0.99996,114,0.35909,True,rheumatoid_arthritis
PACSIN1,35,0.99996,369,0.2533,True,rheumatoid_arthritis
TNFSF4,36,0.99995,189,0.32612,True,rheumatoid_arthritis
CTLA4,37,0.99995,66,0.39551,True,rheumatoid_arthritis
ATP4B,38,0.99995,399,0.23817,True,rheumatoid_arthritis
TNFAIP3,39,0.99994,29,0.44279,True,rheumatoid_arthritis
ATG16L1,40,0.99994,52,0.41477,True,rheumatoid_arthritis
LHX2,41,0.99993,151,0.33936,True,rheumatoid_arthritis
CCL21,42,0.99993,89,0.37568,True,rheumatoid_arthritis
MAGI3,43,0.99993,305,0.28136,True,rheumatoid_arthritis
CBFA2T3,44,0.99992,201,0.32183,True,rheumatoid_arthritis
ENO4,45,0.99992,41,0.42434,True,rheumatoid_arthritis
MMEL1,46,0.99992,343,0.26395,True,rheumatoid_arthritis
ADGRL2,47,0.99992,37,0.42619,True,rheumatoid_arthritis
FAM8A1,48,0.99991,423,0.22456,True,rheumatoid_arthritis
ATG5,49,0.99991,63,0.39753,True,rheumatoid_arthritis
TPH2,50,0.99991,101,0.36989,True,rheumatoid_arthritis
FSCN1,51,0.9999,98,0.3707,True,rheumatoid_arthritis
BAK1,52,0.99989,83,0.37936,True,rheumatoid_arthritis
PTGER4,53,0.99988,209,0.31924,True,rheumatoid_arthritis
TESPA1,54,0.99985,132,0.35095,True,rheumatoid_arthritis
FAM167A,55,0.99984,661,0.11668,True,rheumatoid_arthritis
PPIA,56,0.99982,74,0.3863,True,rheumatoid_arthritis
RUNX1,57,0.99982,14,0.47754,True,rheumatoid_arthritis
GAL,58,0.9998,58,0.40199,True,rheumatoid_arthritis
ERAP1,59,0.9998,448,0.21283,True,rheumatoid_arthritis
KCNK2,60,0.99979,412,0.2317,True,rheumatoid_arthritis
POSTN,61,0.99979,72,0.38762,True,rheumatoid_arthritis
ARID5B,62,0.99979,457,0.20864,True,rheumatoid_arthritis
DCLRE1B,63,0.99979,249,0.30267,True,rheumatoid_arthritis
NCF2,64,0.99979,76,0.38435,True,rheumatoid_arthritis
SLIT1,65,0.99978,319,0.27354,True,rheumatoid_arthritis
JAZF1,66,0.99978,280,0.2895,True,rheumatoid_arthritis
CTH,67,0.99977,10,0.49137,True,rheumatoid_arthritis
RIPOR2,68,0.99977,176,0.33121,True,rheumatoid_arthritis
IL17F,69,0.99976,195,0.32426,True,rheumatoid_arthritis
CARMIL1,70,0.99972,372,0.25085,True,rheumatoid_arthritis
IL17RA,71,0.99969,177,0.33021,True,rheumatoid_arthritis
ANKRD55,72,0.99968,329,0.26983,True,rheumatoid_arthritis
STAG1,73,0.99967,9,0.4949,True,rheumatoid_arthritis
CD80,74,0.99964,145,0.34301,True,rheumatoid_arthritis
SPRED2,75,0.99963,502,0.18906,True,rheumatoid_arthritis
PDE4C,76,0.99963,624,0.13458,True,rheumatoid_arthritis
IL12B,77,0.99962,323,0.2718,True,rheumatoid_arthritis
ETS1,78,0.99962,193,0.32454,True,rheumatoid_arthritis
TREH,79,0.99959,442,0.2153,True,rheumatoid_arthritis
NR3C1,80,0.99959,136,0.34699,True,rheumatoid_arthritis
LEF1,81,0.99953,40,0.42501,True,rheumatoid_arthritis
REL,82,0.99952,159,0.33732,True,rheumatoid_arthritis
HDAC7,83,0.99951,139,0.34618,True,rheumatoid_arthritis
CD6,84,0.9995,239,0.30676,True,rheumatoid_arthritis
CD2,85,0.9995,102,0.36974,True,rheumatoid_arthritis
STAT4,86,0.9995,79,0.38315,True,rheumatoid_arthritis
SSPN,87,0.9995,94,0.37333,True,rheumatoid_arthritis
ADAMTS2,88,0.99949,458,0.20677,True,rheumatoid_arthritis
IL1R1,89,0.99948,116,0.35892,True,rheumatoid_arthritis
TNFRSF14,90,0.99946,133,0.3504,True,rheumatoid_arthritis
TYK2,91,0.99946,38,0.42602,True,rheumatoid_arthritis
OTUD3,92,0.99943,42,0.42434,True,rheumatoid_arthritis
IL17A,93,0.99943,180,0.32897,True,rheumatoid_arthritis
COG6,94,0.99942,77,0.38414,True,rheumatoid_arthritis
PTPN2,95,0.99941,325,0.27095,True,rheumatoid_arthritis
SYT1,96,0.99941,27,0.44561,True,rheumatoid_arthritis
EOMES,97,0.9994,87,0.37597,True,rheumatoid_arthritis
GUCY1A2,98,0.99939,49,0.41529,True,rheumatoid_arthritis
IRF4,99,0.99939,221,0.31325,True,rheumatoid_arthritis
UNC5A,100,0.99934,321,0.27305,True,rheumatoid_arthritis
SYK,101,0.99932,34,0.43226,True,rheumatoid_arthritis
NFATC1,102,0.9993,91,0.3738,True,rheumatoid_arthritis
GLIS3,103,0.9993,362,0.25632,True,rheumatoid_arthritis
CXCL13,104,0.99929,179,0.3291,True,rheumatoid_arthritis
TCF7,105,0.99923,68,0.38957,True,rheumatoid_arthritis
PARK7,106,0.99923,33,0.43477,True,rheumatoid_arthritis
ACOXL,107,0.99923,424,0.22435,True,rheumatoid_arthritis
RNASET2,108,0.99922,330,0.26983,True,rheumatoid_arthritis
ALDH1A1,109,0.99922,8,0.49963,True,rheumatoid_arthritis
IL12A,110,0.99922,438,0.21697,True,rheumatoid_arthritis
NOS2,111,0.99919,160,0.337,True,rheumatoid_arthritis
IL12RB2,112,0.99918,215,0.31633,True,rheumatoid_arthritis
AFF3,113,0.99917,554,0.16743,True,rheumatoid_arthritis
CSF2RB,114,0.99917,238,0.30704,True,rheumatoid_arthritis
TET3,115,0.99914,488,0.19849,True,rheumatoid_arthritis
CCL20,116,0.99909,128,0.35419,True,rheumatoid_arthritis
MST1,117,0.99908,380,0.24708,True,rheumatoid_arthritis
TLR1,118,0.99904,164,0.33495,True,rheumatoid_arthritis
AARS2,119,0.99904,71,0.38799,True,rheumatoid_arthritis
IL19,120,0.99898,218,0.31459,True,rheumatoid_arthritis
RBPJ,121,0.99896,35,0.42755,True,rheumatoid_arthritis
CD86,122,0.99889,165,0.33484,True,rheumatoid_arthritis
LMO4,123,0.99889,476,0.20392,True,rheumatoid_arthritis
CHRNG,124,0.99884,366,0.25501,True,rheumatoid_arthritis
NFKBIE,125,0.99881,333,0.26764,True,rheumatoid_arthritis
TLR7,126,0.99881,166,0.3344,True,rheumatoid_arthritis
CLNK,127,0.99881,835,0.07404,True,rheumatoid_arthritis
IFNLR1,128,0.99877,196,0.32266,True,rheumatoid_arthritis
USP8,129,0.99861,109,0.36394,True,rheumatoid_arthritis
ZC3H11A,130,0.99861,274,0.29204,True,rheumatoid_arthritis
TRAF1,131,0.99854,117,0.35888,True,rheumatoid_arthritis
TPD52,132,0.99853,414,0.229,True,rheumatoid_arthritis
IL6R,133,0.99851,103,0.36851,True,rheumatoid_arthritis
ELANE,134,0.99847,30,0.44237,True,rheumatoid_arthritis
TXNDC11,135,0.99843,740,0.09276,True,rheumatoid_arthritis
PFKFB3,136,0.99843,25,0.44651,True,rheumatoid_arthritis
NOD2,137,0.99842,48,0.41552,True,rheumatoid_arthritis
CCN4,138,0.99834,585,0.15152,True,rheumatoid_arthritis
IRF5,139,0.99834,277,0.29053,True,rheumatoid_arthritis
XCR1,140,0.99834,211,0.31686,True,rheumatoid_arthritis
INAVA,141,0.9983,572,0.15822,True,rheumatoid_arthritis
IL23R,142,0.99827,100,0.37019,True,rheumatoid_arthritis
NFKBIA,143,0.99821,186,0.32686,True,rheumatoid_arthritis
PPARD,144,0.9981,122,0.35729,True,rheumatoid_arthritis
NPAS2,145,0.99803,24,0.44653,True,rheumatoid_arthritis
CSF2,146,0.99791,73,0.38648,True,rheumatoid_arthritis
NAB1,147,0.9979,507,0.18565,True,rheumatoid_arthritis
JAK2,148,0.99777,6,0.5568,True,rheumatoid_arthritis
COL15A1,149,0.99774,248,0.30269,True,rheumatoid_arthritis
IL23A,150,0.99764,254,0.3,True,rheumatoid_arthritis
ELMO1,151,0.99761,142,0.3455,True,rheumatoid_arthritis
HRH2,152,0.99758,619,0.13541,True,rheumatoid_arthritis
TEAD3,153,0.99754,421,0.22644,True,rheumatoid_arthritis
GATA3,154,0.9975,110,0.36307,True,rheumatoid_arthritis
FLT3,155,0.99748,203,0.32128,True,rheumatoid_arthritis
TNFSF18,156,0.99747,477,0.20376,True,rheumatoid_arthritis
TP63,157,0.99739,235,0.30803,True,rheumatoid_arthritis
XKR6,158,0.99729,2376,0.01996,False,rheumatoid_arthritis
ACTA2,159,0.99724,21,0.45931,True,rheumatoid_arthritis
FOSL2,160,0.99721,224,0.31073,True,rheumatoid_arthritis
CD83,161,0.99714,228,0.31002,True,rheumatoid_arthritis
PRKCB,162,0.99704,70,0.38879,True,rheumatoid_arthritis
DPP4,163,0.99703,39,0.42502,True,rheumatoid_arthritis
TLR4,164,0.99687,23,0.45703,True,rheumatoid_arthritis
UQCC2,165,0.99686,542,0.17529,True,rheumatoid_arthritis
PSTPIP1,166,0.99672,432,0.21921,True,rheumatoid_arthritis
THOC2,167,0.99668,82,0.3813,True,rheumatoid_arthritis
SYTL2,168,0.99645,548,0.17077,True,rheumatoid_arthritis
ANXA11,169,0.99636,328,0.26983,True,rheumatoid_arthritis
PLD4,170,0.99626,125,0.35536,True,rheumatoid_arthritis
ERAP2,171,0.99619,704,0.10318,True,rheumatoid_arthritis
TNF,172,0.99615,2,0.75788,True,rheumatoid_arthritis
TNRC18,173,0.99613,653,0.12163,True,rheumatoid_arthritis
IL1B,174,0.99593,7,0.54123,True,rheumatoid_arthritis
ZFP36L1,175,0.99578,437,0.21713,True,rheumatoid_arthritis
TLR9,176,0.99577,202,0.32146,True,rheumatoid_arthritis
FCGR2A,177,0.99559,212,0.31675,True,rheumatoid_arthritis
ETV7,178,0.99551,743,0.09157,True,rheumatoid_arthritis
TNIP1,179,0.99519,482,0.20112,True,rheumatoid_arthritis
LHFPL6,180,0.99507,799,0.07922,True,rheumatoid_arthritis
PADI2,181,0.99504,700,0.10468,True,rheumatoid_arthritis
IFNAR2,182,0.99499,182,0.32859,True,rheumatoid_arthritis
IL2RA,183,0.99485,75,0.38437,True,rheumatoid_arthritis
FAS,184,0.99457,191,0.32499,True,rheumatoid_arthritis
IGSF9B,185,0.99451,770,0.08604,True,rheumatoid_arthritis
GPR35,186,0.99431,681,0.11177,True,rheumatoid_arthritis
NDFIP1,187,0.99405,519,0.18177,True,rheumatoid_arthritis
DENND1B,188,0.99397,625,0.13456,True,rheumatoid_arthritis
REV3L,189,0.99392,12,0.48201,True,rheumatoid_arthritis
TNFSF11,190,0.9939,84,0.37894,True,rheumatoid_arthritis
FTO,191,0.99373,15,0.47732,True,rheumatoid_arthritis
NR5A2,192,0.99353,105,0.36646,True,rheumatoid_arthritis
NFKB1,193,0.99344,55,0.40605,True,rheumatoid_arthritis
BANK1,194,0.99344,526,0.17904,True,rheumatoid_arthritis
SHTN1,195,0.99332,513,0.18424,True,rheumatoid_arthritis
CCR6,196,0.99318,158,0.33755,True,rheumatoid_arthritis
IL21R,197,0.99316,172,0.33208,True,rheumatoid_arthritis
TNFSF15,198,0.99311,505,0.18727,True,rheumatoid_arthritis
IL4R,199,0.99289,150,0.34159,True,rheumatoid_arthritis
PHTF1,200,0.99288,629,0.13323,True,rheumatoid_arthritis
NRSN1,201,0.9928,522,0.18085,True,rheumatoid_arthritis
UBASH3A,202,0.99275,648,0.12487,True,rheumatoid_arthritis
PRKCQ,203,0.99265,226,0.3104,True,rheumatoid_arthritis
BRK1,204,0.99262,533,0.17829,False,rheumatoid_arthritis
SWAP70,205,0.99262,469,0.2056,True,rheumatoid_arthritis
SLC6A4,206,0.99253,95,0.37246,True,rheumatoid_arthritis
PRDM1,207,0.99252,175,0.33124,True,rheumatoid_arthritis
IL6,208,0.99243,4,0.60045,True,rheumatoid_arthritis
LTA,209,0.99242,167,0.33401,True,rheumatoid_arthritis
DAP,210,0.99163,466,0.2056,True,rheumatoid_arthritis
DAPK1,211,0.99163,529,0.17829,False,rheumatoid_arthritis
IL10,212,0.99144,5,0.56856,True,rheumatoid_arthritis
HDGFL1,213,0.99074,862,0.07063,True,rheumatoid_arthritis
FLRT2,214,0.99068,550,0.17042,True,rheumatoid_arthritis
RUNX3,215,0.9905,149,0.34165,True,rheumatoid_arthritis
NUDT3,216,0.99047,844,0.07208,True,rheumatoid_arthritis
DCAF4L1,217,0.9902,603,0.144,True,rheumatoid_arthritis
CARD9,218,0.98987,214,0.31648,True,rheumatoid_arthritis
BACH2,219,0.98966,478,0.20232,True,rheumatoid_arthritis
JAK1,220,0.98945,18,0.46863,True,rheumatoid_arthritis
B3GNT2,221,0.98934,440,0.21619,True,rheumatoid_arthritis
SLC26A8,222,0.98929,563,0.16133,True,rheumatoid_arthritis
IL18R1,223,0.98897,353,0.26175,True,rheumatoid_arthritis
IL13,224,0.98852,50,0.41524,True,rheumatoid_arthritis
SP140,225,0.98831,604,0.14259,True,rheumatoid_arthritis
DNMT3A,226,0.98709,107,0.36636,False,rheumatoid_arthritis
IFNGR2,227,0.9866,271,0.29286,True,rheumatoid_arthritis
IFIH1,228,0.98588,96,0.37206,True,rheumatoid_arthritis
TNFRSF1A,229,0.98372,31,0.44022,True,rheumatoid_arthritis
IL2RB,230,0.98363,281,0.28662,False,rheumatoid_arthritis
CCL2,231,0.98321,47,0.41585,True,rheumatoid_arthritis
FOS,232,0.98275,19,0.46859,True,rheumatoid_arthritis
PSD4,233,0.98218,679,0.11264,True,rheumatoid_arthritis
IL6ST,234,0.98205,270,0.29301,False,rheumatoid_arthritis
CCDC91,235,0.98141,463,0.2056,True,rheumatoid_arthritis
GGA1,236,0.98141,528,0.17829,False,rheumatoid_arthritis
CD40LG,237,0.98075,268,0.29382,False,rheumatoid_arthritis
MICA,238,0.97875,622,0.13507,True,rheumatoid_arthritis
RPLP1,239,0.97871,256,0.2997,True,rheumatoid_arthritis
CD40,240,0.97846,53,0.41356,True,rheumatoid_arthritis
RIPK1,241,0.97748,237,0.30723,False,rheumatoid_arthritis
GRHL2,242,0.97741,429,0.22165,True,rheumatoid_arthritis
CAMTA1,243,0.97697,676,0.11323,True,rheumatoid_arthritis
ANKS1A,244,0.97671,620,0.13525,True,rheumatoid_arthritis
STAT3,245,0.97659,3,0.65977,False,rheumatoid_arthritis
JAK3,246,0.97629,134,0.35039,True,rheumatoid_arthritis
ATXN2,247,0.97507,43,0.42413,True,rheumatoid_arthritis
FCRL3,248,0.97372,656,0.12045,True,rheumatoid_arthritis
SYNGR1,249,0.97368,659,0.11805,True,rheumatoid_arthritis
ZNF366,250,0.97302,933,0.0615,True,rheumatoid_arthritis
TEC,251,0.97274,558,0.16509,True,rheumatoid_arthritis
ZNF704,252,0.97144,685,0.10974,True,rheumatoid_arthritis
OLIG3,253,0.97039,972,0.05756,True,rheumatoid_arthritis
NFKBIL1,254,0.9701,664,0.11635,True,rheumatoid_arthritis
CAPN10,255,0.97008,1185,0.0438,False,rheumatoid_arthritis
DLGAP1,256,0.96931,45,0.4195,True,rheumatoid_arthritis
SLC22A4,257,0.96931,627,0.13356,True,rheumatoid_arthritis
SINHCAF,258,0.96914,1067,0.04902,False,rheumatoid_arthritis
SMAD3,259,0.9669,22,0.45834,True,rheumatoid_arthritis
PLCL1,260,0.96554,474,0.2049,True,rheumatoid_arthritis
VWC2,261,0.96474,470,0.2056,True,rheumatoid_arthritis
CHRD,262,0.96474,531,0.17829,False,rheumatoid_arthritis
ARAP1,263,0.96457,686,0.1093,True,rheumatoid_arthritis
KIT,264,0.96322,293,0.28408,False,rheumatoid_arthritis
SLC9A8,265,0.96276,703,0.10334,True,rheumatoid_arthritis
EDEM2,266,0.96099,714,0.10027,False,rheumatoid_arthritis
LRRTM2,267,0.96033,536,0.17829,False,rheumatoid_arthritis
CEMIP2,268,0.96033,468,0.2056,True,rheumatoid_arthritis
ZNF354A,269,0.95668,535,0.17829,False,rheumatoid_arthritis
FRG2C,270,0.95668,467,0.2056,True,rheumatoid_arthritis
NXPE4,271,0.95586,530,0.17829,False,rheumatoid_arthritis
NXPE1,272,0.95586,464,0.2056,True,rheumatoid_arthritis
OSMR,273,0.95577,243,0.30516,True,rheumatoid_arthritis
KIF21B,274,0.95575,697,0.10553,True,rheumatoid_arthritis
TAGAP,275,0.95529,669,0.11524,True,rheumatoid_arthritis
DMRT2,276,0.95503,465,0.2056,True,rheumatoid_arthritis
SRY,277,0.95503,532,0.17829,False,rheumatoid_arthritis
LAT2,278,0.95497,626,0.13387,False,rheumatoid_arthritis
TNFSF14,279,0.95289,527,0.17846,False,rheumatoid_arthritis
NOS1,280,0.95262,92,0.37342,True,rheumatoid_arthritis
ERBB3,281,0.952,113,0.35921,True,rheumatoid_arthritis
FDX2,282,0.95198,245,0.30331,True,rheumatoid_arthritis
MAPK14,283,0.95032,16,0.47446,True,rheumatoid_arthritis
CCR3,284,0.94674,335,0.26706,False,rheumatoid_arthritis
IRF8,285,0.94627,331,0.2695,False,rheumatoid_arthritis
TRAF3IP2,286,0.9368,512,0.18432,True,rheumatoid_arthritis
NLGN2,287,0.93202,722,0.09736,False,rheumatoid_arthritis
TNFSF13B,288,0.93198,192,0.3248,True,rheumatoid_arthritis
CEP57,289,0.93177,666,0.1158,True,rheumatoid_arthritis
RPS10,290,0.9284,246,0.30289,True,rheumatoid_arthritis
TNFRSF13C,291,0.92692,378,0.24809,False,rheumatoid_arthritis
BATF,292,0.92246,276,0.29097,False,rheumatoid_arthritis
RASGRP3,293,0.91977,571,0.15859,False,rheumatoid_arthritis
RSBN1,294,0.91736,1322,0.03883,False,rheumatoid_arthritis
TRAF3,295,0.91521,121,0.35732,False,rheumatoid_arthritis
IL7R,296,0.91494,258,0.29838,False,rheumatoid_arthritis
SLC9B2,297,0.9128,1142,0.04528,False,rheumatoid_arthritis
MYC,298,0.91231,11,0.48376,True,rheumatoid_arthritis
EEF2,299,0.90757,363,0.25582,False,rheumatoid_arthritis
TRIM3,300,0.9067,1114,0.04637,False,rheumatoid_arthritis
POFUT2,301,0.9052,1799,0.02733,False,rheumatoid_arthritis
PGR,302,0.89936,309,0.28021,False,rheumatoid_arthritis
PTPRC,303,0.89934,20,0.46038,True,rheumatoid_arthritis
LAT,304,0.89779,726,0.09618,False,rheumatoid_arthritis
ARL14,305,0.89595,1092,0.04757,False,rheumatoid_arthritis
FASLG,306,0.88775,307,0.28091,False,rheumatoid_arthritis
NKX2-3,307,0.88766,846,0.07179,True,rheumatoid_arthritis
TPP2,308,0.88163,842,0.07239,False,rheumatoid_arthritis
CD5,309,0.87371,350,0.26227,False,rheumatoid_arthritis
IRF7,310,0.86449,346,0.26336,False,rheumatoid_arthritis
HNF1A,311,0.85014,1077,0.04833,False,rheumatoid_arthritis
BTK,312,0.82664,217,0.31463,False,rheumatoid_arthritis
SYNPR,313,0.82454,1928,0.02565,False,rheumatoid_arthritis
BATF2,314,0.81839,1099,0.04689,False,rheumatoid_arthritis
IL2RG,315,0.81478,360,0.25758,False,rheumatoid_arthritis
NTM,316,0.81294,1109,0.04649,False,rheumatoid_arthritis
KIAA1109,317,0.81218,2363,0.0201,False,rheumatoid_arthritis
HIPK1,318,0.7983,763,0.08669,True,rheumatoid_arthritis
CBLB,319,0.79801,324,0.27169,False,rheumatoid_arthritis
SLC47A2,320,0.79566,2560,0.01804,False,rheumatoid_arthritis
SLC47A1,321,0.79506,2512,0.01865,False,rheumatoid_arthritis
PDE4C-2,322,0.79061,2013,0.02389,False,rheumatoid_arthritis
BCL10,323,0.78856,291,0.28502,False,rheumatoid_arthritis
PKD2,324,0.78747,1818,0.02703,False,rheumatoid_arthritis
CEP152,325,0.77941,1749,0.02812,False,rheumatoid_arthritis
CCR1,326,0.77496,275,0.29159,False,rheumatoid_arthritis
LST1,327,0.7668,2543,0.01828,False,rheumatoid_arthritis
CYTH3,328,0.75299,1296,0.03971,False,rheumatoid_arthritis
IRF1,329,0.75266,279,0.28976,False,rheumatoid_arthritis
PIGR,330,0.75092,2995,0.01371,False,rheumatoid_arthritis
CYTH2,331,0.74646,1139,0.0453,False,rheumatoid_arthritis
NCL,332,0.73512,753,0.0899,False,rheumatoid_arthritis
OVOL2,333,0.71936,746,0.09084,False,rheumatoid_arthritis
FCGR2B,334,0.71398,322,0.27284,False,rheumatoid_arthritis
ESRP1,335,0.71223,721,0.09743,False,rheumatoid_arthritis
TENM2,336,0.703,950,0.05983,False,rheumatoid_arthritis
CD58,337,0.69852,649,0.12477,False,rheumatoid_arthritis
S1PR5,338,0.69287,750,0.09028,False,rheumatoid_arthritis
CD19,339,0.68203,78,0.38319,False,rheumatoid_arthritis
IRAK1,340,0.68175,255,0.29986,False,rheumatoid_arthritis
CCL22,341,0.66901,351,0.26206,False,rheumatoid_arthritis
NUDT2,342,0.66032,732,0.09507,False,rheumatoid_arthritis
SIRPG,343,0.66003,672,0.11429,True,rheumatoid_arthritis
HMGA2,344,0.63705,690,0.10792,False,rheumatoid_arthritis
ZBED6,345,0.63244,801,0.07858,True,rheumatoid_arthritis
KLF2,346,0.63193,538,0.17727,False,rheumatoid_arthritis
HLA-C,347,0.62491,804,0.07847,False,rheumatoid_arthritis
TFE3,348,0.61978,1801,0.02732,False,rheumatoid_arthritis
ING2,349,0.61934,1629,0.03048,False,rheumatoid_arthritis
DAB2IP,350,0.60294,1408,0.03653,False,rheumatoid_arthritis
PTPN12,351,0.60289,427,0.22279,False,rheumatoid_arthritis
RIN1,352,0.60144,1373,0.03748,False,rheumatoid_arthritis
TARS2,353,0.59709,184,0.32806,False,rheumatoid_arthritis
SP140L,354,0.56848,1315,0.03899,False,rheumatoid_arthritis
OPCML,355,0.56558,705,0.10272,True,rheumatoid_arthritis
S1PR3,356,0.55816,634,0.12946,False,rheumatoid_arthritis
MTMR7,357,0.54638,1171,0.04446,False,rheumatoid_arthritis
IKBKB,358,0.52541,137,0.34651,False,rheumatoid_arthritis
CDKN2B,359,0.51367,260,0.29795,True,rheumatoid_arthritis
WNT1,360,0.51248,1719,0.02882,False,rheumatoid_arthritis
NDRG1,361,0.51231,1714,0.02893,False,rheumatoid_arthritis
FOXK1,362,0.51227,521,0.1809,False,rheumatoid_arthritis
ESR1,363,0.50843,240,0.30666,False,rheumatoid_arthritis
ING3,364,0.50724,156,0.3381,False,rheumatoid_arthritis
CFTR,365,0.50718,1318,0.03894,False,rheumatoid_arthritis
ANLN,366,0.50345,1252,0.04132,False,rheumatoid_arthritis
AK9,367,0.49697,1122,0.04586,False,rheumatoid_arthritis
TP53,368,0.48459,1,0.81785,False,rheumatoid_arthritis
PPEF2,369,0.48392,1010,0.05406,False,rheumatoid_arthritis
PXK,370,0.46574,1187,0.04377,False,rheumatoid_arthritis
HRH1,371,0.46352,817,0.07644,False,rheumatoid_arthritis
PTDSS1,372,0.45875,405,0.23548,False,rheumatoid_arthritis
RUFY3,373,0.44162,1005,0.05426,False,rheumatoid_arthritis
L1CAM,374,0.44038,998,0.05507,False,rheumatoid_arthritis
AXL,375,0.44017,297,0.28358,False,rheumatoid_arthritis
S1PR1,376,0.43395,501,0.18972,False,rheumatoid_arthritis
PHRF1,377,0.42483,2237,0.02162,False,rheumatoid_arthritis
ETV6,378,0.42023,769,0.08619,False,rheumatoid_arthritis
MTMR9,379,0.41388,718,0.09861,False,rheumatoid_arthritis
RSRP1,380,0.39002,829,0.07454,True,rheumatoid_arthritis
EGR4,381,0.37462,1511,0.0343,False,rheumatoid_arthritis
EGR3,382,0.37092,1385,0.03701,False,rheumatoid_arthritis
EGR2,383,0.36947,1344,0.03808,False,rheumatoid_arthritis
UQCC3,384,0.36093,1681,0.02947,False,rheumatoid_arthritis
COX20,385,0.34947,1352,0.03789,False,rheumatoid_arthritis
ATP12A,386,0.3494,1066,0.04924,False,rheumatoid_arthritis
PRKCD,387,0.34557,315,0.27746,False,rheumatoid_arthritis
UQCC1,388,0.34486,1253,0.04131,False,rheumatoid_arthritis
TRAT1,389,0.33829,2999,0.01366,False,rheumatoid_arthritis
CR2,390,0.32468,359,0.25793,False,rheumatoid_arthritis
GDA,391,0.31853,471,0.20554,False,rheumatoid_arthritis
CDKN2A,392,0.30501,154,0.33885,False,rheumatoid_arthritis
MLPH,393,0.30204,1491,0.03487,False,rheumatoid_arthritis
RAB27B,394,0.30176,1480,0.03511,False,rheumatoid_arthritis
RYR3,395,0.29942,408,0.23282,False,rheumatoid_arthritis
CUL4B,396,0.29033,1926,0.02567,False,rheumatoid_arthritis
DCAF4,397,0.28583,1683,0.02947,False,rheumatoid_arthritis
WWTR1,398,0.28118,774,0.08449,False,rheumatoid_arthritis
IL12RB1,399,0.28083,596,0.14499,False,rheumatoid_arthritis
NIBAN3,400,0.27686,1551,0.03323,False,rheumatoid_arthritis
DENND1A,401,0.27261,1941,0.02546,False,rheumatoid_arthritis
ADGRL1,402,0.25763,1104,0.04677,False,rheumatoid_arthritis
ADGRL3,403,0.25706,1065,0.04925,False,rheumatoid_arthritis
DDX39B,404,0.25178,130,0.3535,False,rheumatoid_arthritis
TTC30B,405,0.24846,1245,0.04159,False,rheumatoid_arthritis
TTC30A,406,0.24709,1213,0.04305,False,rheumatoid_arthritis
IFT74,407,0.2463,1183,0.04389,False,rheumatoid_arthritis
IFT46,408,0.24562,1166,0.04462,False,rheumatoid_arthritis
IFT52,409,0.24519,1151,0.04507,False,rheumatoid_arthritis
GABRB1,410,0.23021,411,0.2318,False,rheumatoid_arthritis
CD52,411,0.22866,822,0.0757,False,rheumatoid_arthritis
PDGFRA,412,0.22677,320,0.27345,False,rheumatoid_arthritis
SIN3B,413,0.22644,782,0.08296,False,rheumatoid_arthritis
ZAP70,414,0.22589,878,0.06866,False,rheumatoid_arthritis
SPRY4,415,0.22143,2284,0.02101,False,rheumatoid_arthritis
FGFRL1,416,0.22119,2257,0.0213,False,rheumatoid_arthritis
NF1,417,0.21683,1851,0.0267,False,rheumatoid_arthritis
SPRED1,418,0.21662,1823,0.02696,False,rheumatoid_arthritis
ING4,419,0.21626,3771,0.0088,False,rheumatoid_arthritis
IFNG,420,0.20251,17,0.47066,False,rheumatoid_arthritis
TNFRSF13B,421,0.20229,566,0.16065,False,rheumatoid_arthritis
ELMO2,422,0.1953,390,0.24153,False,rheumatoid_arthritis
CTBP1,423,0.19239,590,0.14767,False,rheumatoid_arthritis
FUT2,424,0.19048,252,0.3006,False,rheumatoid_arthritis
CLEC2D,425,0.18789,2285,0.02099,False,rheumatoid_arthritis
SLC15A4,426,0.1877,3553,0.00969,False,rheumatoid_arthritis
ANTXR2,427,0.18654,2668,0.01704,False,rheumatoid_arthritis
NUCB2,428,0.18339,2305,0.02069,False,rheumatoid_arthritis
COG8,429,0.18122,210,0.31772,False,rheumatoid_arthritis
ETFB,430,0.17967,1558,0.03304,False,rheumatoid_arthritis
LACC1,431,0.17949,3358,0.01083,False,rheumatoid_arthritis
LUC7L,432,0.17934,1113,0.0464,False,rheumatoid_arthritis
TNFRSF21,433,0.17901,3282,0.0115,False,rheumatoid_arthritis
CD44,434,0.17897,88,0.37596,False,rheumatoid_arthritis
CCDC122,435,0.17884,3233,0.01173,False,rheumatoid_arthritis
ACOX2,436,0.17805,1467,0.03528,False,rheumatoid_arthritis
HSDL2,437,0.17682,1386,0.03699,False,rheumatoid_arthritis
RNASE1,438,0.1762,1284,0.04011,False,rheumatoid_arthritis
ECI2,439,0.1758,1332,0.03842,False,rheumatoid_arthritis
RNASE2,440,0.17432,1220,0.04267,False,rheumatoid_arthritis
ANG,441,0.17397,1211,0.04316,False,rheumatoid_arthritis
RNASE6,442,0.17188,1117,0.04605,False,rheumatoid_arthritis
FGFR1OP,443,0.17176,1116,0.04622,False,rheumatoid_arthritis
RSPH3,444,0.1701,1453,0.03546,False,rheumatoid_arthritis
MAF,445,0.16792,262,0.29762,False,rheumatoid_arthritis
IL27RA,446,0.16488,1074,0.04844,False,rheumatoid_arthritis
CEP63,447,0.1643,1091,0.0476,False,rheumatoid_arthritis
RGS1,448,0.16213,525,0.17955,False,rheumatoid_arthritis
TPD52L3,449,0.16183,1597,0.03149,False,rheumatoid_arthritis
PBRM1,450,0.16124,2479,0.01891,False,rheumatoid_arthritis
SMARCB1,451,0.16018,2309,0.02066,False,rheumatoid_arthritis
C16orf87,452,0.15941,2214,0.02195,False,rheumatoid_arthritis
TPD52L2,453,0.15839,1391,0.03687,False,rheumatoid_arthritis
RASSF5,454,0.15834,1553,0.03312,False,rheumatoid_arthritis
CEBPE,455,0.15832,2018,0.02379,False,rheumatoid_arthritis
PHF2,456,0.15733,1942,0.02545,False,rheumatoid_arthritis
TPD52L1,457,0.1565,1290,0.03989,False,rheumatoid_arthritis
CXCL17,458,0.15621,762,0.08692,False,rheumatoid_arthritis
MAL2,459,0.15476,1219,0.04268,False,rheumatoid_arthritis
CLEC4C,460,0.15037,702,0.1039,False,rheumatoid_arthritis
UNC5B,461,0.14761,3184,0.01209,False,rheumatoid_arthritis
S1PR2,462,0.14532,569,0.15886,False,rheumatoid_arthritis
MADCAM1,463,0.14218,1058,0.05033,False,rheumatoid_arthritis
PTPN1,464,0.14185,250,0.30241,False,rheumatoid_arthritis
IKBKE,465,0.14027,337,0.26644,False,rheumatoid_arthritis
SYP,466,0.13318,854,0.07136,False,rheumatoid_arthritis
GAST,467,0.13087,1111,0.04644,False,rheumatoid_arthritis
CYTH1,468,0.13021,793,0.08048,False,rheumatoid_arthritis
MAST3,469,0.12807,2884,0.01508,False,rheumatoid_arthritis
RAPGEF6,470,0.12628,2527,0.01847,False,rheumatoid_arthritis
LPAR2,471,0.12623,2519,0.01856,False,rheumatoid_arthritis
TNFSF8,472,0.12611,1980,0.02462,False,rheumatoid_arthritis
MAGI2,473,0.12583,2457,0.01916,False,rheumatoid_arthritis
MAGI1,474,0.1258,2449,0.01921,False,rheumatoid_arthritis
GNAL,475,0.12135,1868,0.02658,False,rheumatoid_arthritis
MPL,476,0.12132,3652,0.00924,False,rheumatoid_arthritis
NAA25,477,0.12131,3639,0.00928,False,rheumatoid_arthritis
THPO,478,0.12116,3543,0.00973,False,rheumatoid_arthritis
NTRK2,479,0.12058,3290,0.01144,False,rheumatoid_arthritis
NTRK1,480,0.12053,3251,0.01161,False,rheumatoid_arthritis
S1PR4,481,0.12052,756,0.08885,False,rheumatoid_arthritis
NTRK3,482,0.12048,3230,0.01177,False,rheumatoid_arthritis
RRM1,483,0.11904,908,0.06386,False,rheumatoid_arthritis
TAB1,484,0.11357,871,0.06942,False,rheumatoid_arthritis
UNC5C,485,0.11316,1663,0.02996,False,rheumatoid_arthritis
TRPV1,486,0.11289,278,0.2905,False,rheumatoid_arthritis
SIRPA,487,0.11281,1702,0.02906,False,rheumatoid_arthritis
UNC5D,488,0.11258,1567,0.0327,False,rheumatoid_arthritis
ACAP1,489,0.11215,1071,0.04877,False,rheumatoid_arthritis
LNX1,490,0.11179,890,0.06633,False,rheumatoid_arthritis
DCN,491,0.11158,1349,0.03794,False,rheumatoid_arthritis
MYO5A,492,0.10805,1312,0.03917,False,rheumatoid_arthritis
CTSG,493,0.10625,1995,0.0243,False,rheumatoid_arthritis
MPO,494,0.10604,1935,0.0256,False,rheumatoid_arthritis
PRTN3,495,0.106,1912,0.02588,False,rheumatoid_arthritis
TAX1BP1,496,0.10206,2122,0.02295,False,rheumatoid_arthritis
LHPP,497,0.1015,1829,0.02689,False,rheumatoid_arthritis
PPA2,498,0.10149,1820,0.02701,False,rheumatoid_arthritis
PPA1,499,0.10144,1785,0.02756,False,rheumatoid_arthritis
IL4,500,0.10006,340,0.26502,False,rheumatoid_arthritis
STAT1,501,0.09725,302,0.282,False,rheumatoid_arthritis
ATP7B,502,0.09107,3512,0.00989,False,rheumatoid_arthritis
LIPF,503,0.09097,3434,0.01032,False,rheumatoid_arthritis
TFG,504,0.08902,1493,0.03484,False,rheumatoid_arthritis
CALR,505,0.08881,90,0.37469,False,rheumatoid_arthritis
IKZF2,506,0.08794,3795,0.00873,False,rheumatoid_arthritis
BTNL2,507,0.0868,1228,0.04227,False,rheumatoid_arthritis
ESR2,508,0.08671,336,0.26657,False,rheumatoid_arthritis
IFNGR1,509,0.08644,738,0.09296,False,rheumatoid_arthritis
PDCD6,510,0.08609,1158,0.0448,False,rheumatoid_arthritis
SPATA2,511,0.08605,4231,0.00746,False,rheumatoid_arthritis
ANXA7,512,0.08564,1112,0.04644,False,rheumatoid_arthritis
OPTN,513,0.08517,3532,0.0098,False,rheumatoid_arthritis
S100A6,514,0.0847,1060,0.04986,False,rheumatoid_arthritis
SAP30,515,0.08234,1294,0.03973,False,rheumatoid_arthritis
CD4,516,0.08204,104,0.36748,False,rheumatoid_arthritis
RGS4,517,0.08115,341,0.26496,False,rheumatoid_arthritis
IL22RA1,518,0.07807,1052,0.05074,False,rheumatoid_arthritis
IL22,519,0.07666,727,0.09615,False,rheumatoid_arthritis
P4HB,520,0.07647,1293,0.03977,False,rheumatoid_arthritis
PCP4,521,0.07512,1246,0.04155,False,rheumatoid_arthritis
MGAM2,522,0.07444,2280,0.02113,False,rheumatoid_arthritis
IGKV1-33,523,0.07422,987,0.05599,False,rheumatoid_arthritis
IGKV1D-33,524,0.07422,988,0.05599,False,rheumatoid_arthritis
CAT,525,0.07395,2134,0.02279,False,rheumatoid_arthritis
GNE,526,0.0738,2071,0.02332,False,rheumatoid_arthritis
GALM,527,0.07375,2065,0.02348,False,rheumatoid_arthritis
CHRNE,528,0.07268,1723,0.02874,False,rheumatoid_arthritis
CHRNB1,529,0.07259,1704,0.02904,False,rheumatoid_arthritis
TBX21,530,0.07234,655,0.12095,False,rheumatoid_arthritis
CLEC16A,531,0.07208,807,0.07784,False,rheumatoid_arthritis
MUSK,532,0.07199,1614,0.03101,False,rheumatoid_arthritis
CHRND,533,0.07164,1582,0.03215,False,rheumatoid_arthritis
TRAF6,534,0.07085,257,0.29867,False,rheumatoid_arthritis
RAPSN,535,0.07054,1434,0.03581,False,rheumatoid_arthritis
VPREB3,536,0.06999,2314,0.0206,False,rheumatoid_arthritis
POU2AF1,537,0.0699,2236,0.02163,False,rheumatoid_arthritis
FCRLA,538,0.06977,2175,0.02227,False,rheumatoid_arthritis
CD22,539,0.06973,300,0.28257,False,rheumatoid_arthritis
LEPR,540,0.06943,2578,0.01787,False,rheumatoid_arthritis
PAX4,541,0.06914,3690,0.00907,False,rheumatoid_arthritis
KLF11,542,0.06879,3473,0.0101,False,rheumatoid_arthritis
IL1A,543,0.06743,610,0.13932,False,rheumatoid_arthritis
RACGAP1,544,0.06585,916,0.06336,False,rheumatoid_arthritis
LHX9,545,0.06522,1204,0.04335,False,rheumatoid_arthritis
ULBP2,546,0.06516,1157,0.04481,False,rheumatoid_arthritis
ULBP1,547,0.06513,1140,0.04529,False,rheumatoid_arthritis
KLRK1,548,0.06478,1061,0.04979,False,rheumatoid_arthritis
PIK3R1,549,0.06473,118,0.35878,False,rheumatoid_arthritis
IFNAR1,550,0.06466,143,0.34384,False,rheumatoid_arthritis
HLA-DPA1,551,0.06465,2181,0.02222,False,rheumatoid_arthritis
CSF3R,552,0.06452,1337,0.03825,False,rheumatoid_arthritis
IL10RB,553,0.06441,837,0.07381,False,rheumatoid_arthritis
AFF1,554,0.06391,173,0.33147,False,rheumatoid_arthritis
IL2,555,0.06308,451,0.21161,False,rheumatoid_arthritis
STAT6,556,0.06258,639,0.12821,False,rheumatoid_arthritis
IL10RA,557,0.06161,928,0.06226,False,rheumatoid_arthritis
MAFF,558,0.05971,3342,0.01097,False,rheumatoid_arthritis
MAFG,559,0.05963,3308,0.01132,False,rheumatoid_arthritis
TNIP2,560,0.0596,1145,0.04518,False,rheumatoid_arthritis
RAPGEF2,561,0.05874,1668,0.02978,False,rheumatoid_arthritis
CYP2C19,562,0.0586,1033,0.05262,False,rheumatoid_arthritis
DERL1,563,0.05727,2970,0.01412,False,rheumatoid_arthritis
AUP1,564,0.05695,2797,0.01594,False,rheumatoid_arthritis
AICDA,565,0.0567,2433,0.01942,False,rheumatoid_arthritis
USP33,566,0.05647,2494,0.01878,False,rheumatoid_arthritis
GABBR2,567,0.05638,357,0.25915,False,rheumatoid_arthritis
SAV1,568,0.05589,1911,0.02591,False,rheumatoid_arthritis
SPINT2,569,0.05588,1909,0.02594,False,rheumatoid_arthritis
HPN,570,0.05581,1888,0.02625,False,rheumatoid_arthritis
APEH,571,0.05573,1866,0.02659,False,rheumatoid_arthritis
SPINT1,572,0.05566,1825,0.02694,False,rheumatoid_arthritis
LOC102723996,573,0.05533,910,0.06364,False,rheumatoid_arthritis
CDKN1B,574,0.05499,283,0.28622,False,rheumatoid_arthritis
BGN,575,0.05488,948,0.05994,False,rheumatoid_arthritis
MST1R,576,0.05451,1583,0.03214,False,rheumatoid_arthritis
ACKR3,577,0.05286,4455,0.00683,False,rheumatoid_arthritis
NME1,578,0.05284,4399,0.007,False,rheumatoid_arthritis
EGR1,579,0.05279,915,0.06341,False,rheumatoid_arthritis
KRT7,580,0.05279,4273,0.00735,False,rheumatoid_arthritis
HPD,581,0.05254,3667,0.00919,False,rheumatoid_arthritis
TAT,582,0.05254,3662,0.0092,False,rheumatoid_arthritis
TNFRSF25,583,0.05202,1910,0.02592,False,rheumatoid_arthritis
IL22RA2,584,0.05191,2663,0.01708,False,rheumatoid_arthritis
IL13RA1,585,0.05179,867,0.07013,False,rheumatoid_arthritis
RAB27A,586,0.05153,1079,0.04825,False,rheumatoid_arthritis
IL17RB,587,0.05058,1233,0.04217,False,rheumatoid_arthritis
IL17RC,588,0.05043,1154,0.04495,False,rheumatoid_arthritis
STAT2,589,0.05028,600,0.14472,False,rheumatoid_arthritis
TNFRSF18,590,0.05022,1222,0.04253,False,rheumatoid_arthritis
IDO2,591,0.04991,1973,0.02487,False,rheumatoid_arthritis
ICOSLG,592,0.04976,1038,0.05221,False,rheumatoid_arthritis
IDO1,593,0.04924,2038,0.02355,False,rheumatoid_arthritis
TREM2,594,0.04871,2021,0.02378,False,rheumatoid_arthritis
KCNH1,595,0.04836,767,0.08639,False,rheumatoid_arthritis
WIPF1,596,0.04777,3993,0.00807,False,rheumatoid_arthritis
IL7,597,0.04767,652,0.12202,False,rheumatoid_arthritis
PTPN18,598,0.04751,3425,0.01042,False,rheumatoid_arthritis
IKBKG,599,0.04683,443,0.21501,False,rheumatoid_arthritis
SOCS1,600,0.04604,287,0.2856,False,rheumatoid_arthritis
TGFBR2,601,0.04564,207,0.31984,False,rheumatoid_arthritis
IGF2,602,0.04534,820,0.07605,False,rheumatoid_arthritis
CTSH,603,0.04512,642,0.12711,False,rheumatoid_arthritis
CCN2,604,0.04468,3268,0.01154,False,rheumatoid_arthritis
CSH2,605,0.04448,3123,0.01256,False,rheumatoid_arthritis
VGLL1,606,0.04428,3003,0.01358,False,rheumatoid_arthritis
KCNA5,607,0.04415,444,0.21499,False,rheumatoid_arthritis
IGHV3-43D,608,0.04413,668,0.11539,False,rheumatoid_arthritis
VGLL4,609,0.04392,2849,0.01546,False,rheumatoid_arthritis
TNFSF9,610,0.04359,1687,0.02942,False,rheumatoid_arthritis
TNFRSF4,611,0.04333,892,0.06619,False,rheumatoid_arthritis
DAXX,612,0.04304,795,0.07996,False,rheumatoid_arthritis
CYP2C8,613,0.04298,1476,0.03515,False,rheumatoid_arthritis
CYP2E1,614,0.04298,1478,0.03511,False,rheumatoid_arthritis
CYP4F2,615,0.04298,1477,0.03514,False,rheumatoid_arthritis
ALOX15B,616,0.04297,1470,0.03525,False,rheumatoid_arthritis
CYP4F3,617,0.04297,1472,0.03522,False,rheumatoid_arthritis
ALOX15,618,0.04295,1444,0.03571,False,rheumatoid_arthritis
ITGAM,619,0.04252,216,0.31516,False,rheumatoid_arthritis
GSN,620,0.04221,2313,0.02061,False,rheumatoid_arthritis
CYP4F8,621,0.04212,2264,0.02125,False,rheumatoid_arthritis
PTGDS,622,0.0421,2231,0.02173,False,rheumatoid_arthritis
PTGES2,623,0.04208,2195,0.02208,False,rheumatoid_arthritis
CUL4A,624,0.04208,1473,0.03521,False,rheumatoid_arthritis
PTGIS,625,0.04206,2156,0.02247,False,rheumatoid_arthritis
SCIN,626,0.04203,2227,0.02181,False,rheumatoid_arthritis
IL27,627,0.04201,1908,0.02596,False,rheumatoid_arthritis
CAPZA1,628,0.04152,1953,0.02521,False,rheumatoid_arthritis
CAPZB,629,0.0415,1944,0.02535,False,rheumatoid_arthritis
CAPZA2,630,0.04137,1890,0.0262,False,rheumatoid_arthritis
TMOD4,631,0.04135,1880,0.02638,False,rheumatoid_arthritis
KCNS3,632,0.04121,1289,0.03996,False,rheumatoid_arthritis
VAMP7,633,0.04094,1684,0.02947,False,rheumatoid_arthritis
TNFRSF8,634,0.03989,1263,0.04089,False,rheumatoid_arthritis
ALG2,635,0.03843,4332,0.00718,False,rheumatoid_arthritis
STAT5B,636,0.03837,576,0.15567,False,rheumatoid_arthritis
CLCN7,637,0.03815,3871,0.00849,False,rheumatoid_arthritis
TRAF2,638,0.03777,615,0.13745,False,rheumatoid_arthritis
TET2,639,0.03775,1264,0.04088,False,rheumatoid_arthritis
H3C12,640,0.03768,720,0.09815,False,rheumatoid_arthritis
H3C13,641,0.03765,719,0.09831,False,rheumatoid_arthritis
FLRT1,642,0.03742,1983,0.02456,False,rheumatoid_arthritis
TNFRSF9,643,0.0374,898,0.06514,False,rheumatoid_arthritis
SH2B1,644,0.03736,1657,0.03004,False,rheumatoid_arthritis
CISH,645,0.03733,4357,0.00711,False,rheumatoid_arthritis
CNTFR,646,0.03729,1435,0.0358,False,rheumatoid_arthritis
HDC,647,0.03714,1443,0.03572,False,rheumatoid_arthritis
KCNA3,648,0.03703,560,0.16265,False,rheumatoid_arthritis
TNFRSF6B,649,0.03696,1404,0.03663,False,rheumatoid_arthritis
SHMT1,650,0.03676,135,0.34758,False,rheumatoid_arthritis
ICOS,651,0.03657,673,0.11384,False,rheumatoid_arthritis
IL4I1,652,0.03607,1808,0.02716,False,rheumatoid_arthritis
PIK3CB,653,0.0356,120,0.35757,False,rheumatoid_arthritis
CYP4A11,654,0.03557,2159,0.02243,False,rheumatoid_arthritis
CYP2J2,655,0.03556,2143,0.02258,False,rheumatoid_arthritis
STAT5A,656,0.03527,579,0.15472,False,rheumatoid_arthritis
HHEX,657,0.03505,461,0.20621,False,rheumatoid_arthritis
TET1,658,0.03479,3393,0.01062,False,rheumatoid_arthritis
TDG,659,0.03474,3327,0.01111,False,rheumatoid_arthritis
ETFA,660,0.03459,1025,0.05303,False,rheumatoid_arthritis
XBP1,661,0.03436,1652,0.03009,False,rheumatoid_arthritis
ACE,662,0.03312,1784,0.02756,False,rheumatoid_arthritis
CBLIF,663,0.03304,1513,0.03423,False,rheumatoid_arthritis
ATP1A4,664,0.03298,2147,0.02252,False,rheumatoid_arthritis
ATP1A3,665,0.03297,2119,0.02297,False,rheumatoid_arthritis
ATP1A2,666,0.03297,2126,0.02289,False,rheumatoid_arthritis
FXYD2,667,0.03289,2004,0.02409,False,rheumatoid_arthritis
SOCS3,668,0.03286,757,0.08877,False,rheumatoid_arthritis
EBI3,669,0.03281,2467,0.01903,False,rheumatoid_arthritis
CD8A,670,0.03244,342,0.26451,False,rheumatoid_arthritis
IL5,671,0.03223,612,0.13863,False,rheumatoid_arthritis
ITPR1,672,0.032,891,0.0663,False,rheumatoid_arthritis
PRMT5,673,0.03187,2003,0.02413,False,rheumatoid_arthritis
TLR8,674,0.03116,1751,0.02806,False,rheumatoid_arthritis
KCNV1,675,0.03078,1902,0.02601,False,rheumatoid_arthritis
CD70,676,0.0307,1379,0.03711,False,rheumatoid_arthritis
KCNQ1,677,0.03065,347,0.26272,False,rheumatoid_arthritis
GABBR1,678,0.02949,344,0.26374,False,rheumatoid_arthritis
PSMD10,679,0.02917,4752,0.00614,False,rheumatoid_arthritis
PPP6R3,680,0.02914,4608,0.00645,False,rheumatoid_arthritis
PAX5,681,0.02909,734,0.09397,False,rheumatoid_arthritis
CXCL8,682,0.02899,511,0.18433,False,rheumatoid_arthritis
PPP6R2,683,0.02898,3992,0.00807,False,rheumatoid_arthritis
PPP6R1,684,0.02897,3948,0.00819,False,rheumatoid_arthritis
PPP6C,685,0.02894,3896,0.0084,False,rheumatoid_arthritis
PHGDH,686,0.0289,208,0.31955,False,rheumatoid_arthritis
CD27,687,0.02865,687,0.10906,False,rheumatoid_arthritis
IL1RAP,688,0.02796,1203,0.04335,False,rheumatoid_arthritis
PTK6,689,0.02764,1792,0.02744,False,rheumatoid_arthritis
TAPBP,690,0.02748,1621,0.03078,False,rheumatoid_arthritis
AAMP,691,0.02743,2000,0.02423,False,rheumatoid_arthritis
MAFK,692,0.02742,2238,0.02156,False,rheumatoid_arthritis
EZH2,693,0.02725,1093,0.04746,False,rheumatoid_arthritis
TNFRSF1B,694,0.02723,874,0.06926,False,rheumatoid_arthritis
DGKB,695,0.02719,389,0.24155,False,rheumatoid_arthritis
EXOSC2,696,0.02706,3295,0.01142,False,rheumatoid_arthritis
FLRT3,697,0.02703,2099,0.02308,False,rheumatoid_arthritis
ZFP36L2,698,0.02696,3042,0.01319,False,rheumatoid_arthritis
DCP2,699,0.02695,3016,0.01339,False,rheumatoid_arthritis
GPR19,700,0.02694,1482,0.03501,False,rheumatoid_arthritis
SLC1A1,701,0.02692,2207,0.022,False,rheumatoid_arthritis
INHA,702,0.0268,2124,0.02291,False,rheumatoid_arthritis
NEUROG3,703,0.02678,2108,0.02304,False,rheumatoid_arthritis
NEUROD1,704,0.02678,2102,0.02307,False,rheumatoid_arthritis
EHD1,705,0.02666,3187,0.01207,False,rheumatoid_arthritis
TRIP10,706,0.02664,3155,0.01226,False,rheumatoid_arthritis
LPP,707,0.0266,736,0.09329,False,rheumatoid_arthritis
SOBP,708,0.02657,3013,0.01347,False,rheumatoid_arthritis
GPR152,709,0.02656,1978,0.02474,False,rheumatoid_arthritis
COBLL1,710,0.02652,2962,0.0142,False,rheumatoid_arthritis
CYP2U1,711,0.02651,3857,0.00852,False,rheumatoid_arthritis
CYP4A22,712,0.02651,3851,0.00854,False,rheumatoid_arthritis
ALOX12B,713,0.02648,3796,0.00873,False,rheumatoid_arthritis
COBL,714,0.02647,2887,0.01504,False,rheumatoid_arthritis
PACSIN2,715,0.02641,2798,0.01594,False,rheumatoid_arthritis
PACSIN3,716,0.0264,2772,0.01608,False,rheumatoid_arthritis
HLA-DRA,717,0.02638,1451,0.03554,False,rheumatoid_arthritis
SUFU,718,0.02587,1708,0.02899,False,rheumatoid_arthritis
ISL2,719,0.02557,3039,0.01321,False,rheumatoid_arthritis
PRKN,720,0.02533,140,0.34594,False,rheumatoid_arthritis
SSBP2,721,0.0253,2766,0.0161,False,rheumatoid_arthritis
SSBP4,722,0.0253,2773,0.01608,False,rheumatoid_arthritis
COTL1,723,0.02521,3488,0.01001,False,rheumatoid_arthritis
LTC4S,724,0.02521,3493,0.00998,False,rheumatoid_arthritis
LTA4H,725,0.0252,3483,0.01005,False,rheumatoid_arthritis
ALOX5AP,726,0.02519,3464,0.01012,False,rheumatoid_arthritis
KCNV2,727,0.02512,787,0.08173,False,rheumatoid_arthritis
IL9,728,0.02507,683,0.11114,False,rheumatoid_arthritis
PIEZO1,729,0.02492,3299,0.01136,False,rheumatoid_arthritis
BVES,730,0.02489,3243,0.01166,False,rheumatoid_arthritis
POPDC2,731,0.02488,3205,0.01191,False,rheumatoid_arthritis
PAH,732,0.02486,3868,0.00849,False,rheumatoid_arthritis
MTFMT,733,0.02483,3769,0.0088,False,rheumatoid_arthritis
GGH,734,0.02482,3742,0.0089,False,rheumatoid_arthritis
KCNK4,735,0.02481,3095,0.01284,False,rheumatoid_arthritis
CBR1,736,0.02481,3705,0.009,False,rheumatoid_arthritis
SI,737,0.02479,1236,0.04195,False,rheumatoid_arthritis
KRT76,738,0.02469,2940,0.01443,False,rheumatoid_arthritis
KCNK10,739,0.0246,2837,0.01562,False,rheumatoid_arthritis
KCNK1,740,0.02459,2816,0.01575,False,rheumatoid_arthritis
NBR1,741,0.02419,1371,0.03751,False,rheumatoid_arthritis
CDC25B,742,0.02412,318,0.27428,False,rheumatoid_arthritis
KCNQ3,743,0.02405,459,0.20627,False,rheumatoid_arthritis
CSK,744,0.02398,1522,0.03409,False,rheumatoid_arthritis
CD276,745,0.02392,962,0.0589,False,rheumatoid_arthritis
TCF7L2,746,0.02391,1042,0.05144,False,rheumatoid_arthritis
TRAF4,747,0.02389,4738,0.00616,False,rheumatoid_arthritis
CHRNA1,748,0.02377,945,0.06014,False,rheumatoid_arthritis
MRPS2,749,0.02371,1076,0.04837,False,rheumatoid_arthritis
IL17D,750,0.02368,4291,0.00731,False,rheumatoid_arthritis
ARF6,751,0.02365,803,0.07849,False,rheumatoid_arthritis
TRAF5,752,0.02364,924,0.06251,False,rheumatoid_arthritis
MGAM,753,0.02358,1415,0.03631,False,rheumatoid_arthritis
DCC,754,0.02357,1542,0.03342,False,rheumatoid_arthritis
IL17B,755,0.02353,3976,0.00811,False,rheumatoid_arthritis
NFKBIZ,756,0.02352,2704,0.01664,False,rheumatoid_arthritis
IL17C,757,0.02347,3889,0.00842,False,rheumatoid_arthritis
NTN1,758,0.02339,1549,0.03326,False,rheumatoid_arthritis
NEO1,759,0.02338,3361,0.01082,False,rheumatoid_arthritis
IL17RD,760,0.02327,2521,0.01853,False,rheumatoid_arthritis
NTN4,761,0.02324,3177,0.01217,False,rheumatoid_arthritis
SH3KBP1,762,0.02318,1753,0.02805,False,rheumatoid_arthritis
MAGED1,763,0.02312,3043,0.01316,False,rheumatoid_arthritis
IL25,764,0.02309,2340,0.02038,False,rheumatoid_arthritis
IL17RE,765,0.02308,2333,0.02046,False,rheumatoid_arthritis
ITGA4,766,0.02308,296,0.28366,False,rheumatoid_arthritis
PLA2G4A,767,0.02308,1136,0.04545,False,rheumatoid_arthritis
CLK2,768,0.02306,435,0.21819,False,rheumatoid_arthritis
NAALADL2,769,0.02305,3498,0.00997,False,rheumatoid_arthritis
MOCS3,770,0.02293,3681,0.00911,False,rheumatoid_arthritis
NPVF,771,0.02291,3533,0.00978,False,rheumatoid_arthritis
SQOR,772,0.02284,3293,0.01142,False,rheumatoid_arthritis
GPHN,773,0.0228,3185,0.01209,False,rheumatoid_arthritis
SOD1,774,0.02276,2220,0.02191,False,rheumatoid_arthritis
GOT1L1,775,0.02276,1529,0.03388,False,rheumatoid_arthritis
MOCS2,776,0.02274,3067,0.01304,False,rheumatoid_arthritis
PAPSS1,777,0.02274,3049,0.01315,False,rheumatoid_arthritis
PAPSS2,778,0.02273,3041,0.0132,False,rheumatoid_arthritis
ETHE1,779,0.02273,3031,0.01329,False,rheumatoid_arthritis
DPYS,780,0.0226,3936,0.00824,False,rheumatoid_arthritis
TMEM116,781,0.02259,3831,0.00861,False,rheumatoid_arthritis
GPR143,782,0.02259,3853,0.00853,False,rheumatoid_arthritis
KISS1,783,0.02258,3748,0.00888,False,rheumatoid_arthritis
GOLT1B,784,0.02258,3749,0.00888,False,rheumatoid_arthritis
TYMP,785,0.02258,3709,0.00899,False,rheumatoid_arthritis
GOLT1A,786,0.02258,3750,0.00888,False,rheumatoid_arthritis
OXNAD1,787,0.02257,3692,0.00906,False,rheumatoid_arthritis
H3-2,788,0.02238,1223,0.04247,False,rheumatoid_arthritis
NACA2,789,0.02228,371,0.25102,False,rheumatoid_arthritis
AKR1B10,790,0.02222,2158,0.02244,False,rheumatoid_arthritis
AKR1B1,791,0.02218,2091,0.02318,False,rheumatoid_arthritis
BIRC2,792,0.02218,742,0.0917,False,rheumatoid_arthritis
SPR,793,0.02214,2014,0.02386,False,rheumatoid_arthritis
NRG3,794,0.02202,607,0.14075,False,rheumatoid_arthritis
CCL4L2,795,0.02161,1627,0.03054,False,rheumatoid_arthritis
CD274,796,0.02159,1043,0.05144,False,rheumatoid_arthritis
KCNG4,797,0.02153,1053,0.05067,False,rheumatoid_arthritis
TNIP3,798,0.02136,3845,0.00856,False,rheumatoid_arthritis
GOT2,799,0.02134,1937,0.02558,False,rheumatoid_arthritis
GOT1,800,0.02134,1930,0.02564,False,rheumatoid_arthritis
CSF3,801,0.02131,853,0.07136,False,rheumatoid_arthritis
RNF11,802,0.02129,3735,0.00891,False,rheumatoid_arthritis
TBK1,803,0.02105,735,0.09384,False,rheumatoid_arthritis
HLA-DQB1,804,0.02103,2540,0.0183,False,rheumatoid_arthritis
ATG3,805,0.02101,1141,0.04528,False,rheumatoid_arthritis
BTLA,806,0.02101,1685,0.02944,False,rheumatoid_arthritis
KCNA6,807,0.021,870,0.06944,False,rheumatoid_arthritis
MZB1,808,0.02096,4387,0.00703,False,rheumatoid_arthritis
MS4A7,809,0.02093,4330,0.00718,False,rheumatoid_arthritis
FCRL1,810,0.02089,4206,0.00752,False,rheumatoid_arthritis
UBE2D1,811,0.0208,2356,0.02018,False,rheumatoid_arthritis
IGKV2D-29,812,0.02073,3824,0.00863,False,rheumatoid_arthritis
KCNB2,813,0.02067,973,0.05756,False,rheumatoid_arthritis
IL18,814,0.02052,1194,0.04365,False,rheumatoid_arthritis
PDCD1LG2,815,0.02044,1260,0.04107,False,rheumatoid_arthritis
ELL3,816,0.02033,2353,0.0202,False,rheumatoid_arthritis
MAVS,817,0.02033,775,0.08439,False,rheumatoid_arthritis
PTS,818,0.0203,1210,0.04317,False,rheumatoid_arthritis
ELL2,819,0.0203,2249,0.02143,False,rheumatoid_arthritis
KCNC2,820,0.02029,1329,0.03868,False,rheumatoid_arthritis
ELL,821,0.02028,2183,0.02221,False,rheumatoid_arthritis
AFF4,822,0.02027,2182,0.02222,False,rheumatoid_arthritis
EAF1,823,0.02025,2090,0.02319,False,rheumatoid_arthritis
MLLT3,824,0.02022,2001,0.02417,False,rheumatoid_arthritis
FRMD4A,825,0.02017,1230,0.04221,False,rheumatoid_arthritis
NOD1,826,0.02005,2105,0.02305,False,rheumatoid_arthritis
LAG3,827,0.02002,1265,0.04085,False,rheumatoid_arthritis
CD247,828,0.01976,1021,0.05321,False,rheumatoid_arthritis
HLA-B,829,0.01972,1101,0.04679,False,rheumatoid_arthritis
FHL1,830,0.01937,2310,0.02063,False,rheumatoid_arthritis
WASL,831,0.01932,1164,0.04463,False,rheumatoid_arthritis
TNFSF12,832,0.01931,1190,0.04369,False,rheumatoid_arthritis
CD48,833,0.01929,1273,0.04067,False,rheumatoid_arthritis
ATG12,834,0.01927,1082,0.04799,False,rheumatoid_arthritis
PDCD1,835,0.01916,1047,0.05115,False,rheumatoid_arthritis
SLC11A2,836,0.01916,3264,0.01156,False,rheumatoid_arthritis
HECW1,837,0.01914,3225,0.0118,False,rheumatoid_arthritis
MEFV,838,0.01899,1960,0.02503,False,rheumatoid_arthritis
CYP2C9,839,0.01882,981,0.05632,False,rheumatoid_arthritis
MS4A3,840,0.0188,2163,0.0224,False,rheumatoid_arthritis
CD28,841,0.01877,632,0.13029,False,rheumatoid_arthritis
IL33,842,0.01863,1600,0.03142,False,rheumatoid_arthritis
PYCARD,843,0.01862,1494,0.03477,False,rheumatoid_arthritis
MMS19,844,0.01854,4415,0.00695,False,rheumatoid_arthritis
PFAS,845,0.01849,3776,0.00879,False,rheumatoid_arthritis
NCBP3,846,0.01848,2075,0.0233,False,rheumatoid_arthritis
PAICS,847,0.01848,3733,0.00892,False,rheumatoid_arthritis
IRGM,848,0.01835,1468,0.03527,False,rheumatoid_arthritis
RNF41,849,0.01828,1484,0.03495,False,rheumatoid_arthritis
APH1A,850,0.01827,3365,0.01078,False,rheumatoid_arthritis
AGT,851,0.01823,3272,0.01153,False,rheumatoid_arthritis
NCSTN,852,0.01823,3271,0.01153,False,rheumatoid_arthritis
PTGES,853,0.0182,1127,0.0457,False,rheumatoid_arthritis
REN,854,0.0182,3192,0.01201,False,rheumatoid_arthritis
BACE1,855,0.01813,3038,0.01321,False,rheumatoid_arthritis
IDE,856,0.01805,2909,0.01475,False,rheumatoid_arthritis
LTB,857,0.0178,1105,0.04674,False,rheumatoid_arthritis
GFI1,858,0.01762,370,0.25146,False,rheumatoid_arthritis
HLA-DQA1,859,0.01751,1520,0.03413,False,rheumatoid_arthritis
AEN,860,0.01751,3816,0.00866,False,rheumatoid_arthritis
DDB1,861,0.01733,858,0.07093,False,rheumatoid_arthritis
CD3D,862,0.01723,1298,0.03961,False,rheumatoid_arthritis
PTPN11,863,0.0172,491,0.19567,False,rheumatoid_arthritis
HAVCR2,864,0.01698,2544,0.01827,False,rheumatoid_arthritis
MT-CYB,865,0.01696,889,0.06637,False,rheumatoid_arthritis
UBC,866,0.01695,597,0.14496,False,rheumatoid_arthritis
CASP1,867,0.01681,1247,0.04152,False,rheumatoid_arthritis
NRIP1,868,0.01678,306,0.28098,False,rheumatoid_arthritis
RIPK2,869,0.01664,1192,0.04367,False,rheumatoid_arthritis
DHFR2,870,0.01651,1081,0.0481,False,rheumatoid_arthritis
VAV1,871,0.01651,906,0.06402,False,rheumatoid_arthritis
KCNG3,872,0.01651,5290,0.00435,False,rheumatoid_arthritis
TYROBP,873,0.01645,1144,0.04524,False,rheumatoid_arthritis
ABL1,874,0.01639,1314,0.03901,False,rheumatoid_arthritis
PDCD5,875,0.01625,391,0.24143,False,rheumatoid_arthritis
ALOX12,876,0.01616,1131,0.04556,False,rheumatoid_arthritis
MAPKAPK2,877,0.01603,1827,0.0269,False,rheumatoid_arthritis
YWHAE,878,0.01596,921,0.0629,False,rheumatoid_arthritis
RAB35,879,0.0159,956,0.05946,False,rheumatoid_arthritis
RELB,880,0.01587,1161,0.04476,False,rheumatoid_arthritis
FZD4,881,0.01574,1544,0.03336,False,rheumatoid_arthritis
DNAJA3,882,0.01568,5349,0.00414,False,rheumatoid_arthritis
ATP1B1,883,0.01543,2269,0.0212,False,rheumatoid_arthritis
VAV3,884,0.01508,2248,0.02143,False,rheumatoid_arthritis
TCF7L1,885,0.01506,1396,0.0368,False,rheumatoid_arthritis
CDKN1A,886,0.01488,311,0.27949,False,rheumatoid_arthritis
GABRQ,887,0.01485,3808,0.0087,False,rheumatoid_arthritis
IL1RL2,888,0.01481,2370,0.02001,False,rheumatoid_arthritis
TPH1,889,0.01479,1372,0.0375,False,rheumatoid_arthritis
ARHGAP24,890,0.01472,1376,0.0374,False,rheumatoid_arthritis
GRIN2B,891,0.01463,310,0.28002,False,rheumatoid_arthritis
KCNC3,892,0.0146,805,0.07793,False,rheumatoid_arthritis
MTHFD1,893,0.01456,1557,0.03304,False,rheumatoid_arthritis
KCNA4,894,0.01447,561,0.16226,False,rheumatoid_arthritis
BATF3,895,0.01441,1380,0.03711,False,rheumatoid_arthritis
CD68,896,0.01439,4804,0.00604,False,rheumatoid_arthritis
ALB,897,0.01432,2297,0.02081,False,rheumatoid_arthritis
CD1A,898,0.01429,4393,0.00701,False,rheumatoid_arthritis
CD1E,899,0.01427,4302,0.00729,False,rheumatoid_arthritis
CD1B,900,0.01422,4112,0.00776,False,rheumatoid_arthritis
SLC44A4,901,0.01421,4577,0.00654,False,rheumatoid_arthritis
NFKB2,902,0.01413,827,0.07495,False,rheumatoid_arthritis
UNC93B1,903,0.01411,2523,0.0185,False,rheumatoid_arthritis
SHARPIN,904,0.01405,2579,0.01784,False,rheumatoid_arthritis
FBLN5,905,0.01394,3275,0.01152,False,rheumatoid_arthritis
SLC18A2,906,0.01394,197,0.32261,False,rheumatoid_arthritis
EFEMP2,907,0.01389,3144,0.01235,False,rheumatoid_arthritis
CCBE1,908,0.01388,3118,0.0126,False,rheumatoid_arthritis
IKZF3,909,0.01387,2233,0.02172,False,rheumatoid_arthritis
KLRC2,910,0.01385,2166,0.02237,False,rheumatoid_arthritis
SLC6A3,911,0.0138,222,0.31314,False,rheumatoid_arthritis
NCR2,912,0.01374,1989,0.02443,False,rheumatoid_arthritis
IRAK4,913,0.01368,741,0.09254,False,rheumatoid_arthritis
NCR3,914,0.01366,1884,0.0263,False,rheumatoid_arthritis
NCR1,915,0.01366,1891,0.0262,False,rheumatoid_arthritis
TLR5,916,0.01356,1630,0.03046,False,rheumatoid_arthritis
SCUBE3,917,0.01356,1276,0.04048,False,rheumatoid_arthritis
KLRC1,918,0.01356,1368,0.03758,False,rheumatoid_arthritis
RORC,919,0.0135,765,0.08648,False,rheumatoid_arthritis
IL1R2,920,0.01338,2444,0.01932,False,rheumatoid_arthritis
CYP2B6,921,0.01329,1268,0.04082,False,rheumatoid_arthritis
RREB1,922,0.01324,1215,0.04289,False,rheumatoid_arthritis
NFKBIB,923,0.01318,1001,0.05489,False,rheumatoid_arthritis
EDN3,924,0.01316,4799,0.00604,False,rheumatoid_arthritis
TSNAX,925,0.01313,4599,0.00648,False,rheumatoid_arthritis
PTGDR2,926,0.01313,4563,0.00656,False,rheumatoid_arthritis
EDN1,927,0.01312,4496,0.0067,False,rheumatoid_arthritis
GNG7,928,0.01309,4364,0.00709,False,rheumatoid_arthritis
PLA2G10,929,0.01308,2422,0.01947,False,rheumatoid_arthritis
CUX1,930,0.01299,4449,0.00684,False,rheumatoid_arthritis
CDX2,931,0.01298,4398,0.00701,False,rheumatoid_arthritis
CNTF,932,0.01298,1740,0.02833,False,rheumatoid_arthritis
TBPL2,933,0.01297,4377,0.00704,False,rheumatoid_arthritis
IL11,934,0.01297,1721,0.02875,False,rheumatoid_arthritis
NECTIN2,935,0.01293,2191,0.02213,False,rheumatoid_arthritis
CD79B,936,0.01293,828,0.0748,False,rheumatoid_arthritis
IL36RN,937,0.01292,4369,0.00706,False,rheumatoid_arthritis
KLRG1,938,0.01292,4146,0.00768,False,rheumatoid_arthritis
IL1RL1,939,0.01291,4325,0.00719,False,rheumatoid_arthritis
RAP2B,940,0.01289,592,0.14672,False,rheumatoid_arthritis
GZMK,941,0.01289,3962,0.00815,False,rheumatoid_arthritis
MIXL1,942,0.01289,3985,0.00809,False,rheumatoid_arthritis
NECTIN1,943,0.01288,2146,0.02253,False,rheumatoid_arthritis
MOCS1,944,0.01287,1769,0.02771,False,rheumatoid_arthritis
TBXT,945,0.01287,3909,0.00834,False,rheumatoid_arthritis
DLG5,946,0.01286,4114,0.00775,False,rheumatoid_arthritis
IL1RN,947,0.01285,4096,0.0078,False,rheumatoid_arthritis
RMDN3,948,0.0128,2680,0.01693,False,rheumatoid_arthritis
NLRP1,949,0.01278,3738,0.0089,False,rheumatoid_arthritis
PRLR,950,0.01278,4586,0.00651,False,rheumatoid_arthritis
GHR,951,0.01278,4576,0.00654,False,rheumatoid_arthritis
CHUK,952,0.0125,552,0.16861,False,rheumatoid_arthritis
KCNA10,953,0.01245,1963,0.02499,False,rheumatoid_arthritis
RANBP3,954,0.01236,758,0.0881,False,rheumatoid_arthritis
DGKZ,955,0.01228,4668,0.00629,False,rheumatoid_arthritis
CCL25,956,0.01225,4574,0.00654,False,rheumatoid_arthritis
FERMT3,957,0.01225,4313,0.00724,False,rheumatoid_arthritis
RASA4,958,0.01224,4178,0.00761,False,rheumatoid_arthritis
DGKA,959,0.01222,3970,0.00812,False,rheumatoid_arthritis
RASGRP2,960,0.0122,3827,0.00862,False,rheumatoid_arthritis
CXCL16,961,0.01217,4253,0.0074,False,rheumatoid_arthritis
DEFB1,962,0.01217,4237,0.00744,False,rheumatoid_arthritis
DEFB4A,963,0.01217,4229,0.00747,False,rheumatoid_arthritis
RELA,964,0.01213,547,0.17129,False,rheumatoid_arthritis
IL15,965,0.01211,670,0.11458,False,rheumatoid_arthritis
IRF9,966,0.01199,879,0.06856,False,rheumatoid_arthritis
RIPK3,967,0.01196,1689,0.02934,False,rheumatoid_arthritis
TLR2,968,0.01193,813,0.07694,False,rheumatoid_arthritis
GABRA6,969,0.01193,1933,0.02562,False,rheumatoid_arthritis
LCK,970,0.0119,713,0.10029,False,rheumatoid_arthritis
SNAI1,971,0.01185,2402,0.01965,False,rheumatoid_arthritis
FOXH1,972,0.01182,2338,0.02039,False,rheumatoid_arthritis
TRAIP,973,0.01168,4594,0.00649,False,rheumatoid_arthritis
KCNS2,974,0.01166,3364,0.01079,False,rheumatoid_arthritis
HPGDS,975,0.01164,1078,0.04831,False,rheumatoid_arthritis
XIAP,976,0.01163,4371,0.00706,False,rheumatoid_arthritis
GART,977,0.01161,1170,0.04449,False,rheumatoid_arthritis
ALDH1L2,978,0.01155,2372,0.01999,False,rheumatoid_arthritis
ALDH1L1,979,0.01155,2387,0.0198,False,rheumatoid_arthritis
IFNL1,980,0.01146,1724,0.02874,False,rheumatoid_arthritis
IL13RA2,981,0.01145,1651,0.03011,False,rheumatoid_arthritis
CD33,982,0.01138,3743,0.00889,False,rheumatoid_arthritis
RAET1L,983,0.01136,3654,0.00923,False,rheumatoid_arthritis
HSPA1B,984,0.01135,4414,0.00696,False,rheumatoid_arthritis
RAET1G,985,0.01135,3600,0.00944,False,rheumatoid_arthritis
IGHV3-16,986,0.01134,1129,0.04564,False,rheumatoid_arthritis
PDIA6,987,0.01133,3530,0.00981,False,rheumatoid_arthritis
HSPA1L,988,0.01133,4241,0.00744,False,rheumatoid_arthritis
LILRB1,989,0.01132,3494,0.00998,False,rheumatoid_arthritis
HCST,990,0.01121,3207,0.01191,False,rheumatoid_arthritis
CTNND2,991,0.01109,2286,0.02098,False,rheumatoid_arthritis
SOX17,992,0.01107,2243,0.02149,False,rheumatoid_arthritis
NLK,993,0.01104,2164,0.02238,False,rheumatoid_arthritis
JUP,994,0.01104,2165,0.02237,False,rheumatoid_arthritis
MYD88,995,0.01102,565,0.16078,False,rheumatoid_arthritis
ST8SIA4,996,0.0109,4342,0.00715,False,rheumatoid_arthritis
BCL3,997,0.0109,2486,0.01884,False,rheumatoid_arthritis
NR3C2,998,0.0109,1979,0.02468,False,rheumatoid_arthritis
SSBP3,999,0.01089,1409,0.03649,False,rheumatoid_arthritis
TNFSF13,1000,0.01089,716,0.09894,False,rheumatoid_arthritis
CDO1,1001,0.01083,1934,0.02561,False,rheumatoid_arthritis
CAD,1002,0.01083,1420,0.03615,False,rheumatoid_arthritis
HMGB1,1003,0.01079,1200,0.04345,False,rheumatoid_arthritis
ATP6V1G2,1004,0.01078,990,0.05582,False,rheumatoid_arthritis
MPST,1005,0.01072,1649,0.03012,False,rheumatoid_arthritis
TST,1006,0.01071,1645,0.03015,False,rheumatoid_arthritis
RUNX1T1,1007,0.01068,2186,0.02219,False,rheumatoid_arthritis
FOXP3,1008,0.01058,678,0.11271,False,rheumatoid_arthritis
FCER1A,1009,0.01057,2788,0.01601,False,rheumatoid_arthritis
BRS3,1010,0.01053,3631,0.0093,False,rheumatoid_arthritis
PABPN1,1011,0.01051,1490,0.03489,False,rheumatoid_arthritis
PYY,1012,0.0105,3500,0.00996,False,rheumatoid_arthritis
NFKBID,1013,0.0105,4360,0.0071,False,rheumatoid_arthritis
NTSR1,1014,0.01048,3448,0.01024,False,rheumatoid_arthritis
NCAM1,1015,0.01044,1610,0.03112,False,rheumatoid_arthritis
PVR,1016,0.01044,2138,0.02267,False,rheumatoid_arthritis
CD53,1017,0.01043,2792,0.01599,False,rheumatoid_arthritis
GPR39,1018,0.01042,3267,0.01155,False,rheumatoid_arthritis
SCT,1019,0.01041,3258,0.01157,False,rheumatoid_arthritis
ATG10,1020,0.01041,2111,0.02301,False,rheumatoid_arthritis
GABARAPL2,1021,0.0104,2086,0.02322,False,rheumatoid_arthritis
ATG7,1022,0.0104,2078,0.02328,False,rheumatoid_arthritis
WIPI2,1023,0.0104,2074,0.0233,False,rheumatoid_arthritis
MAP3K5,1024,0.0104,2304,0.0207,False,rheumatoid_arthritis
PPY,1025,0.01039,3189,0.01204,False,rheumatoid_arthritis
DERL2,1026,0.01035,1717,0.02883,False,rheumatoid_arthritis
GHSR,1027,0.01034,3068,0.01304,False,rheumatoid_arthritis
MLNR,1028,0.01028,2967,0.01415,False,rheumatoid_arthritis
VTCN1,1029,0.01028,4338,0.00715,False,rheumatoid_arthritis
CD79A,1030,0.01026,772,0.08577,False,rheumatoid_arthritis
LGALS9C,1031,0.01026,4275,0.00735,False,rheumatoid_arthritis
LGALS9B,1032,0.01026,4276,0.00735,False,rheumatoid_arthritis
LCN2,1033,0.01025,4219,0.00749,False,rheumatoid_arthritis
NKX6-2,1034,0.01016,3014,0.01343,False,rheumatoid_arthritis
SYVN1,1035,0.01016,1546,0.0333,False,rheumatoid_arthritis
NKX6-1,1036,0.01016,3015,0.01341,False,rheumatoid_arthritis
DPPA3,1037,0.01012,4515,0.00667,False,rheumatoid_arthritis
FTCD,1038,0.01007,2375,0.01998,False,rheumatoid_arthritis
IRAK2,1039,0.01004,1748,0.02817,False,rheumatoid_arthritis
SRGAP1,1040,0.01002,2841,0.01561,False,rheumatoid_arthritis
IFNA1,1041,0.01,651,0.12271,False,rheumatoid_arthritis
IL26,1042,0.00989,2603,0.01767,False,rheumatoid_arthritis
GHRL,1043,0.00988,1966,0.02492,False,rheumatoid_arthritis
ZFHX3,1044,0.00987,4058,0.0079,False,rheumatoid_arthritis
TEAD4,1045,0.00986,4257,0.00739,False,rheumatoid_arthritis
TEAD1,1046,0.00985,4187,0.00757,False,rheumatoid_arthritis
IL24,1047,0.00985,2516,0.01857,False,rheumatoid_arthritis
ACP5,1048,0.00985,2275,0.02117,False,rheumatoid_arthritis
APC2,1049,0.0098,3730,0.00893,False,rheumatoid_arthritis
ROBO4,1050,0.00979,2488,0.01883,False,rheumatoid_arthritis
HTR2C,1051,0.00976,2258,0.0213,False,rheumatoid_arthritis
HTR2A,1052,0.00974,2206,0.022,False,rheumatoid_arthritis
HTR1B,1053,0.00973,2177,0.02223,False,rheumatoid_arthritis
SPSB2,1054,0.00967,4623,0.00639,False,rheumatoid_arthritis
LMO2,1055,0.00965,1548,0.03328,False,rheumatoid_arthritis
NOS3,1056,0.00964,4457,0.00683,False,rheumatoid_arthritis
GATM,1057,0.00964,4435,0.00687,False,rheumatoid_arthritis
OTC,1058,0.00963,4422,0.00693,False,rheumatoid_arthritis
IGLV10-54,1059,0.00963,2810,0.01582,False,rheumatoid_arthritis
TCF3,1060,0.00961,1492,0.03486,False,rheumatoid_arthritis
ALDH7A1,1061,0.00958,800,0.07865,False,rheumatoid_arthritis
ACKR1,1062,0.00955,1673,0.02968,False,rheumatoid_arthritis
ABR,1063,0.00944,5446,0.00345,False,rheumatoid_arthritis
C1QBP,1064,0.00934,1991,0.0244,False,rheumatoid_arthritis
MECOM,1065,0.00933,3768,0.00881,False,rheumatoid_arthritis
IL18BP,1066,0.00933,3837,0.00858,False,rheumatoid_arthritis
IL37,1067,0.00932,3591,0.00949,False,rheumatoid_arthritis
IL18RAP,1068,0.00932,3592,0.00949,False,rheumatoid_arthritis
LYN,1069,0.00929,591,0.14754,False,rheumatoid_arthritis
GABRP,1070,0.00923,812,0.07697,False,rheumatoid_arthritis
TICAM2,1071,0.00921,2526,0.01847,False,rheumatoid_arthritis
OSCAR,1072,0.00919,4412,0.00696,False,rheumatoid_arthritis
DCSTAMP,1073,0.00919,4352,0.00713,False,rheumatoid_arthritis
CTSK,1074,0.00917,4075,0.00785,False,rheumatoid_arthritis
LGR4,1075,0.00917,4091,0.00781,False,rheumatoid_arthritis
SOST,1076,0.00916,3950,0.00819,False,rheumatoid_arthritis
SFRP1,1077,0.00916,3954,0.00817,False,rheumatoid_arthritis
GYPC,1078,0.00915,4776,0.0061,False,rheumatoid_arthritis
UBB,1079,0.00913,884,0.06716,False,rheumatoid_arthritis
TNFRSF11B,1080,0.00913,3715,0.00898,False,rheumatoid_arthritis
PILRA,1081,0.00913,4536,0.00663,False,rheumatoid_arthritis
TNFRSF11A,1082,0.00913,3717,0.00898,False,rheumatoid_arthritis
ENO1,1083,0.00911,2079,0.02328,False,rheumatoid_arthritis
OPLAH,1084,0.00911,2354,0.0202,False,rheumatoid_arthritis
IFNL2,1085,0.0091,2553,0.0181,False,rheumatoid_arthritis
ALYREF,1086,0.00909,1536,0.03352,False,rheumatoid_arthritis
DDX39A,1087,0.00908,1515,0.03418,False,rheumatoid_arthritis
THOC3,1088,0.00908,1502,0.03455,False,rheumatoid_arthritis
THOC7,1089,0.00908,1509,0.03434,False,rheumatoid_arthritis
ASXL1,1090,0.00908,1345,0.03803,False,rheumatoid_arthritis
FYTTD1,1091,0.00908,1512,0.03428,False,rheumatoid_arthritis
THOC6,1092,0.00907,1496,0.03469,False,rheumatoid_arthritis
CARD11,1093,0.00906,1039,0.05217,False,rheumatoid_arthritis
CHTOP,1094,0.00905,1421,0.03612,False,rheumatoid_arthritis
THOC5,1095,0.00905,1422,0.03609,False,rheumatoid_arthritis
MTR,1096,0.00905,1353,0.03787,False,rheumatoid_arthritis
THOC1,1097,0.00904,1411,0.03645,False,rheumatoid_arthritis
SARNP,1098,0.00903,1378,0.03715,False,rheumatoid_arthritis
CPS1,1099,0.00901,2291,0.02088,False,rheumatoid_arthritis
PRPS1L1,1100,0.00894,2318,0.02057,False,rheumatoid_arthritis
PRPS1,1101,0.00894,2246,0.02144,False,rheumatoid_arthritis
VAV2,1102,0.00888,1620,0.03084,False,rheumatoid_arthritis
PSEN2,1103,0.00886,1497,0.03468,False,rheumatoid_arthritis
FCAR,1104,0.00884,4719,0.0062,False,rheumatoid_arthritis
SLC5A2,1105,0.00883,1955,0.02515,False,rheumatoid_arthritis
CXCR2,1106,0.00883,1143,0.04526,False,rheumatoid_arthritis
NIPBL,1107,0.00879,1644,0.03015,False,rheumatoid_arthritis
APCS,1108,0.00878,4300,0.0073,False,rheumatoid_arthritis
PHF1,1109,0.00878,3994,0.00806,False,rheumatoid_arthritis
NUTM2A,1110,0.00878,4049,0.00792,False,rheumatoid_arthritis
DNMT3B,1111,0.00877,2083,0.02324,False,rheumatoid_arthritis
MYCL,1112,0.00877,3939,0.00822,False,rheumatoid_arthritis
TNFRSF17,1113,0.00876,1432,0.03587,False,rheumatoid_arthritis
FUT5,1114,0.00875,2441,0.01936,False,rheumatoid_arthritis
GCNT2,1115,0.00874,2430,0.01944,False,rheumatoid_arthritis
DNMT1,1116,0.00872,1974,0.02485,False,rheumatoid_arthritis
SUZ12,1117,0.00867,3319,0.01119,False,rheumatoid_arthritis
FADS6,1118,0.00866,2393,0.01974,False,rheumatoid_arthritis
NR2C2,1119,0.00864,3200,0.01194,False,rheumatoid_arthritis
PIP5K1A,1120,0.00858,365,0.2555,False,rheumatoid_arthritis
BMI1,1121,0.00837,4408,0.00697,False,rheumatoid_arthritis
KCNF1,1122,0.00836,959,0.05904,False,rheumatoid_arthritis
USP21,1123,0.00835,4301,0.00729,False,rheumatoid_arthritis
QDPR,1124,0.00828,1518,0.03414,False,rheumatoid_arthritis
MAP3K14,1125,0.00825,1152,0.045,False,rheumatoid_arthritis
KCNH7,1126,0.00823,2266,0.02122,False,rheumatoid_arthritis
SDC1,1127,0.00819,1901,0.02601,False,rheumatoid_arthritis
MRAS,1128,0.00819,2745,0.01627,False,rheumatoid_arthritis
SHC3,1129,0.00815,2881,0.01511,False,rheumatoid_arthritis
SHC4,1130,0.00815,2877,0.01516,False,rheumatoid_arthritis
GAB1,1131,0.00815,2866,0.0153,False,rheumatoid_arthritis
SOS2,1132,0.00813,2426,0.01946,False,rheumatoid_arthritis
RAP1B,1133,0.00812,2342,0.02035,False,rheumatoid_arthritis
EPOR,1134,0.00806,2533,0.01839,False,rheumatoid_arthritis
CD2BP2,1135,0.00803,4172,0.00762,False,rheumatoid_arthritis
AZIN2,1136,0.00803,2551,0.01812,False,rheumatoid_arthritis
ASL,1137,0.00802,2520,0.01853,False,rheumatoid_arthritis
ARG2,1138,0.00801,2498,0.01872,False,rheumatoid_arthritis
ERLEC1,1139,0.00801,1445,0.03569,False,rheumatoid_arthritis
ARG1,1140,0.00801,2496,0.01874,False,rheumatoid_arthritis
ADCY2,1141,0.00799,4460,0.00683,False,rheumatoid_arthritis
TRIM25,1142,0.00798,4388,0.00702,False,rheumatoid_arthritis
PPP1R1B,1143,0.00798,4380,0.00704,False,rheumatoid_arthritis
TRIM65,1144,0.00798,4390,0.00702,False,rheumatoid_arthritis
RNF125,1145,0.00798,4376,0.00705,False,rheumatoid_arthritis
GCA,1146,0.00798,3536,0.00976,False,rheumatoid_arthritis
ADCY1,1147,0.00798,4401,0.007,False,rheumatoid_arthritis
NDEL1,1148,0.00797,4327,0.00719,False,rheumatoid_arthritis
CD3G,1149,0.00797,1622,0.03077,False,rheumatoid_arthritis
SEL1L,1150,0.00789,1359,0.03775,False,rheumatoid_arthritis
OS9,1151,0.00789,1367,0.03761,False,rheumatoid_arthritis
H3-4,1152,0.00788,999,0.05491,False,rheumatoid_arthritis
COPS5,1153,0.00787,1327,0.03872,False,rheumatoid_arthritis
GRIN1,1154,0.00782,419,0.22718,False,rheumatoid_arthritis
CCRL2,1155,0.00781,1628,0.03053,False,rheumatoid_arthritis
DEF6,1156,0.00777,4745,0.00614,False,rheumatoid_arthritis
LTBR,1157,0.00774,830,0.07434,False,rheumatoid_arthritis
CA2,1158,0.00773,2245,0.02145,False,rheumatoid_arthritis
NR1H2,1159,0.00771,401,0.23679,False,rheumatoid_arthritis
HNF4A,1160,0.00769,1672,0.02972,False,rheumatoid_arthritis
CREBBP,1161,0.00769,584,0.1516,False,rheumatoid_arthritis
GFPT2,1162,0.00768,2341,0.02038,False,rheumatoid_arthritis
GFPT1,1163,0.00768,2331,0.02046,False,rheumatoid_arthritis
GLUL,1164,0.00767,2254,0.02133,False,rheumatoid_arthritis
CD3E,1165,0.00763,1051,0.05076,False,rheumatoid_arthritis
CYB5R3,1166,0.00762,1347,0.03797,False,rheumatoid_arthritis
CYB5R2,1167,0.00761,1369,0.03755,False,rheumatoid_arthritis
ULBP3,1168,0.00759,3946,0.00819,False,rheumatoid_arthritis
NCR3LG1,1169,0.00759,3988,0.00808,False,rheumatoid_arthritis
KLRF1,1170,0.00758,3925,0.0083,False,rheumatoid_arthritis
CD244,1171,0.00758,3930,0.00826,False,rheumatoid_arthritis
APAF1,1172,0.00758,4074,0.00786,False,rheumatoid_arthritis
BMF,1173,0.00757,4035,0.00795,False,rheumatoid_arthritis
CYB5R1,1174,0.00756,1413,0.03639,False,rheumatoid_arthritis
BAD,1175,0.00756,3966,0.00814,False,rheumatoid_arthritis
DDIT3,1176,0.00755,3846,0.00856,False,rheumatoid_arthritis
SLAMF6,1177,0.00754,3678,0.00914,False,rheumatoid_arthritis
RAP1A,1178,0.0075,1540,0.03344,False,rheumatoid_arthritis
LPIN2,1179,0.00747,2431,0.01943,False,rheumatoid_arthritis
IFNA2,1180,0.00746,971,0.05791,False,rheumatoid_arthritis
TIGIT,1181,0.00746,3394,0.01062,False,rheumatoid_arthritis
IL20,1182,0.00746,4179,0.00759,False,rheumatoid_arthritis
IL20RA,1183,0.00742,3890,0.00842,False,rheumatoid_arthritis
IL20RB,1184,0.00742,3888,0.00842,False,rheumatoid_arthritis
H3-5,1185,0.00739,994,0.05546,False,rheumatoid_arthritis
BCL2L10,1186,0.00737,2335,0.0204,False,rheumatoid_arthritis
BIK,1187,0.00736,2315,0.02059,False,rheumatoid_arthritis
PMAIP1,1188,0.00735,2274,0.02118,False,rheumatoid_arthritis
NANOG,1189,0.00733,975,0.05721,False,rheumatoid_arthritis
BBC3,1190,0.00733,2196,0.02208,False,rheumatoid_arthritis
TSLP,1191,0.00732,1149,0.04511,False,rheumatoid_arthritis
BCL2L2,1192,0.00732,2132,0.02282,False,rheumatoid_arthritis
BCL2A1,1193,0.00731,2096,0.0231,False,rheumatoid_arthritis
ITK,1194,0.00731,1526,0.03396,False,rheumatoid_arthritis
MCL1,1195,0.00731,2081,0.02327,False,rheumatoid_arthritis
BIRC3,1196,0.00731,940,0.06057,False,rheumatoid_arthritis
MTHFD1L,1197,0.0073,1162,0.04473,False,rheumatoid_arthritis
IGLL5,1198,0.00727,791,0.08094,False,rheumatoid_arthritis
B2M,1199,0.00726,1559,0.033,False,rheumatoid_arthritis
TIRAP,1200,0.00724,918,0.06304,False,rheumatoid_arthritis
CD2AP,1201,0.00721,1119,0.04601,False,rheumatoid_arthritis
IFNK,1202,0.00719,1760,0.02786,False,rheumatoid_arthritis
SYN2,1203,0.00719,3517,0.00984,False,rheumatoid_arthritis
IFNE,1204,0.00719,1757,0.02794,False,rheumatoid_arthritis
UNC13A,1205,0.00719,3552,0.0097,False,rheumatoid_arthritis
STX1B,1206,0.00719,3535,0.00976,False,rheumatoid_arthritis
TRADD,1207,0.00718,856,0.0712,False,rheumatoid_arthritis
SV2A,1208,0.00718,3407,0.01055,False,rheumatoid_arthritis
VAMP3,1209,0.00718,3338,0.01101,False,rheumatoid_arthritis
GNB4,1210,0.00718,1115,0.04633,False,rheumatoid_arthritis
UNC13B,1211,0.00718,3390,0.01062,False,rheumatoid_arthritis
SYN1,1212,0.00718,3395,0.01061,False,rheumatoid_arthritis
L7N2F9_HUMAN,1213,0.00718,3431,0.01034,False,rheumatoid_arthritis
GNB2,1214,0.00718,1121,0.04595,False,rheumatoid_arthritis
FGF1,1215,0.00717,3334,0.01105,False,rheumatoid_arthritis
S100A13,1216,0.00717,3305,0.01133,False,rheumatoid_arthritis
GNB3,1217,0.00717,1103,0.04677,False,rheumatoid_arthritis
CPLX1,1218,0.00717,3304,0.01133,False,rheumatoid_arthritis
RNF31,1219,0.00716,1029,0.05285,False,rheumatoid_arthritis
GSK3B,1220,0.00714,129,0.35411,False,rheumatoid_arthritis
GABARAPL1,1221,0.00714,1516,0.03418,False,rheumatoid_arthritis
KLRB1,1222,0.00711,1087,0.04779,False,rheumatoid_arthritis
CD1C,1223,0.00709,2582,0.01783,False,rheumatoid_arthritis
NLRX1,1224,0.00708,3659,0.00922,False,rheumatoid_arthritis
LDB2,1225,0.00708,1011,0.05398,False,rheumatoid_arthritis
AKAP12,1226,0.00708,4362,0.00709,False,rheumatoid_arthritis
RAB26,1227,0.00708,3649,0.00926,False,rheumatoid_arthritis
ATG13,1228,0.00708,3658,0.00922,False,rheumatoid_arthritis
ATG14,1229,0.00708,3643,0.00927,False,rheumatoid_arthritis
AKAP7,1230,0.00707,4176,0.00761,False,rheumatoid_arthritis
THEMIS,1231,0.00707,3097,0.01283,False,rheumatoid_arthritis
WIPI1,1232,0.00707,3551,0.00971,False,rheumatoid_arthritis
TUFM,1233,0.00707,3616,0.00938,False,rheumatoid_arthritis
CD160,1234,0.00706,2477,0.01892,False,rheumatoid_arthritis
RAB33B,1235,0.00706,3523,0.00982,False,rheumatoid_arthritis
RB1CC1,1236,0.00706,3522,0.00982,False,rheumatoid_arthritis
PAX6,1237,0.00705,2634,0.01739,False,rheumatoid_arthritis
COPS7A,1238,0.00704,3024,0.01332,False,rheumatoid_arthritis
COPS3,1239,0.00704,3022,0.01332,False,rheumatoid_arthritis
COPS2,1240,0.00704,3020,0.01332,False,rheumatoid_arthritis
COPS9,1241,0.00704,3021,0.01332,False,rheumatoid_arthritis
COPS8,1242,0.00704,3026,0.01332,False,rheumatoid_arthritis
GPS1,1243,0.00704,3027,0.01332,False,rheumatoid_arthritis
COPS4,1244,0.00704,3028,0.01332,False,rheumatoid_arthritis
COPS7B,1245,0.00704,3023,0.01332,False,rheumatoid_arthritis
COPS6,1246,0.00704,3025,0.01332,False,rheumatoid_arthritis
FKBP1C,1247,0.00703,4329,0.00719,False,rheumatoid_arthritis
FKBP2,1248,0.00703,4358,0.0071,False,rheumatoid_arthritis
PDE4DIP,1249,0.00703,3759,0.00885,False,rheumatoid_arthritis
PFN1,1250,0.00703,4416,0.00695,False,rheumatoid_arthritis
AIFM1,1251,0.00702,3764,0.00882,False,rheumatoid_arthritis
NOX5,1252,0.00702,3979,0.00811,False,rheumatoid_arthritis
H2AX,1253,0.00702,3792,0.00874,False,rheumatoid_arthritis
PPID,1254,0.00702,3810,0.00869,False,rheumatoid_arthritis
DUOX2,1255,0.00701,3910,0.00834,False,rheumatoid_arthritis
NOX3,1256,0.00701,3830,0.00861,False,rheumatoid_arthritis
DUOX1,1257,0.00701,3841,0.00857,False,rheumatoid_arthritis
RRAS2,1258,0.00701,1675,0.02966,False,rheumatoid_arthritis
NOX1,1259,0.007,3778,0.00879,False,rheumatoid_arthritis
CYBA,1260,0.007,3777,0.00879,False,rheumatoid_arthritis
NLRC4,1261,0.007,2572,0.01792,False,rheumatoid_arthritis
NOXA1,1262,0.007,3793,0.00874,False,rheumatoid_arthritis
NOXO1,1263,0.007,3774,0.00879,False,rheumatoid_arthritis
EDA2R,1264,0.00697,2326,0.0205,False,rheumatoid_arthritis
FRMD6,1265,0.00695,3414,0.01049,False,rheumatoid_arthritis
SZRD1,1266,0.00695,3412,0.0105,False,rheumatoid_arthritis
TENM4,1267,0.00695,3363,0.01081,False,rheumatoid_arthritis
TENM1,1268,0.00695,3371,0.01072,False,rheumatoid_arthritis
UNC5CL,1269,0.00695,3411,0.01051,False,rheumatoid_arthritis
VEGFB,1270,0.00695,3413,0.0105,False,rheumatoid_arthritis
TENM3,1271,0.00695,3378,0.01068,False,rheumatoid_arthritis
PPBP,1272,0.00694,4218,0.0075,False,rheumatoid_arthritis
CXCL14,1273,0.00694,4221,0.00749,False,rheumatoid_arthritis
GNGT1,1274,0.00693,2487,0.01883,False,rheumatoid_arthritis
JUN,1275,0.00691,382,0.24535,False,rheumatoid_arthritis
YAP1,1276,0.0069,911,0.06362,False,rheumatoid_arthritis
EBF1,1277,0.00683,1463,0.03531,False,rheumatoid_arthritis
GZMA,1278,0.00679,1756,0.02795,False,rheumatoid_arthritis
MAP3K7,1279,0.00679,745,0.09108,False,rheumatoid_arthritis
LY96,1280,0.00672,2424,0.01946,False,rheumatoid_arthritis
LOX,1281,0.00668,2027,0.02368,False,rheumatoid_arthritis
FUT9,1282,0.00664,1674,0.02968,False,rheumatoid_arthritis
FUT6,1283,0.00664,1669,0.02975,False,rheumatoid_arthritis
B3GNT3,1284,0.00664,1679,0.02954,False,rheumatoid_arthritis
B3GNT4,1285,0.00664,1697,0.02915,False,rheumatoid_arthritis
FUT4,1286,0.00664,1678,0.0296,False,rheumatoid_arthritis
ST3GAL6,1287,0.00663,1680,0.0295,False,rheumatoid_arthritis
CNOT1,1288,0.00662,1450,0.03554,False,rheumatoid_arthritis
CSF1,1289,0.00658,1653,0.03009,False,rheumatoid_arthritis
NOX4,1290,0.00658,2292,0.02087,False,rheumatoid_arthritis
KCNC4,1291,0.00656,861,0.07064,False,rheumatoid_arthritis
TERT,1292,0.00653,157,0.33785,False,rheumatoid_arthritis
CCL28,1293,0.00653,2464,0.01908,False,rheumatoid_arthritis
MAP1LC3A,1294,0.00652,3800,0.00871,False,rheumatoid_arthritis
VIPR1,1295,0.00652,3763,0.00883,False,rheumatoid_arthritis
TECPR1,1296,0.00651,3723,0.00895,False,rheumatoid_arthritis
WDFY3,1297,0.00651,3753,0.00887,False,rheumatoid_arthritis
ATG16L2,1298,0.00651,3724,0.00895,False,rheumatoid_arthritis
ETS2,1299,0.0065,4191,0.00756,False,rheumatoid_arthritis
LGALS9,1300,0.00649,1275,0.04048,False,rheumatoid_arthritis
DYNLL1,1301,0.00648,2345,0.02034,False,rheumatoid_arthritis
KCNQ2,1302,0.00647,416,0.22843,False,rheumatoid_arthritis
TAB2,1303,0.00643,1089,0.04774,False,rheumatoid_arthritis
CBFB,1304,0.00641,974,0.05724,False,rheumatoid_arthritis
FPGS,1305,0.00637,2476,0.01893,False,rheumatoid_arthritis
LCP2,1306,0.00635,709,0.10117,False,rheumatoid_arthritis
IKZF4,1307,0.00633,3745,0.00889,False,rheumatoid_arthritis
IKZF5,1308,0.00633,3666,0.00919,False,rheumatoid_arthritis
KCND1,1309,0.00633,885,0.06671,False,rheumatoid_arthritis
P2RY8,1310,0.00633,3720,0.00896,False,rheumatoid_arthritis
BSG,1311,0.00633,1976,0.02481,False,rheumatoid_arthritis
PTCRA,1312,0.00632,3603,0.00942,False,rheumatoid_arthritis
GRIN2A,1313,0.00631,356,0.25942,False,rheumatoid_arthritis
CHD3,1314,0.0063,3478,0.01008,False,rheumatoid_arthritis
FSTL1,1315,0.00626,4855,0.00593,False,rheumatoid_arthritis
TLR10,1316,0.0062,4086,0.00784,False,rheumatoid_arthritis
GATA1,1317,0.00618,935,0.06136,False,rheumatoid_arthritis
KCNA7,1318,0.00618,946,0.06002,False,rheumatoid_arthritis
CYCS,1319,0.00615,995,0.05541,False,rheumatoid_arthritis
LGALS2,1320,0.00615,4793,0.00606,False,rheumatoid_arthritis
GNAS,1321,0.00612,778,0.08361,False,rheumatoid_arthritis
TDO2,1322,0.00611,3460,0.01015,False,rheumatoid_arthritis
HGD,1323,0.00611,4298,0.00731,False,rheumatoid_arthritis
PCBD1,1324,0.00611,3391,0.01062,False,rheumatoid_arthritis
PCBD2,1325,0.00611,3397,0.0106,False,rheumatoid_arthritis
CTBP2,1326,0.0061,1591,0.03178,False,rheumatoid_arthritis
IRAK3,1327,0.00608,2696,0.01675,False,rheumatoid_arthritis
TCL1A,1328,0.00608,2369,0.02002,False,rheumatoid_arthritis
ROBO1,1329,0.00606,1309,0.03942,False,rheumatoid_arthritis
TOLLIP,1330,0.00606,2597,0.01769,False,rheumatoid_arthritis
ROBO2,1331,0.00603,1306,0.03957,False,rheumatoid_arthritis
DNM1,1332,0.006,2023,0.02372,False,rheumatoid_arthritis
SIN3A,1333,0.00598,873,0.06938,False,rheumatoid_arthritis
MAGOH,1334,0.00596,2255,0.02132,False,rheumatoid_arthritis
PTPN6,1335,0.00596,737,0.09301,False,rheumatoid_arthritis
POLDIP3,1336,0.00596,2169,0.02234,False,rheumatoid_arthritis
ADAMTS17,1337,0.00594,2547,0.0182,False,rheumatoid_arthritis
PRAG1,1338,0.00591,2015,0.02386,False,rheumatoid_arthritis
SNAP25,1339,0.00589,1661,0.03,False,rheumatoid_arthritis
TCF4,1340,0.00587,4057,0.0079,False,rheumatoid_arthritis
PSEN1,1341,0.00587,1504,0.03448,False,rheumatoid_arthritis
CSNK2B,1342,0.00586,4451,0.00684,False,rheumatoid_arthritis
PRDM14,1343,0.00585,3865,0.0085,False,rheumatoid_arthritis
ZBTB47,1344,0.00584,3780,0.00877,False,rheumatoid_arthritis
GLIS2,1345,0.00583,3700,0.00902,False,rheumatoid_arthritis
ZNF652,1346,0.00582,3601,0.00943,False,rheumatoid_arthritis
CCL4,1347,0.00582,938,0.0609,False,rheumatoid_arthritis
POU5F1,1348,0.00581,2782,0.01603,False,rheumatoid_arthritis
LYL1,1349,0.00581,3564,0.00965,False,rheumatoid_arthritis
ATF3,1350,0.00581,2407,0.0196,False,rheumatoid_arthritis
CLEC4E,1351,0.0058,2549,0.01818,False,rheumatoid_arthritis
CBFA2T2,1352,0.00578,3409,0.01052,False,rheumatoid_arthritis
ACACB,1353,0.00578,2550,0.01814,False,rheumatoid_arthritis
SRF,1354,0.00576,2429,0.01944,False,rheumatoid_arthritis
LDB1,1355,0.00573,831,0.07434,False,rheumatoid_arthritis
ITPR2,1356,0.00572,1238,0.04189,False,rheumatoid_arthritis
ITGAX,1357,0.00572,970,0.05799,False,rheumatoid_arthritis
MLLT1,1358,0.0057,1521,0.0341,False,rheumatoid_arthritis
GABRA4,1359,0.00568,2480,0.01888,False,rheumatoid_arthritis
GABRG1,1360,0.00568,2497,0.01874,False,rheumatoid_arthritis
GABRA3,1361,0.00567,2622,0.0175,False,rheumatoid_arthritis
GABRG3,1362,0.00567,2615,0.01754,False,rheumatoid_arthritis
APP,1363,0.00561,1948,0.02524,False,rheumatoid_arthritis
KCNS1,1364,0.00559,1405,0.03662,False,rheumatoid_arthritis
NCF1,1365,0.00552,1270,0.04073,False,rheumatoid_arthritis
YTHDC1,1366,0.00545,1794,0.0274,False,rheumatoid_arthritis
NFATC2,1367,0.00544,1631,0.03043,False,rheumatoid_arthritis
CXCL1,1368,0.00541,866,0.07022,False,rheumatoid_arthritis
EEF1A1,1369,0.00541,3502,0.00994,False,rheumatoid_arthritis
MLANA,1370,0.00541,3520,0.00983,False,rheumatoid_arthritis
EEF1A2,1371,0.00541,3515,0.00986,False,rheumatoid_arthritis
ARL1,1372,0.0054,4127,0.00773,False,rheumatoid_arthritis
HLA-DOB,1373,0.0054,3433,0.01033,False,rheumatoid_arthritis
HLA-DPB1,1374,0.0054,3436,0.01032,False,rheumatoid_arthritis
EXOC7,1375,0.0054,3968,0.00812,False,rheumatoid_arthritis
RAB36,1376,0.0054,4044,0.00792,False,rheumatoid_arthritis
H3BUN2_HUMAN,1377,0.00539,3835,0.00859,False,rheumatoid_arthritis
HLA-DQA2,1378,0.00539,3416,0.01048,False,rheumatoid_arthritis
HLA-DRB5,1379,0.00539,3415,0.01048,False,rheumatoid_arthritis
H3BMQ9_HUMAN,1380,0.00539,3834,0.00859,False,rheumatoid_arthritis
RAB6A,1381,0.00539,3858,0.00852,False,rheumatoid_arthritis
EGFR,1382,0.00538,314,0.27802,False,rheumatoid_arthritis
SNAP29,1383,0.00538,3660,0.00921,False,rheumatoid_arthritis
ERCC4,1384,0.00537,4022,0.00798,False,rheumatoid_arthritis
POLN,1385,0.00537,4079,0.00785,False,rheumatoid_arthritis
ERCC1,1386,0.00536,3757,0.00885,False,rheumatoid_arthritis
CYB5RL,1387,0.00534,2450,0.01921,False,rheumatoid_arthritis
CYB5R4,1388,0.00534,2394,0.01974,False,rheumatoid_arthritis
TERF2IP,1389,0.00533,3346,0.01094,False,rheumatoid_arthritis
IFITM1,1390,0.00531,1876,0.02648,False,rheumatoid_arthritis
VANGL2,1391,0.0053,1072,0.0487,False,rheumatoid_arthritis
JUNB,1392,0.0053,1279,0.0404,False,rheumatoid_arthritis
KALRN,1393,0.00527,418,0.2279,False,rheumatoid_arthritis
SLC18A3,1394,0.00524,2242,0.02149,False,rheumatoid_arthritis
XRN1,1395,0.00524,2174,0.02228,False,rheumatoid_arthritis
SLC32A1,1396,0.00524,2151,0.0225,False,rheumatoid_arthritis
SCARB2,1397,0.00524,1173,0.04444,False,rheumatoid_arthritis
VAMP2,1398,0.00523,2133,0.0228,False,rheumatoid_arthritis
CD36,1399,0.0052,1202,0.04337,False,rheumatoid_arthritis
MAX,1400,0.00519,2401,0.01969,False,rheumatoid_arthritis
ATF7,1401,0.00519,2408,0.01958,False,rheumatoid_arthritis
FOXO1,1402,0.00518,1731,0.02856,False,rheumatoid_arthritis
ICAM1,1403,0.00517,747,0.09067,False,rheumatoid_arthritis
DEFB103A,1404,0.00517,1442,0.03573,False,rheumatoid_arthritis
PTGES3,1405,0.00517,941,0.06055,False,rheumatoid_arthritis
TLR6,1406,0.00515,1639,0.03035,False,rheumatoid_arthritis
QARS1,1407,0.00514,3773,0.00879,False,rheumatoid_arthritis
WARS1,1408,0.00514,3873,0.00848,False,rheumatoid_arthritis
WARS2,1409,0.00514,3765,0.00881,False,rheumatoid_arthritis
JUND,1410,0.00513,1611,0.03105,False,rheumatoid_arthritis
RARS2,1411,0.00513,3670,0.00917,False,rheumatoid_arthritis
FOXN1,1412,0.00513,3538,0.00974,False,rheumatoid_arthritis
CXorf21,1413,0.00512,2271,0.02119,False,rheumatoid_arthritis
ANK1,1414,0.00512,943,0.06041,False,rheumatoid_arthritis
FADD,1415,0.00511,913,0.0635,False,rheumatoid_arthritis
NLRP5,1416,0.00511,3418,0.01047,False,rheumatoid_arthritis
NUDT10,1417,0.00509,3336,0.01103,False,rheumatoid_arthritis
EGLN2,1418,0.00508,3281,0.0115,False,rheumatoid_arthritis
SIGIRR,1419,0.00507,2522,0.01851,False,rheumatoid_arthritis
H3C14,1420,0.00506,3172,0.01222,False,rheumatoid_arthritis
H3-3A,1421,0.00506,3164,0.01222,False,rheumatoid_arthritis
H3C8,1422,0.00506,3167,0.01222,False,rheumatoid_arthritis
H3C7,1423,0.00506,3160,0.01223,False,rheumatoid_arthritis
H3C6,1424,0.00506,3171,0.01222,False,rheumatoid_arthritis
H3C4,1425,0.00506,3163,0.01222,False,rheumatoid_arthritis
H3C10,1426,0.00506,3168,0.01222,False,rheumatoid_arthritis
H3C11,1427,0.00506,3166,0.01222,False,rheumatoid_arthritis
H3C3,1428,0.00506,3170,0.01222,False,rheumatoid_arthritis
H3C2,1429,0.00506,3165,0.01222,False,rheumatoid_arthritis
H3C15,1430,0.00506,3169,0.01222,False,rheumatoid_arthritis
OXT,1431,0.00505,2282,0.02111,False,rheumatoid_arthritis
PML,1432,0.00505,2379,0.0199,False,rheumatoid_arthritis
ROBO3,1433,0.00498,1316,0.03898,False,rheumatoid_arthritis
WAS,1434,0.00495,1137,0.04545,False,rheumatoid_arthritis
FCGR3A,1435,0.00495,955,0.05948,False,rheumatoid_arthritis
CYP3A4,1436,0.00493,1342,0.0381,False,rheumatoid_arthritis
CXCL2,1437,0.00491,2432,0.01942,False,rheumatoid_arthritis
EDEM3,1438,0.0049,339,0.26538,False,rheumatoid_arthritis
GABRE,1439,0.0049,1486,0.03494,False,rheumatoid_arthritis
HLA-DMB,1440,0.0049,2130,0.02286,False,rheumatoid_arthritis
HLA-DOA,1441,0.00488,2080,0.02328,False,rheumatoid_arthritis
HLA-DMA,1442,0.00487,2032,0.0236,False,rheumatoid_arthritis
CYLD,1443,0.00487,936,0.06125,False,rheumatoid_arthritis
IL3,1444,0.00484,779,0.08339,False,rheumatoid_arthritis
SNTA1,1445,0.00483,1835,0.0268,False,rheumatoid_arthritis
EPB41L1,1446,0.00478,3286,0.01146,False,rheumatoid_arthritis
TWF1,1447,0.00478,3278,0.0115,False,rheumatoid_arthritis
MYO7A,1448,0.00477,3191,0.01202,False,rheumatoid_arthritis
PMPCB,1449,0.00477,2392,0.01974,False,rheumatoid_arthritis
XIRP2,1450,0.00477,3199,0.01197,False,rheumatoid_arthritis
ZNF395,1451,0.00477,2993,0.01374,False,rheumatoid_arthritis
FSCN2,1452,0.00477,3219,0.01183,False,rheumatoid_arthritis
GRXCR1,1453,0.00477,3156,0.01224,False,rheumatoid_arthritis
CLIC5,1454,0.00476,3150,0.01229,False,rheumatoid_arthritis
XCL1,1455,0.00476,2395,0.01972,False,rheumatoid_arthritis
TPRN,1456,0.00476,3110,0.01269,False,rheumatoid_arthritis
GRXCR2,1457,0.00475,3066,0.01305,False,rheumatoid_arthritis
RPL27A,1458,0.00474,2691,0.01677,False,rheumatoid_arthritis
FOSB,1459,0.0047,1659,0.03001,False,rheumatoid_arthritis
FOSL1,1460,0.0047,1640,0.03032,False,rheumatoid_arthritis
KCNA2,1461,0.00469,426,0.22345,False,rheumatoid_arthritis
DDC,1462,0.00467,1159,0.04478,False,rheumatoid_arthritis
FCHO1,1463,0.00465,2294,0.02085,False,rheumatoid_arthritis
RYR1,1464,0.00464,361,0.25695,False,rheumatoid_arthritis
SMAD4,1465,0.0046,895,0.06573,False,rheumatoid_arthritis
PDE6G,1466,0.00458,2235,0.02167,False,rheumatoid_arthritis
TAL1,1467,0.00458,843,0.07233,False,rheumatoid_arthritis
PDE5A,1468,0.00456,2092,0.02316,False,rheumatoid_arthritis
GUCY1A1,1469,0.00455,2063,0.02351,False,rheumatoid_arthritis
CDK12,1470,0.00455,220,0.31352,False,rheumatoid_arthritis
GPX6,1471,0.00454,2085,0.02323,False,rheumatoid_arthritis
GPX8,1472,0.00453,2095,0.0231,False,rheumatoid_arthritis
GPX5,1473,0.00453,2106,0.02305,False,rheumatoid_arthritis
GPX3,1474,0.00453,2097,0.02309,False,rheumatoid_arthritis
GPX2,1475,0.00453,2101,0.02307,False,rheumatoid_arthritis
GPX7,1476,0.00453,2100,0.02308,False,rheumatoid_arthritis
ULK1,1477,0.00451,1498,0.03466,False,rheumatoid_arthritis
AMT,1478,0.00451,1605,0.03121,False,rheumatoid_arthritis
DDX6,1479,0.00445,3465,0.01012,False,rheumatoid_arthritis
ATXN2L,1480,0.00444,3569,0.00963,False,rheumatoid_arthritis
SNTG2,1481,0.00444,3360,0.01082,False,rheumatoid_arthritis
LSM12,1482,0.00444,3487,0.01002,False,rheumatoid_arthritis
ATXN3L,1483,0.00444,3545,0.00973,False,rheumatoid_arthritis
PGM5,1484,0.00444,3374,0.0107,False,rheumatoid_arthritis
G3BP1,1485,0.00444,3572,0.00957,False,rheumatoid_arthritis
MYO1C,1486,0.00444,1056,0.05036,False,rheumatoid_arthritis
HIF1A,1487,0.00444,768,0.08629,False,rheumatoid_arthritis
SNTB2,1488,0.00443,3343,0.01096,False,rheumatoid_arthritis
PABPC4,1489,0.00443,3725,0.00895,False,rheumatoid_arthritis
SH3GL2,1490,0.00443,3644,0.00927,False,rheumatoid_arthritis
SNTG1,1491,0.00443,3326,0.01111,False,rheumatoid_arthritis
SH3GL3,1492,0.00443,3781,0.00876,False,rheumatoid_arthritis
FAM98A,1493,0.00443,3794,0.00873,False,rheumatoid_arthritis
SRSF8,1494,0.00442,2184,0.02221,False,rheumatoid_arthritis
C9orf72,1495,0.00442,3883,0.00844,False,rheumatoid_arthritis
TRA2A,1496,0.00442,2221,0.02191,False,rheumatoid_arthritis
SNTB1,1497,0.00441,3081,0.01293,False,rheumatoid_arthritis
BCLAF1,1498,0.00441,2037,0.02356,False,rheumatoid_arthritis
SRSF12,1499,0.00441,2316,0.02058,False,rheumatoid_arthritis
SGCZ,1500,0.00441,3078,0.01296,False,rheumatoid_arthritis
SGCB,1501,0.0044,2984,0.01398,False,rheumatoid_arthritis
ATP2C1,1502,0.00439,1417,0.03621,False,rheumatoid_arthritis
SGCG,1503,0.00439,2904,0.01484,False,rheumatoid_arthritis
SGCE,1504,0.00439,2912,0.01475,False,rheumatoid_arthritis
SGCD,1505,0.00439,2891,0.01498,False,rheumatoid_arthritis
UTRN,1506,0.00439,2935,0.01448,False,rheumatoid_arthritis
SGCA,1507,0.00439,2892,0.01498,False,rheumatoid_arthritis
HCK,1508,0.00438,1617,0.03091,False,rheumatoid_arthritis
MAP1LC3B,1509,0.00437,1500,0.03457,False,rheumatoid_arthritis
KAT2A,1510,0.00437,2265,0.02125,False,rheumatoid_arthritis
GAD2,1511,0.00434,2135,0.02275,False,rheumatoid_arthritis
CRY1,1512,0.00434,2088,0.02319,False,rheumatoid_arthritis
NEUROG1,1513,0.00431,3012,0.01347,False,rheumatoid_arthritis
FOXG1,1514,0.0043,2994,0.01373,False,rheumatoid_arthritis
RLIM,1515,0.0043,3000,0.01364,False,rheumatoid_arthritis
IFNA5,1516,0.00429,2764,0.01611,False,rheumatoid_arthritis
ASCL1,1517,0.00429,2974,0.01411,False,rheumatoid_arthritis
ADCY4,1518,0.00428,2461,0.0191,False,rheumatoid_arthritis
SIX3,1519,0.00428,2941,0.01442,False,rheumatoid_arthritis
IFNA8,1520,0.00428,2740,0.01632,False,rheumatoid_arthritis
NEUROG2,1521,0.00428,2938,0.01446,False,rheumatoid_arthritis
FADS2,1522,0.00428,698,0.10509,False,rheumatoid_arthritis
IFNW1,1523,0.00427,2641,0.01726,False,rheumatoid_arthritis
CFL1,1524,0.00427,1370,0.03753,False,rheumatoid_arthritis
SMAD2,1525,0.00426,834,0.07408,False,rheumatoid_arthritis
MAFB,1526,0.00425,1412,0.03639,False,rheumatoid_arthritis
CCL3,1527,0.00424,851,0.07147,False,rheumatoid_arthritis
BECN1,1528,0.00424,810,0.07716,False,rheumatoid_arthritis
GATA2,1529,0.00421,2350,0.02024,False,rheumatoid_arthritis
CITED2,1530,0.00421,2640,0.01727,False,rheumatoid_arthritis
NCF4,1531,0.0042,1034,0.05254,False,rheumatoid_arthritis
CD1D,1532,0.0042,2675,0.017,False,rheumatoid_arthritis
CD209,1533,0.0042,2852,0.01543,False,rheumatoid_arthritis
PTPRJ,1534,0.00419,4685,0.00626,False,rheumatoid_arthritis
SELENOI,1535,0.00419,4048,0.00792,False,rheumatoid_arthritis
TMEM189-UBE2V1,1536,0.00419,4087,0.00783,False,rheumatoid_arthritis
CHDH,1537,0.00419,4470,0.00679,False,rheumatoid_arthritis
TMEM189,1538,0.00419,4088,0.00783,False,rheumatoid_arthritis
KIF11,1539,0.00418,684,0.11036,False,rheumatoid_arthritis
NLRC5,1540,0.00417,2643,0.01721,False,rheumatoid_arthritis
AKAP11,1541,0.00417,646,0.1262,False,rheumatoid_arthritis
RAPGEF3,1542,0.00415,2362,0.02011,False,rheumatoid_arthritis
AKAP6,1543,0.00415,2288,0.02096,False,rheumatoid_arthritis
FHIT,1544,0.00414,503,0.18818,False,rheumatoid_arthritis
CSF1R,1545,0.00412,942,0.06054,False,rheumatoid_arthritis
ERBIN,1546,0.00409,2446,0.01922,False,rheumatoid_arthritis
CDC123,1547,0.00409,2293,0.02086,False,rheumatoid_arthritis
CEACAM8,1548,0.00402,3641,0.00928,False,rheumatoid_arthritis
AZU1,1549,0.00402,3423,0.01043,False,rheumatoid_arthritis
SERPINB1,1550,0.00402,3471,0.0101,False,rheumatoid_arthritis
SLPI,1551,0.00402,3424,0.01042,False,rheumatoid_arthritis
SERPINF2,1552,0.00402,3929,0.00827,False,rheumatoid_arthritis
BPI,1553,0.00402,3462,0.01013,False,rheumatoid_arthritis
MMP8,1554,0.00402,3751,0.00888,False,rheumatoid_arthritis
RNASE3,1555,0.00402,3665,0.00919,False,rheumatoid_arthritis
GRP,1556,0.00402,1965,0.02498,False,rheumatoid_arthritis
DEFA4,1557,0.00402,3422,0.01043,False,rheumatoid_arthritis
CAPN1,1558,0.00401,3684,0.00909,False,rheumatoid_arthritis
CAPN2,1559,0.00401,3806,0.0087,False,rheumatoid_arthritis
PREX1,1560,0.00401,4177,0.00761,False,rheumatoid_arthritis
ERN1,1561,0.00401,4404,0.00699,False,rheumatoid_arthritis
HTR7,1562,0.00401,4102,0.00778,False,rheumatoid_arthritis
PDE10A,1563,0.00401,3701,0.00901,False,rheumatoid_arthritis
PDE6A,1564,0.00401,3706,0.009,False,rheumatoid_arthritis
DIABLO-2,1565,0.00401,4007,0.00803,False,rheumatoid_arthritis
APLNR,1566,0.00401,4143,0.00768,False,rheumatoid_arthritis
PDE6C,1567,0.00401,3879,0.00846,False,rheumatoid_arthritis
GNG13,1568,0.00401,4331,0.00718,False,rheumatoid_arthritis
NMU,1569,0.00401,1970,0.02488,False,rheumatoid_arthritis
PDE6B,1570,0.00401,3741,0.0089,False,rheumatoid_arthritis
PDE1A,1571,0.00401,3707,0.009,False,rheumatoid_arthritis
TMBIM6,1572,0.00401,3787,0.00874,False,rheumatoid_arthritis
GNGT2,1573,0.004,4019,0.008,False,rheumatoid_arthritis
PDE11A,1574,0.004,3636,0.00929,False,rheumatoid_arthritis
CCK,1575,0.004,1872,0.02651,False,rheumatoid_arthritis
NTS,1576,0.004,1843,0.02675,False,rheumatoid_arthritis
CLEC1B,1577,0.004,4230,0.00747,False,rheumatoid_arthritis
PDE9A,1578,0.004,3565,0.00965,False,rheumatoid_arthritis
GCH1,1579,0.004,3620,0.00937,False,rheumatoid_arthritis
GNG11,1580,0.00399,3869,0.00849,False,rheumatoid_arthritis
PF4,1581,0.00398,1006,0.05426,False,rheumatoid_arthritis
FBH1,1582,0.00398,3511,0.00989,False,rheumatoid_arthritis
RAD54L,1583,0.00397,3446,0.01025,False,rheumatoid_arthritis
ZNF398,1584,0.00397,4749,0.00614,False,rheumatoid_arthritis
BARD1,1585,0.00397,3421,0.01043,False,rheumatoid_arthritis
ARL4A,1586,0.00397,4751,0.00614,False,rheumatoid_arthritis
MACF1,1587,0.00397,4686,0.00626,False,rheumatoid_arthritis
DDX58,1588,0.00397,675,0.11353,False,rheumatoid_arthritis
MRE11,1589,0.00396,3321,0.01119,False,rheumatoid_arthritis
VPS13C,1590,0.00396,899,0.06512,False,rheumatoid_arthritis
FGR,1591,0.00396,4193,0.00756,False,rheumatoid_arthritis
DOCK2,1592,0.00395,3852,0.00854,False,rheumatoid_arthritis
SFR1,1593,0.00395,3310,0.01131,False,rheumatoid_arthritis
SWI5,1594,0.00395,3238,0.01168,False,rheumatoid_arthritis
RAD1,1595,0.00394,3154,0.01227,False,rheumatoid_arthritis
ZXDC,1596,0.00394,3975,0.00811,False,rheumatoid_arthritis
XRCC3,1597,0.00394,3147,0.01231,False,rheumatoid_arthritis
XRCC2,1598,0.00393,3130,0.01252,False,rheumatoid_arthritis
ASS1,1599,0.00393,1618,0.03091,False,rheumatoid_arthritis
RAD51D-2,1600,0.00393,3128,0.01252,False,rheumatoid_arthritis
TNFRSF10B,1601,0.00393,1335,0.03835,False,rheumatoid_arthritis
RBBP8,1602,0.00393,1854,0.02668,False,rheumatoid_arthritis
RAD51C,1603,0.00393,3129,0.01252,False,rheumatoid_arthritis
UPP1,1604,0.00392,2425,0.01946,False,rheumatoid_arthritis
CEBPG,1605,0.00392,3614,0.00938,False,rheumatoid_arthritis
EP300,1606,0.00392,174,0.33135,False,rheumatoid_arthritis
NFYB,1607,0.00391,3496,0.00997,False,rheumatoid_arthritis
NAIP,1608,0.00391,3546,0.00973,False,rheumatoid_arthritis
MRVI1,1609,0.00391,4126,0.00773,False,rheumatoid_arthritis
NFYC,1610,0.0039,3469,0.0101,False,rheumatoid_arthritis
NFYA,1611,0.0039,3472,0.0101,False,rheumatoid_arthritis
IL21,1612,0.0039,1869,0.02657,False,rheumatoid_arthritis
RFX1,1613,0.0039,3479,0.01008,False,rheumatoid_arthritis
CD7,1614,0.0039,1648,0.03013,False,rheumatoid_arthritis
RFXAP,1615,0.00389,3406,0.01056,False,rheumatoid_arthritis
NEDD4L,1616,0.00389,1382,0.0371,False,rheumatoid_arthritis
PLS1,1617,0.00389,1809,0.02715,False,rheumatoid_arthritis
MMP2,1618,0.00389,1571,0.03244,False,rheumatoid_arthritis
RFXANK,1619,0.00389,3402,0.01058,False,rheumatoid_arthritis
RFX5,1620,0.00389,3399,0.01059,False,rheumatoid_arthritis
BLNK,1621,0.00389,1257,0.04123,False,rheumatoid_arthritis
CDCP1,1622,0.00388,4363,0.00709,False,rheumatoid_arthritis
SLC15A3,1623,0.00388,4350,0.00714,False,rheumatoid_arthritis
CNTN6,1624,0.00388,4417,0.00695,False,rheumatoid_arthritis
SH2D1A,1625,0.00388,4384,0.00703,False,rheumatoid_arthritis
SDCBP2,1626,0.00388,4650,0.00632,False,rheumatoid_arthritis
SDCBP,1627,0.00387,3967,0.00814,False,rheumatoid_arthritis
SHMT2,1628,0.00386,1218,0.04273,False,rheumatoid_arthritis
XDH,1629,0.00385,2208,0.02198,False,rheumatoid_arthritis
PYGO2,1630,0.00384,3898,0.00838,False,rheumatoid_arthritis
UPP2,1631,0.00384,2637,0.01731,False,rheumatoid_arthritis
PYGO1,1632,0.00384,4045,0.00792,False,rheumatoid_arthritis
BCL9,1633,0.00384,4026,0.00797,False,rheumatoid_arthritis
TLE1,1634,0.00383,3880,0.00846,False,rheumatoid_arthritis
CXCL12,1635,0.00382,783,0.0825,False,rheumatoid_arthritis
CAMP,1636,0.00382,1080,0.04824,False,rheumatoid_arthritis
KCNG2,1637,0.00381,2963,0.01419,False,rheumatoid_arthritis
CD69,1638,0.0038,1174,0.0444,False,rheumatoid_arthritis
CXCL5,1639,0.0038,2548,0.01819,False,rheumatoid_arthritis
AKTIP,1640,0.0038,5085,0.00524,False,rheumatoid_arthritis
FAM160A2,1641,0.0038,5027,0.00541,False,rheumatoid_arthritis
FBXO7,1642,0.00378,3840,0.00857,False,rheumatoid_arthritis
PRDX2,1643,0.00378,3829,0.00861,False,rheumatoid_arthritis
SOD3,1644,0.00377,3697,0.00903,False,rheumatoid_arthritis
EFCAB6,1645,0.00377,3602,0.00943,False,rheumatoid_arthritis
SOD2-2,1646,0.00377,3633,0.0093,False,rheumatoid_arthritis
SOD2,1647,0.00377,3634,0.0093,False,rheumatoid_arthritis
OTUD7B,1648,0.00377,3752,0.00887,False,rheumatoid_arthritis
BTF3,1649,0.00376,379,0.24737,False,rheumatoid_arthritis
SFN,1650,0.00374,2474,0.01896,False,rheumatoid_arthritis
PPP1R13L,1651,0.00374,2493,0.01878,False,rheumatoid_arthritis
TMEM109,1652,0.00374,2536,0.01834,False,rheumatoid_arthritis
CSF2RA,1653,0.00373,2472,0.01897,False,rheumatoid_arthritis
CCL27,1654,0.00373,1852,0.02669,False,rheumatoid_arthritis
IL5RA,1655,0.00373,2499,0.01872,False,rheumatoid_arthritis
XCL2,1656,0.00371,1584,0.03207,False,rheumatoid_arthritis
GATB,1657,0.00371,2339,0.02039,False,rheumatoid_arthritis
DERA,1658,0.00369,3674,0.00914,False,rheumatoid_arthritis
G6PD,1659,0.00369,3590,0.00949,False,rheumatoid_arthritis
H6PD,1660,0.00368,3525,0.00981,False,rheumatoid_arthritis
MINPP1,1661,0.00368,3435,0.01032,False,rheumatoid_arthritis
PGK2,1662,0.00368,3509,0.0099,False,rheumatoid_arthritis
ALDOC,1663,0.00368,3441,0.0103,False,rheumatoid_arthritis
ALDOA,1664,0.00368,3440,0.0103,False,rheumatoid_arthritis
ALDOB,1665,0.00368,3445,0.01026,False,rheumatoid_arthritis
GLYCTK,1666,0.00368,3384,0.01065,False,rheumatoid_arthritis
PCK2,1667,0.00367,3352,0.01089,False,rheumatoid_arthritis
PCK1,1668,0.00367,3351,0.0109,False,rheumatoid_arthritis
YWHAB,1669,0.00365,1426,0.03602,False,rheumatoid_arthritis
NLRP3,1670,0.00363,4411,0.00696,False,rheumatoid_arthritis
BCL2L1,1671,0.00362,819,0.07618,False,rheumatoid_arthritis
CASP3,1672,0.00361,907,0.06388,False,rheumatoid_arthritis
PDE3B,1673,0.00358,2262,0.02127,False,rheumatoid_arthritis
GABARAP,1674,0.00357,1125,0.04579,False,rheumatoid_arthritis
ATXN7,1675,0.00356,2384,0.01983,False,rheumatoid_arthritis
ATXN7-2,1676,0.00356,2381,0.01987,False,rheumatoid_arthritis
SPIB,1677,0.00354,2749,0.01622,False,rheumatoid_arthritis
TH,1678,0.00353,1084,0.04796,False,rheumatoid_arthritis
H3-3B,1679,0.00353,897,0.06534,False,rheumatoid_arthritis
CCL1,1680,0.00352,1815,0.02707,False,rheumatoid_arthritis
STAM2,1681,0.00349,304,0.28167,False,rheumatoid_arthritis
PGK1,1682,0.00349,1229,0.04225,False,rheumatoid_arthritis
GSDME,1683,0.00348,3836,0.00859,False,rheumatoid_arthritis
DLX6,1684,0.00348,3959,0.00816,False,rheumatoid_arthritis
CEBPB,1685,0.00348,1593,0.03171,False,rheumatoid_arthritis
WNT10B,1686,0.00348,3821,0.00865,False,rheumatoid_arthritis
SLC2A4,1687,0.00347,4498,0.0067,False,rheumatoid_arthritis
RARS1,1688,0.00347,4554,0.00658,False,rheumatoid_arthritis
CD74,1689,0.00347,823,0.07563,False,rheumatoid_arthritis
GABPB1,1690,0.00347,3392,0.01062,False,rheumatoid_arthritis
KRT5,1691,0.00347,3480,0.01007,False,rheumatoid_arthritis
UCP1,1692,0.00347,4482,0.00675,False,rheumatoid_arthritis
DDIT4,1693,0.00347,3529,0.00981,False,rheumatoid_arthritis
UCP2,1694,0.00347,4485,0.00674,False,rheumatoid_arthritis
CRABP2,1695,0.00347,4550,0.00659,False,rheumatoid_arthritis
CPT1C,1696,0.00347,4512,0.00667,False,rheumatoid_arthritis
CPT1B,1697,0.00346,4421,0.00693,False,rheumatoid_arthritis
PPARGC1B,1698,0.00346,4354,0.00712,False,rheumatoid_arthritis
TP73,1699,0.00346,3195,0.01199,False,rheumatoid_arthritis
UCP3,1700,0.00346,4368,0.00707,False,rheumatoid_arthritis
ACKR4,1701,0.00346,1735,0.02841,False,rheumatoid_arthritis
PF4V1,1702,0.00346,1718,0.02883,False,rheumatoid_arthritis
FABP4,1703,0.00346,4437,0.00686,False,rheumatoid_arthritis
PERP,1704,0.00346,3333,0.01105,False,rheumatoid_arthritis
MEF2B,1705,0.00345,4144,0.00768,False,rheumatoid_arthritis
NFATC3,1706,0.00344,4138,0.00769,False,rheumatoid_arthritis
GATA4,1707,0.00344,3991,0.00807,False,rheumatoid_arthritis
UMPS,1708,0.00344,1439,0.03574,False,rheumatoid_arthritis
PPP3R2,1709,0.00344,4024,0.00798,False,rheumatoid_arthritis
PPP3CB,1710,0.00344,4037,0.00794,False,rheumatoid_arthritis
PPP3CC,1711,0.00344,3996,0.00806,False,rheumatoid_arthritis
HDAC1,1712,0.00344,308,0.28065,False,rheumatoid_arthritis
NOTCH1,1713,0.00343,1360,0.03773,False,rheumatoid_arthritis
SUV39H1,1714,0.00342,2421,0.01947,False,rheumatoid_arthritis
KCNB1,1715,0.00338,645,0.12628,False,rheumatoid_arthritis
HLA-E,1716,0.00337,1429,0.03588,False,rheumatoid_arthritis
STX1A,1717,0.00336,984,0.05603,False,rheumatoid_arthritis
IFNB1,1718,0.00336,717,0.09877,False,rheumatoid_arthritis
FCGR1A,1719,0.00334,2787,0.01601,False,rheumatoid_arthritis
FCGRT,1720,0.00334,2813,0.01577,False,rheumatoid_arthritis
CDK9,1721,0.00333,1172,0.04446,False,rheumatoid_arthritis
MEF2D,1722,0.00332,2400,0.0197,False,rheumatoid_arthritis
TRPC3,1723,0.00331,4439,0.00686,False,rheumatoid_arthritis
MARS2,1724,0.0033,1394,0.03683,False,rheumatoid_arthritis
FUT3,1725,0.0033,1662,0.02997,False,rheumatoid_arthritis
B4GALT3,1726,0.0033,1692,0.0293,False,rheumatoid_arthritis
B4GALT1,1727,0.0033,1666,0.02984,False,rheumatoid_arthritis
B4GALT4,1728,0.0033,1677,0.02962,False,rheumatoid_arthritis
PRF1,1729,0.00328,1821,0.02699,False,rheumatoid_arthritis
FUT1,1730,0.00328,1286,0.04005,False,rheumatoid_arthritis
UBA52,1731,0.00328,1030,0.05278,False,rheumatoid_arthritis
BRCA2,1732,0.00328,2036,0.02356,False,rheumatoid_arthritis
MYH9,1733,0.00327,1712,0.02897,False,rheumatoid_arthritis
TGFB1,1734,0.00326,814,0.07659,False,rheumatoid_arthritis
CCL23,1735,0.00324,2673,0.01702,False,rheumatoid_arthritis
CFLAR,1736,0.00324,1320,0.03886,False,rheumatoid_arthritis
IL3RA,1737,0.00323,1699,0.02911,False,rheumatoid_arthritis
ADCY5,1738,0.00323,711,0.10036,False,rheumatoid_arthritis
SELP,1739,0.00322,1418,0.03621,False,rheumatoid_arthritis
FCER1G,1740,0.00322,886,0.0666,False,rheumatoid_arthritis
SOS1,1741,0.00322,1654,0.03007,False,rheumatoid_arthritis
RAD52,1742,0.00322,1755,0.02797,False,rheumatoid_arthritis
NPR2,1743,0.00321,2416,0.01953,False,rheumatoid_arthritis
GUK1,1744,0.00321,2261,0.02127,False,rheumatoid_arthritis
SMC6,1745,0.00319,3401,0.01059,False,rheumatoid_arthritis
CSNK1D,1746,0.00319,1864,0.02662,False,rheumatoid_arthritis
PTF1A,1747,0.00319,2270,0.02119,False,rheumatoid_arthritis
MDC1,1748,0.00319,3420,0.01045,False,rheumatoid_arthritis
STAG3,1749,0.00318,3119,0.01259,False,rheumatoid_arthritis
ESCO2,1750,0.00318,3301,0.01135,False,rheumatoid_arthritis
SMC5,1751,0.00318,3345,0.01096,False,rheumatoid_arthritis
SGO2,1752,0.00318,3175,0.0122,False,rheumatoid_arthritis
ESCO1,1753,0.00318,3137,0.01243,False,rheumatoid_arthritis
RAD21L1,1754,0.00318,3117,0.01263,False,rheumatoid_arthritis
MAU2,1755,0.00318,3223,0.01181,False,rheumatoid_arthritis
STAG2,1756,0.00317,3054,0.0131,False,rheumatoid_arthritis
PDS5B,1757,0.00317,3073,0.01301,False,rheumatoid_arthritis
WAPL,1758,0.00317,3046,0.01315,False,rheumatoid_arthritis
PDS5A,1759,0.00317,3048,0.01315,False,rheumatoid_arthritis
SYNE2,1760,0.00317,3978,0.00811,False,rheumatoid_arthritis
SMC1A,1761,0.00317,3047,0.01315,False,rheumatoid_arthritis
REC8,1762,0.00317,3058,0.01307,False,rheumatoid_arthritis
SMC3,1763,0.00317,3045,0.01315,False,rheumatoid_arthritis
SMC1B,1764,0.00317,3051,0.01313,False,rheumatoid_arthritis
SOX2,1765,0.00317,1179,0.04404,False,rheumatoid_arthritis
RAD21,1766,0.00317,3050,0.01315,False,rheumatoid_arthritis
ACTN4,1767,0.00316,3671,0.00917,False,rheumatoid_arthritis
CFL2,1768,0.00316,3744,0.00889,False,rheumatoid_arthritis
ANGPTL4,1769,0.00316,3461,0.01014,False,rheumatoid_arthritis
PLS3,1770,0.00316,3653,0.00924,False,rheumatoid_arthritis
DMTN,1771,0.00316,3688,0.00908,False,rheumatoid_arthritis
LCP1,1772,0.00316,3544,0.00973,False,rheumatoid_arthritis
GNAO1,1773,0.00315,1641,0.0302,False,rheumatoid_arthritis
CBSL,1774,0.00314,3139,0.01241,False,rheumatoid_arthritis
BHMT,1775,0.00314,3153,0.01228,False,rheumatoid_arthritis
BCAT2,1776,0.00314,3254,0.01161,False,rheumatoid_arthritis
TXNRD2,1777,0.00314,3294,0.01142,False,rheumatoid_arthritis
KYAT3,1778,0.00314,3229,0.01177,False,rheumatoid_arthritis
TXNRD3,1779,0.00314,3297,0.01138,False,rheumatoid_arthritis
TXNRD1,1780,0.00314,3261,0.01156,False,rheumatoid_arthritis
BHMT2,1781,0.00314,3181,0.01212,False,rheumatoid_arthritis
BCAT1,1782,0.00314,3242,0.01167,False,rheumatoid_arthritis
FAF1,1783,0.00314,4238,0.00744,False,rheumatoid_arthritis
PTPN13,1784,0.00314,4318,0.00722,False,rheumatoid_arthritis
AGXT2,1785,0.00314,3285,0.01148,False,rheumatoid_arthritis
MTMR8,1786,0.00314,3162,0.01223,False,rheumatoid_arthritis
AHCYL1,1787,0.00314,3198,0.01198,False,rheumatoid_arthritis
KYAT1,1788,0.00314,3210,0.01189,False,rheumatoid_arthritis
AHCYL2,1789,0.00314,3194,0.012,False,rheumatoid_arthritis
HIP1,1790,0.00313,637,0.12871,False,rheumatoid_arthritis
COL14A1,1791,0.00313,3447,0.01024,False,rheumatoid_arthritis
GPC4,1792,0.00313,3362,0.01082,False,rheumatoid_arthritis
COL8A1,1793,0.00313,3404,0.01058,False,rheumatoid_arthritis
EMILIN1,1794,0.00313,3524,0.00982,False,rheumatoid_arthritis
COL4A4,1795,0.00313,3142,0.01238,False,rheumatoid_arthritis
GPC1,1796,0.00313,3503,0.00994,False,rheumatoid_arthritis
COL18A1,1797,0.00313,3173,0.01221,False,rheumatoid_arthritis
PTGER2,1798,0.0031,3844,0.00857,False,rheumatoid_arthritis
PTGER1,1799,0.0031,3786,0.00874,False,rheumatoid_arthritis
FEM1A,1800,0.00309,4795,0.00605,False,rheumatoid_arthritis
MLKL,1801,0.00309,2758,0.01616,False,rheumatoid_arthritis
GUCY1B1,1802,0.00309,1431,0.03587,False,rheumatoid_arthritis
DHX58,1803,0.00308,2726,0.01643,False,rheumatoid_arthritis
WWP2,1804,0.00305,1964,0.02499,False,rheumatoid_arthritis
HTR1A,1805,0.00305,3550,0.00971,False,rheumatoid_arthritis
HTR2B,1806,0.00305,3850,0.00854,False,rheumatoid_arthritis
ALDH2,1807,0.00305,4317,0.00722,False,rheumatoid_arthritis
HTR1D,1808,0.00305,3677,0.00914,False,rheumatoid_arthritis
RIOK2,1809,0.00305,375,0.24986,False,rheumatoid_arthritis
DRD3,1810,0.00305,4212,0.00751,False,rheumatoid_arthritis
ANKK1,1811,0.00305,4316,0.00722,False,rheumatoid_arthritis
CDKAL1,1812,0.00305,1018,0.05337,False,rheumatoid_arthritis
AXIN1,1813,0.00304,1206,0.04333,False,rheumatoid_arthritis
NEDD4,1814,0.00304,1919,0.02581,False,rheumatoid_arthritis
AXIN2,1815,0.00304,1207,0.04331,False,rheumatoid_arthritis
TKTL2,1816,0.00304,2087,0.02321,False,rheumatoid_arthritis
TKT,1817,0.00303,2149,0.02251,False,rheumatoid_arthritis
TKTL1,1818,0.00303,2152,0.0225,False,rheumatoid_arthritis
PLCG2,1819,0.00302,699,0.10469,False,rheumatoid_arthritis
GLS2,1820,0.00302,1587,0.03189,False,rheumatoid_arthritis
CBS,1821,0.00301,1993,0.02434,False,rheumatoid_arthritis
GLRX3,1822,0.00301,1598,0.03148,False,rheumatoid_arthritis
CCL24,1823,0.00301,2679,0.01694,False,rheumatoid_arthritis
FBN1,1824,0.003,875,0.06921,False,rheumatoid_arthritis
SRGAP3,1825,0.003,1898,0.02606,False,rheumatoid_arthritis
CCL17,1826,0.003,1070,0.04878,False,rheumatoid_arthritis
MTHFR,1827,0.003,2017,0.0238,False,rheumatoid_arthritis
NPPA,1828,0.00299,2103,0.02306,False,rheumatoid_arthritis
CXCR1,1829,0.00299,1793,0.02744,False,rheumatoid_arthritis
NDE1,1830,0.00298,1764,0.02784,False,rheumatoid_arthritis
MEF2A,1831,0.00298,1543,0.03342,False,rheumatoid_arthritis
H3C1,1832,0.00297,1913,0.02588,False,rheumatoid_arthritis
GZMB,1833,0.00296,1456,0.03543,False,rheumatoid_arthritis
GUCY2D,1834,0.00295,4290,0.00732,False,rheumatoid_arthritis
GUCY2F,1835,0.00295,4307,0.00728,False,rheumatoid_arthritis
VAMP4,1836,0.00295,2574,0.01791,False,rheumatoid_arthritis
NPR1,1837,0.00295,4220,0.00749,False,rheumatoid_arthritis
GLI2,1838,0.00295,3737,0.00891,False,rheumatoid_arthritis
MPPE1,1839,0.00295,4636,0.00635,False,rheumatoid_arthritis
NCBP2L,1840,0.00294,4182,0.00758,False,rheumatoid_arthritis
U2SURP,1841,0.00294,4214,0.0075,False,rheumatoid_arthritis
COG1,1842,0.00294,2114,0.02299,False,rheumatoid_arthritis
COG7,1843,0.00294,2112,0.02299,False,rheumatoid_arthritis
STX6,1844,0.00294,2320,0.02055,False,rheumatoid_arthritis
SRGAP2,1845,0.00294,2007,0.02401,False,rheumatoid_arthritis
VPS52,1846,0.00294,2364,0.0201,False,rheumatoid_arthritis
GOLGA5,1847,0.00294,2377,0.01994,False,rheumatoid_arthritis
VPS54,1848,0.00294,2455,0.0192,False,rheumatoid_arthritis
STX16,1849,0.00294,2319,0.02055,False,rheumatoid_arthritis
COG5,1850,0.00294,2113,0.02299,False,rheumatoid_arthritis
COG2,1851,0.00294,2115,0.02299,False,rheumatoid_arthritis
COG4,1852,0.00294,2116,0.02299,False,rheumatoid_arthritis
VTI1A,1853,0.00294,2478,0.01892,False,rheumatoid_arthritis
GOSR1,1854,0.00294,2410,0.01958,False,rheumatoid_arthritis
RABIF,1855,0.00293,2468,0.01902,False,rheumatoid_arthritis
IGF2BP2,1856,0.00293,1523,0.03404,False,rheumatoid_arthritis
PPP3CA,1857,0.00292,1570,0.03244,False,rheumatoid_arthritis
PPP3R1,1858,0.00291,1569,0.03246,False,rheumatoid_arthritis
IFNL3,1859,0.00291,4234,0.00745,False,rheumatoid_arthritis
TLR3,1860,0.00291,1095,0.04733,False,rheumatoid_arthritis
RPS4X,1861,0.00291,4821,0.006,False,rheumatoid_arthritis
RPS25,1862,0.00291,4818,0.006,False,rheumatoid_arthritis
PRCP,1863,0.0029,3454,0.01019,False,rheumatoid_arthritis
MEP1B,1864,0.0029,3562,0.00965,False,rheumatoid_arthritis
XPNPEP2,1865,0.0029,3506,0.00992,False,rheumatoid_arthritis
FDXR,1866,0.0029,1362,0.0377,False,rheumatoid_arthritis
ERVW-1,1867,0.0029,2690,0.0168,False,rheumatoid_arthritis
MEP1A,1868,0.0029,3560,0.00967,False,rheumatoid_arthritis
PREP,1869,0.0029,3514,0.00986,False,rheumatoid_arthritis
ACE2,1870,0.0029,3400,0.01059,False,rheumatoid_arthritis
IGF2R,1871,0.0029,3507,0.00991,False,rheumatoid_arthritis
PLG,1872,0.0029,3612,0.00939,False,rheumatoid_arthritis
GLP1R,1873,0.0029,3458,0.01016,False,rheumatoid_arthritis
MALT1,1874,0.00289,1068,0.04888,False,rheumatoid_arthritis
NELL2,1875,0.00288,996,0.05537,False,rheumatoid_arthritis
WNT3A,1876,0.00288,4018,0.00801,False,rheumatoid_arthritis
ASPN,1877,0.00288,3855,0.00852,False,rheumatoid_arthritis
PTK7,1878,0.00288,3884,0.00844,False,rheumatoid_arthritis
BAX,1879,0.00288,1555,0.03312,False,rheumatoid_arthritis
COL6A3,1880,0.00288,3901,0.00837,False,rheumatoid_arthritis
SERPINB2,1881,0.00288,3767,0.00881,False,rheumatoid_arthritis
SPARC,1882,0.00288,3986,0.00809,False,rheumatoid_arthritis
CLCA1,1883,0.00288,3613,0.00938,False,rheumatoid_arthritis
FBLN2,1884,0.00288,3960,0.00816,False,rheumatoid_arthritis
VARS2,1885,0.00287,2252,0.02137,False,rheumatoid_arthritis
TARS1,1886,0.00287,2311,0.02063,False,rheumatoid_arthritis
VARS1,1887,0.00287,2256,0.02132,False,rheumatoid_arthritis
IARS2,1888,0.00287,2260,0.02127,False,rheumatoid_arthritis
HARS1,1889,0.00287,2358,0.02017,False,rheumatoid_arthritis
HARS2,1890,0.00287,2347,0.02031,False,rheumatoid_arthritis
IARS1,1891,0.00287,2346,0.02033,False,rheumatoid_arthritis
AARS1,1892,0.00287,2251,0.0214,False,rheumatoid_arthritis
GARS1,1893,0.00287,2360,0.02013,False,rheumatoid_arthritis
YARS1,1894,0.00287,2283,0.02104,False,rheumatoid_arthritis
EARS2,1895,0.00287,2281,0.02112,False,rheumatoid_arthritis
PARS2,1896,0.00287,2303,0.02074,False,rheumatoid_arthritis
TARS3,1897,0.00287,2295,0.02085,False,rheumatoid_arthritis
YARS2,1898,0.00287,2325,0.02051,False,rheumatoid_arthritis
NARS2,1899,0.00287,2344,0.02034,False,rheumatoid_arthritis
AKT3,1900,0.00286,2785,0.01603,False,rheumatoid_arthritis
CASP8,1901,0.00286,691,0.10792,False,rheumatoid_arthritis
AKT2,1902,0.00286,2733,0.01638,False,rheumatoid_arthritis
LARS2,1903,0.00286,2187,0.02218,False,rheumatoid_arthritis
OAS1,1904,0.00286,352,0.2619,False,rheumatoid_arthritis
GAPDH,1905,0.00281,2443,0.01936,False,rheumatoid_arthritis
IL31RA,1906,0.00281,4188,0.00757,False,rheumatoid_arthritis
IL31,1907,0.00281,4185,0.00758,False,rheumatoid_arthritis
CCL19,1908,0.0028,920,0.06293,False,rheumatoid_arthritis
ATXN3,1909,0.0028,1572,0.03243,False,rheumatoid_arthritis
RACK1,1910,0.0028,556,0.16703,False,rheumatoid_arthritis
DRD2,1911,0.0028,1132,0.04555,False,rheumatoid_arthritis
FN1,1912,0.0028,611,0.1387,False,rheumatoid_arthritis
SOCS5,1913,0.00279,4436,0.00687,False,rheumatoid_arthritis
SKI,1914,0.00279,4125,0.00773,False,rheumatoid_arthritis
SKIL,1915,0.00279,4066,0.00788,False,rheumatoid_arthritis
E2F4,1916,0.00279,4062,0.00789,False,rheumatoid_arthritis
SMAD9,1917,0.00279,4099,0.0078,False,rheumatoid_arthritis
TRIM33,1918,0.00279,4068,0.00787,False,rheumatoid_arthritis
ZFYVE9,1919,0.00279,4061,0.00789,False,rheumatoid_arthritis
E2F5,1920,0.00279,4072,0.00786,False,rheumatoid_arthritis
ISCU,1921,0.00278,4397,0.00701,False,rheumatoid_arthritis
IYD,1922,0.00278,4903,0.00575,False,rheumatoid_arthritis
MRPL27,1923,0.00278,3878,0.00846,False,rheumatoid_arthritis
MRPL32,1924,0.00278,3734,0.00891,False,rheumatoid_arthritis
FXN,1925,0.00278,4770,0.0061,False,rheumatoid_arthritis
NFS1,1926,0.00278,4431,0.00688,False,rheumatoid_arthritis
MRPL33,1927,0.00278,3933,0.00824,False,rheumatoid_arthritis
MRPL36,1928,0.00278,3926,0.0083,False,rheumatoid_arthritis
MRPL9,1929,0.00278,3945,0.00819,False,rheumatoid_arthritis
ISCA2,1930,0.00278,4869,0.0059,False,rheumatoid_arthritis
ISCA1,1931,0.00278,4880,0.00586,False,rheumatoid_arthritis
MRPS6,1932,0.00278,3736,0.00891,False,rheumatoid_arthritis
PTMA,1933,0.00278,2538,0.01834,False,rheumatoid_arthritis
MRPL19,1934,0.00278,3875,0.00847,False,rheumatoid_arthritis
CX3CL1,1935,0.00278,1873,0.0265,False,rheumatoid_arthritis
BOLA1,1936,0.00278,4862,0.00591,False,rheumatoid_arthritis
BOLA3,1937,0.00278,4660,0.00631,False,rheumatoid_arthritis
MRPL17,1938,0.00278,3839,0.00858,False,rheumatoid_arthritis
LYRM4,1939,0.00278,4466,0.0068,False,rheumatoid_arthritis
MRPL20,1940,0.00278,3739,0.0089,False,rheumatoid_arthritis
GLRX5,1941,0.00278,4846,0.00594,False,rheumatoid_arthritis
DDX60,1942,0.00277,2718,0.01648,False,rheumatoid_arthritis
EIF2AK2,1943,0.00277,2752,0.01622,False,rheumatoid_arthritis
IFIT2,1944,0.00277,2722,0.01646,False,rheumatoid_arthritis
MAML2,1945,0.00276,3581,0.00954,False,rheumatoid_arthritis
MAML3,1946,0.00276,3582,0.00954,False,rheumatoid_arthritis
LTF,1947,0.00276,2276,0.02116,False,rheumatoid_arthritis
NOTCH2,1948,0.00276,3583,0.00953,False,rheumatoid_arthritis
NOTCH3,1949,0.00276,3584,0.00953,False,rheumatoid_arthritis
NRARP,1950,0.00276,3685,0.00909,False,rheumatoid_arthritis
CIR1,1951,0.00276,3605,0.00942,False,rheumatoid_arthritis
NOTCH4,1952,0.00276,3610,0.00941,False,rheumatoid_arthritis
MAML1,1953,0.00276,3579,0.00954,False,rheumatoid_arthritis
PTEN,1954,0.00273,582,0.15218,False,rheumatoid_arthritis
YWHAZ,1955,0.00272,1097,0.04722,False,rheumatoid_arthritis
CYBB,1956,0.00272,1766,0.02783,False,rheumatoid_arthritis
RPL13,1957,0.00272,1932,0.02563,False,rheumatoid_arthritis
RPL6,1958,0.00271,1914,0.02588,False,rheumatoid_arthritis
MFN2,1959,0.00271,2539,0.01832,False,rheumatoid_arthritis
SOCS2,1960,0.00271,2845,0.01554,False,rheumatoid_arthritis
RPL36,1961,0.00271,1918,0.02582,False,rheumatoid_arthritis
SLC2A3,1962,0.00269,3702,0.00901,False,rheumatoid_arthritis
SLC2A1,1963,0.00269,3597,0.00947,False,rheumatoid_arthritis
NPY,1964,0.00269,1625,0.03059,False,rheumatoid_arthritis
CCL5,1965,0.00269,696,0.10655,False,rheumatoid_arthritis
CXCL3,1966,0.00269,4272,0.00736,False,rheumatoid_arthritis
CXCR6,1967,0.00269,4250,0.00741,False,rheumatoid_arthritis
DOCK4,1968,0.00268,2501,0.01869,False,rheumatoid_arthritis
PFKFB4,1969,0.00268,3265,0.01156,False,rheumatoid_arthritis
WDR35,1970,0.00268,2440,0.01937,False,rheumatoid_arthritis
DOCK3,1971,0.00268,2596,0.01769,False,rheumatoid_arthritis
FBP2,1972,0.00268,3114,0.01266,False,rheumatoid_arthritis
DOCK5,1973,0.00268,2530,0.01839,False,rheumatoid_arthritis
TYMS,1974,0.00268,1209,0.04321,False,rheumatoid_arthritis
DOCK1,1975,0.00268,2403,0.01965,False,rheumatoid_arthritis
GCK,1976,0.00268,3302,0.01134,False,rheumatoid_arthritis
PFKP,1977,0.00268,3120,0.01257,False,rheumatoid_arthritis
ADGRB1,1978,0.00268,2485,0.01884,False,rheumatoid_arthritis
EIF4A3,1979,0.00268,1588,0.03185,False,rheumatoid_arthritis
MPI,1980,0.00268,3250,0.01162,False,rheumatoid_arthritis
EHMT2,1981,0.00268,1594,0.0317,False,rheumatoid_arthritis
PFKFB1,1982,0.00268,3221,0.01182,False,rheumatoid_arthritis
ELMO3,1983,0.00268,2445,0.01928,False,rheumatoid_arthritis
HK1,1984,0.00268,3428,0.01039,False,rheumatoid_arthritis
HK2,1985,0.00268,3252,0.01161,False,rheumatoid_arthritis
PFKFB2,1986,0.00268,3113,0.01267,False,rheumatoid_arthritis
PFKM,1987,0.00268,3088,0.01291,False,rheumatoid_arthritis
HK3,1988,0.00268,3432,0.01034,False,rheumatoid_arthritis
PFKL,1989,0.00268,3126,0.01255,False,rheumatoid_arthritis
TIGAR,1990,0.00268,3127,0.01255,False,rheumatoid_arthritis
FBP1,1991,0.00268,3132,0.01248,False,rheumatoid_arthritis
PTDSS2,1992,0.00267,2483,0.01888,False,rheumatoid_arthritis
CEPT1,1993,0.00267,2452,0.0192,False,rheumatoid_arthritis
VIM,1994,0.00267,1346,0.03798,False,rheumatoid_arthritis
PEMT,1995,0.00267,2458,0.01914,False,rheumatoid_arthritis
PISD,1996,0.00267,2435,0.0194,False,rheumatoid_arthritis
LPCAT1,1997,0.00267,2502,0.01868,False,rheumatoid_arthritis
CXCL11,1998,0.00267,1274,0.04052,False,rheumatoid_arthritis
RAB3A,1999,0.00267,1292,0.0398,False,rheumatoid_arthritis
LPCAT2,2000,0.00267,2509,0.01867,False,rheumatoid_arthritis
LPCAT3,2001,0.00267,2489,0.01879,False,rheumatoid_arthritis
LPCAT4,2002,0.00267,2514,0.01858,False,rheumatoid_arthritis
LCAT,2003,0.00267,2492,0.01879,False,rheumatoid_arthritis
PLD3,2004,0.00267,2508,0.01867,False,rheumatoid_arthritis
ITCH,2005,0.00267,1308,0.03944,False,rheumatoid_arthritis
CEBPA,2006,0.00266,1049,0.05104,False,rheumatoid_arthritis
THBS2,2007,0.00266,1606,0.03121,False,rheumatoid_arthritis
MARS1,2008,0.00266,2120,0.02297,False,rheumatoid_arthritis
EZR,2009,0.00266,1455,0.03544,False,rheumatoid_arthritis
POMGNT1,2010,0.00265,1037,0.0523,False,rheumatoid_arthritis
MMP9,2011,0.00265,978,0.0569,False,rheumatoid_arthritis
HSPD1,2012,0.00265,4265,0.00738,False,rheumatoid_arthritis
HAX1,2013,0.00265,2552,0.01812,False,rheumatoid_arthritis
CD14,2014,0.00265,4277,0.00734,False,rheumatoid_arthritis
RETN,2015,0.00265,4281,0.00733,False,rheumatoid_arthritis
HLA-A,2016,0.00264,2148,0.02252,False,rheumatoid_arthritis
HLA-F,2017,0.00264,2198,0.02203,False,rheumatoid_arthritis
ATP6V0E2,2018,0.00264,1670,0.02974,False,rheumatoid_arthritis
PKLR,2019,0.00264,1326,0.03873,False,rheumatoid_arthritis
NPM1,2020,0.00263,2687,0.01686,False,rheumatoid_arthritis
DBP,2021,0.00263,3696,0.00905,False,rheumatoid_arthritis
GIP,2022,0.00263,1319,0.03892,False,rheumatoid_arthritis
PER1,2023,0.00262,3389,0.01063,False,rheumatoid_arthritis
ARNTL2,2024,0.00262,3218,0.01184,False,rheumatoid_arthritis
RORB,2025,0.00262,3355,0.01087,False,rheumatoid_arthritis
GCG,2026,0.00262,1333,0.0384,False,rheumatoid_arthritis
CRY2,2027,0.00262,3215,0.01186,False,rheumatoid_arthritis
NR1D2,2028,0.00262,3323,0.01115,False,rheumatoid_arthritis
NR1D1,2029,0.00262,3239,0.01168,False,rheumatoid_arthritis
ARNTL,2030,0.00262,3213,0.01187,False,rheumatoid_arthritis
NFIL3,2031,0.00262,3348,0.01092,False,rheumatoid_arthritis
PER2,2032,0.00262,3234,0.01172,False,rheumatoid_arthritis
BHLHE40,2033,0.00262,3279,0.0115,False,rheumatoid_arthritis
AOX1,2034,0.00262,1231,0.04219,False,rheumatoid_arthritis
PER3,2035,0.00262,3385,0.01064,False,rheumatoid_arthritis
RRAS,2036,0.00262,1198,0.04346,False,rheumatoid_arthritis
CLOCK,2037,0.00262,3214,0.01186,False,rheumatoid_arthritis
CIPC,2038,0.00262,3679,0.00912,False,rheumatoid_arthritis
BHLHE41,2039,0.00262,3289,0.01145,False,rheumatoid_arthritis
FBXL3,2040,0.00262,3691,0.00907,False,rheumatoid_arthritis
TKFC,2041,0.0026,2585,0.0178,False,rheumatoid_arthritis
DUSP9,2042,0.00259,4108,0.00777,False,rheumatoid_arthritis
CTF1,2043,0.00259,2665,0.01707,False,rheumatoid_arthritis
LIF,2044,0.00259,2670,0.01704,False,rheumatoid_arthritis
BIRC6,2045,0.00259,3987,0.00809,False,rheumatoid_arthritis
DUSP1,2046,0.00259,3998,0.00805,False,rheumatoid_arthritis
MAPKAPK3,2047,0.00259,4006,0.00803,False,rheumatoid_arthritis
USP28,2048,0.00259,4247,0.00742,False,rheumatoid_arthritis
MAP2K4,2049,0.00259,4043,0.00793,False,rheumatoid_arthritis
OSM,2050,0.00259,2600,0.01768,False,rheumatoid_arthritis
OTUB1,2051,0.00259,3760,0.00884,False,rheumatoid_arthritis
RNF128,2052,0.00259,4029,0.00796,False,rheumatoid_arthritis
LIFR,2053,0.00259,2688,0.01684,False,rheumatoid_arthritis
PTPN7,2054,0.00259,4031,0.00796,False,rheumatoid_arthritis
QTRT1,2055,0.00259,4530,0.00664,False,rheumatoid_arthritis
ZUP1,2056,0.00259,4042,0.00793,False,rheumatoid_arthritis
DUSP10,2057,0.00259,4033,0.00795,False,rheumatoid_arthritis
RPS6KA4,2058,0.00259,4056,0.0079,False,rheumatoid_arthritis
PTPRR,2059,0.00259,4038,0.00794,False,rheumatoid_arthritis
CHMP1A,2060,0.00259,4153,0.00767,False,rheumatoid_arthritis
KLRD1,2061,0.00258,1235,0.04203,False,rheumatoid_arthritis
PINK1,2062,0.00258,2247,0.02143,False,rheumatoid_arthritis
LRRK2,2063,0.00258,2273,0.02118,False,rheumatoid_arthritis
TRIM62,2064,0.00258,4671,0.00628,False,rheumatoid_arthritis
TANK,2065,0.00257,1837,0.0268,False,rheumatoid_arthritis
EPO,2066,0.00257,4604,0.00646,False,rheumatoid_arthritis
COL4A5,2067,0.00256,1297,0.0397,False,rheumatoid_arthritis
FOXO3,2068,0.00256,947,0.05994,False,rheumatoid_arthritis
GRB7,2069,0.00255,4420,0.00693,False,rheumatoid_arthritis
ATXN1L,2070,0.00255,2329,0.02048,False,rheumatoid_arthritis
TGFA,2071,0.00254,4311,0.00725,False,rheumatoid_arthritis
AREG,2072,0.00254,4323,0.0072,False,rheumatoid_arthritis
RMI2,2073,0.00254,188,0.32676,False,rheumatoid_arthritis
DHRS4,2074,0.00253,3035,0.01327,False,rheumatoid_arthritis
CYP26A1,2075,0.00253,3019,0.01335,False,rheumatoid_arthritis
SDR16C5,2076,0.00253,3085,0.01292,False,rheumatoid_arthritis
RDH8,2077,0.00253,3092,0.01285,False,rheumatoid_arthritis
RDH5,2078,0.00253,3076,0.01298,False,rheumatoid_arthritis
ADH1A,2079,0.00253,3040,0.0132,False,rheumatoid_arthritis
RDH16,2080,0.00253,3108,0.0127,False,rheumatoid_arthritis
BCO1,2081,0.00253,3074,0.013,False,rheumatoid_arthritis
IRF3,2082,0.00253,797,0.0795,False,rheumatoid_arthritis
ADH1B,2083,0.00253,3063,0.01305,False,rheumatoid_arthritis
RDH12,2084,0.00253,3018,0.01336,False,rheumatoid_arthritis
ADH4,2085,0.00253,3064,0.01305,False,rheumatoid_arthritis
CYP26C1,2086,0.00253,3053,0.01311,False,rheumatoid_arthritis
RDH11,2087,0.00253,3057,0.01308,False,rheumatoid_arthritis
ADH7,2088,0.00253,3105,0.01273,False,rheumatoid_arthritis
RDH10,2089,0.00253,3017,0.01336,False,rheumatoid_arthritis
CYP26B1,2090,0.00253,3032,0.01328,False,rheumatoid_arthritis
CYP1A2,2091,0.00253,3104,0.01276,False,rheumatoid_arthritis
DHRS9,2092,0.00253,3082,0.01293,False,rheumatoid_arthritis
DHRS3,2093,0.00253,3056,0.01308,False,rheumatoid_arthritis
STON2,2094,0.00252,2278,0.02114,False,rheumatoid_arthritis
GALP,2095,0.00251,3427,0.0104,False,rheumatoid_arthritis
GALR3,2096,0.00251,3324,0.01114,False,rheumatoid_arthritis
GHRH,2097,0.00251,3815,0.00867,False,rheumatoid_arthritis
GABRA1,2098,0.00251,1133,0.04552,False,rheumatoid_arthritis
HCRT,2099,0.00251,3682,0.0091,False,rheumatoid_arthritis
MET,2100,0.00251,958,0.05912,False,rheumatoid_arthritis
GPR151,2101,0.00251,3716,0.00898,False,rheumatoid_arthritis
DBH,2102,0.00251,3779,0.00878,False,rheumatoid_arthritis
PMCH,2103,0.00251,3740,0.0089,False,rheumatoid_arthritis
PNOC,2104,0.00251,3626,0.00933,False,rheumatoid_arthritis
SYMPK,2105,0.00251,2077,0.02329,False,rheumatoid_arthritis
DHX9,2106,0.0025,1094,0.0474,False,rheumatoid_arthritis
FKBP5,2107,0.0025,1608,0.03116,False,rheumatoid_arthritis
YWHAH,2108,0.00249,2470,0.01898,False,rheumatoid_arthritis
RUNX2,2109,0.00249,730,0.09577,False,rheumatoid_arthritis
NLGN3,2110,0.00249,3655,0.00923,False,rheumatoid_arthritis
PALB2,2111,0.00249,2121,0.02295,False,rheumatoid_arthritis
NLGN4X,2112,0.00249,3630,0.00931,False,rheumatoid_arthritis
NLGN4Y,2113,0.00249,3689,0.00907,False,rheumatoid_arthritis
NRXN1,2114,0.00249,3957,0.00816,False,rheumatoid_arthritis
HOMER2,2115,0.00249,3648,0.00926,False,rheumatoid_arthritis
NLGN1,2116,0.00248,3457,0.01018,False,rheumatoid_arthritis
HOMER3,2117,0.00248,3426,0.0104,False,rheumatoid_arthritis
GRM5,2118,0.00248,3486,0.01003,False,rheumatoid_arthritis
STAMBP,2119,0.00248,2599,0.01768,False,rheumatoid_arthritis
SHANK3,2120,0.00248,3329,0.01111,False,rheumatoid_arthritis
HOMER1,2121,0.00248,3344,0.01096,False,rheumatoid_arthritis
PRKDC,2122,0.00248,1377,0.03736,False,rheumatoid_arthritis
SHANK2,2123,0.00248,3350,0.0109,False,rheumatoid_arthritis
LTV1,2124,0.00247,447,0.21385,False,rheumatoid_arthritis
FKBP4,2125,0.00247,2695,0.01676,False,rheumatoid_arthritis
RAE1,2126,0.00247,2388,0.01979,False,rheumatoid_arthritis
TRIM5,2127,0.00246,2610,0.01759,False,rheumatoid_arthritis
RGPD2,2128,0.00246,2631,0.01741,False,rheumatoid_arthritis
CX3CR1,2129,0.00246,2513,0.01862,False,rheumatoid_arthritis
STXBP1,2130,0.00245,2503,0.01868,False,rheumatoid_arthritis
POT1,2131,0.00245,2190,0.02214,False,rheumatoid_arthritis
ELN,2132,0.00245,2224,0.02188,False,rheumatoid_arthritis
OAS2,2133,0.00245,1828,0.02689,False,rheumatoid_arthritis
TNFRSF10A,2134,0.00245,2617,0.01752,False,rheumatoid_arthritis
TNFSF10,2135,0.00245,2609,0.01761,False,rheumatoid_arthritis
POLH,2136,0.00244,3090,0.01286,False,rheumatoid_arthritis
RBM15,2137,0.00244,3340,0.011,False,rheumatoid_arthritis
POLI,2138,0.00244,3143,0.01238,False,rheumatoid_arthritis
YTHDF1,2139,0.00244,3186,0.01208,False,rheumatoid_arthritis
ADCY8,2140,0.00244,1208,0.04326,False,rheumatoid_arthritis
POLD3,2141,0.00244,3070,0.01303,False,rheumatoid_arthritis
CHRAC1,2142,0.00244,3247,0.01164,False,rheumatoid_arthritis
UBE2V2,2143,0.00244,3232,0.01174,False,rheumatoid_arthritis
PRIM1,2144,0.00244,3115,0.01265,False,rheumatoid_arthritis
ALKBH1,2145,0.00244,3071,0.01302,False,rheumatoid_arthritis
YTHDF2,2146,0.00244,3197,0.01198,False,rheumatoid_arthritis
POLD1,2147,0.00244,3098,0.01283,False,rheumatoid_arthritis
POLK,2148,0.00244,3235,0.01171,False,rheumatoid_arthritis
STAM,2149,0.00244,1266,0.04085,False,rheumatoid_arthritis
YTHDF3,2150,0.00244,3217,0.01184,False,rheumatoid_arthritis
CRCP,2151,0.00244,3257,0.01158,False,rheumatoid_arthritis
POLD2,2152,0.00244,3061,0.01306,False,rheumatoid_arthritis
POLA2,2153,0.00244,3094,0.01285,False,rheumatoid_arthritis
POLE3,2154,0.00244,3112,0.01268,False,rheumatoid_arthritis
POLE4,2155,0.00244,3133,0.01245,False,rheumatoid_arthritis
ALKBH3,2156,0.00244,3367,0.01078,False,rheumatoid_arthritis
RAD18,2157,0.00244,3222,0.01182,False,rheumatoid_arthritis
KCTD15,2158,0.00244,3259,0.01157,False,rheumatoid_arthritis
VIRMA,2159,0.00244,3220,0.01182,False,rheumatoid_arthritis
WTAP,2160,0.00244,3145,0.01234,False,rheumatoid_arthritis
ADCY3,2161,0.00244,1216,0.04283,False,rheumatoid_arthritis
NEGR1,2162,0.00244,3284,0.01148,False,rheumatoid_arthritis
REV1,2163,0.00244,3062,0.01306,False,rheumatoid_arthritis
POLG2,2164,0.00244,3204,0.01192,False,rheumatoid_arthritis
GNPDA2,2165,0.00244,3228,0.01179,False,rheumatoid_arthritis
TMEM18,2166,0.00244,3176,0.01219,False,rheumatoid_arthritis
POLG,2167,0.00244,3178,0.01217,False,rheumatoid_arthritis
ALKBH5,2168,0.00244,3008,0.01352,False,rheumatoid_arthritis
PRIM2,2169,0.00244,3102,0.01277,False,rheumatoid_arthritis
YTHDC2,2170,0.00244,3300,0.01135,False,rheumatoid_arthritis
METTL14,2171,0.00244,3106,0.01272,False,rheumatoid_arthritis
METTL3,2172,0.00244,3183,0.01211,False,rheumatoid_arthritis
TPM1,2173,0.00243,3417,0.01047,False,rheumatoid_arthritis
ACTC1,2174,0.00243,3151,0.01229,False,rheumatoid_arthritis
SMARCA4,2175,0.00243,1650,0.03012,False,rheumatoid_arthritis
TAGLN,2176,0.00243,3174,0.0122,False,rheumatoid_arthritis
TPM2,2177,0.00243,3444,0.01026,False,rheumatoid_arthritis
ACTG2,2178,0.00243,3107,0.01271,False,rheumatoid_arthritis
CNN1,2179,0.00243,3313,0.01127,False,rheumatoid_arthritis
EP400,2180,0.00243,2263,0.02125,False,rheumatoid_arthritis
MYL12B,2181,0.00243,3656,0.00923,False,rheumatoid_arthritis
MYH10,2182,0.00243,3152,0.01228,False,rheumatoid_arthritis
SETD3,2183,0.00243,3288,0.01145,False,rheumatoid_arthritis
MYH11,2184,0.00243,3096,0.01284,False,rheumatoid_arthritis
LMOD1,2185,0.00243,3589,0.0095,False,rheumatoid_arthritis
MYH14,2186,0.00243,3280,0.0115,False,rheumatoid_arthritis
MYL6,2187,0.00243,3188,0.01205,False,rheumatoid_arthritis
MYL6B,2188,0.00243,3209,0.0119,False,rheumatoid_arthritis
MYL9,2189,0.00243,3134,0.01244,False,rheumatoid_arthritis
EPC2,2190,0.00243,2209,0.02198,False,rheumatoid_arthritis
RDX,2191,0.00242,2144,0.02255,False,rheumatoid_arthritis
MBTD1,2192,0.00242,2125,0.02289,False,rheumatoid_arthritis
MSN,2193,0.00242,2180,0.02222,False,rheumatoid_arthritis
HSPA9,2194,0.00241,826,0.07495,False,rheumatoid_arthritis
WRN,2195,0.00241,1499,0.03464,False,rheumatoid_arthritis
CCL11,2196,0.00241,1075,0.04844,False,rheumatoid_arthritis
TICAM1,2197,0.00241,1096,0.04724,False,rheumatoid_arthritis
BCL6,2198,0.0024,1343,0.03808,False,rheumatoid_arthritis
SST,2199,0.0024,1438,0.03577,False,rheumatoid_arthritis
VIP,2200,0.0024,1348,0.03795,False,rheumatoid_arthritis
KAT2B,2201,0.0024,1226,0.04235,False,rheumatoid_arthritis
MUS81,2202,0.0024,1399,0.03672,False,rheumatoid_arthritis
CRBN,2203,0.00239,2157,0.02246,False,rheumatoid_arthritis
RPS27A,2204,0.00239,809,0.07718,False,rheumatoid_arthritis
FLT3LG,2205,0.00238,1774,0.02768,False,rheumatoid_arthritis
BPGM,2206,0.00238,2118,0.02299,False,rheumatoid_arthritis
RAD51D,2207,0.00238,2193,0.02212,False,rheumatoid_arthritis
ATP6V1A,2208,0.00238,381,0.24685,False,rheumatoid_arthritis
ATP6V1C1,2209,0.00237,387,0.24344,False,rheumatoid_arthritis
PGAM4,2210,0.00237,2230,0.02174,False,rheumatoid_arthritis
PGAM1,2211,0.00237,2189,0.02214,False,rheumatoid_arthritis
PGAM2,2212,0.00237,2223,0.02188,False,rheumatoid_arthritis
CCL13,2213,0.00236,1875,0.0265,False,rheumatoid_arthritis
DUSP22,2214,0.00236,640,0.12748,False,rheumatoid_arthritis
CCNT1,2215,0.00236,887,0.06658,False,rheumatoid_arthritis
TAC1,2216,0.00236,1390,0.03688,False,rheumatoid_arthritis
SLFN12,2217,0.00235,3782,0.00876,False,rheumatoid_arthritis
IL15RA,2218,0.00235,1906,0.02596,False,rheumatoid_arthritis
SPI1,2219,0.00235,674,0.11377,False,rheumatoid_arthritis
ADCY7,2220,0.00234,1241,0.04177,False,rheumatoid_arthritis
ADCY6,2221,0.00234,1244,0.04164,False,rheumatoid_arthritis
UQCRC2,2222,0.00233,2525,0.01848,False,rheumatoid_arthritis
BGLAP,2223,0.00233,1538,0.03347,False,rheumatoid_arthritis
H2BC21,2224,0.00233,4458,0.00683,False,rheumatoid_arthritis
UQCRQ,2225,0.00233,2515,0.01857,False,rheumatoid_arthritis
H2AC20,2226,0.00233,4479,0.00676,False,rheumatoid_arthritis
BCORL1,2227,0.00233,4476,0.00678,False,rheumatoid_arthritis
NR2E1,2228,0.00233,4467,0.0068,False,rheumatoid_arthritis
MMP10,2229,0.00233,4374,0.00705,False,rheumatoid_arthritis
IGKV2D-28,2230,0.00233,1845,0.02674,False,rheumatoid_arthritis
H2AC18,2231,0.00233,4474,0.00678,False,rheumatoid_arthritis
DARS2,2232,0.00231,2241,0.02151,False,rheumatoid_arthritis
CTNNB1,2233,0.00231,388,0.24313,False,rheumatoid_arthritis
ALCAM,2234,0.0023,2419,0.01949,False,rheumatoid_arthritis
CHD4,2235,0.0023,1585,0.03202,False,rheumatoid_arthritis
BLM,2236,0.0023,2153,0.02249,False,rheumatoid_arthritis
CCL16,2237,0.0023,2836,0.01563,False,rheumatoid_arthritis
BID,2238,0.00229,1120,0.04599,False,rheumatoid_arthritis
DEXI,2239,0.00229,3961,0.00816,False,rheumatoid_arthritis
GPN1,2240,0.00229,3867,0.00849,False,rheumatoid_arthritis
PROX1,2241,0.00228,3916,0.00832,False,rheumatoid_arthritis
PDX1,2242,0.00228,3872,0.00848,False,rheumatoid_arthritis
EDF1,2243,0.00228,3982,0.0081,False,rheumatoid_arthritis
TFB1M,2244,0.00228,4251,0.00741,False,rheumatoid_arthritis
CYP8B1,2245,0.00228,3657,0.00922,False,rheumatoid_arthritis
ZNF653,2246,0.00228,4165,0.00763,False,rheumatoid_arthritis
RAD54L2,2247,0.00228,4025,0.00798,False,rheumatoid_arthritis
GPI,2248,0.00228,1395,0.0368,False,rheumatoid_arthritis
MAP3K8,2249,0.00228,4337,0.00716,False,rheumatoid_arthritis
ZNF217,2250,0.00228,3956,0.00816,False,rheumatoid_arthritis
ATF2,2251,0.00228,1224,0.04238,False,rheumatoid_arthritis
CLPTM1L,2252,0.00227,4356,0.00711,False,rheumatoid_arthritis
KLF4,2253,0.00227,4434,0.00687,False,rheumatoid_arthritis
FABP6,2254,0.00227,4315,0.00723,False,rheumatoid_arthritis
COL1A1,2255,0.00227,967,0.05818,False,rheumatoid_arthritis
SCARB1,2256,0.00227,233,0.30866,False,rheumatoid_arthritis
CYP27A1,2257,0.00227,4259,0.00739,False,rheumatoid_arthritis
BIN1,2258,0.00226,4296,0.00731,False,rheumatoid_arthritis
IGF2BP1,2259,0.00226,4321,0.00721,False,rheumatoid_arthritis
CDCA7L,2260,0.00226,4308,0.00727,False,rheumatoid_arthritis
ZNF346,2261,0.00225,4324,0.0072,False,rheumatoid_arthritis
IFIT3,2262,0.00225,1936,0.0256,False,rheumatoid_arthritis
KCND2,2263,0.00225,420,0.22695,False,rheumatoid_arthritis
IFI44,2264,0.00225,1920,0.02581,False,rheumatoid_arthritis
CCL26,2265,0.00225,1356,0.03777,False,rheumatoid_arthritis
MX1,2266,0.00225,1889,0.02623,False,rheumatoid_arthritis
ARRB1,2267,0.00224,1197,0.04349,False,rheumatoid_arthritis
UBE2D2,2268,0.00224,2674,0.01701,False,rheumatoid_arthritis
KCNMA1,2269,0.00223,1949,0.02524,False,rheumatoid_arthritis
CDKN3,2270,0.00223,5219,0.00469,False,rheumatoid_arthritis
ELAVL1,2271,0.00223,1059,0.05014,False,rheumatoid_arthritis
CBX7,2272,0.00223,5191,0.00483,False,rheumatoid_arthritis
COL5A2,2273,0.00222,1048,0.0511,False,rheumatoid_arthritis
DRD4,2274,0.00222,2296,0.02082,False,rheumatoid_arthritis
DRD1,2275,0.00222,2594,0.01773,False,rheumatoid_arthritis
COL5A1,2276,0.00222,1044,0.05138,False,rheumatoid_arthritis
WDR82,2277,0.00222,1886,0.02627,False,rheumatoid_arthritis
KRAS,2278,0.00222,654,0.1213,False,rheumatoid_arthritis
COMT,2279,0.00222,2367,0.02002,False,rheumatoid_arthritis
CLEC9A,2280,0.00221,2763,0.01611,False,rheumatoid_arthritis
PLCB2,2281,0.00221,1291,0.03982,False,rheumatoid_arthritis
GSDMD,2282,0.00221,2537,0.01834,False,rheumatoid_arthritis
EME1,2283,0.00221,2374,0.01998,False,rheumatoid_arthritis
FUS,2284,0.00221,2172,0.02231,False,rheumatoid_arthritis
CTTN,2285,0.0022,1524,0.03401,False,rheumatoid_arthritis
SLX1A,2286,0.0022,2389,0.01977,False,rheumatoid_arthritis
SLX4,2287,0.0022,2199,0.02203,False,rheumatoid_arthritis
PKM,2288,0.0022,997,0.05522,False,rheumatoid_arthritis
FANCI,2289,0.0022,2366,0.02003,False,rheumatoid_arthritis
MGAT1,2290,0.00219,2250,0.0214,False,rheumatoid_arthritis
HCLS1,2291,0.00219,1607,0.0312,False,rheumatoid_arthritis
CCR8,2292,0.00218,2661,0.0171,False,rheumatoid_arthritis
CXCL9,2293,0.00218,845,0.07186,False,rheumatoid_arthritis
GULP1,2294,0.00218,1720,0.02878,False,rheumatoid_arthritis
ANAPC4,2295,0.00217,2298,0.0208,False,rheumatoid_arthritis
CARD10,2296,0.00217,2729,0.01641,False,rheumatoid_arthritis
CARD14,2297,0.00217,2756,0.01617,False,rheumatoid_arthritis
FHL2,2298,0.00216,2171,0.02232,False,rheumatoid_arthritis
CSTF3,2299,0.00216,2035,0.02356,False,rheumatoid_arthritis
LAMTOR2,2300,0.00216,2635,0.01737,False,rheumatoid_arthritis
AKT1,2301,0.00215,518,0.18195,False,rheumatoid_arthritis
PRKCG,2302,0.00215,2616,0.01753,False,rheumatoid_arthritis
NR1H4,2303,0.00215,1323,0.03881,False,rheumatoid_arthritis
BDNF,2304,0.00215,2524,0.01848,False,rheumatoid_arthritis
CDS1,2305,0.00214,2598,0.01768,False,rheumatoid_arthritis
CLK3,2306,0.00214,449,0.21195,False,rheumatoid_arthritis
TALDO1,2307,0.00214,2178,0.02223,False,rheumatoid_arthritis
COQ2,2308,0.00214,2244,0.02146,False,rheumatoid_arthritis
CLEC7A,2309,0.00213,1055,0.05036,False,rheumatoid_arthritis
CD59,2310,0.00213,2068,0.02342,False,rheumatoid_arthritis
RASD1,2311,0.00213,4372,0.00705,False,rheumatoid_arthritis
ATP2B4,2312,0.00213,4444,0.00685,False,rheumatoid_arthritis
NOS1AP,2313,0.00213,4353,0.00713,False,rheumatoid_arthritis
IFNA17,2314,0.00213,1915,0.02587,False,rheumatoid_arthritis
PABPC1,2315,0.00211,2299,0.0208,False,rheumatoid_arthritis
ITGB2,2316,0.0021,789,0.08136,False,rheumatoid_arthritis
GALR2,2317,0.0021,2368,0.02002,False,rheumatoid_arthritis
FFAR3,2318,0.0021,2409,0.01958,False,rheumatoid_arthritis
GALR1,2319,0.0021,2371,0.01999,False,rheumatoid_arthritis
CD9,2320,0.00209,2463,0.01908,False,rheumatoid_arthritis
HIVEP3,2321,0.00209,919,0.06302,False,rheumatoid_arthritis
GABRB2,2322,0.00209,1795,0.02738,False,rheumatoid_arthritis
ARRB2,2323,0.00209,1262,0.04092,False,rheumatoid_arthritis
APC,2324,0.00209,1656,0.03005,False,rheumatoid_arthritis
ADCY9,2325,0.00209,1334,0.03838,False,rheumatoid_arthritis
GABRB3,2326,0.00209,1750,0.0281,False,rheumatoid_arthritis
TRPC1,2327,0.00208,2678,0.01694,False,rheumatoid_arthritis
AKAP1,2328,0.00208,1595,0.03163,False,rheumatoid_arthritis
TIA1,2329,0.00208,2619,0.01752,False,rheumatoid_arthritis
VDAC2,2330,0.00208,2336,0.0204,False,rheumatoid_arthritis
RXRG,2331,0.00208,409,0.23201,False,rheumatoid_arthritis
NISCH,2332,0.00208,1160,0.04478,False,rheumatoid_arthritis
F2,2333,0.00207,1604,0.03123,False,rheumatoid_arthritis
DMD,2334,0.00207,1894,0.02615,False,rheumatoid_arthritis
CD34,2335,0.00207,931,0.06192,False,rheumatoid_arthritis
DAG1,2336,0.00207,1927,0.02566,False,rheumatoid_arthritis
DNAJC5,2337,0.00207,1287,0.04002,False,rheumatoid_arthritis
DTNA,2338,0.00207,1874,0.0265,False,rheumatoid_arthritis
CSNK1E,2339,0.00206,2142,0.02258,False,rheumatoid_arthritis
ATIC,2340,0.00205,893,0.06619,False,rheumatoid_arthritis
FABP5,2341,0.00205,2139,0.02266,False,rheumatoid_arthritis
SERPINH1,2342,0.00204,2259,0.02128,False,rheumatoid_arthritis
COL6A2,2343,0.00204,2300,0.02079,False,rheumatoid_arthritis
COL6A1,2344,0.00204,2327,0.02049,False,rheumatoid_arthritis
SLC30A8,2345,0.00204,2109,0.02302,False,rheumatoid_arthritis
YY1,2346,0.00204,2306,0.02067,False,rheumatoid_arthritis
COL4A3,2347,0.00204,2069,0.02335,False,rheumatoid_arthritis
SERPINA1,2348,0.00204,1893,0.02615,False,rheumatoid_arthritis
COL4A1,2349,0.00204,2197,0.02205,False,rheumatoid_arthritis
MRPS9,2350,0.00204,1106,0.04671,False,rheumatoid_arthritis
RORA,2351,0.00203,1176,0.04422,False,rheumatoid_arthritis
VPS53,2352,0.00203,1581,0.03216,False,rheumatoid_arthritis
COG3,2353,0.00202,1619,0.03088,False,rheumatoid_arthritis
PDPK1,2354,0.00202,2856,0.01539,False,rheumatoid_arthritis
CRH,2355,0.00202,2437,0.01938,False,rheumatoid_arthritis
RBCK1,2356,0.00201,2511,0.01866,False,rheumatoid_arthritis
CCL8,2357,0.00201,1366,0.03764,False,rheumatoid_arthritis
CTCF,2358,0.00201,2110,0.02302,False,rheumatoid_arthritis
AK3,2359,0.002,960,0.05904,False,rheumatoid_arthritis
RPS17,2360,0.002,3004,0.01357,False,rheumatoid_arthritis
ADK,2361,0.002,951,0.05982,False,rheumatoid_arthritis
DCK,2362,0.002,957,0.05926,False,rheumatoid_arthritis
CXCR5,2363,0.002,1124,0.04585,False,rheumatoid_arthritis
STIP1,2364,0.002,1696,0.02916,False,rheumatoid_arthritis
TARDBP,2365,0.00199,1448,0.0356,False,rheumatoid_arthritis
PIAS2,2366,0.00198,2039,0.02355,False,rheumatoid_arthritis
CRKL,2367,0.00198,1738,0.02838,False,rheumatoid_arthritis
RPL26,2368,0.00198,2914,0.01472,False,rheumatoid_arthritis
ATP1A1,2369,0.00198,169,0.33378,False,rheumatoid_arthritis
RPL24,2370,0.00197,2883,0.01509,False,rheumatoid_arthritis
DHX16,2371,0.00197,2669,0.01704,False,rheumatoid_arthritis
MAD2L2,2372,0.00196,1883,0.02632,False,rheumatoid_arthritis
NCKAP5,2373,0.00196,3492,0.00999,False,rheumatoid_arthritis
CREB5,2374,0.00195,2576,0.01788,False,rheumatoid_arthritis
MFN1,2375,0.00195,1506,0.03444,False,rheumatoid_arthritis
SMURF2,2376,0.00195,989,0.05584,False,rheumatoid_arthritis
CASP10,2377,0.00195,1802,0.02731,False,rheumatoid_arthritis
KRT14,2378,0.00194,2332,0.02046,False,rheumatoid_arthritis
MAPK11,2379,0.00194,1392,0.03685,False,rheumatoid_arthritis
IDI2,2380,0.00194,1341,0.03815,False,rheumatoid_arthritis
MAPK12,2381,0.00194,1414,0.03638,False,rheumatoid_arthritis
MRPS16,2382,0.00194,2016,0.02382,False,rheumatoid_arthritis
MAPK13,2383,0.00194,1410,0.03645,False,rheumatoid_arthritis
RPS24,2384,0.00193,1586,0.03195,False,rheumatoid_arthritis
CDCA5,2385,0.00192,2062,0.02351,False,rheumatoid_arthritis
KCNG1,2386,0.00192,689,0.10831,False,rheumatoid_arthritis
TPR,2387,0.00191,2757,0.01617,False,rheumatoid_arthritis
PRKCE,2388,0.00191,2805,0.01587,False,rheumatoid_arthritis
PLD1,2389,0.00191,1763,0.02784,False,rheumatoid_arthritis
ACKR2,2390,0.00191,2717,0.01649,False,rheumatoid_arthritis
MRPL21,2391,0.00191,2448,0.01921,False,rheumatoid_arthritis
AHCY,2392,0.00191,2067,0.02342,False,rheumatoid_arthritis
GNLY,2393,0.0019,1636,0.03039,False,rheumatoid_arthritis
RBBP6,2394,0.0019,1098,0.04704,False,rheumatoid_arthritis
FLNB,2395,0.0019,2542,0.01828,False,rheumatoid_arthritis
RPL7,2396,0.0019,2872,0.01524,False,rheumatoid_arthritis
XPR1,2397,0.00189,2666,0.01706,False,rheumatoid_arthritis
MAPK1,2398,0.00189,520,0.18116,False,rheumatoid_arthritis
FDX1,2399,0.00189,2541,0.01829,False,rheumatoid_arthritis
TRIB2,2400,0.00189,739,0.09287,False,rheumatoid_arthritis
FLNC,2401,0.00189,2667,0.01705,False,rheumatoid_arthritis
UBE2L3,2402,0.00189,170,0.33256,False,rheumatoid_arthritis
CREB1,2403,0.00188,759,0.0881,False,rheumatoid_arthritis
CXCR4,2404,0.00188,631,0.13181,False,rheumatoid_arthritis
CCR7,2405,0.00188,680,0.11213,False,rheumatoid_arthritis
RPS16,2406,0.00188,2888,0.01504,False,rheumatoid_arthritis
LDHA,2407,0.00187,2179,0.02223,False,rheumatoid_arthritis
HSPB2,2408,0.00187,2405,0.01961,False,rheumatoid_arthritis
HCFC1,2409,0.00187,1375,0.0374,False,rheumatoid_arthritis
GMPR,2410,0.00187,1251,0.04133,False,rheumatoid_arthritis
CCL7,2411,0.00186,1956,0.02513,False,rheumatoid_arthritis
COA3,2412,0.00186,2061,0.02354,False,rheumatoid_arthritis
ZC2HC1A,2413,0.00186,2041,0.02354,False,rheumatoid_arthritis
GTDC1,2414,0.00186,2058,0.02354,False,rheumatoid_arthritis
ZNF461,2415,0.00186,2048,0.02354,False,rheumatoid_arthritis
PGBD5,2416,0.00186,2044,0.02354,False,rheumatoid_arthritis
CHMP1B,2417,0.00186,1686,0.02943,False,rheumatoid_arthritis
MFSD9,2418,0.00186,2054,0.02354,False,rheumatoid_arthritis
MFSD6,2419,0.00186,2049,0.02354,False,rheumatoid_arthritis
TAFA4,2420,0.00186,2045,0.02354,False,rheumatoid_arthritis
LRIT2,2421,0.00186,2047,0.02354,False,rheumatoid_arthritis
HGS,2422,0.00186,1667,0.02984,False,rheumatoid_arthritis
ETV3,2423,0.00186,2051,0.02354,False,rheumatoid_arthritis
LRIT1,2424,0.00186,2052,0.02354,False,rheumatoid_arthritis
CMC1,2425,0.00186,2042,0.02354,False,rheumatoid_arthritis
ANXA6,2426,0.00186,729,0.09609,False,rheumatoid_arthritis
ARHGAP15,2427,0.00186,2059,0.02354,False,rheumatoid_arthritis
DNASE2,2428,0.00186,2055,0.02354,False,rheumatoid_arthritis
DNASE1,2429,0.00186,2056,0.02354,False,rheumatoid_arthritis
TOX2,2430,0.00186,2053,0.02354,False,rheumatoid_arthritis
AKAP9,2431,0.00186,2073,0.02331,False,rheumatoid_arthritis
CASTOR1,2432,0.00186,2040,0.02354,False,rheumatoid_arthritis
THAP9,2433,0.00186,2043,0.02354,False,rheumatoid_arthritis
TIMELESS,2434,0.00186,2072,0.02331,False,rheumatoid_arthritis
ZBTB17,2435,0.00186,2657,0.01711,False,rheumatoid_arthritis
TINF2,2436,0.00186,1063,0.04956,False,rheumatoid_arthritis
DDX20,2437,0.00186,2050,0.02354,False,rheumatoid_arthritis
SPIN3,2438,0.00186,2057,0.02354,False,rheumatoid_arthritis
SPINDOC,2439,0.00186,2060,0.02354,False,rheumatoid_arthritis
PHACTR3,2440,0.00186,2046,0.02354,False,rheumatoid_arthritis
CYP3A5,2441,0.00185,2033,0.02358,False,rheumatoid_arthritis
CYP1A1,2442,0.00185,2031,0.02361,False,rheumatoid_arthritis
ATP6V0C,2443,0.00185,1459,0.03538,False,rheumatoid_arthritis
TERF1,2444,0.00185,1062,0.04967,False,rheumatoid_arthritis
ATP6V0A1,2445,0.00185,1437,0.03579,False,rheumatoid_arthritis
ATP6V0A4,2446,0.00185,1428,0.03598,False,rheumatoid_arthritis
ATP6V1B1,2447,0.00185,1419,0.03616,False,rheumatoid_arthritis
UPF1,2448,0.00185,1592,0.03176,False,rheumatoid_arthritis
TCIRG1,2449,0.00185,1430,0.03587,False,rheumatoid_arthritis
ATP6V1D,2450,0.00185,1475,0.03515,False,rheumatoid_arthritis
RPS6KA5,2451,0.00184,2510,0.01867,False,rheumatoid_arthritis
ANK2,2452,0.00184,1240,0.04178,False,rheumatoid_arthritis
MSX1,2453,0.00184,1709,0.02899,False,rheumatoid_arthritis
CHPT1,2454,0.00184,1554,0.03312,False,rheumatoid_arthritis
RPLP0,2455,0.00183,1383,0.03707,False,rheumatoid_arthritis
CCR2,2456,0.00182,952,0.05979,False,rheumatoid_arthritis
ADA,2457,0.00182,2343,0.02035,False,rheumatoid_arthritis
NCBP2,2458,0.00182,969,0.05803,False,rheumatoid_arthritis
MTNR1B,2459,0.00182,1568,0.0325,False,rheumatoid_arthritis
ITPA,2460,0.00182,977,0.05692,False,rheumatoid_arthritis
CTSS,2461,0.00182,1761,0.02785,False,rheumatoid_arthritis
CACNA1D,2462,0.00182,1700,0.0291,False,rheumatoid_arthritis
GRAP2,2463,0.00181,1267,0.04085,False,rheumatoid_arthritis
TPI1,2464,0.00181,1110,0.04648,False,rheumatoid_arthritis
CD200,2465,0.00181,4691,0.00625,False,rheumatoid_arthritis
PTPRCAP,2466,0.00181,4492,0.0067,False,rheumatoid_arthritis
RHOG,2467,0.0018,1635,0.0304,False,rheumatoid_arthritis
TMEM207,2468,0.0018,3519,0.00983,False,rheumatoid_arthritis
ANPEP,2469,0.0018,1701,0.0291,False,rheumatoid_arthritis
PLCB1,2470,0.0018,1339,0.0382,False,rheumatoid_arthritis
CPSF6,2471,0.0018,1441,0.03573,False,rheumatoid_arthritis
ATP6V0A2,2472,0.0018,1015,0.05353,False,rheumatoid_arthritis
CXCL10,2473,0.00179,749,0.09036,False,rheumatoid_arthritis
CDK4,2474,0.00179,392,0.24135,False,rheumatoid_arthritis
FOXA1,2475,0.00179,1256,0.04125,False,rheumatoid_arthritis
POLE,2476,0.00178,2010,0.02394,False,rheumatoid_arthritis
PXN,2477,0.00178,1283,0.04028,False,rheumatoid_arthritis
FBXW11,2478,0.00178,1971,0.02488,False,rheumatoid_arthritis
HSPA4,2479,0.00178,665,0.116,False,rheumatoid_arthritis
POLA1,2480,0.00178,2066,0.02347,False,rheumatoid_arthritis
CLEC6A,2481,0.00177,2790,0.016,False,rheumatoid_arthritis
PTH,2482,0.00177,1573,0.0324,False,rheumatoid_arthritis
CRK,2483,0.00177,1695,0.02919,False,rheumatoid_arthritis
ZC3H13,2484,0.00176,2155,0.02247,False,rheumatoid_arthritis
PA2G4,2485,0.00176,2136,0.02274,False,rheumatoid_arthritis
IFIT1,2486,0.00175,1474,0.03517,False,rheumatoid_arthritis
BRD8,2487,0.00175,1532,0.0337,False,rheumatoid_arthritis
FGF2,2488,0.00175,1354,0.03786,False,rheumatoid_arthritis
YEATS4,2489,0.00175,1531,0.03372,False,rheumatoid_arthritis
EPC1,2490,0.00175,1556,0.03311,False,rheumatoid_arthritis
SHANK1,2491,0.00175,2228,0.02176,False,rheumatoid_arthritis
DISC1,2492,0.00174,968,0.05818,False,rheumatoid_arthritis
HDAC3,2493,0.00174,1707,0.02902,False,rheumatoid_arthritis
SNCA,2494,0.00174,965,0.05831,False,rheumatoid_arthritis
PRPF3,2495,0.00174,1574,0.0324,False,rheumatoid_arthritis
STX5,2496,0.00174,1169,0.04458,False,rheumatoid_arthritis
THBS1,2497,0.00174,881,0.06828,False,rheumatoid_arthritis
MEAF6,2498,0.00174,1469,0.03526,False,rheumatoid_arthritis
MAP2K1,2499,0.00173,1732,0.0285,False,rheumatoid_arthritis
RAD51,2500,0.00173,1547,0.03329,False,rheumatoid_arthritis
FGF13,2501,0.00172,2725,0.01643,False,rheumatoid_arthritis
USP18,2502,0.00172,349,0.26228,False,rheumatoid_arthritis
GPBAR1,2503,0.00171,2890,0.01501,False,rheumatoid_arthritis
BCAR1,2504,0.00171,1311,0.03918,False,rheumatoid_arthritis
ACTB,2505,0.00171,1737,0.02839,False,rheumatoid_arthritis
HDAC2,2506,0.00171,613,0.13814,False,rheumatoid_arthritis
CR1,2507,0.00171,2225,0.02185,False,rheumatoid_arthritis
PRKAA1,2508,0.0017,1623,0.03072,False,rheumatoid_arthritis
BMP2,2509,0.0017,1466,0.03528,False,rheumatoid_arthritis
PRKAB1,2510,0.0017,1637,0.03038,False,rheumatoid_arthritis
PRKAG2,2511,0.0017,1609,0.03112,False,rheumatoid_arthritis
GM2A,2512,0.0017,751,0.09028,False,rheumatoid_arthritis
NRG1,2513,0.00169,2577,0.01787,False,rheumatoid_arthritis
NRG2,2514,0.00169,2561,0.01804,False,rheumatoid_arthritis
NRG4,2515,0.00169,2546,0.01822,False,rheumatoid_arthritis
COL1A2,2516,0.00169,872,0.06941,False,rheumatoid_arthritis
ERBB4,2517,0.00169,2529,0.01842,False,rheumatoid_arthritis
SIRT1,2518,0.00169,953,0.05955,False,rheumatoid_arthritis
RSAD2,2519,0.00169,1361,0.03771,False,rheumatoid_arthritis
BTC,2520,0.00169,2794,0.01595,False,rheumatoid_arthritis
EREG,2521,0.00169,2800,0.01593,False,rheumatoid_arthritis
VDAC1,2522,0.00168,780,0.0832,False,rheumatoid_arthritis
TERF2,2523,0.00168,1969,0.02489,False,rheumatoid_arthritis
FANCD2,2524,0.00167,1561,0.03289,False,rheumatoid_arthritis
MYLK,2525,0.00167,2211,0.02197,False,rheumatoid_arthritis
FBXW7,2526,0.00166,2759,0.01613,False,rheumatoid_arthritis
FAN1,2527,0.00166,2084,0.02323,False,rheumatoid_arthritis
NCOA2,2528,0.00165,265,0.29535,False,rheumatoid_arthritis
TRRAP,2529,0.00165,1046,0.05124,False,rheumatoid_arthritis
LUM,2530,0.00165,1615,0.03099,False,rheumatoid_arthritis
NFU1,2531,0.00165,2434,0.01942,False,rheumatoid_arthritis
SPEN,2532,0.00165,2094,0.02311,False,rheumatoid_arthritis
CCL15,2533,0.00165,1905,0.02599,False,rheumatoid_arthritis
SQSTM1,2534,0.00164,876,0.06909,False,rheumatoid_arthritis
FMR1,2535,0.00163,2396,0.01972,False,rheumatoid_arthritis
GNB5,2536,0.00163,764,0.08661,False,rheumatoid_arthritis
MAOA,2537,0.00162,1214,0.04303,False,rheumatoid_arthritis
CXCR3,2538,0.00162,859,0.07085,False,rheumatoid_arthritis
PLPP5,2539,0.00162,1788,0.02752,False,rheumatoid_arthritis
ADSL,2540,0.00162,773,0.08544,False,rheumatoid_arthritis
PLPP4,2541,0.00161,1879,0.02645,False,rheumatoid_arthritis
NR0B2,2542,0.00161,2490,0.01879,False,rheumatoid_arthritis
ATM,2543,0.00161,1205,0.04334,False,rheumatoid_arthritis
NR0B1,2544,0.00161,1589,0.03185,False,rheumatoid_arthritis
MC4R,2545,0.0016,1958,0.02508,False,rheumatoid_arthritis
COL4A2,2546,0.00159,171,0.33219,False,rheumatoid_arthritis
RPA1,2547,0.00159,1027,0.05291,False,rheumatoid_arthritis
PLAAT3,2548,0.00158,1603,0.0313,False,rheumatoid_arthritis
HTR3A,2549,0.00158,2034,0.02357,False,rheumatoid_arthritis
NXF1,2550,0.00158,2563,0.01802,False,rheumatoid_arthritis
NFE2L2,2551,0.00158,1147,0.04512,False,rheumatoid_arthritis
KITLG,2552,0.00157,1881,0.02635,False,rheumatoid_arthritis
RPS12,2553,0.00157,2167,0.02235,False,rheumatoid_arthritis
RPS21,2554,0.00157,2170,0.02233,False,rheumatoid_arthritis
SMURF1,2555,0.00157,1180,0.04402,False,rheumatoid_arthritis
PPARA,2556,0.00156,1016,0.05349,False,rheumatoid_arthritis
KAT5,2557,0.00156,905,0.06437,False,rheumatoid_arthritis
RPSA,2558,0.00156,2127,0.02289,False,rheumatoid_arthritis
BCL2,2559,0.00155,849,0.0715,False,rheumatoid_arthritis
MAPK8,2560,0.00155,660,0.11779,False,rheumatoid_arthritis
CDS2,2561,0.00155,1887,0.02627,False,rheumatoid_arthritis
RPL17,2562,0.00154,2025,0.0237,False,rheumatoid_arthritis
MAPK3,2563,0.00154,500,0.19082,False,rheumatoid_arthritis
MME,2564,0.00154,1088,0.04775,False,rheumatoid_arthritis
E2F1,2565,0.00153,1916,0.02587,False,rheumatoid_arthritis
SHC2,2566,0.00153,1954,0.02517,False,rheumatoid_arthritis
LRP1,2567,0.00153,111,0.3627,False,rheumatoid_arthritis
SLC17A7,2568,0.00152,1232,0.04219,False,rheumatoid_arthritis
SEMA4D,2569,0.00152,2399,0.01971,False,rheumatoid_arthritis
MAP2K3,2570,0.00152,2442,0.01936,False,rheumatoid_arthritis
GOSR2,2571,0.00152,1436,0.0358,False,rheumatoid_arthritis
MAP2K6,2572,0.00152,2349,0.02026,False,rheumatoid_arthritis
FANCM,2573,0.00151,883,0.06782,False,rheumatoid_arthritis
RPL10,2574,0.0015,2005,0.02406,False,rheumatoid_arthritis
ISG15,2575,0.0015,1155,0.04494,False,rheumatoid_arthritis
B4GALT2,2576,0.0015,205,0.32075,False,rheumatoid_arthritis
PCNA,2577,0.00149,1537,0.03352,False,rheumatoid_arthritis
ACTA1,2578,0.00149,1836,0.0268,False,rheumatoid_arthritis
RPL9,2579,0.00149,2019,0.02379,False,rheumatoid_arthritis
ESPN,2580,0.00149,2008,0.02398,False,rheumatoid_arthritis
MBOAT1,2581,0.00149,1242,0.0417,False,rheumatoid_arthritis
MAPK9,2582,0.00148,840,0.07289,False,rheumatoid_arthritis
CCR5,2583,0.00148,850,0.07148,False,rheumatoid_arthritis
RPS18,2584,0.00147,1310,0.03934,False,rheumatoid_arthritis
SPN,2585,0.00147,1975,0.02484,False,rheumatoid_arthritis
PLCB4,2586,0.00147,1861,0.02663,False,rheumatoid_arthritis
RPS8,2587,0.00147,2234,0.02168,False,rheumatoid_arthritis
SHC1,2588,0.00146,650,0.12284,False,rheumatoid_arthritis
MAOB,2589,0.00146,1007,0.05425,False,rheumatoid_arthritis
RPL15,2590,0.00146,2093,0.02314,False,rheumatoid_arthritis
SPP1,2591,0.00146,1357,0.03776,False,rheumatoid_arthritis
IRS1,2592,0.00146,744,0.09137,False,rheumatoid_arthritis
ITGB3,2593,0.00146,1759,0.02789,False,rheumatoid_arthritis
GABRD,2594,0.00145,1507,0.03442,False,rheumatoid_arthritis
GABRA5,2595,0.00145,1460,0.03537,False,rheumatoid_arthritis
ITGAL,2596,0.00145,733,0.09461,False,rheumatoid_arthritis
HAP1,2597,0.00145,1632,0.03041,False,rheumatoid_arthritis
RPL7A,2598,0.00145,1195,0.04352,False,rheumatoid_arthritis
APRT,2599,0.00145,864,0.07035,False,rheumatoid_arthritis
MTMR6,2600,0.00145,647,0.12495,False,rheumatoid_arthritis
HEATR3,2601,0.00144,1150,0.0451,False,rheumatoid_arthritis
PPIF,2602,0.00144,1269,0.04074,False,rheumatoid_arthritis
PPARGC1A,2603,0.00143,868,0.06991,False,rheumatoid_arthritis
TBC1D2,2604,0.00143,4135,0.00771,False,rheumatoid_arthritis
PLD2,2605,0.00143,1350,0.03791,False,rheumatoid_arthritis
CDKN2C,2606,0.00143,2226,0.02182,False,rheumatoid_arthritis
RPS15,2607,0.00143,1186,0.04377,False,rheumatoid_arthritis
POLE2,2608,0.00143,1514,0.0342,False,rheumatoid_arthritis
RPS2,2609,0.00143,1156,0.04482,False,rheumatoid_arthritis
RPS11,2610,0.00142,1921,0.02579,False,rheumatoid_arthritis
RYR2,2611,0.00142,1400,0.03672,False,rheumatoid_arthritis
SP7,2612,0.00142,1539,0.03345,False,rheumatoid_arthritis
HRAS,2613,0.00142,944,0.06038,False,rheumatoid_arthritis
GC,2614,0.00142,1454,0.03544,False,rheumatoid_arthritis
PIP4K2A,2615,0.00142,1045,0.05128,False,rheumatoid_arthritis
RXRB,2616,0.00141,1328,0.03869,False,rheumatoid_arthritis
SYNGAP1,2617,0.0014,1768,0.02776,False,rheumatoid_arthritis
MTAP,2618,0.0014,1895,0.02611,False,rheumatoid_arthritis
BMP1,2619,0.00139,1897,0.02607,False,rheumatoid_arthritis
IL1F10,2620,0.00139,559,0.16347,False,rheumatoid_arthritis
CDC42,2621,0.00139,818,0.07626,False,rheumatoid_arthritis
CALM1,2622,0.00139,1510,0.03431,False,rheumatoid_arthritis
SDHA,2623,0.00138,2351,0.02023,False,rheumatoid_arthritis
GMPS,2624,0.00138,790,0.08097,False,rheumatoid_arthritis
CD38,2625,0.00137,701,0.10441,False,rheumatoid_arthritis
GLS,2626,0.00136,155,0.33816,False,rheumatoid_arthritis
CUL1,2627,0.00136,1534,0.03362,False,rheumatoid_arthritis
HPRT1,2628,0.00136,1040,0.05212,False,rheumatoid_arthritis
GRM1,2629,0.00135,1725,0.02869,False,rheumatoid_arthritis
RANBP1,2630,0.00135,1440,0.03574,False,rheumatoid_arthritis
ITGB7,2631,0.00135,332,0.26848,False,rheumatoid_arthritis
TRIB1,2632,0.00134,2606,0.01765,False,rheumatoid_arthritis
STK40,2633,0.00134,2601,0.01768,False,rheumatoid_arthritis
HSP90AA1,2634,0.00134,524,0.17964,False,rheumatoid_arthritis
UBE2I,2635,0.00134,1736,0.02841,False,rheumatoid_arthritis
IRX3,2636,0.00133,2239,0.02154,False,rheumatoid_arthritis
ZFP90,2637,0.00132,3832,0.0086,False,rheumatoid_arthritis
POMC,2638,0.00131,1424,0.03604,False,rheumatoid_arthritis
HTT,2639,0.00131,964,0.05856,False,rheumatoid_arthritis
ANK3,2640,0.00131,1054,0.05036,False,rheumatoid_arthritis
CYP7A1,2641,0.00131,1646,0.03014,False,rheumatoid_arthritis
GLDC,2642,0.0013,1225,0.04235,False,rheumatoid_arthritis
CACNA1A,2643,0.0013,1090,0.04767,False,rheumatoid_arthritis
ATXN1,2644,0.00129,181,0.32877,False,rheumatoid_arthritis
RSL24D1,2645,0.00128,367,0.25462,False,rheumatoid_arthritis
SKP2,2646,0.00128,368,0.25386,False,rheumatoid_arthritis
RPS20,2647,0.00128,1616,0.03099,False,rheumatoid_arthritis
INS,2648,0.00128,1321,0.03884,False,rheumatoid_arthritis
CDKN1C,2649,0.00128,394,0.23987,False,rheumatoid_arthritis
ERG,2650,0.00127,724,0.09676,False,rheumatoid_arthritis
RUVBL1,2651,0.00127,852,0.07138,False,rheumatoid_arthritis
KCNH3,2652,0.00127,2098,0.02309,False,rheumatoid_arthritis
OGT,2653,0.00127,1023,0.05313,False,rheumatoid_arthritis
ANP32A,2654,0.00126,1999,0.02425,False,rheumatoid_arthritis
PLCG1,2655,0.00126,537,0.17733,False,rheumatoid_arthritis
VASP,2656,0.00126,1690,0.02934,False,rheumatoid_arthritis
COL3A1,2657,0.00126,786,0.08189,False,rheumatoid_arthritis
TELO2,2658,0.00126,2129,0.02286,False,rheumatoid_arthritis
SRC,2659,0.00125,59,0.39999,False,rheumatoid_arthritis
KCNA1,2660,0.00125,407,0.23535,False,rheumatoid_arthritis
PRKG1,2661,0.00125,961,0.05897,False,rheumatoid_arthritis
PRKG2,2662,0.00125,912,0.06355,False,rheumatoid_arthritis
SNRPN,2663,0.00125,1364,0.03766,False,rheumatoid_arthritis
TRAK2,2664,0.00124,2858,0.01536,False,rheumatoid_arthritis
PRKAB2,2665,0.00124,1135,0.04547,False,rheumatoid_arthritis
MTMR12,2666,0.00124,2783,0.01603,False,rheumatoid_arthritis
RPL30,2667,0.00123,1575,0.03239,False,rheumatoid_arthritis
RPS3,2668,0.00123,1541,0.03343,False,rheumatoid_arthritis
GRB2,2669,0.00123,433,0.21877,False,rheumatoid_arthritis
CD200R1,2670,0.00123,2612,0.01758,False,rheumatoid_arthritis
UBE2E1,2671,0.00122,2554,0.0181,False,rheumatoid_arthritis
NRAS,2672,0.00122,855,0.07126,False,rheumatoid_arthritis
RAC1,2673,0.00121,900,0.06487,False,rheumatoid_arthritis
RPL18,2674,0.00121,1560,0.0329,False,rheumatoid_arthritis
THBD,2675,0.00121,1358,0.03775,False,rheumatoid_arthritis
RPS19,2676,0.00121,1590,0.03184,False,rheumatoid_arthritis
RPL19,2677,0.00121,1562,0.03282,False,rheumatoid_arthritis
RPL34,2678,0.00121,1601,0.03138,False,rheumatoid_arthritis
SP1,2679,0.00121,2012,0.02391,False,rheumatoid_arthritis
LGALS3,2680,0.0012,1457,0.0354,False,rheumatoid_arthritis
RPS28,2681,0.0012,1655,0.03007,False,rheumatoid_arthritis
FCGR3B,2682,0.00119,1982,0.0246,False,rheumatoid_arthritis
KDR,2683,0.00119,1806,0.02719,False,rheumatoid_arthritis
TRIM28,2684,0.00118,2082,0.02324,False,rheumatoid_arthritis
SKP1,2685,0.00118,1004,0.05432,False,rheumatoid_arthritis
NSF,2686,0.00118,1940,0.02549,False,rheumatoid_arthritis
B3GALT1,2687,0.00118,1832,0.02686,False,rheumatoid_arthritis
B3GALT2,2688,0.00118,1862,0.02662,False,rheumatoid_arthritis
PLEK,2689,0.00117,2928,0.01457,False,rheumatoid_arthritis
PRKCA,2690,0.00117,1317,0.03898,False,rheumatoid_arthritis
PRPS2,2691,0.00116,312,0.27886,False,rheumatoid_arthritis
SIGLEC10,2692,0.00116,2693,0.01677,False,rheumatoid_arthritis
MDM2,2693,0.00115,723,0.09719,False,rheumatoid_arthritis
CCND1,2694,0.00115,662,0.11644,False,rheumatoid_arthritis
PDGFRB,2695,0.00115,1239,0.04188,False,rheumatoid_arthritis
MBOAT2,2696,0.00115,1100,0.0468,False,rheumatoid_arthritis
ALDH18A1,2697,0.00114,1658,0.03002,False,rheumatoid_arthritis
RARA,2698,0.00114,1938,0.02554,False,rheumatoid_arthritis
ATP13A2,2699,0.00114,1535,0.0336,False,rheumatoid_arthritis
GCLM,2700,0.00113,2267,0.02121,False,rheumatoid_arthritis
MDM4,2701,0.00113,1878,0.02647,False,rheumatoid_arthritis
PSPH,2702,0.00112,2583,0.01781,False,rheumatoid_arthritis
IMMT,2703,0.00112,1986,0.02452,False,rheumatoid_arthritis
RAC2,2704,0.00112,833,0.07414,False,rheumatoid_arthritis
AGXT,2705,0.00111,1711,0.02897,False,rheumatoid_arthritis
ESPL1,2706,0.00111,1013,0.05363,False,rheumatoid_arthritis
KPNA4,2707,0.00111,1387,0.03695,False,rheumatoid_arthritis
SRRM2,2708,0.0011,2642,0.01725,False,rheumatoid_arthritis
B3GALT5,2709,0.0011,430,0.2215,False,rheumatoid_arthritis
CD72,2710,0.00109,1987,0.02448,False,rheumatoid_arthritis
CD81,2711,0.00109,1138,0.04534,False,rheumatoid_arthritis
RHAG,2712,0.00108,2532,0.01839,False,rheumatoid_arthritis
ARHGEF11,2713,0.00107,3111,0.01269,False,rheumatoid_arthritis
SUCLG2,2714,0.00107,2964,0.01417,False,rheumatoid_arthritis
GRK2,2715,0.00107,3084,0.01292,False,rheumatoid_arthritis
ASPH,2716,0.00106,1812,0.02709,False,rheumatoid_arthritis
ARHGEF1,2717,0.00106,2029,0.02364,False,rheumatoid_arthritis
PLCB3,2718,0.00106,1073,0.04854,False,rheumatoid_arthritis
PPARG,2719,0.00106,1481,0.03502,False,rheumatoid_arthritis
RPL23,2720,0.00106,1012,0.05379,False,rheumatoid_arthritis
WWP1,2721,0.00105,1086,0.04781,False,rheumatoid_arthritis
SYNJ1,2722,0.00105,1191,0.04368,False,rheumatoid_arthritis
SRSF1,2723,0.00104,1107,0.04653,False,rheumatoid_arthritis
MC2R,2724,0.00104,223,0.31163,False,rheumatoid_arthritis
NFE2L1,2725,0.00104,2683,0.01689,False,rheumatoid_arthritis
SELL,2726,0.00103,1193,0.04367,False,rheumatoid_arthritis
CASQ1,2727,0.00103,2850,0.01546,False,rheumatoid_arthritis
CASQ2,2728,0.00103,2860,0.01535,False,rheumatoid_arthritis
FKBP1B,2729,0.00103,2820,0.01568,False,rheumatoid_arthritis
VCAM1,2730,0.00102,954,0.05954,False,rheumatoid_arthritis
RPS5,2731,0.00102,1277,0.04041,False,rheumatoid_arthritis
ADPRM,2732,0.00102,2559,0.01805,False,rheumatoid_arthritis
CAMK2A,2733,0.00102,1000,0.05489,False,rheumatoid_arthritis
MVB12A,2734,0.00101,2716,0.01649,False,rheumatoid_arthritis
GCSH,2735,0.00101,2633,0.0174,False,rheumatoid_arthritis
UBE3A,2736,0.00101,2385,0.01982,False,rheumatoid_arthritis
TSG101,2737,0.00101,2659,0.0171,False,rheumatoid_arthritis
CHMP3,2738,0.00101,2705,0.01664,False,rheumatoid_arthritis
VPS36,2739,0.00101,2721,0.01647,False,rheumatoid_arthritis
VPS25,2740,0.00101,2734,0.01637,False,rheumatoid_arthritis
FOXM1,2741,0.00101,1923,0.02574,False,rheumatoid_arthritis
UBAP1,2742,0.00101,2754,0.0162,False,rheumatoid_arthritis
CHMP6,2743,0.00101,2731,0.0164,False,rheumatoid_arthritis
CHMP2A,2744,0.00101,2770,0.01608,False,rheumatoid_arthritis
CSNK1A1,2745,0.00101,234,0.30804,False,rheumatoid_arthritis
SNF8,2746,0.00101,2760,0.01612,False,rheumatoid_arthritis
NT5C3A,2747,0.001,2796,0.01595,False,rheumatoid_arthritis
TRDN,2748,0.001,1981,0.02461,False,rheumatoid_arthritis
RAN,2749,0.001,1123,0.04586,False,rheumatoid_arthritis
EPRS1,2750,0.001,776,0.08401,False,rheumatoid_arthritis
IRS4,2751,0.001,1997,0.02428,False,rheumatoid_arthritis
MT-ND4L,2752,0.00099,2312,0.02061,False,rheumatoid_arthritis
ABCG5,2753,0.00099,2868,0.01529,False,rheumatoid_arthritis
RXRA,2754,0.00099,824,0.07529,False,rheumatoid_arthritis
ABCG8,2755,0.00099,2748,0.01624,False,rheumatoid_arthritis
CCL14,2756,0.00099,2917,0.01471,False,rheumatoid_arthritis
RPL8,2757,0.00099,1271,0.04073,False,rheumatoid_arthritis
RPL4,2758,0.00099,1272,0.04068,False,rheumatoid_arthritis
PTK2,2759,0.00099,934,0.06144,False,rheumatoid_arthritis
RPS7,2760,0.00099,1446,0.03567,False,rheumatoid_arthritis
COIL,2761,0.00098,2618,0.01752,False,rheumatoid_arthritis
BTRC,2762,0.00098,860,0.07069,False,rheumatoid_arthritis
MECP2,2763,0.00098,2359,0.02014,False,rheumatoid_arthritis
ITGA2B,2764,0.00098,2981,0.01405,False,rheumatoid_arthritis
NCBP1,2765,0.00097,857,0.07107,False,rheumatoid_arthritis
SGTA,2766,0.00097,2649,0.01716,False,rheumatoid_arthritis
ACTN2,2767,0.00097,1024,0.05305,False,rheumatoid_arthritis
INSR,2768,0.00097,1950,0.02523,False,rheumatoid_arthritis
WEE1,2769,0.00096,1994,0.02432,False,rheumatoid_arthritis
U2AF2,2770,0.00096,1698,0.02915,False,rheumatoid_arthritis
CDC25C,2771,0.00096,1984,0.02455,False,rheumatoid_arthritis
ATP6V1B2,2772,0.00096,383,0.24513,False,rheumatoid_arthritis
TGFB3,2773,0.00096,1811,0.02711,False,rheumatoid_arthritis
NID1,2774,0.00096,2694,0.01676,False,rheumatoid_arthritis
CENPA,2775,0.00095,1817,0.02703,False,rheumatoid_arthritis
KCNIP3,2776,0.00095,1118,0.04603,False,rheumatoid_arthritis
THRB,2777,0.00095,2990,0.0139,False,rheumatoid_arthritis
CCNT2,2778,0.00095,2580,0.01784,False,rheumatoid_arthritis
GPR37,2779,0.00095,2447,0.01922,False,rheumatoid_arthritis
KIF23,2780,0.00095,1855,0.02667,False,rheumatoid_arthritis
BORA,2781,0.00095,2735,0.01636,False,rheumatoid_arthritis
CTR9,2782,0.00095,1796,0.02737,False,rheumatoid_arthritis
RBX1,2783,0.00095,966,0.05819,False,rheumatoid_arthritis
AMER1,2784,0.00095,1786,0.02754,False,rheumatoid_arthritis
APOE,2785,0.00095,1330,0.03866,False,rheumatoid_arthritis
NPC1L1,2786,0.00095,2531,0.01839,False,rheumatoid_arthritis
NCOR2,2787,0.00095,677,0.11286,False,rheumatoid_arthritis
PRPF19,2788,0.00094,1237,0.04193,False,rheumatoid_arthritis
ZBP1,2789,0.00094,2026,0.02369,False,rheumatoid_arthritis
RIC1,2790,0.00094,2484,0.01885,False,rheumatoid_arthritis
SRSF10,2791,0.00094,2365,0.02004,False,rheumatoid_arthritis
NR1H3,2792,0.00093,1992,0.02434,False,rheumatoid_arthritis
OASL,2793,0.00093,2992,0.01381,False,rheumatoid_arthritis
IRS2,2794,0.00093,1988,0.02445,False,rheumatoid_arthritis
OAS3,2795,0.00093,2939,0.01444,False,rheumatoid_arthritis
IFI44L,2796,0.00093,2966,0.01416,False,rheumatoid_arthritis
IFI6,2797,0.00093,2969,0.01412,False,rheumatoid_arthritis
NT5E,2798,0.00093,777,0.08386,False,rheumatoid_arthritis
KCNJ5,2799,0.00093,1384,0.03701,False,rheumatoid_arthritis
MX2,2800,0.00093,2977,0.01409,False,rheumatoid_arthritis
H4C6,2801,0.00093,2411,0.01957,False,rheumatoid_arthritis
SNW1,2802,0.00093,901,0.06474,False,rheumatoid_arthritis
B3GALNT1,2803,0.00092,2747,0.01624,False,rheumatoid_arthritis
WDR61,2804,0.00092,2698,0.01673,False,rheumatoid_arthritis
SCD,2805,0.00092,285,0.28576,False,rheumatoid_arthritis
UBAP2,2806,0.00092,5177,0.00487,False,rheumatoid_arthritis
SPTBN4,2807,0.00092,1381,0.03711,False,rheumatoid_arthritis
CCL3L1,2808,0.00092,2944,0.0144,False,rheumatoid_arthritis
B3GNT5,2809,0.00092,2713,0.0165,False,rheumatoid_arthritis
TCEA2,2810,0.00092,2737,0.01633,False,rheumatoid_arthritis
ATF5,2811,0.00091,2176,0.02227,False,rheumatoid_arthritis
DLAT,2812,0.00091,1660,0.03001,False,rheumatoid_arthritis
RTF1,2813,0.0009,1163,0.04472,False,rheumatoid_arthritis
ST3GAL2,2814,0.0009,2730,0.0164,False,rheumatoid_arthritis
CDC73,2815,0.0009,1374,0.03744,False,rheumatoid_arthritis
CCND2,2816,0.0009,1026,0.05299,False,rheumatoid_arthritis
STUB1,2817,0.0009,1249,0.04141,False,rheumatoid_arthritis
CDK6,2818,0.0009,1017,0.05341,False,rheumatoid_arthritis
PKMYT1,2819,0.0009,2889,0.01504,False,rheumatoid_arthritis
GABRA2,2820,0.0009,2160,0.02242,False,rheumatoid_arthritis
CCND3,2821,0.0009,1031,0.05271,False,rheumatoid_arthritis
CAV3,2822,0.0009,1130,0.04563,False,rheumatoid_arthritis
ST3GAL4,2823,0.0009,2732,0.01638,False,rheumatoid_arthritis
ST3GAL1,2824,0.0009,2727,0.01642,False,rheumatoid_arthritis
DRD5,2825,0.0009,2562,0.01802,False,rheumatoid_arthritis
LEO1,2826,0.0009,1401,0.0367,False,rheumatoid_arthritis
GABRG2,2827,0.0009,2162,0.0224,False,rheumatoid_arthritis
SUPT4H1,2828,0.0009,1397,0.03675,False,rheumatoid_arthritis
RAPGEF1,2829,0.0009,2871,0.01525,False,rheumatoid_arthritis
SMAD7,2830,0.00089,2719,0.01647,False,rheumatoid_arthritis
PPIB,2831,0.00089,2460,0.01912,False,rheumatoid_arthritis
MAP2K2,2832,0.00089,2795,0.01595,False,rheumatoid_arthritis
THY1,2833,0.00089,2862,0.01533,False,rheumatoid_arthritis
NT5C,2834,0.00089,2002,0.02415,False,rheumatoid_arthritis
ABCA1,2835,0.00089,2830,0.01567,False,rheumatoid_arthritis
NT5C1A,2836,0.00089,1985,0.02452,False,rheumatoid_arthritis
NT5C2,2837,0.00089,2006,0.02405,False,rheumatoid_arthritis
TGFB2,2838,0.00089,2714,0.0165,False,rheumatoid_arthritis
SRPK2,2839,0.00089,4103,0.00778,False,rheumatoid_arthritis
COQ7,2840,0.00089,3513,0.00987,False,rheumatoid_arthritis
MRC1,2841,0.00089,1471,0.03524,False,rheumatoid_arthritis
TGFBR3,2842,0.00089,2751,0.01622,False,rheumatoid_arthritis
TRA2B,2843,0.00089,3619,0.00937,False,rheumatoid_arthritis
DLG2,2844,0.00089,1020,0.05332,False,rheumatoid_arthritis
PAFAH1B3,2845,0.00088,3661,0.00921,False,rheumatoid_arthritis
CLK1,2846,0.00088,3586,0.00953,False,rheumatoid_arthritis
HMMR,2847,0.00088,2654,0.01713,False,rheumatoid_arthritis
LUC7L2,2848,0.00088,3874,0.00848,False,rheumatoid_arthritis
PRKAG3,2849,0.00088,2658,0.01711,False,rheumatoid_arthritis
KIF2C,2850,0.00088,1340,0.03815,False,rheumatoid_arthritis
NR5A1,2851,0.00088,2802,0.01588,False,rheumatoid_arthritis
ACLY,2852,0.00088,2771,0.01608,False,rheumatoid_arthritis
LOC102723407,2853,0.00088,815,0.07654,False,rheumatoid_arthritis
ACIN1,2854,0.00088,3747,0.00888,False,rheumatoid_arthritis
PRKAA2,2855,0.00088,2701,0.01666,False,rheumatoid_arthritis
PRKAG1,2856,0.00088,2706,0.01663,False,rheumatoid_arthritis
SNIP1,2857,0.00088,1578,0.03231,False,rheumatoid_arthritis
RUVBL2,2858,0.00087,1734,0.02842,False,rheumatoid_arthritis
LPL,2859,0.00087,1730,0.02859,False,rheumatoid_arthritis
ACAT1,2860,0.00087,2762,0.01611,False,rheumatoid_arthritis
EXO1,2861,0.00087,848,0.07151,False,rheumatoid_arthritis
HSPB1,2862,0.00086,2528,0.01846,False,rheumatoid_arthritis
CACNA1C,2863,0.00086,922,0.06263,False,rheumatoid_arthritis
DDX3X,2864,0.00086,2873,0.01522,False,rheumatoid_arthritis
ACVR2A,2865,0.00086,2839,0.01562,False,rheumatoid_arthritis
VTN,2866,0.00086,3060,0.01307,False,rheumatoid_arthritis
ACVRL1,2867,0.00086,2720,0.01647,False,rheumatoid_arthritis
CBL,2868,0.00086,707,0.10245,False,rheumatoid_arthritis
ACVR1,2869,0.00086,1957,0.0251,False,rheumatoid_arthritis
MED16,2870,0.00086,2022,0.02373,False,rheumatoid_arthritis
PDYN,2871,0.00086,1002,0.05444,False,rheumatoid_arthritis
AMPD3,2872,0.00085,2876,0.01517,False,rheumatoid_arthritis
AMPD1,2873,0.00085,2878,0.01515,False,rheumatoid_arthritis
NT5M,2874,0.00085,2921,0.0147,False,rheumatoid_arthritis
GLDN,2875,0.00085,1331,0.03859,False,rheumatoid_arthritis
NT5C1B-RDH14,2876,0.00085,2943,0.0144,False,rheumatoid_arthritis
NT5C1B,2877,0.00085,2942,0.0144,False,rheumatoid_arthritis
TPMT,2878,0.00085,2893,0.01497,False,rheumatoid_arthritis
ADSS2,2879,0.00085,2848,0.01546,False,rheumatoid_arthritis
ADSS1,2880,0.00085,2863,0.01533,False,rheumatoid_arthritis
ENTPD6,2881,0.00085,2955,0.01429,False,rheumatoid_arthritis
IFT122,2882,0.00085,2352,0.02023,False,rheumatoid_arthritis
ENTPD5,2883,0.00085,2956,0.01428,False,rheumatoid_arthritis
CARM1,2884,0.00085,2927,0.01457,False,rheumatoid_arthritis
RPL35,2885,0.00085,896,0.06536,False,rheumatoid_arthritis
AMPD2,2886,0.00085,2875,0.01519,False,rheumatoid_arthritis
NT5C3B,2887,0.00085,2960,0.01423,False,rheumatoid_arthritis
KCNJ11,2888,0.00084,1882,0.02634,False,rheumatoid_arthritis
P2RX1,2889,0.00084,2321,0.02054,False,rheumatoid_arthritis
P2RX4,2890,0.00084,2324,0.02051,False,rheumatoid_arthritis
GRIN2D,2891,0.00084,1032,0.05263,False,rheumatoid_arthritis
HSP90B1,2892,0.00084,1427,0.036,False,rheumatoid_arthritis
HBEGF,2893,0.00084,1393,0.03685,False,rheumatoid_arthritis
C5AR1,2894,0.00084,2268,0.02121,False,rheumatoid_arthritis
LRP6,2895,0.00084,2846,0.01553,False,rheumatoid_arthritis
SULT1E1,2896,0.00084,1626,0.03058,False,rheumatoid_arthritis
C5AR2,2897,0.00084,3077,0.01297,False,rheumatoid_arthritis
C8A,2898,0.00084,3072,0.01301,False,rheumatoid_arthritis
GAR1,2899,0.00083,2682,0.0169,False,rheumatoid_arthritis
TEP1,2900,0.00083,2703,0.01665,False,rheumatoid_arthritis
GNL3L,2901,0.00083,2894,0.01496,False,rheumatoid_arthritis
NVL,2902,0.00083,2801,0.01589,False,rheumatoid_arthritis
GNAT3,2903,0.00083,5193,0.00482,False,rheumatoid_arthritis
DKC1,2904,0.00083,2651,0.01714,False,rheumatoid_arthritis
VAPA,2905,0.00083,2272,0.02118,False,rheumatoid_arthritis
BCAS2,2906,0.00083,2924,0.01463,False,rheumatoid_arthritis
NOP10,2907,0.00083,2653,0.01714,False,rheumatoid_arthritis
GNAZ,2908,0.00083,5342,0.00416,False,rheumatoid_arthritis
AP4E1,2909,0.00083,1643,0.03017,False,rheumatoid_arthritis
RAB5A,2910,0.00082,1433,0.03585,False,rheumatoid_arthritis
C8G,2911,0.00082,3190,0.01204,False,rheumatoid_arthritis
ASAH1,2912,0.00082,2454,0.0192,False,rheumatoid_arthritis
EGF,2913,0.00082,880,0.0683,False,rheumatoid_arthritis
MT-ND3,2914,0.00082,1892,0.02619,False,rheumatoid_arthritis
AP4B1,2915,0.00082,1638,0.03037,False,rheumatoid_arthritis
NLRP14,2916,0.00082,4823,0.00599,False,rheumatoid_arthritis
SREBF1,2917,0.00082,1365,0.03765,False,rheumatoid_arthritis
DPYSL2,2918,0.00082,1722,0.02875,False,rheumatoid_arthritis
RPTOR,2919,0.00082,1804,0.02721,False,rheumatoid_arthritis
ELOC,2920,0.00082,2812,0.01578,False,rheumatoid_arthritis
MLST8,2921,0.00082,1860,0.02664,False,rheumatoid_arthritis
THBS4,2922,0.00082,4361,0.0071,False,rheumatoid_arthritis
RRAGA,2923,0.00082,2624,0.0175,False,rheumatoid_arthritis
RRAGB,2924,0.00082,2625,0.0175,False,rheumatoid_arthritis
CCP110,2925,0.00082,2104,0.02306,False,rheumatoid_arthritis
SIRPB1,2926,0.00082,4246,0.00742,False,rheumatoid_arthritis
RRAGC,2927,0.00082,2623,0.0175,False,rheumatoid_arthritis
GBA,2928,0.00082,2378,0.01991,False,rheumatoid_arthritis
UBQLN1,2929,0.00082,4359,0.0071,False,rheumatoid_arthritis
THBS3,2930,0.00082,4447,0.00685,False,rheumatoid_arthritis
RHD,2931,0.00082,4418,0.00695,False,rheumatoid_arthritis
RHCE,2932,0.00082,4450,0.00684,False,rheumatoid_arthritis
GYPB,2933,0.00082,4252,0.00741,False,rheumatoid_arthritis
GYPA,2934,0.00082,4424,0.00691,False,rheumatoid_arthritis
CDKN2D,2935,0.00081,3136,0.01243,False,rheumatoid_arthritis
NMD3,2936,0.00081,1693,0.02925,False,rheumatoid_arthritis
KIF20A,2937,0.00081,930,0.06196,False,rheumatoid_arthritis
CEP290,2938,0.00081,2117,0.02299,False,rheumatoid_arthritis
GLB1,2939,0.00081,1931,0.02564,False,rheumatoid_arthritis
SUPT5H,2940,0.00081,1014,0.05361,False,rheumatoid_arthritis
ITIH4,2941,0.00081,3011,0.01347,False,rheumatoid_arthritis
PLPP3,2942,0.00081,1754,0.02798,False,rheumatoid_arthritis
DNA2,2943,0.00081,1744,0.02821,False,rheumatoid_arthritis
TOPBP1,2944,0.00081,1746,0.0282,False,rheumatoid_arthritis
COX5B,2945,0.0008,3919,0.00831,False,rheumatoid_arthritis
CDC25A,2946,0.0008,2150,0.02251,False,rheumatoid_arthritis
COX5A,2947,0.0008,3922,0.00831,False,rheumatoid_arthritis
TSPAN8,2948,0.0008,2671,0.01702,False,rheumatoid_arthritis
COX4I1,2949,0.0008,3924,0.0083,False,rheumatoid_arthritis
CDT1,2950,0.0008,1633,0.0304,False,rheumatoid_arthritis
RPS6KB1,2951,0.0008,1952,0.02521,False,rheumatoid_arthritis
ST6GAL1,2952,0.0008,2744,0.0163,False,rheumatoid_arthritis
MCM7,2953,0.0008,1716,0.02885,False,rheumatoid_arthritis
MGAT5B,2954,0.0008,2564,0.018,False,rheumatoid_arthritis
GPAM,2955,0.0008,1745,0.02821,False,rheumatoid_arthritis
ENPP1,2956,0.0008,692,0.10716,False,rheumatoid_arthritis
CHEK1,2957,0.0008,1282,0.04028,False,rheumatoid_arthritis
CLSPN,2958,0.0008,1727,0.02865,False,rheumatoid_arthritis
AGPAT3,2959,0.0008,2137,0.02267,False,rheumatoid_arthritis
ENPP3,2960,0.0008,682,0.11152,False,rheumatoid_arthritis
RBM8A,2961,0.0008,1816,0.02704,False,rheumatoid_arthritis
FUT8,2962,0.0008,2699,0.01672,False,rheumatoid_arthritis
MMP25,2963,0.0008,715,0.09998,False,rheumatoid_arthritis
UQCR11,2964,0.0008,3920,0.00831,False,rheumatoid_arthritis
GRIA2,2965,0.00079,1728,0.02865,False,rheumatoid_arthritis
CYP2R1,2966,0.00079,1859,0.02664,False,rheumatoid_arthritis
FXYD1,2967,0.00079,4070,0.00786,False,rheumatoid_arthritis
HMGCS1,2968,0.00079,1850,0.02671,False,rheumatoid_arthritis
RB1,2969,0.00079,2217,0.02191,False,rheumatoid_arthritis
MVK,2970,0.00079,1917,0.02586,False,rheumatoid_arthritis
SLC9A1,2971,0.00079,4551,0.00659,False,rheumatoid_arthritis
HMGCS2,2972,0.00079,1924,0.02569,False,rheumatoid_arthritis
PLN,2973,0.00079,4565,0.00656,False,rheumatoid_arthritis
INO80,2974,0.00079,4810,0.00602,False,rheumatoid_arthritis
LAMA4,2975,0.00079,2880,0.01512,False,rheumatoid_arthritis
ATP1B3,2976,0.00079,3893,0.00842,False,rheumatoid_arthritis
CDK5,2977,0.00079,2708,0.0166,False,rheumatoid_arthritis
ATP1B2,2978,0.00079,3917,0.00832,False,rheumatoid_arthritis
FDPS,2979,0.00079,1798,0.02736,False,rheumatoid_arthritis
FDFT1,2980,0.00079,1777,0.02765,False,rheumatoid_arthritis
ITGB5,2981,0.00079,1925,0.02568,False,rheumatoid_arthritis
IDI1,2982,0.00079,1814,0.02707,False,rheumatoid_arthritis
ITGB8,2983,0.00079,1951,0.02522,False,rheumatoid_arthritis
CAMK2B,2984,0.00079,2786,0.01603,False,rheumatoid_arthritis
SLC12A1,2985,0.00079,4661,0.00631,False,rheumatoid_arthritis
ATP1B4,2986,0.00079,4032,0.00796,False,rheumatoid_arthritis
EPS15,2987,0.00079,1281,0.0403,False,rheumatoid_arthritis
ATP2A2,2988,0.00079,4555,0.00658,False,rheumatoid_arthritis
ABCA2,2989,0.00079,4874,0.00588,False,rheumatoid_arthritis
ABCB8,2990,0.00079,4866,0.0059,False,rheumatoid_arthritis
POLR2B,2991,0.00079,1824,0.02694,False,rheumatoid_arthritis
POLR2F,2992,0.00079,1838,0.02678,False,rheumatoid_arthritis
EIF4EBP1,2993,0.00078,2864,0.01533,False,rheumatoid_arthritis
RICTOR,2994,0.00078,2853,0.01541,False,rheumatoid_arthritis
IL36B,2995,0.00078,4516,0.00667,False,rheumatoid_arthritis
KPNA6,2996,0.00078,4929,0.00566,False,rheumatoid_arthritis
P2RX3,2997,0.00078,1665,0.02989,False,rheumatoid_arthritis
KPNA7,2998,0.00078,4634,0.00637,False,rheumatoid_arthritis
FOXP1,2999,0.00078,5075,0.00529,False,rheumatoid_arthritis
FOXP1-2,3000,0.00078,4948,0.0056,False,rheumatoid_arthritis
HIPK2,3001,0.00078,4626,0.00638,False,rheumatoid_arthritis
COMP,3002,0.00078,1996,0.02429,False,rheumatoid_arthritis
BTN3A1,3003,0.00078,4959,0.00558,False,rheumatoid_arthritis
USP7,3004,0.00078,4628,0.00638,False,rheumatoid_arthritis
IL1RAPL1,3005,0.00078,4194,0.00756,False,rheumatoid_arthritis
NUDC,3006,0.00078,2743,0.0163,False,rheumatoid_arthritis
TP53BP1,3007,0.00078,4627,0.00638,False,rheumatoid_arthritis
TP53BP2,3008,0.00078,4629,0.00638,False,rheumatoid_arthritis
CHEK2,3009,0.00078,4630,0.00638,False,rheumatoid_arthritis
NOB1,3010,0.00077,3245,0.01164,False,rheumatoid_arthritis
PLPP2,3011,0.00077,2728,0.01642,False,rheumatoid_arthritis
GGT1,3012,0.00077,4373,0.00705,False,rheumatoid_arthritis
RPA3,3013,0.00077,2662,0.0171,False,rheumatoid_arthritis
GAD1,3014,0.00077,4124,0.00773,False,rheumatoid_arthritis
AGA,3015,0.00077,4560,0.00657,False,rheumatoid_arthritis
CDCA8,3016,0.00077,1907,0.02596,False,rheumatoid_arthritis
L2HGDH,3017,0.00077,4590,0.0065,False,rheumatoid_arthritis
PROS1,3018,0.00077,2192,0.02212,False,rheumatoid_arthritis
AGPAT1,3019,0.00077,2107,0.02304,False,rheumatoid_arthritis
DLGAP5,3020,0.00077,1962,0.025,False,rheumatoid_arthritis
DGLUCY,3021,0.00077,4314,0.00724,False,rheumatoid_arthritis
GLUD1,3022,0.00077,3965,0.00814,False,rheumatoid_arthritis
UBE2C,3023,0.00077,1945,0.02534,False,rheumatoid_arthritis
GCLC,3024,0.00077,4483,0.00674,False,rheumatoid_arthritis
RIOK1,3025,0.00077,3262,0.01156,False,rheumatoid_arthritis
ALDH4A1,3026,0.00077,4210,0.00751,False,rheumatoid_arthritis
FANCA,3027,0.00077,2417,0.01952,False,rheumatoid_arthritis
ALDH1B1,3028,0.00077,4503,0.00669,False,rheumatoid_arthritis
GLUD2,3029,0.00077,4010,0.00802,False,rheumatoid_arthritis
CACNA1S,3030,0.00077,2980,0.01406,False,rheumatoid_arthritis
GGT5,3031,0.00077,4575,0.00654,False,rheumatoid_arthritis
NCK1,3032,0.00077,2011,0.02391,False,rheumatoid_arthritis
RPS13,3033,0.00077,3260,0.01157,False,rheumatoid_arthritis
P2RX7,3034,0.00077,3211,0.01187,False,rheumatoid_arthritis
P2RX6,3035,0.00077,3196,0.01199,False,rheumatoid_arthritis
HNRNPU,3036,0.00077,2573,0.01792,False,rheumatoid_arthritis
GGT6,3037,0.00077,4583,0.00652,False,rheumatoid_arthritis
STAC3,3038,0.00077,3009,0.0135,False,rheumatoid_arthritis
P2RX5,3039,0.00077,3212,0.01187,False,rheumatoid_arthritis
NUDT9,3040,0.00076,4155,0.00766,False,rheumatoid_arthritis
QPRT,3041,0.00076,2882,0.0151,False,rheumatoid_arthritis
MSMB,3042,0.00076,4287,0.00732,False,rheumatoid_arthritis
NAPRT,3043,0.00076,2958,0.01425,False,rheumatoid_arthritis
NUDT12,3044,0.00076,2896,0.01492,False,rheumatoid_arthritis
DHCR7,3045,0.00076,1255,0.04127,False,rheumatoid_arthritis
NUDT5,3046,0.00076,4242,0.00744,False,rheumatoid_arthritis
UBA7,3047,0.00076,1505,0.03444,False,rheumatoid_arthritis
PTPN23,3048,0.00076,4898,0.00578,False,rheumatoid_arthritis
LAMP1,3049,0.00076,1579,0.03223,False,rheumatoid_arthritis
SIRT7,3050,0.00076,2923,0.01468,False,rheumatoid_arthritis
SIRT6,3051,0.00076,2920,0.0147,False,rheumatoid_arthritis
MID2,3052,0.00076,4972,0.00555,False,rheumatoid_arthritis
AGPAT2,3053,0.00076,2123,0.02292,False,rheumatoid_arthritis
ITGA8,3054,0.00076,2948,0.01435,False,rheumatoid_arthritis
ITGA7,3055,0.00076,2946,0.01436,False,rheumatoid_arthritis
MED6,3056,0.00076,2838,0.01562,False,rheumatoid_arthritis
MED4,3057,0.00076,2834,0.01563,False,rheumatoid_arthritis
PIPOX,3058,0.00076,4562,0.00656,False,rheumatoid_arthritis
RNASEK,3059,0.00076,2215,0.02194,False,rheumatoid_arthritis
MED18,3060,0.00076,2829,0.01567,False,rheumatoid_arthritis
MED19,3061,0.00076,2831,0.01566,False,rheumatoid_arthritis
MED14,3062,0.00076,2827,0.01567,False,rheumatoid_arthritis
SDS,3063,0.00076,4535,0.00663,False,rheumatoid_arthritis
MED12,3064,0.00076,2828,0.01567,False,rheumatoid_arthritis
MTHFD2L,3065,0.00076,4429,0.00689,False,rheumatoid_arthritis
MTHFD2,3066,0.00076,4426,0.0069,False,rheumatoid_arthritis
PNO1,3067,0.00076,2569,0.01795,False,rheumatoid_arthritis
BST1,3068,0.00076,2925,0.01461,False,rheumatoid_arthritis
POLR2A,3069,0.00076,1324,0.0388,False,rheumatoid_arthritis
PGM2,3070,0.00076,4097,0.0078,False,rheumatoid_arthritis
NADK2,3071,0.00076,2918,0.01471,False,rheumatoid_arthritis
PC,3072,0.00076,2592,0.01774,False,rheumatoid_arthritis
MED26,3073,0.00076,2835,0.01563,False,rheumatoid_arthritis
MED28,3074,0.00076,2822,0.01567,False,rheumatoid_arthritis
SARDH,3075,0.00076,4468,0.0068,False,rheumatoid_arthritis
MED29,3076,0.00076,2833,0.01565,False,rheumatoid_arthritis
MED30,3077,0.00076,2840,0.01561,False,rheumatoid_arthritis
TSR1,3078,0.00076,2557,0.01808,False,rheumatoid_arthritis
RPIA,3079,0.00076,4039,0.00794,False,rheumatoid_arthritis
NMNAT1,3080,0.00076,2895,0.01494,False,rheumatoid_arthritis
SRR,3081,0.00076,4547,0.0066,False,rheumatoid_arthritis
MED15,3082,0.00076,2842,0.01561,False,rheumatoid_arthritis
AP1G1,3083,0.00076,2253,0.02133,False,rheumatoid_arthritis
ATP6V0D1,3084,0.00076,2204,0.02201,False,rheumatoid_arthritis
RBKS,3085,0.00076,4040,0.00794,False,rheumatoid_arthritis
ATP6V0D2,3086,0.00076,2219,0.02191,False,rheumatoid_arthritis
RPL31,3087,0.00076,2337,0.0204,False,rheumatoid_arthritis
MED17,3088,0.00076,2832,0.01565,False,rheumatoid_arthritis
ATP6V1H,3089,0.00076,2203,0.02201,False,rheumatoid_arthritis
ATP6V0E1,3090,0.00076,2212,0.02195,False,rheumatoid_arthritis
ATP6V1G1,3091,0.00076,2205,0.02201,False,rheumatoid_arthritis
DVL1,3092,0.00076,1464,0.03531,False,rheumatoid_arthritis
CDK8,3093,0.00076,2823,0.01567,False,rheumatoid_arthritis
CDK19,3094,0.00076,2824,0.01567,False,rheumatoid_arthritis
SIRT3,3095,0.00076,2886,0.01505,False,rheumatoid_arthritis
ATP6V1E1,3096,0.00076,2200,0.02201,False,rheumatoid_arthritis
ATP6V1E2,3097,0.00076,2218,0.02191,False,rheumatoid_arthritis
DAO,3098,0.00076,4556,0.00658,False,rheumatoid_arthritis
SIRT2,3099,0.00076,2922,0.01469,False,rheumatoid_arthritis
ATP6V0B,3100,0.00076,2202,0.02201,False,rheumatoid_arthritis
ATP6V1F,3101,0.00076,2201,0.02201,False,rheumatoid_arthritis
SIRT5,3102,0.00076,2913,0.01473,False,rheumatoid_arthritis
PRPSAP2,3103,0.00076,3949,0.00819,False,rheumatoid_arthritis
PRPSAP1,3104,0.00076,3937,0.00823,False,rheumatoid_arthritis
SIRT4,3105,0.00076,2915,0.01471,False,rheumatoid_arthritis
ATP6AP2,3106,0.00076,2210,0.02198,False,rheumatoid_arthritis
ATP6AP1,3107,0.00076,2213,0.02195,False,rheumatoid_arthritis
MYLIP,3108,0.00076,2857,0.01538,False,rheumatoid_arthritis
CCNC,3109,0.00076,2825,0.01567,False,rheumatoid_arthritis
NMT2,3110,0.00076,4973,0.00555,False,rheumatoid_arthritis
NNT,3111,0.00076,2945,0.01437,False,rheumatoid_arthritis
SLC34A3,3112,0.00075,2965,0.01416,False,rheumatoid_arthritis
CKS1B,3113,0.00075,2173,0.02229,False,rheumatoid_arthritis
CYP51A1,3114,0.00075,2700,0.01667,False,rheumatoid_arthritis
CHAT,3115,0.00075,5008,0.00545,False,rheumatoid_arthritis
AGPAT5,3116,0.00075,2968,0.01414,False,rheumatoid_arthritis
EIF6,3117,0.00075,2439,0.01937,False,rheumatoid_arthritis
DMAP1,3118,0.00075,2420,0.01947,False,rheumatoid_arthritis
GAK,3119,0.00075,2885,0.01505,False,rheumatoid_arthritis
SCD5,3120,0.00075,2724,0.01645,False,rheumatoid_arthritis
SLC34A1,3121,0.00075,2930,0.01456,False,rheumatoid_arthritis
SLC6A2,3122,0.00075,4757,0.00613,False,rheumatoid_arthritis
GPD1,3123,0.00075,2931,0.01453,False,rheumatoid_arthritis
MSL3,3124,0.00075,2451,0.01921,False,rheumatoid_arthritis
SLC29A4,3125,0.00075,4297,0.00731,False,rheumatoid_arthritis
NR4A2,3126,0.00075,4815,0.006,False,rheumatoid_arthritis
AP3S2,3127,0.00075,2145,0.02253,False,rheumatoid_arthritis
ITGA9,3128,0.00075,1922,0.02575,False,rheumatoid_arthritis
SYN3,3129,0.00075,5025,0.00541,False,rheumatoid_arthritis
ACTL6A,3130,0.00075,2436,0.01939,False,rheumatoid_arthritis
GPD1L,3131,0.00075,2989,0.01391,False,rheumatoid_arthritis
FGF23,3132,0.00075,2843,0.01558,False,rheumatoid_arthritis
SNRNP70,3133,0.00075,1968,0.0249,False,rheumatoid_arthritis
HSD17B7,3134,0.00075,2684,0.01689,False,rheumatoid_arthritis
KCNC1,3135,0.00075,568,0.15909,False,rheumatoid_arthritis
LCLAT1,3136,0.00075,2952,0.0143,False,rheumatoid_arthritis
GPAT2,3137,0.00075,2953,0.01429,False,rheumatoid_arthritis
GNA15,3138,0.00075,1602,0.03131,False,rheumatoid_arthritis
MORF4L1,3139,0.00075,2418,0.0195,False,rheumatoid_arthritis
GPAT3,3140,0.00075,2957,0.01425,False,rheumatoid_arthritis
SLC17A6,3141,0.00075,4186,0.00758,False,rheumatoid_arthritis
SLC17A8,3142,0.00075,4211,0.00751,False,rheumatoid_arthritis
FTSJ3,3143,0.00075,2414,0.01955,False,rheumatoid_arthritis
SLC18A1,3144,0.00075,4383,0.00703,False,rheumatoid_arthritis
GPAT4,3145,0.00075,2979,0.01406,False,rheumatoid_arthritis
GNL2,3146,0.00075,2383,0.01983,False,rheumatoid_arthritis
RRP12,3147,0.00074,3037,0.01323,False,rheumatoid_arthritis
ROR2,3148,0.00074,241,0.30565,False,rheumatoid_arthritis
FKBP10,3149,0.00074,2621,0.01751,False,rheumatoid_arthritis
RPS14,3150,0.00074,1599,0.03147,False,rheumatoid_arthritis
RRP1B,3151,0.00074,2495,0.01874,False,rheumatoid_arthritis
MVD,3152,0.00074,2709,0.01659,False,rheumatoid_arthritis
FYN,3153,0.00074,839,0.07328,False,rheumatoid_arthritis
FKBP6,3154,0.00074,2607,0.01764,False,rheumatoid_arthritis
SF3B2,3155,0.00074,2308,0.02067,False,rheumatoid_arthritis
XPOT,3156,0.00074,2161,0.02241,False,rheumatoid_arthritis
FBN2,3157,0.00074,495,0.19278,False,rheumatoid_arthritis
AP4M1,3158,0.00074,1259,0.0411,False,rheumatoid_arthritis
CLIP2,3159,0.00074,2500,0.01871,False,rheumatoid_arthritis
PDHX,3160,0.00074,2566,0.01795,False,rheumatoid_arthritis
GRIA4,3161,0.00074,3179,0.01216,False,rheumatoid_arthritis
GRIN3B,3162,0.00074,1250,0.04139,False,rheumatoid_arthritis
WDR74,3163,0.00074,2428,0.01944,False,rheumatoid_arthritis
CCAR2,3164,0.00074,2815,0.01576,False,rheumatoid_arthritis
B4GALNT3,3165,0.00074,4848,0.00594,False,rheumatoid_arthritis
AP1B1,3166,0.00074,2355,0.02019,False,rheumatoid_arthritis
B3GAT1,3167,0.00074,4867,0.0059,False,rheumatoid_arthritis
GYS1,3168,0.00074,2459,0.01913,False,rheumatoid_arthritis
LSS,3169,0.00074,2780,0.01605,False,rheumatoid_arthritis
CDC45,3170,0.00074,2646,0.01717,False,rheumatoid_arthritis
PDK3,3171,0.00074,2656,0.01711,False,rheumatoid_arthritis
PDHA2,3172,0.00074,2570,0.01794,False,rheumatoid_arthritis
DBT,3173,0.00074,2613,0.01756,False,rheumatoid_arthritis
AP5M1,3174,0.00074,2471,0.01897,False,rheumatoid_arthritis
PDHA1,3175,0.00074,2568,0.01795,False,rheumatoid_arthritis
ST6GAL2,3176,0.00074,4706,0.00623,False,rheumatoid_arthritis
SUCLG1,3177,0.00074,2555,0.01809,False,rheumatoid_arthritis
MCM9,3178,0.00074,2715,0.01649,False,rheumatoid_arthritis
MCM6,3179,0.00074,2648,0.01716,False,rheumatoid_arthritis
MCM5,3180,0.00074,2650,0.01715,False,rheumatoid_arthritis
MCM4,3181,0.00074,2647,0.01717,False,rheumatoid_arthritis
MCM3,3182,0.00074,2645,0.01717,False,rheumatoid_arthritis
MCM2,3183,0.00074,2652,0.01714,False,rheumatoid_arthritis
UQCRH,3184,0.00074,3052,0.01312,False,rheumatoid_arthritis
GRIA3,3185,0.00074,3277,0.01151,False,rheumatoid_arthritis
B3GAT2,3186,0.00074,4850,0.00593,False,rheumatoid_arthritis
GPR55,3187,0.00074,2789,0.01601,False,rheumatoid_arthritis
BRCA1,3188,0.00074,570,0.15875,False,rheumatoid_arthritis
DLG3,3189,0.00074,1008,0.05412,False,rheumatoid_arthritis
POLR2E,3190,0.00074,2711,0.01656,False,rheumatoid_arthritis
LALBA,3191,0.00074,4843,0.00595,False,rheumatoid_arthritis
LAMTOR1,3192,0.00074,2462,0.01909,False,rheumatoid_arthritis
DLST,3193,0.00074,2595,0.01772,False,rheumatoid_arthritis
PIK3CG,3194,0.00074,2128,0.02286,False,rheumatoid_arthritis
BCKDHA,3195,0.00074,2567,0.01795,False,rheumatoid_arthritis
GINS4,3196,0.00074,2689,0.01681,False,rheumatoid_arthritis
GINS1,3197,0.00074,2685,0.01687,False,rheumatoid_arthritis
TNPO1,3198,0.00074,1261,0.04107,False,rheumatoid_arthritis
CACNG2,3199,0.00074,3202,0.01193,False,rheumatoid_arthritis
PMVK,3200,0.00074,2929,0.01457,False,rheumatoid_arthritis
CACNG3,3201,0.00074,3306,0.01132,False,rheumatoid_arthritis
CACNG4,3202,0.00074,3330,0.01111,False,rheumatoid_arthritis
A4GALT,3203,0.00074,4849,0.00594,False,rheumatoid_arthritis
OGDH,3204,0.00074,2627,0.01746,False,rheumatoid_arthritis
POLR2K,3205,0.00074,2741,0.01631,False,rheumatoid_arthritis
IFNA21,3206,0.00073,4991,0.0055,False,rheumatoid_arthritis
ATN1,3207,0.00073,4895,0.00578,False,rheumatoid_arthritis
IFNA6,3208,0.00073,4984,0.00552,False,rheumatoid_arthritis
IFNA16,3209,0.00073,4990,0.0055,False,rheumatoid_arthritis
IFNA14,3210,0.00073,4955,0.00559,False,rheumatoid_arthritis
POLR2C,3211,0.00073,2761,0.01612,False,rheumatoid_arthritis
IFNA4,3212,0.00073,4939,0.00564,False,rheumatoid_arthritis
POLR2G,3213,0.00073,2808,0.01583,False,rheumatoid_arthritis
TCEA1,3214,0.00073,2803,0.01587,False,rheumatoid_arthritis
IFNA7,3215,0.00073,4992,0.0055,False,rheumatoid_arthritis
POLR2L,3216,0.00073,2844,0.01554,False,rheumatoid_arthritis
NECAP2,3217,0.00073,2382,0.01985,False,rheumatoid_arthritis
IGF1R,3218,0.00073,1533,0.03366,False,rheumatoid_arthritis
PQBP1,3219,0.00073,4558,0.00657,False,rheumatoid_arthritis
CIC,3220,0.00073,4382,0.00703,False,rheumatoid_arthritis
SF3B5,3221,0.00073,2390,0.01977,False,rheumatoid_arthritis
LSM3,3222,0.00073,2482,0.01888,False,rheumatoid_arthritis
UBQLN4,3223,0.00073,4403,0.00699,False,rheumatoid_arthritis
NOC2L,3224,0.00073,2406,0.0196,False,rheumatoid_arthritis
CCNE2,3225,0.00073,1295,0.03973,False,rheumatoid_arthritis
CCNE1,3226,0.00073,1288,0.04,False,rheumatoid_arthritis
IFNA10,3227,0.00073,4956,0.00559,False,rheumatoid_arthritis
PI4K2A,3228,0.00073,2229,0.02175,False,rheumatoid_arthritis
ITSN1,3229,0.00073,2348,0.0203,False,rheumatoid_arthritis
IFNA13,3230,0.00073,4962,0.00558,False,rheumatoid_arthritis
SMG5,3231,0.00073,1885,0.02628,False,rheumatoid_arthritis
RPL32,3232,0.00073,3036,0.01326,False,rheumatoid_arthritis
SSRP1,3233,0.00073,2750,0.01622,False,rheumatoid_arthritis
GAB2,3234,0.00073,2998,0.01366,False,rheumatoid_arthritis
MKI67,3235,0.00073,2900,0.01487,False,rheumatoid_arthritis
RPL18A,3236,0.00073,3033,0.01328,False,rheumatoid_arthritis
GNPAT,3237,0.00073,1552,0.03315,False,rheumatoid_arthritis
RBPJL,3238,0.00073,4740,0.00615,False,rheumatoid_arthritis
RBFOX2,3239,0.00073,4712,0.00622,False,rheumatoid_arthritis
RPF1,3240,0.00073,2398,0.01971,False,rheumatoid_arthritis
DZIP3,3241,0.00073,5078,0.00528,False,rheumatoid_arthritis
CYP19A1,3242,0.00073,2481,0.01888,False,rheumatoid_arthritis
SUPT16H,3243,0.00073,2739,0.01633,False,rheumatoid_arthritis
PUM2,3244,0.00073,4664,0.0063,False,rheumatoid_arthritis
NUP54,3245,0.00072,2586,0.0178,False,rheumatoid_arthritis
GTSE1,3246,0.00072,4750,0.00614,False,rheumatoid_arthritis
PTX3,3247,0.00072,2412,0.01956,False,rheumatoid_arthritis
FBXO43,3248,0.00072,4710,0.00622,False,rheumatoid_arthritis
CCNL2,3249,0.00072,929,0.06218,False,rheumatoid_arthritis
EPHX2,3250,0.00072,5236,0.00459,False,rheumatoid_arthritis
NUP62,3251,0.00072,2589,0.0178,False,rheumatoid_arthritis
NUP58,3252,0.00072,2590,0.01775,False,rheumatoid_arthritis
ABO,3253,0.00072,4902,0.00575,False,rheumatoid_arthritis
NUP35,3254,0.00072,2584,0.01781,False,rheumatoid_arthritis
NUP214,3255,0.00072,1363,0.03767,False,rheumatoid_arthritis
NUP210,3256,0.00072,2593,0.01774,False,rheumatoid_arthritis
ERCC6L,3257,0.00072,4678,0.00627,False,rheumatoid_arthritis
SETBP1,3258,0.00072,5262,0.00449,False,rheumatoid_arthritis
BUD23,3259,0.00072,3549,0.00971,False,rheumatoid_arthritis
NUP188,3260,0.00072,2581,0.01784,False,rheumatoid_arthritis
SNRPA,3261,0.00072,2397,0.01972,False,rheumatoid_arthritis
SEC24C,3262,0.00072,3091,0.01286,False,rheumatoid_arthritis
SEC22B,3263,0.00072,2817,0.01575,False,rheumatoid_arthritis
PLCE1,3264,0.00072,3034,0.01328,False,rheumatoid_arthritis
AAAS,3265,0.00072,2620,0.01751,False,rheumatoid_arthritis
SREBF2,3266,0.00072,1461,0.03532,False,rheumatoid_arthritis
EXOC6,3267,0.00072,4808,0.00602,False,rheumatoid_arthritis
RPL5,3268,0.00072,991,0.05568,False,rheumatoid_arthritis
LSM5,3269,0.00072,2504,0.01868,False,rheumatoid_arthritis
CENPU,3270,0.00072,4688,0.00625,False,rheumatoid_arthritis
TMED3,3271,0.00072,2855,0.0154,False,rheumatoid_arthritis
AP3B2,3272,0.00072,2986,0.01395,False,rheumatoid_arthritis
LSM8,3273,0.00072,2505,0.01868,False,rheumatoid_arthritis
HMGA1,3274,0.00072,2628,0.01745,False,rheumatoid_arthritis
INCENP,3275,0.00072,2710,0.01657,False,rheumatoid_arthritis
AP3M1,3276,0.00072,2906,0.0148,False,rheumatoid_arthritis
UTP15,3277,0.00072,2971,0.01411,False,rheumatoid_arthritis
AP3M2,3278,0.00072,2911,0.01475,False,rheumatoid_arthritis
VPS26A,3279,0.00072,2131,0.02285,False,rheumatoid_arthritis
CKS2,3280,0.00072,3055,0.01309,False,rheumatoid_arthritis
NDC1,3281,0.00072,2604,0.01766,False,rheumatoid_arthritis
NOL10,3282,0.00072,2973,0.01411,False,rheumatoid_arthritis
TBL3,3283,0.00072,2972,0.01411,False,rheumatoid_arthritis
LSM4,3284,0.00072,2506,0.01868,False,rheumatoid_arthritis
LSM2,3285,0.00072,2507,0.01868,False,rheumatoid_arthritis
KCNJ6,3286,0.00071,2947,0.01435,False,rheumatoid_arthritis
KCNE5,3287,0.00071,3542,0.00973,False,rheumatoid_arthritis
KCNJ9,3288,0.00071,2976,0.01409,False,rheumatoid_arthritis
MFAP1,3289,0.00071,3182,0.01212,False,rheumatoid_arthritis
AP3S1,3290,0.00071,1624,0.03063,False,rheumatoid_arthritis
AP4S1,3291,0.00071,1752,0.02806,False,rheumatoid_arthritis
SMG6,3292,0.00071,1398,0.03674,False,rheumatoid_arthritis
SF3B4,3293,0.00071,3080,0.01295,False,rheumatoid_arthritis
NSA2,3294,0.00071,3227,0.0118,False,rheumatoid_arthritis
ZNF593,3295,0.00071,3328,0.01111,False,rheumatoid_arthritis
NOP14,3296,0.00071,2949,0.01433,False,rheumatoid_arthritis
TSGA13,3297,0.00071,3497,0.00997,False,rheumatoid_arthritis
EPN3,3298,0.00071,3010,0.01349,False,rheumatoid_arthritis
RPS23,3299,0.00071,3316,0.01126,False,rheumatoid_arthritis
DTNBP1,3300,0.00071,1338,0.03825,False,rheumatoid_arthritis
ITGA2,3301,0.00071,1519,0.03413,False,rheumatoid_arthritis
ITGA3,3302,0.00071,1501,0.03456,False,rheumatoid_arthritis
CYP21A2,3303,0.00071,2854,0.01541,False,rheumatoid_arthritis
GSC,3304,0.00071,2905,0.01481,False,rheumatoid_arthritis
GALC,3305,0.00071,1612,0.03103,False,rheumatoid_arthritis
CASR,3306,0.00071,3086,0.01292,False,rheumatoid_arthritis
ZW10,3307,0.00071,3449,0.01022,False,rheumatoid_arthritis
CACNG6,3308,0.00071,5324,0.00425,False,rheumatoid_arthritis
GPR156,3309,0.00071,2985,0.01396,False,rheumatoid_arthritis
RSL1D1,3310,0.00071,3231,0.01177,False,rheumatoid_arthritis
DGKI,3311,0.00071,4820,0.006,False,rheumatoid_arthritis
EPN2,3312,0.00071,3005,0.01356,False,rheumatoid_arthritis
NUP88,3313,0.00071,1803,0.02731,False,rheumatoid_arthritis
TRNT1,3314,0.0007,5333,0.0042,False,rheumatoid_arthritis
NFE2,3315,0.0007,4640,0.00634,False,rheumatoid_arthritis
WWOX,3316,0.0007,1778,0.02765,False,rheumatoid_arthritis
PRPF4,3317,0.0007,3318,0.0112,False,rheumatoid_arthritis
NFE2L3,3318,0.0007,4931,0.00565,False,rheumatoid_arthritis
SNRNP200,3319,0.0007,1771,0.0277,False,rheumatoid_arthritis
XAB2,3320,0.0007,3216,0.01184,False,rheumatoid_arthritis
PDIA4,3321,0.0007,2287,0.02098,False,rheumatoid_arthritis
PIP5KL1,3322,0.0007,3079,0.01296,False,rheumatoid_arthritis
RPS9,3323,0.0007,1990,0.02441,False,rheumatoid_arthritis
PIP5K1B,3324,0.0007,3083,0.01293,False,rheumatoid_arthritis
PDZK1,3325,0.0007,4985,0.00552,False,rheumatoid_arthritis
OCRL,3326,0.0007,2997,0.01368,False,rheumatoid_arthritis
RRP7A,3327,0.0007,2897,0.01491,False,rheumatoid_arthritis
PRPF31,3328,0.0007,3317,0.0112,False,rheumatoid_arthritis
SYF2,3329,0.0007,3208,0.0119,False,rheumatoid_arthritis
LGI1,3330,0.0007,3332,0.01109,False,rheumatoid_arthritis
APOA1,3331,0.0007,4833,0.00597,False,rheumatoid_arthritis
BOP1,3332,0.0007,1789,0.02747,False,rheumatoid_arthritis
CNTNAP2,3333,0.0007,3149,0.0123,False,rheumatoid_arthritis
AP1M1,3334,0.0007,3193,0.012,False,rheumatoid_arthritis
CLDN7,3335,0.0007,5119,0.00512,False,rheumatoid_arthritis
CANX,3336,0.0007,2216,0.02194,False,rheumatoid_arthritis
ACTG1,3337,0.0007,2982,0.01401,False,rheumatoid_arthritis
CLDN1,3338,0.0007,5010,0.00545,False,rheumatoid_arthritis
FABP1,3339,0.0007,5162,0.00499,False,rheumatoid_arthritis
EBNA1BP2,3340,0.0007,1791,0.02746,False,rheumatoid_arthritis
GADD45A,3341,0.0007,2951,0.01431,False,rheumatoid_arthritis
FIP1L1,3342,0.0007,2404,0.01962,False,rheumatoid_arthritis
CFP,3343,0.0007,2614,0.01754,False,rheumatoid_arthritis
NEIL1,3344,0.0007,4814,0.006,False,rheumatoid_arthritis
GOLPH3,3345,0.0007,3377,0.01069,False,rheumatoid_arthritis
APOB,3346,0.0007,4844,0.00595,False,rheumatoid_arthritis
BACH1,3347,0.0007,5052,0.00533,False,rheumatoid_arthritis
AAK1,3348,0.0007,3241,0.01168,False,rheumatoid_arthritis
CNTN2,3349,0.0007,3244,0.01166,False,rheumatoid_arthritis
KNG1,3350,0.00069,3075,0.013,False,rheumatoid_arthritis
TBC1D14,3351,0.00069,3059,0.01307,False,rheumatoid_arthritis
PRPF6,3352,0.00069,1773,0.02769,False,rheumatoid_arthritis
LARS1,3353,0.00069,3958,0.00816,False,rheumatoid_arthritis
NUP107,3354,0.00069,1839,0.02677,False,rheumatoid_arthritis
CKAP5,3355,0.00069,2140,0.02263,False,rheumatoid_arthritis
NUP133,3356,0.00069,1842,0.02676,False,rheumatoid_arthritis
RRP1,3357,0.00069,3335,0.01104,False,rheumatoid_arthritis
TACC3,3358,0.00069,2357,0.02018,False,rheumatoid_arthritis
NUP43,3359,0.00069,1847,0.02673,False,rheumatoid_arthritis
ITGA6,3360,0.00069,1416,0.03625,False,rheumatoid_arthritis
NARS1,3361,0.00069,4270,0.00737,False,rheumatoid_arthritis
NAT10,3362,0.00069,4053,0.00791,False,rheumatoid_arthritis
ITGAV,3363,0.00069,1146,0.04513,False,rheumatoid_arthritis
ARFRP1,3364,0.00069,4994,0.00549,False,rheumatoid_arthritis
ITGA1,3365,0.00069,1134,0.04551,False,rheumatoid_arthritis
RRS1,3366,0.00069,3315,0.01126,False,rheumatoid_arthritis
FCHO2,3367,0.00069,3180,0.01213,False,rheumatoid_arthritis
KARS1,3368,0.00069,4505,0.00668,False,rheumatoid_arthritis
VPS45,3369,0.00069,4978,0.00553,False,rheumatoid_arthritis
STAR,3370,0.00069,2475,0.01895,False,rheumatoid_arthritis
NOP56,3371,0.00069,4055,0.00791,False,rheumatoid_arthritis
VPS51,3372,0.00069,4486,0.00673,False,rheumatoid_arthritis
SURF6,3373,0.00069,3314,0.01127,False,rheumatoid_arthritis
VSIG2,3374,0.00069,4892,0.00579,False,rheumatoid_arthritis
NUP37,3375,0.00069,1858,0.02664,False,rheumatoid_arthritis
TRAPPC9,3376,0.00069,2814,0.01577,False,rheumatoid_arthritis
AHCTF1,3377,0.00069,1857,0.02664,False,rheumatoid_arthritis
RAB1A,3378,0.00069,1064,0.04948,False,rheumatoid_arthritis
TRAPPC1,3379,0.00069,2777,0.01606,False,rheumatoid_arthritis
TRAPPC10,3380,0.00069,2819,0.01573,False,rheumatoid_arthritis
ACBD3,3381,0.00069,2697,0.01673,False,rheumatoid_arthritis
TRAPPC12,3382,0.00069,2779,0.01605,False,rheumatoid_arthritis
TRAPPC13,3383,0.00069,2793,0.01596,False,rheumatoid_arthritis
TRAPPC2,3384,0.00069,2775,0.01607,False,rheumatoid_arthritis
TRAPPC2B,3385,0.00069,2865,0.01531,False,rheumatoid_arthritis
TRAPPC2L,3386,0.00069,2774,0.01608,False,rheumatoid_arthritis
TRAPPC3,3387,0.00069,2781,0.01604,False,rheumatoid_arthritis
TRAPPC3L,3388,0.00069,2861,0.01534,False,rheumatoid_arthritis
TRAPPC4,3389,0.00069,2784,0.01603,False,rheumatoid_arthritis
TRAPPC6A,3390,0.00069,2809,0.01583,False,rheumatoid_arthritis
TRAPPC6B,3391,0.00069,2778,0.01605,False,rheumatoid_arthritis
BRIX1,3392,0.00069,1783,0.02761,False,rheumatoid_arthritis
TRAPPC8,3393,0.00069,2769,0.01609,False,rheumatoid_arthritis
NGDN,3394,0.00069,2901,0.01487,False,rheumatoid_arthritis
RAB1B,3395,0.00069,1903,0.026,False,rheumatoid_arthritis
NUP155,3396,0.00069,1846,0.02673,False,rheumatoid_arthritis
SARS1,3397,0.00069,4488,0.00671,False,rheumatoid_arthritis
NUP85,3398,0.00069,1841,0.02677,False,rheumatoid_arthritis
GOLIM4,3399,0.00069,5001,0.00547,False,rheumatoid_arthritis
CALM3,3400,0.00069,494,0.19362,False,rheumatoid_arthritis
SEH1L,3401,0.00069,1840,0.02677,False,rheumatoid_arthritis
MAK16,3402,0.00069,1767,0.02781,False,rheumatoid_arthritis
YKT6,3403,0.00069,4893,0.00579,False,rheumatoid_arthritis
MAP11,3404,0.00069,2988,0.01392,False,rheumatoid_arthritis
SARS2,3405,0.00069,4510,0.00668,False,rheumatoid_arthritis
MS4A4A,3406,0.00068,3369,0.01076,False,rheumatoid_arthritis
JDP2,3407,0.00068,5200,0.0048,False,rheumatoid_arthritis
ITGB6,3408,0.00068,2908,0.01478,False,rheumatoid_arthritis
UHRF1,3409,0.00068,4140,0.00769,False,rheumatoid_arthritis
CFHR1,3410,0.00068,2626,0.01749,False,rheumatoid_arthritis
MAGOHB,3411,0.00068,4226,0.00748,False,rheumatoid_arthritis
GRIA1,3412,0.00068,932,0.06172,False,rheumatoid_arthritis
MLLT10,3413,0.00068,4394,0.00701,False,rheumatoid_arthritis
KDELR2,3414,0.00068,3554,0.00969,False,rheumatoid_arthritis
RCC1,3415,0.00068,2954,0.01429,False,rheumatoid_arthritis
RPS6,3416,0.00068,1019,0.05334,False,rheumatoid_arthritis
CLCF1,3417,0.00068,5083,0.00524,False,rheumatoid_arthritis
BUD31,3418,0.00068,1797,0.02736,False,rheumatoid_arthritis
COLEC11,3419,0.00068,2565,0.01796,False,rheumatoid_arthritis
COL17A1,3420,0.00068,1742,0.02826,False,rheumatoid_arthritis
RPL23A,3421,0.00068,748,0.09055,False,rheumatoid_arthritis
RNPS1,3422,0.00068,4312,0.00724,False,rheumatoid_arthritis
PIK3C2A,3423,0.00068,2466,0.01903,False,rheumatoid_arthritis
C4BPA,3424,0.00068,3240,0.01168,False,rheumatoid_arthritis
C4BPB,3425,0.00068,3249,0.01164,False,rheumatoid_arthritis
KDELR1,3426,0.00068,3505,0.00993,False,rheumatoid_arthritis
SETDB1,3427,0.00068,2545,0.01823,False,rheumatoid_arthritis
CD151,3428,0.00068,1765,0.02783,False,rheumatoid_arthritis
VSIG4,3429,0.00068,3044,0.01316,False,rheumatoid_arthritis
SRRM1,3430,0.00068,4292,0.00731,False,rheumatoid_arthritis
ICE2,3431,0.00068,4609,0.00644,False,rheumatoid_arthritis
PROCR,3432,0.00068,2791,0.01599,False,rheumatoid_arthritis
DOT1L,3433,0.00068,4490,0.0067,False,rheumatoid_arthritis
DNMT3L,3434,0.00068,4016,0.00801,False,rheumatoid_arthritis
FCN2,3435,0.00068,2676,0.01695,False,rheumatoid_arthritis
SNRPB2,3436,0.00068,1729,0.0286,False,rheumatoid_arthritis
EAF2,3437,0.00068,4619,0.0064,False,rheumatoid_arthritis
DHX38,3438,0.00068,4351,0.00713,False,rheumatoid_arthritis
SRRT,3439,0.00068,4249,0.00742,False,rheumatoid_arthritis
NELFE,3440,0.00068,4612,0.00644,False,rheumatoid_arthritis
ELOA,3441,0.00068,4633,0.00637,False,rheumatoid_arthritis
DPP6,3442,0.00067,2373,0.01998,False,rheumatoid_arthritis
LSM7,3443,0.00067,1871,0.02653,False,rheumatoid_arthritis
AP1S1,3444,0.00067,1819,0.02703,False,rheumatoid_arthritis
FOXO4,3445,0.00067,5060,0.00532,False,rheumatoid_arthritis
KCNJ8,3446,0.00067,3599,0.00945,False,rheumatoid_arthritis
ACADM,3447,0.00067,5381,0.00393,False,rheumatoid_arthritis
RASA1,3448,0.00067,2851,0.01545,False,rheumatoid_arthritis
DPP10,3449,0.00067,2391,0.01975,False,rheumatoid_arthritis
CD46,3450,0.00067,2517,0.01856,False,rheumatoid_arthritis
AFTPH,3451,0.00067,3359,0.01082,False,rheumatoid_arthritis
RALGDS,3452,0.00067,4500,0.00669,False,rheumatoid_arthritis
PGF,3453,0.00067,2575,0.0179,False,rheumatoid_arthritis
CD55,3454,0.00067,2423,0.01947,False,rheumatoid_arthritis
DIPK2A,3455,0.00067,1959,0.02503,False,rheumatoid_arthritis
CDC40,3456,0.00067,1805,0.0272,False,rheumatoid_arthritis
SGIP1,3457,0.00067,3356,0.01087,False,rheumatoid_arthritis
WDR75,3458,0.00067,2289,0.02095,False,rheumatoid_arthritis
PWP2,3459,0.00067,3980,0.0081,False,rheumatoid_arthritis
CCNB2,3460,0.00067,993,0.05562,False,rheumatoid_arthritis
C3AR1,3461,0.00067,1485,0.03495,False,rheumatoid_arthritis
UTP4,3462,0.00067,2328,0.02049,False,rheumatoid_arthritis
RUNDC3A,3463,0.00067,4982,0.00552,False,rheumatoid_arthritis
CRNKL1,3464,0.00067,1810,0.02714,False,rheumatoid_arthritis
PIAS3,3465,0.00067,4974,0.00554,False,rheumatoid_arthritis
SNRPB,3466,0.00067,1782,0.02762,False,rheumatoid_arthritis
PDCD11,3467,0.00067,2322,0.02052,False,rheumatoid_arthritis
UTP14A,3468,0.00067,2919,0.0147,False,rheumatoid_arthritis
FASN,3469,0.00066,1278,0.0404,False,rheumatoid_arthritis
ESRRG,3470,0.00066,4938,0.00564,False,rheumatoid_arthritis
FCN1,3471,0.00066,3504,0.00994,False,rheumatoid_arthritis
WDR43,3472,0.00066,2330,0.02048,False,rheumatoid_arthritis
PIP4K2B,3473,0.00066,2386,0.01982,False,rheumatoid_arthritis
NCKAP1,3474,0.00066,5359,0.00409,False,rheumatoid_arthritis
BLOC1S3,3475,0.00066,2681,0.01692,False,rheumatoid_arthritis
HPS4,3476,0.00066,2847,0.01552,False,rheumatoid_arthritis
IPO9,3477,0.00066,2991,0.01385,False,rheumatoid_arthritis
PLA2G4F,3478,0.00066,5264,0.00446,False,rheumatoid_arthritis
TLE3,3479,0.00066,5071,0.0053,False,rheumatoid_arthritis
BLOC1S6,3480,0.00066,2712,0.01653,False,rheumatoid_arthritis
CDC6,3481,0.00066,1822,0.02697,False,rheumatoid_arthritis
ESRRA,3482,0.00066,5046,0.00535,False,rheumatoid_arthritis
PELI2,3483,0.00066,4950,0.00559,False,rheumatoid_arthritis
PELI3,3484,0.00066,4946,0.0056,False,rheumatoid_arthritis
HPS6,3485,0.00066,2869,0.01528,False,rheumatoid_arthritis
NOP58,3486,0.00066,2277,0.02114,False,rheumatoid_arthritis
ARMS2,3487,0.00066,3331,0.01109,False,rheumatoid_arthritis
CFHR3,3488,0.00066,3405,0.01056,False,rheumatoid_arthritis
KCNJ3,3489,0.00066,1508,0.03434,False,rheumatoid_arthritis
PLA2G12A,3490,0.00066,5274,0.00444,False,rheumatoid_arthritis
LCOR,3491,0.00066,5131,0.00508,False,rheumatoid_arthritis
ABI2,3492,0.00066,5338,0.00418,False,rheumatoid_arthritis
PLA1A,3493,0.00066,4646,0.00633,False,rheumatoid_arthritis
ABI1,3494,0.00066,5252,0.00452,False,rheumatoid_arthritis
FCN3,3495,0.00066,3518,0.00984,False,rheumatoid_arthritis
NR2C1,3496,0.00066,4863,0.00591,False,rheumatoid_arthritis
PELI1,3497,0.00066,4947,0.0056,False,rheumatoid_arthritis
THRA,3498,0.00066,5150,0.00503,False,rheumatoid_arthritis
TIAM1,3499,0.00065,4790,0.00606,False,rheumatoid_arthritis
UBE2E2,3500,0.00065,4603,0.00646,False,rheumatoid_arthritis
AR,3501,0.00065,2765,0.01611,False,rheumatoid_arthritis
NUP98,3502,0.00065,1248,0.04148,False,rheumatoid_arthritis
SELE,3503,0.00065,4756,0.00613,False,rheumatoid_arthritis
MAN2A1,3504,0.00065,2302,0.02077,False,rheumatoid_arthritis
SLC7A11,3505,0.00065,4769,0.0061,False,rheumatoid_arthritis
RHOT1,3506,0.00065,4597,0.00649,False,rheumatoid_arthritis
RHOT2,3507,0.00065,4587,0.00651,False,rheumatoid_arthritis
MAPRE1,3508,0.00065,2587,0.0178,False,rheumatoid_arthritis
SEC16A,3509,0.00065,3140,0.0124,False,rheumatoid_arthritis
RIPK4,3510,0.00065,5123,0.00511,False,rheumatoid_arthritis
MARCKS,3511,0.00065,5117,0.00513,False,rheumatoid_arthritis
HPCA,3512,0.00065,3578,0.00955,False,rheumatoid_arthritis
TRIM8,3513,0.00065,5186,0.00484,False,rheumatoid_arthritis
ELOB,3514,0.00065,5093,0.00521,False,rheumatoid_arthritis
CUL2,3515,0.00065,5114,0.00514,False,rheumatoid_arthritis
RCL1,3516,0.00065,2307,0.02067,False,rheumatoid_arthritis
ARSA,3517,0.00065,2534,0.01839,False,rheumatoid_arthritis
SAMD1,3518,0.00065,3555,0.00969,False,rheumatoid_arthritis
VCAN,3519,0.00065,4760,0.00612,False,rheumatoid_arthritis
DCAF5,3520,0.00065,3728,0.00894,False,rheumatoid_arthritis
SEPTIN5,3521,0.00065,4559,0.00657,False,rheumatoid_arthritis
NCOA3,3522,0.00065,894,0.06594,False,rheumatoid_arthritis
IQGAP1,3523,0.00065,4796,0.00605,False,rheumatoid_arthritis
ARF3,3524,0.00065,2655,0.01713,False,rheumatoid_arthritis
COMMD1,3525,0.00065,5171,0.00492,False,rheumatoid_arthritis
UBE2L6,3526,0.00065,4540,0.00662,False,rheumatoid_arthritis
CUL5,3527,0.00065,5140,0.00506,False,rheumatoid_arthritis
BUB1,3528,0.00065,982,0.05627,False,rheumatoid_arthritis
SNCAIP,3529,0.00065,4533,0.00664,False,rheumatoid_arthritis
CYC1,3530,0.00065,1227,0.04235,False,rheumatoid_arthritis
CC2D2A,3531,0.00064,3548,0.00971,False,rheumatoid_arthritis
NCS1,3532,0.00064,1743,0.02826,False,rheumatoid_arthritis
TMEM67,3533,0.00064,3558,0.00968,False,rheumatoid_arthritis
B9D1,3534,0.00064,3593,0.00948,False,rheumatoid_arthritis
TMEM231,3535,0.00064,3637,0.00929,False,rheumatoid_arthritis
CPB2,3536,0.00064,5331,0.0042,False,rheumatoid_arthritis
ARL13B,3537,0.00064,3801,0.00871,False,rheumatoid_arthritis
ACSS2,3538,0.00064,4534,0.00664,False,rheumatoid_arthritis
SET,3539,0.00064,5411,0.00371,False,rheumatoid_arthritis
MASP1,3540,0.00064,1943,0.02545,False,rheumatoid_arthritis
NR1I3,3541,0.00064,5192,0.00482,False,rheumatoid_arthritis
ACOT12,3542,0.00064,4739,0.00615,False,rheumatoid_arthritis
SERPING1,3543,0.00064,1664,0.02995,False,rheumatoid_arthritis
CS,3544,0.00064,4722,0.00619,False,rheumatoid_arthritis
MCAT,3545,0.00064,4508,0.00668,False,rheumatoid_arthritis
MLYCD,3546,0.00064,4548,0.0066,False,rheumatoid_arthritis
MKS1,3547,0.00064,3622,0.00935,False,rheumatoid_arthritis
ACSF3,3548,0.00064,4679,0.00627,False,rheumatoid_arthritis
C9,3549,0.00064,5061,0.00532,False,rheumatoid_arthritis
PPP2CA,3550,0.00064,1705,0.02904,False,rheumatoid_arthritis
SCN5A,3551,0.00064,1834,0.02683,False,rheumatoid_arthritis
C8B,3552,0.00064,5064,0.00532,False,rheumatoid_arthritis
KAT6A,3553,0.00064,5022,0.00542,False,rheumatoid_arthritis
C7,3554,0.00064,5062,0.00532,False,rheumatoid_arthritis
TMEM216,3555,0.00064,3571,0.00958,False,rheumatoid_arthritis
C6,3556,0.00064,5059,0.00532,False,rheumatoid_arthritis
OFD1,3557,0.00064,3928,0.00829,False,rheumatoid_arthritis
ACAT2,3558,0.00064,4572,0.00654,False,rheumatoid_arthritis
B9D2,3559,0.00064,3615,0.00938,False,rheumatoid_arthritis
HLCS,3560,0.00064,4567,0.00656,False,rheumatoid_arthritis
ALDH6A1,3561,0.00064,4724,0.00618,False,rheumatoid_arthritis
RPGRIP1L,3562,0.00064,3694,0.00906,False,rheumatoid_arthritis
CFI,3563,0.00064,1780,0.02765,False,rheumatoid_arthritis
SELPLG,3564,0.00064,5079,0.00528,False,rheumatoid_arthritis
SIGMAR1,3565,0.00064,1758,0.02792,False,rheumatoid_arthritis
INVS,3566,0.00064,4171,0.00762,False,rheumatoid_arthritis
NPHP1,3567,0.00064,3557,0.00968,False,rheumatoid_arthritis
TCTN3,3568,0.00064,3632,0.0093,False,rheumatoid_arthritis
TCTN2,3569,0.00064,3627,0.00932,False,rheumatoid_arthritis
TCTN1,3570,0.00064,3587,0.00951,False,rheumatoid_arthritis
SPG7,3571,0.00064,5237,0.00459,False,rheumatoid_arthritis
ATRIP,3572,0.00064,178,0.32955,False,rheumatoid_arthritis
NPHP4,3573,0.00064,3981,0.0081,False,rheumatoid_arthritis
RAB8A,3574,0.00064,3647,0.00926,False,rheumatoid_arthritis
TMEM107,3575,0.00064,4161,0.00764,False,rheumatoid_arthritis
IQCB1,3576,0.00064,4121,0.00774,False,rheumatoid_arthritis
CTSD,3577,0.00064,1565,0.03277,False,rheumatoid_arthritis
FYCO1,3578,0.00064,1772,0.02769,False,rheumatoid_arthritis
TMEM17,3579,0.00064,3915,0.00832,False,rheumatoid_arthritis
ACSS1,3580,0.00064,4582,0.00652,False,rheumatoid_arthritis
HERC6,3581,0.00063,5235,0.00459,False,rheumatoid_arthritis
SFTPD,3582,0.00063,4781,0.00609,False,rheumatoid_arthritis
JAM3,3583,0.00063,2611,0.01758,False,rheumatoid_arthritis
HERC5,3584,0.00063,5161,0.00499,False,rheumatoid_arthritis
ELOVL6,3585,0.00063,1896,0.02609,False,rheumatoid_arthritis
INPPL1,3586,0.00063,4928,0.00566,False,rheumatoid_arthritis
HPX,3587,0.00063,2723,0.01645,False,rheumatoid_arthritis
SCN4B,3588,0.00063,3116,0.01264,False,rheumatoid_arthritis
PES1,3589,0.00063,1458,0.03539,False,rheumatoid_arthritis
INPP5D,3590,0.00063,4878,0.00587,False,rheumatoid_arthritis
LAMA3,3591,0.00063,2934,0.0145,False,rheumatoid_arthritis
PLAT,3592,0.00063,4406,0.00697,False,rheumatoid_arthritis
DNTT,3593,0.00063,5313,0.00429,False,rheumatoid_arthritis
LRP2,3594,0.00063,4564,0.00656,False,rheumatoid_arthritis
LRPAP1,3595,0.00063,4370,0.00706,False,rheumatoid_arthritis
HSPG2,3596,0.00063,5049,0.00534,False,rheumatoid_arthritis
CHRNA4,3597,0.00063,3456,0.01019,False,rheumatoid_arthritis
DCAF13,3598,0.00063,2301,0.02079,False,rheumatoid_arthritis
SCN8A,3599,0.00063,1939,0.02553,False,rheumatoid_arthritis
CMPK2,3600,0.00063,5269,0.00445,False,rheumatoid_arthritis
TAB3,3601,0.00063,4997,0.00548,False,rheumatoid_arthritis
SERPINE1,3602,0.00063,4405,0.00698,False,rheumatoid_arthritis
GTPBP4,3603,0.00063,1452,0.03549,False,rheumatoid_arthritis
KCND3,3604,0.00063,479,0.20209,False,rheumatoid_arthritis
ERCC3,3605,0.00063,2279,0.02113,False,rheumatoid_arthritis
MASP2,3606,0.00063,1781,0.02763,False,rheumatoid_arthritis
ERC1,3607,0.00063,4975,0.00554,False,rheumatoid_arthritis
CDKN2AIP,3608,0.00063,5033,0.00538,False,rheumatoid_arthritis
A2M,3609,0.00063,4367,0.00707,False,rheumatoid_arthritis
BIRC5,3610,0.00063,1153,0.04499,False,rheumatoid_arthritis
APBB1,3611,0.00063,4639,0.00634,False,rheumatoid_arthritis
FGL2,3612,0.00063,5137,0.00507,False,rheumatoid_arthritis
RTP4,3613,0.00063,5218,0.0047,False,rheumatoid_arthritis
FFAR2,3614,0.00063,5295,0.00432,False,rheumatoid_arthritis
FFAR1,3615,0.00063,5271,0.00445,False,rheumatoid_arthritis
USO1,3616,0.00063,3387,0.01063,False,rheumatoid_arthritis
TSC1,3617,0.00063,5007,0.00545,False,rheumatoid_arthritis
ANP32E,3618,0.00063,2361,0.02011,False,rheumatoid_arthritis
DNAJB1,3619,0.00062,4644,0.00633,False,rheumatoid_arthritis
SMG9,3620,0.00062,2753,0.01621,False,rheumatoid_arthritis
DNAJB6,3621,0.00062,4708,0.00623,False,rheumatoid_arthritis
SMG1,3622,0.00062,2707,0.01662,False,rheumatoid_arthritis
HACD2,3623,0.00062,1849,0.02671,False,rheumatoid_arthritis
DNAJA1,3624,0.00062,4656,0.00632,False,rheumatoid_arthritis
PI4KA,3625,0.00062,1726,0.02868,False,rheumatoid_arthritis
PI4K2B,3626,0.00062,1733,0.02845,False,rheumatoid_arthritis
AMFR,3627,0.00062,1977,0.02477,False,rheumatoid_arthritis
EXT2,3628,0.00062,4758,0.00613,False,rheumatoid_arthritis
HACD4,3629,0.00062,1877,0.02648,False,rheumatoid_arthritis
PSTPIP2,3630,0.00062,5031,0.00538,False,rheumatoid_arthritis
PPP1R9B,3631,0.00062,1998,0.02426,False,rheumatoid_arthritis
WFS1,3632,0.00062,5069,0.0053,False,rheumatoid_arthritis
HACD3,3633,0.00062,1867,0.02658,False,rheumatoid_arthritis
DNAJA2,3634,0.00062,4670,0.00628,False,rheumatoid_arthritis
HACD1,3635,0.00062,1865,0.02662,False,rheumatoid_arthritis
BAG1,3636,0.00062,4648,0.00633,False,rheumatoid_arthritis
CCR4,3637,0.00062,5088,0.00521,False,rheumatoid_arthritis
FZD9,3638,0.00062,2194,0.02211,False,rheumatoid_arthritis
GET3,3639,0.00062,4386,0.00703,False,rheumatoid_arthritis
CCR10,3640,0.00062,5164,0.00498,False,rheumatoid_arthritis
GET4,3641,0.00062,4811,0.00602,False,rheumatoid_arthritis
DCP1A,3642,0.00062,3002,0.0136,False,rheumatoid_arthritis
ANKRD9,3643,0.00062,5135,0.00507,False,rheumatoid_arthritis
CTSL,3644,0.00062,2867,0.01529,False,rheumatoid_arthritis
ARF4,3645,0.00062,1967,0.0249,False,rheumatoid_arthritis
LPXN,3646,0.00062,5120,0.00512,False,rheumatoid_arthritis
BAG3,3647,0.00062,4647,0.00633,False,rheumatoid_arthritis
BAG2,3648,0.00062,4645,0.00633,False,rheumatoid_arthritis
TXN2,3649,0.00062,1762,0.02785,False,rheumatoid_arthritis
DGKQ,3650,0.00062,338,0.26561,False,rheumatoid_arthritis
CTPS1,3651,0.00062,5145,0.00505,False,rheumatoid_arthritis
ST13,3652,0.00062,4649,0.00633,False,rheumatoid_arthritis
PTK2B,3653,0.00062,5055,0.00532,False,rheumatoid_arthritis
ONECUT1,3654,0.00062,4941,0.00563,False,rheumatoid_arthritis
ENTPD1,3655,0.00062,5168,0.00494,False,rheumatoid_arthritis
KCNN2,3656,0.00062,2910,0.01475,False,rheumatoid_arthritis
UPF3B,3657,0.00062,2916,0.01471,False,rheumatoid_arthritis
CES3,3658,0.00062,5450,0.00339,False,rheumatoid_arthritis
TGFB1I1,3659,0.00062,5330,0.00421,False,rheumatoid_arthritis
HSPBP1,3660,0.00062,4657,0.00632,False,rheumatoid_arthritis
PNRC2,3661,0.00062,2937,0.01447,False,rheumatoid_arthritis
UPF2,3662,0.00062,2746,0.01626,False,rheumatoid_arthritis
BST2,3663,0.00062,5243,0.00456,False,rheumatoid_arthritis
UGT8,3664,0.00062,2380,0.01989,False,rheumatoid_arthritis
HSPH1,3665,0.00062,4655,0.00632,False,rheumatoid_arthritis
UPF3A,3666,0.00062,2776,0.01607,False,rheumatoid_arthritis
GET1,3667,0.00062,4381,0.00703,False,rheumatoid_arthritis
PKHD1,3668,0.00062,5101,0.00518,False,rheumatoid_arthritis
PIP5K1C,3669,0.00062,1642,0.03018,False,rheumatoid_arthritis
FKBP1A,3670,0.00062,345,0.26341,False,rheumatoid_arthritis
EFTUD2,3671,0.00062,1425,0.03602,False,rheumatoid_arthritis
UBL4A,3672,0.00062,4896,0.00578,False,rheumatoid_arthritis
TECR,3673,0.00062,1853,0.02668,False,rheumatoid_arthritis
AGTRAP,3674,0.00062,4944,0.00561,False,rheumatoid_arthritis
HSPB8,3675,0.00062,4659,0.00631,False,rheumatoid_arthritis
FADS1,3676,0.00062,1830,0.02688,False,rheumatoid_arthritis
HNF1B,3677,0.00062,5019,0.00543,False,rheumatoid_arthritis
ATOH1,3678,0.00061,5158,0.00499,False,rheumatoid_arthritis
SCYL1,3679,0.00061,1503,0.03449,False,rheumatoid_arthritis
OCM2,3680,0.00061,5056,0.00532,False,rheumatoid_arthritis
OCM,3681,0.00061,5166,0.00497,False,rheumatoid_arthritis
UBA1,3682,0.00061,2168,0.02234,False,rheumatoid_arthritis
CD37,3683,0.00061,5413,0.00369,False,rheumatoid_arthritis
ARCN1,3684,0.00061,1403,0.03664,False,rheumatoid_arthritis
SPOP,3685,0.00061,2870,0.01527,False,rheumatoid_arthritis
TMC1,3686,0.00061,3087,0.01291,False,rheumatoid_arthritis
TXN,3687,0.00061,2453,0.0192,False,rheumatoid_arthritis
CLTB,3688,0.00061,1694,0.0292,False,rheumatoid_arthritis
KCTD7,3689,0.00061,2188,0.02215,False,rheumatoid_arthritis
CACNA1G,3690,0.00061,3007,0.01352,False,rheumatoid_arthritis
ICAM2,3691,0.00061,5110,0.00515,False,rheumatoid_arthritis
POU4F3,3692,0.00061,4538,0.00662,False,rheumatoid_arthritis
OTUD5,3693,0.00061,5095,0.0052,False,rheumatoid_arthritis
MYB,3694,0.00061,5148,0.00504,False,rheumatoid_arthritis
TMED10,3695,0.00061,1527,0.03391,False,rheumatoid_arthritis
GNA12,3696,0.00061,980,0.05641,False,rheumatoid_arthritis
NRP1,3697,0.00061,1580,0.03217,False,rheumatoid_arthritis
COPZ2,3698,0.00061,1423,0.03604,False,rheumatoid_arthritis
COPE,3699,0.00061,1406,0.03662,False,rheumatoid_arthritis
CEP70,3700,0.00061,5107,0.00516,False,rheumatoid_arthritis
GNAQ,3701,0.00061,728,0.09609,False,rheumatoid_arthritis
G6PC3,3702,0.00061,5207,0.00475,False,rheumatoid_arthritis
GP1BA,3703,0.00061,5143,0.00505,False,rheumatoid_arthritis
TRAF3IP3,3704,0.00061,5106,0.00517,False,rheumatoid_arthritis
FCER2,3705,0.00061,5122,0.00512,False,rheumatoid_arthritis
TMED7,3706,0.00061,1566,0.03274,False,rheumatoid_arthritis
MSX2,3707,0.0006,484,0.20035,False,rheumatoid_arthritis
LGALS4,3708,0.0006,4937,0.00564,False,rheumatoid_arthritis
ASNS,3709,0.0006,5028,0.00539,False,rheumatoid_arthritis
KPNA3,3710,0.0006,5147,0.00504,False,rheumatoid_arthritis
KPNA2,3711,0.0006,5021,0.00542,False,rheumatoid_arthritis
PPP2R1A,3712,0.0006,2736,0.01634,False,rheumatoid_arthritis
CLTCL1,3713,0.0006,1713,0.02893,False,rheumatoid_arthritis
GSKIP,3714,0.0006,4851,0.00593,False,rheumatoid_arthritis
KPNA1,3715,0.0006,5129,0.00509,False,rheumatoid_arthritis
MED23,3716,0.0006,1688,0.02935,False,rheumatoid_arthritis
PLCD1,3717,0.0006,1929,0.02565,False,rheumatoid_arthritis
ACD,3718,0.0006,4857,0.00592,False,rheumatoid_arthritis
DLG1,3719,0.0006,904,0.0644,False,rheumatoid_arthritis
SCN3B,3720,0.0006,3339,0.01101,False,rheumatoid_arthritis
MAPT,3721,0.0006,4803,0.00604,False,rheumatoid_arthritis
XRCC5,3722,0.0006,4934,0.00565,False,rheumatoid_arthritis
FRAT1,3723,0.0006,4800,0.00604,False,rheumatoid_arthritis
C1QA,3724,0.0006,415,0.22873,False,rheumatoid_arthritis
FRAT2,3725,0.0006,4847,0.00594,False,rheumatoid_arthritis
XRCC6,3726,0.0006,4897,0.00578,False,rheumatoid_arthritis
HSP90AB1,3727,0.0006,540,0.17619,False,rheumatoid_arthritis
PSAT1,3728,0.0006,4423,0.00692,False,rheumatoid_arthritis
TSC2,3729,0.0006,4835,0.00597,False,rheumatoid_arthritis
HIP1R,3730,0.0006,3161,0.01223,False,rheumatoid_arthritis
DPP3,3731,0.00059,4541,0.00661,False,rheumatoid_arthritis
FZD6,3732,0.00059,2222,0.02189,False,rheumatoid_arthritis
HYDIN,3733,0.00059,4744,0.00615,False,rheumatoid_arthritis
GPRIN2,3734,0.00059,4829,0.00597,False,rheumatoid_arthritis
SYNGR3,3735,0.00059,4665,0.0063,False,rheumatoid_arthritis
KLHL3,3736,0.00059,4632,0.00637,False,rheumatoid_arthritis
MIB2,3737,0.00059,5178,0.00487,False,rheumatoid_arthritis
KLHL12,3738,0.00059,4768,0.0061,False,rheumatoid_arthritis
SMAD6,3739,0.00059,4859,0.00592,False,rheumatoid_arthritis
ADRA2A,3740,0.00059,5070,0.0053,False,rheumatoid_arthritis
HMOX1,3741,0.00059,4772,0.0061,False,rheumatoid_arthritis
NEIL2,3742,0.00059,4519,0.00667,False,rheumatoid_arthritis
FLOT1,3743,0.00059,4680,0.00626,False,rheumatoid_arthritis
MSTN,3744,0.00059,4792,0.00606,False,rheumatoid_arthritis
ZMYM2,3745,0.00059,4491,0.0067,False,rheumatoid_arthritis
PIP4K2C,3746,0.00059,2629,0.01744,False,rheumatoid_arthritis
UGT2B17,3747,0.00059,4889,0.0058,False,rheumatoid_arthritis
RNF181,3748,0.00059,5232,0.0046,False,rheumatoid_arthritis
RPS6KB2,3749,0.00059,4714,0.00621,False,rheumatoid_arthritis
PICK1,3750,0.00059,4951,0.00559,False,rheumatoid_arthritis
ACVR2B,3751,0.00059,4789,0.00606,False,rheumatoid_arthritis
GDF11,3752,0.00059,4791,0.00606,False,rheumatoid_arthritis
ENC1,3753,0.00059,4763,0.00612,False,rheumatoid_arthritis
ACVR1C,3754,0.00059,4917,0.0057,False,rheumatoid_arthritis
ACVR1B,3755,0.00059,4830,0.00597,False,rheumatoid_arthritis
FLOT2,3756,0.00059,4852,0.00593,False,rheumatoid_arthritis
ZMYM3,3757,0.00059,4268,0.00737,False,rheumatoid_arthritis
FZD3,3758,0.00059,2185,0.0222,False,rheumatoid_arthritis
AKT1S1,3759,0.00059,4694,0.00624,False,rheumatoid_arthritis
FBXL17,3760,0.00059,4667,0.00629,False,rheumatoid_arthritis
NBPF1,3761,0.00059,4854,0.00593,False,rheumatoid_arthritis
KLHL9,3762,0.00059,4817,0.006,False,rheumatoid_arthritis
BAMBI,3763,0.00059,4831,0.00597,False,rheumatoid_arthritis
CUL3,3764,0.00059,4520,0.00667,False,rheumatoid_arthritis
WDR36,3765,0.00059,1800,0.02732,False,rheumatoid_arthritis
RHEB,3766,0.00059,4698,0.00624,False,rheumatoid_arthritis
NPEPPS,3767,0.00059,4873,0.00588,False,rheumatoid_arthritis
PGAM5,3768,0.00059,4524,0.00666,False,rheumatoid_arthritis
DEPTOR,3769,0.00059,4695,0.00624,False,rheumatoid_arthritis
PRR5,3770,0.00059,4700,0.00624,False,rheumatoid_arthritis
ARHGAP35,3771,0.00059,4569,0.00655,False,rheumatoid_arthritis
MAPKAP1,3772,0.00059,4702,0.00624,False,rheumatoid_arthritis
NQO1,3773,0.00059,4677,0.00627,False,rheumatoid_arthritis
TUBB,3774,0.00059,4715,0.00621,False,rheumatoid_arthritis
USF1,3775,0.00059,4100,0.0078,False,rheumatoid_arthritis
TNS2,3776,0.00059,2874,0.01522,False,rheumatoid_arthritis
TTI1,3777,0.00059,4697,0.00624,False,rheumatoid_arthritis
CDH1,3778,0.00059,4860,0.00592,False,rheumatoid_arthritis
INSRR,3779,0.00058,5014,0.00544,False,rheumatoid_arthritis
CHID1,3780,0.00058,5133,0.00508,False,rheumatoid_arthritis
COL10A1,3781,0.00058,4764,0.00612,False,rheumatoid_arthritis
PLXNA1,3782,0.00058,2672,0.01702,False,rheumatoid_arthritis
SORT1,3783,0.00058,4966,0.00557,False,rheumatoid_arthritis
CHIT1,3784,0.00058,5013,0.00544,False,rheumatoid_arthritis
UTP11,3785,0.00058,1706,0.02904,False,rheumatoid_arthritis
NRP2,3786,0.00058,2438,0.01937,False,rheumatoid_arthritis
GAS6,3787,0.00058,5118,0.00512,False,rheumatoid_arthritis
ALK,3788,0.00058,4999,0.00548,False,rheumatoid_arthritis
FZR1,3789,0.00058,1900,0.02602,False,rheumatoid_arthritis
IBTK,3790,0.00058,5105,0.00517,False,rheumatoid_arthritis
WDR3,3791,0.00058,1831,0.02687,False,rheumatoid_arthritis
RARG,3792,0.00058,5097,0.0052,False,rheumatoid_arthritis
NDUFAF1,3793,0.00058,4923,0.00568,False,rheumatoid_arthritis
CNPY1,3794,0.00058,4988,0.00551,False,rheumatoid_arthritis
RARB,3795,0.00058,5067,0.00531,False,rheumatoid_arthritis
GDF15,3796,0.00058,4961,0.00558,False,rheumatoid_arthritis
RANBP9,3797,0.00058,5327,0.00423,False,rheumatoid_arthritis
SGO1,3798,0.00058,2903,0.01485,False,rheumatoid_arthritis
GRN,3799,0.00058,4802,0.00604,False,rheumatoid_arthritis
PSAPL1,3800,0.00058,4591,0.0065,False,rheumatoid_arthritis
PTPRF,3801,0.00058,4979,0.00553,False,rheumatoid_arthritis
SH3BP5,3802,0.00058,5149,0.00503,False,rheumatoid_arthritis
COL21A1,3803,0.00058,4875,0.00588,False,rheumatoid_arthritis
UTP6,3804,0.00058,1790,0.02747,False,rheumatoid_arthritis
CNPY2,3805,0.00058,5139,0.00506,False,rheumatoid_arthritis
CRP,3806,0.00058,963,0.05886,False,rheumatoid_arthritis
PPP2R1B,3807,0.00058,5094,0.00521,False,rheumatoid_arthritis
PPP2CB,3808,0.00058,5066,0.00531,False,rheumatoid_arthritis
TBKBP1,3809,0.00058,5160,0.00499,False,rheumatoid_arthritis
SIKE1,3810,0.00058,5128,0.00509,False,rheumatoid_arthritis
TLN1,3811,0.00058,2826,0.01567,False,rheumatoid_arthritis
CDH17,3812,0.00058,5156,0.00501,False,rheumatoid_arthritis
GP6,3813,0.00058,4410,0.00696,False,rheumatoid_arthritis
TTK,3814,0.00058,2961,0.01422,False,rheumatoid_arthritis
PAX8,3815,0.00058,5195,0.00481,False,rheumatoid_arthritis
NUP153,3816,0.00058,1336,0.03827,False,rheumatoid_arthritis
BUB1B,3817,0.00058,983,0.05625,False,rheumatoid_arthritis
CD5L,3818,0.00058,5217,0.00471,False,rheumatoid_arthritis
LSP1,3819,0.00058,5206,0.00476,False,rheumatoid_arthritis
GPR37L1,3820,0.00058,4396,0.00701,False,rheumatoid_arthritis
MAPK7,3821,0.00058,5371,0.00403,False,rheumatoid_arthritis
TLN2,3822,0.00058,2899,0.01487,False,rheumatoid_arthritis
MSR1,3823,0.00058,4762,0.00612,False,rheumatoid_arthritis
LAMC1,3824,0.00058,4801,0.00604,False,rheumatoid_arthritis
AZI2,3825,0.00058,5136,0.00507,False,rheumatoid_arthritis
JPH1,3826,0.00057,5238,0.00459,False,rheumatoid_arthritis
GNA13,3827,0.00057,794,0.08039,False,rheumatoid_arthritis
CSE1L,3828,0.00057,5199,0.0048,False,rheumatoid_arthritis
BOD1L2,3829,0.00057,1833,0.02686,False,rheumatoid_arthritis
NHP2,3830,0.00057,1870,0.02654,False,rheumatoid_arthritis
PHAX,3831,0.00057,5174,0.00489,False,rheumatoid_arthritis
LRPPRC,3832,0.00057,5247,0.00454,False,rheumatoid_arthritis
EMG1,3833,0.00057,1813,0.02707,False,rheumatoid_arthritis
ATP2A1,3834,0.00057,5246,0.00455,False,rheumatoid_arthritis
RNASEL,3835,0.00057,5138,0.00507,False,rheumatoid_arthritis
IL9R,3836,0.00057,5208,0.00474,False,rheumatoid_arthritis
RBM24,3837,0.00057,3913,0.00833,False,rheumatoid_arthritis
RBM25,3838,0.00057,2902,0.01486,False,rheumatoid_arthritis
RBPMS,3839,0.00057,4309,0.00727,False,rheumatoid_arthritis
KCNE2,3840,0.00057,1488,0.03489,False,rheumatoid_arthritis
IFI35,3841,0.00057,5212,0.00472,False,rheumatoid_arthritis
NUP42,3842,0.00057,5210,0.00473,False,rheumatoid_arthritis
XAF1,3843,0.00057,5260,0.0045,False,rheumatoid_arthritis
DPYSL3,3844,0.00057,2608,0.01763,False,rheumatoid_arthritis
CACNA2D1,3845,0.00057,5267,0.00446,False,rheumatoid_arthritis
IFI27,3846,0.00057,5179,0.00487,False,rheumatoid_arthritis
HNRNPAB,3847,0.00057,4475,0.00678,False,rheumatoid_arthritis
NOVA1,3848,0.00057,4593,0.0065,False,rheumatoid_arthritis
PKIA,3849,0.00057,5213,0.00472,False,rheumatoid_arthritis
SNUPN,3850,0.00057,5165,0.00497,False,rheumatoid_arthritis
EPS15L1,3851,0.00057,376,0.24979,False,rheumatoid_arthritis
CFB,3852,0.00057,1221,0.04266,False,rheumatoid_arthritis
NXF3,3853,0.00057,5228,0.00463,False,rheumatoid_arthritis
PTPN4,3854,0.00056,5273,0.00444,False,rheumatoid_arthritis
BMP10,3855,0.00056,4865,0.0059,False,rheumatoid_arthritis
GGCX,3856,0.00056,2660,0.0171,False,rheumatoid_arthritis
PCBP1,3857,0.00056,2571,0.01793,False,rheumatoid_arthritis
UQCRHL,3858,0.00056,5526,0.00211,False,rheumatoid_arthritis
STING1,3859,0.00056,2804,0.01587,False,rheumatoid_arthritis
RASGRF1,3860,0.00056,5205,0.00476,False,rheumatoid_arthritis
KCNJ14,3861,0.00056,1848,0.02672,False,rheumatoid_arthritis
KCNJ18,3862,0.00056,1856,0.02666,False,rheumatoid_arthritis
HSPA5,3863,0.00056,4160,0.00764,False,rheumatoid_arthritis
COL2A1,3864,0.00056,1947,0.02529,False,rheumatoid_arthritis
HYOU1,3865,0.00056,4334,0.00717,False,rheumatoid_arthritis
DNAJC6,3866,0.00056,1671,0.02973,False,rheumatoid_arthritis
CDH5,3867,0.00056,5124,0.0051,False,rheumatoid_arthritis
PECAM1,3868,0.00056,5004,0.00546,False,rheumatoid_arthritis
TECTA,3869,0.00056,1057,0.05035,False,rheumatoid_arthritis
COX6A2,3870,0.00056,5527,0.00211,False,rheumatoid_arthritis
COX6B1,3871,0.00056,5525,0.00212,False,rheumatoid_arthritis
KMT2A,3872,0.00056,1703,0.02906,False,rheumatoid_arthritis
ILK,3873,0.00056,4993,0.00549,False,rheumatoid_arthritis
GRM3,3874,0.00056,5344,0.00415,False,rheumatoid_arthritis
DGAT2,3875,0.00056,2959,0.01424,False,rheumatoid_arthritis
GDF2,3876,0.00056,4797,0.00605,False,rheumatoid_arthritis
KIF17,3877,0.00056,5202,0.00479,False,rheumatoid_arthritis
CLEC11A,3878,0.00056,5113,0.00514,False,rheumatoid_arthritis
ITGB1BP1,3879,0.00056,5000,0.00548,False,rheumatoid_arthritis
LRG1,3880,0.00056,4980,0.00552,False,rheumatoid_arthritis
COX7C,3881,0.00056,5524,0.00212,False,rheumatoid_arthritis
LIN7A,3882,0.00056,5257,0.00451,False,rheumatoid_arthritis
BMPR2,3883,0.00056,4864,0.00591,False,rheumatoid_arthritis
SEMA7A,3884,0.00056,5003,0.00546,False,rheumatoid_arthritis
PDIA3,3885,0.00056,4147,0.00768,False,rheumatoid_arthritis
TAP1,3886,0.00056,4286,0.00732,False,rheumatoid_arthritis
GNA11,3887,0.00056,2290,0.02089,False,rheumatoid_arthritis
PIK3R3,3888,0.00056,832,0.07414,False,rheumatoid_arthritis
MPHOSPH8,3889,0.00056,2020,0.02378,False,rheumatoid_arthritis
GIPC1,3890,0.00056,5073,0.00529,False,rheumatoid_arthritis
ENSP00000293826,3891,0.00056,5493,0.00298,False,rheumatoid_arthritis
CRLF2,3892,0.00056,5057,0.00532,False,rheumatoid_arthritis
CDC37,3893,0.00055,5321,0.00427,False,rheumatoid_arthritis
MNAT1,3894,0.00055,5209,0.00473,False,rheumatoid_arthritis
TUBB2B,3895,0.00055,3354,0.01087,False,rheumatoid_arthritis
TUBB2A,3896,0.00055,4021,0.00799,False,rheumatoid_arthritis
CCNK,3897,0.00055,4487,0.00672,False,rheumatoid_arthritis
RBL2,3898,0.00055,5337,0.00418,False,rheumatoid_arthritis
MADD,3899,0.00055,3964,0.00814,False,rheumatoid_arthritis
FURIN,3900,0.00055,2799,0.01593,False,rheumatoid_arthritis
CTDP1,3901,0.00055,5153,0.00502,False,rheumatoid_arthritis
TUBA1A,3902,0.00055,3322,0.01116,False,rheumatoid_arthritis
PHLDA2,3903,0.00055,5382,0.00393,False,rheumatoid_arthritis
VAMP1,3904,0.00055,4092,0.00781,False,rheumatoid_arthritis
CCNH,3905,0.00055,4720,0.00619,False,rheumatoid_arthritis
CDK13,3906,0.00055,4653,0.00632,False,rheumatoid_arthritis
PPFIA3,3907,0.00055,3876,0.00847,False,rheumatoid_arthritis
KLC1,3908,0.00055,3663,0.0092,False,rheumatoid_arthritis
KIF1B,3909,0.00055,3567,0.00964,False,rheumatoid_arthritis
PPFIA1,3910,0.00055,3606,0.00942,False,rheumatoid_arthritis
TRIM21,3911,0.00055,2818,0.01574,False,rheumatoid_arthritis
SLC22A18,3912,0.00055,5415,0.00368,False,rheumatoid_arthritis
YWHAQ,3913,0.00055,5051,0.00533,False,rheumatoid_arthritis
KIF5A,3914,0.00055,3886,0.00843,False,rheumatoid_arthritis
KIF5B,3915,0.00055,3809,0.00869,False,rheumatoid_arthritis
YWHAG,3916,0.00055,5068,0.00531,False,rheumatoid_arthritis
KIF5C,3917,0.00055,3726,0.00895,False,rheumatoid_arthritis
PIK3R5,3918,0.00055,5197,0.00481,False,rheumatoid_arthritis
KIFAP3,3919,0.00055,4003,0.00804,False,rheumatoid_arthritis
ACAN,3920,0.00055,2141,0.02261,False,rheumatoid_arthritis
SYT4,3921,0.00055,3911,0.00833,False,rheumatoid_arthritis
PAFAH1B1,3922,0.00055,4106,0.00777,False,rheumatoid_arthritis
CDK7,3923,0.00055,5146,0.00504,False,rheumatoid_arthritis
CDK3,3924,0.00055,5426,0.00359,False,rheumatoid_arthritis
KLC4,3925,0.00055,3931,0.00826,False,rheumatoid_arthritis
KLC3,3926,0.00055,3762,0.00883,False,rheumatoid_arthritis
ARL5B,3927,0.00055,3870,0.00849,False,rheumatoid_arthritis
PTPN21,3928,0.00055,4152,0.00767,False,rheumatoid_arthritis
KLC2,3929,0.00055,3540,0.00974,False,rheumatoid_arthritis
KIF1C,3930,0.00055,3624,0.00934,False,rheumatoid_arthritis
SOX11,3931,0.00054,4365,0.00709,False,rheumatoid_arthritis
SGMS1,3932,0.00054,4023,0.00798,False,rheumatoid_arthritis
MED22,3933,0.00054,5040,0.00536,False,rheumatoid_arthritis
ABHD12,3934,0.00054,4606,0.00646,False,rheumatoid_arthritis
MED27,3935,0.00054,5038,0.00536,False,rheumatoid_arthritis
SHOX,3936,0.00054,4523,0.00666,False,rheumatoid_arthritis
RAB7B,3937,0.00054,3894,0.00841,False,rheumatoid_arthritis
MED24,3938,0.00054,5041,0.00536,False,rheumatoid_arthritis
PRPF8,3939,0.00054,1182,0.04392,False,rheumatoid_arthritis
NEDD8,3940,0.00054,5345,0.00415,False,rheumatoid_arthritis
ABHD4,3941,0.00054,5058,0.00532,False,rheumatoid_arthritis
RHOD,3942,0.00054,4546,0.0066,False,rheumatoid_arthritis
ABHD6,3943,0.00054,4407,0.00697,False,rheumatoid_arthritis
SOX9,3944,0.00054,3699,0.00902,False,rheumatoid_arthritis
MED25,3945,0.00054,5042,0.00536,False,rheumatoid_arthritis
DEGS2,3946,0.00054,4163,0.00763,False,rheumatoid_arthritis
SOX6,3947,0.00054,3491,0.00999,False,rheumatoid_arthritis
PDZD8,3948,0.00054,3881,0.00845,False,rheumatoid_arthritis
TXNDC12,3949,0.00054,3849,0.00855,False,rheumatoid_arthritis
SOX13,3950,0.00054,4030,0.00796,False,rheumatoid_arthritis
DEGS1,3951,0.00054,4113,0.00775,False,rheumatoid_arthritis
SGMS2,3952,0.00054,4036,0.00795,False,rheumatoid_arthritis
RILP,3953,0.00054,3625,0.00934,False,rheumatoid_arthritis
MON1A,3954,0.00054,3938,0.00823,False,rheumatoid_arthritis
MED8,3955,0.00054,5043,0.00536,False,rheumatoid_arthritis
GLI3,3956,0.00054,5187,0.00484,False,rheumatoid_arthritis
IAH1,3957,0.00054,4933,0.00565,False,rheumatoid_arthritis
MICAL1,3958,0.00054,5047,0.00535,False,rheumatoid_arthritis
SGPP2,3959,0.00054,4196,0.00756,False,rheumatoid_arthritis
RMI1,3960,0.00054,3997,0.00806,False,rheumatoid_arthritis
MGST1,3961,0.00054,3819,0.00866,False,rheumatoid_arthritis
TOP3B,3962,0.00054,4448,0.00685,False,rheumatoid_arthritis
TOP3A,3963,0.00054,3995,0.00806,False,rheumatoid_arthritis
SGPP1,3964,0.00054,4151,0.00767,False,rheumatoid_arthritis
SMO,3965,0.00054,5176,0.00488,False,rheumatoid_arthritis
MGLL,3966,0.00054,4050,0.00792,False,rheumatoid_arthritis
TRMT5,3967,0.00054,3437,0.01032,False,rheumatoid_arthritis
RND1,3968,0.00054,4278,0.00734,False,rheumatoid_arthritis
SMPD2,3969,0.00054,3953,0.00818,False,rheumatoid_arthritis
MED20,3970,0.00054,5039,0.00536,False,rheumatoid_arthritis
SMPD3,3971,0.00054,3974,0.00812,False,rheumatoid_arthritis
SMPD4,3972,0.00054,4046,0.00792,False,rheumatoid_arthritis
ENPP7,3973,0.00054,4063,0.00788,False,rheumatoid_arthritis
SATB2,3974,0.00054,4566,0.00656,False,rheumatoid_arthritis
OSBPL1A,3975,0.00054,3673,0.00916,False,rheumatoid_arthritis
F2RL1,3976,0.00054,3311,0.01128,False,rheumatoid_arthritis
DYNC1H1,3977,0.00054,4000,0.00805,False,rheumatoid_arthritis
HPS5,3978,0.00054,1807,0.02719,False,rheumatoid_arthritis
PTCD3,3979,0.00054,3526,0.00981,False,rheumatoid_arthritis
DYNC1LI1,3980,0.00054,4012,0.00801,False,rheumatoid_arthritis
DYNC1LI2,3981,0.00054,4064,0.00788,False,rheumatoid_arthritis
HPS3,3982,0.00054,1826,0.02692,False,rheumatoid_arthritis
BRIP1,3983,0.00054,4967,0.00556,False,rheumatoid_arthritis
METTL1,3984,0.00054,5329,0.00421,False,rheumatoid_arthritis
FEZF2,3985,0.00054,4271,0.00736,False,rheumatoid_arthritis
GPX4,3986,0.00054,3669,0.00918,False,rheumatoid_arthritis
WDR4,3987,0.00054,3566,0.00965,False,rheumatoid_arthritis
GSTA1,3988,0.00054,3864,0.0085,False,rheumatoid_arthritis
MRPS33,3989,0.00054,3373,0.01071,False,rheumatoid_arthritis
CERS2,3990,0.00054,4052,0.00791,False,rheumatoid_arthritis
CERK,3991,0.00054,4054,0.00791,False,rheumatoid_arthritis
CEP85,3992,0.00054,4101,0.00778,False,rheumatoid_arthritis
CNR1,3993,0.00054,4059,0.0079,False,rheumatoid_arthritis
GSR,3994,0.00054,3686,0.00908,False,rheumatoid_arthritis
SEMA6B,3995,0.00054,4344,0.00714,False,rheumatoid_arthritis
CNR2,3996,0.00054,4391,0.00702,False,rheumatoid_arthritis
FAM83H,3997,0.00054,5159,0.00499,False,rheumatoid_arthritis
SEMA3E,3998,0.00054,5023,0.00542,False,rheumatoid_arthritis
SEMA3C,3999,0.00054,4389,0.00702,False,rheumatoid_arthritis
CENPS,4000,0.00054,4009,0.00802,False,rheumatoid_arthritis
MRPS31,4001,0.00054,3283,0.01149,False,rheumatoid_arthritis
MRPS28,4002,0.00054,3309,0.01131,False,rheumatoid_arthritis
CDK2,4003,0.00054,798,0.07938,False,rheumatoid_arthritis
MRPS27,4004,0.00054,3347,0.01092,False,rheumatoid_arthritis
GBA2,4005,0.00054,4162,0.00763,False,rheumatoid_arthritis
FARP2,4006,0.00054,5100,0.00518,False,rheumatoid_arthritis
STXBP2,4007,0.00054,2932,0.01452,False,rheumatoid_arthritis
COX7A1,4008,0.00054,5539,0.00163,False,rheumatoid_arthritis
STX11,4009,0.00054,2907,0.01479,False,rheumatoid_arthritis
RUBCN,4010,0.00054,3866,0.00849,False,rheumatoid_arthritis
PPIG,4011,0.00054,5373,0.00399,False,rheumatoid_arthritis
FAM83G,4012,0.00054,5184,0.00486,False,rheumatoid_arthritis
GPR18,4013,0.00054,4998,0.00548,False,rheumatoid_arthritis
CLTA,4014,0.00054,1407,0.03657,False,rheumatoid_arthritis
SEMA6C,4015,0.00054,4945,0.00561,False,rheumatoid_arthritis
FAAP100,4016,0.00054,4005,0.00803,False,rheumatoid_arthritis
KL,4017,0.00054,5428,0.00356,False,rheumatoid_arthritis
GDI1,4018,0.00054,3887,0.00843,False,rheumatoid_arthritis
PLEKHM1,4019,0.00054,4083,0.00784,False,rheumatoid_arthritis
GDI2,4020,0.00054,3891,0.00842,False,rheumatoid_arthritis
CHM,4021,0.00054,3784,0.00875,False,rheumatoid_arthritis
CHML,4022,0.00054,4105,0.00777,False,rheumatoid_arthritis
UGCG,4023,0.00054,4047,0.00792,False,rheumatoid_arthritis
GEN1,4024,0.00054,4531,0.00664,False,rheumatoid_arthritis
MRPS5,4025,0.00054,3482,0.01007,False,rheumatoid_arthritis
RECQL,4026,0.00054,4876,0.00587,False,rheumatoid_arthritis
CERS3,4027,0.00054,4090,0.00782,False,rheumatoid_arthritis
FABP3,4028,0.00054,4616,0.00641,False,rheumatoid_arthritis
MRPS34,4029,0.00054,3481,0.01007,False,rheumatoid_arthritis
CERS6,4030,0.00054,4051,0.00791,False,rheumatoid_arthritis
UNC13D,4031,0.00054,2898,0.01487,False,rheumatoid_arthritis
FABP7,4032,0.00054,4573,0.00654,False,rheumatoid_arthritis
CERS5,4033,0.00054,4067,0.00787,False,rheumatoid_arthritis
TBC1D17,4034,0.00054,3838,0.00858,False,rheumatoid_arthritis
GSK3A,4035,0.00054,4909,0.00572,False,rheumatoid_arthritis
CERS4,4036,0.00054,4081,0.00785,False,rheumatoid_arthritis
TBC1D15,4037,0.00054,3695,0.00906,False,rheumatoid_arthritis
GSS,4038,0.00054,3860,0.00851,False,rheumatoid_arthritis
MRPS26,4039,0.00054,3398,0.0106,False,rheumatoid_arthritis
GSTA3,4040,0.00054,3802,0.00871,False,rheumatoid_arthritis
GSTM2,4041,0.00054,3799,0.00872,False,rheumatoid_arthritis
GSTM5,4042,0.00054,3818,0.00866,False,rheumatoid_arthritis
NAAA,4043,0.00054,4527,0.00665,False,rheumatoid_arthritis
GSTO1,4044,0.00054,3704,0.009,False,rheumatoid_arthritis
MRPS18C,4045,0.00054,3484,0.01004,False,rheumatoid_arthritis
MRPS18B,4046,0.00054,3325,0.01112,False,rheumatoid_arthritis
GSTO2,4047,0.00054,3798,0.00872,False,rheumatoid_arthritis
MRPS15,4048,0.00054,3269,0.01154,False,rheumatoid_arthritis
NAPEPLD,4049,0.00054,4223,0.00748,False,rheumatoid_arthritis
SEMA6D,4050,0.00054,4773,0.0061,False,rheumatoid_arthritis
RAD51AP1,4051,0.00054,4963,0.00558,False,rheumatoid_arthritis
CCZ1B,4052,0.00054,3927,0.0083,False,rheumatoid_arthritis
GSTP1,4053,0.00054,3668,0.00918,False,rheumatoid_arthritis
CCZ1,4054,0.00054,3903,0.00837,False,rheumatoid_arthritis
GSTT2B,4055,0.00054,3817,0.00866,False,rheumatoid_arthritis
MRPS14,4056,0.00054,3370,0.01076,False,rheumatoid_arthritis
ETNK1,4057,0.00054,3854,0.00853,False,rheumatoid_arthritis
DAGLA,4058,0.00054,4343,0.00714,False,rheumatoid_arthritis
DAGLB,4059,0.00054,4537,0.00663,False,rheumatoid_arthritis
MRPS11,4060,0.00054,3353,0.01089,False,rheumatoid_arthritis
MRPS10,4061,0.00054,3388,0.01063,False,rheumatoid_arthritis
DAP3,4062,0.00054,3475,0.01009,False,rheumatoid_arthritis
FES,4063,0.00054,4529,0.00665,False,rheumatoid_arthritis
NOA1,4064,0.00054,3430,0.01035,False,rheumatoid_arthritis
GSTM3,4065,0.00054,3772,0.0088,False,rheumatoid_arthritis
GSTM4,4066,0.00054,3843,0.00857,False,rheumatoid_arthritis
FAM83D,4067,0.00054,5188,0.00484,False,rheumatoid_arthritis
GSTA4,4068,0.00054,3833,0.0086,False,rheumatoid_arthritis
GSTM1,4069,0.00054,3775,0.00879,False,rheumatoid_arthritis
SEMA3B,4070,0.00054,4785,0.00608,False,rheumatoid_arthritis
MRPS21,4071,0.00054,3379,0.01068,False,rheumatoid_arthritis
GSTA5,4072,0.00054,3859,0.00852,False,rheumatoid_arthritis
MRPS23,4073,0.00054,3380,0.01068,False,rheumatoid_arthritis
SEMA3A,4074,0.00054,4267,0.00738,False,rheumatoid_arthritis
MRPS25,4075,0.00054,3341,0.01097,False,rheumatoid_arthritis
FBXO4,4076,0.00054,5366,0.00405,False,rheumatoid_arthritis
PHEX,4077,0.00054,5289,0.00437,False,rheumatoid_arthritis
RPA2,4078,0.00053,4341,0.00715,False,rheumatoid_arthritis
F9,4079,0.00053,4293,0.00731,False,rheumatoid_arthritis
ENSP00000485615,4080,0.00053,5035,0.00537,False,rheumatoid_arthritis
RAD9A,4081,0.00053,4304,0.00728,False,rheumatoid_arthritis
SC5D,4082,0.00053,4884,0.00584,False,rheumatoid_arthritis
SHQ1,4083,0.00053,5170,0.00492,False,rheumatoid_arthritis
F12,4084,0.00053,5087,0.00522,False,rheumatoid_arthritis
ELOVL7,4085,0.00053,4716,0.00621,False,rheumatoid_arthritis
ELOVL4,4086,0.00053,4675,0.00627,False,rheumatoid_arthritis
ELOVL3,4087,0.00053,4775,0.0061,False,rheumatoid_arthritis
FAXDC2,4088,0.00053,4834,0.00597,False,rheumatoid_arthritis
RTEL1,4089,0.00053,4906,0.00574,False,rheumatoid_arthritis
F11,4090,0.00053,5034,0.00537,False,rheumatoid_arthritis
GFAP,4091,0.00053,4778,0.00609,False,rheumatoid_arthritis
SERPINA10,4092,0.00053,4836,0.00596,False,rheumatoid_arthritis
F5,4093,0.00053,4129,0.00772,False,rheumatoid_arthritis
SDHB,4094,0.00053,5216,0.00471,False,rheumatoid_arthritis
SDHC,4095,0.00053,5332,0.0042,False,rheumatoid_arthritis
EWSR1,4096,0.00053,2933,0.01451,False,rheumatoid_arthritis
SERPINC1,4097,0.00053,4115,0.00775,False,rheumatoid_arthritis
SFPQ,4098,0.00053,4240,0.00744,False,rheumatoid_arthritis
FGA,4099,0.00053,5054,0.00533,False,rheumatoid_arthritis
RNF144A,4100,0.00053,4525,0.00666,False,rheumatoid_arthritis
F3,4101,0.00053,4109,0.00776,False,rheumatoid_arthritis
GK,4102,0.00053,5292,0.00433,False,rheumatoid_arthritis
RBMX,4103,0.00053,4192,0.00756,False,rheumatoid_arthritis
EMC4,4104,0.00053,4589,0.0065,False,rheumatoid_arthritis
F8,4105,0.00053,4120,0.00774,False,rheumatoid_arthritis
RBBP5,4106,0.00053,4339,0.00715,False,rheumatoid_arthritis
GK2,4107,0.00053,5287,0.00437,False,rheumatoid_arthritis
RNF216,4108,0.00053,4674,0.00628,False,rheumatoid_arthritis
SERPIND1,4109,0.00053,4807,0.00603,False,rheumatoid_arthritis
RNF8,4110,0.00053,5258,0.00451,False,rheumatoid_arthritis
FANCG,4111,0.00053,4459,0.00683,False,rheumatoid_arthritis
HACE1,4112,0.00053,4464,0.00681,False,rheumatoid_arthritis
RNF19A,4113,0.00053,4579,0.00653,False,rheumatoid_arthritis
ETAA1,4114,0.00053,4578,0.00653,False,rheumatoid_arthritis
CHMP7,4115,0.00053,4595,0.00649,False,rheumatoid_arthritis
ELOVL1,4116,0.00053,4607,0.00645,False,rheumatoid_arthritis
MALSU1,4117,0.00053,5326,0.00424,False,rheumatoid_arthritis
MYBPC2,4118,0.00053,3895,0.0084,False,rheumatoid_arthritis
PHF20,4119,0.00053,4239,0.00744,False,rheumatoid_arthritis
TM7SF2,4120,0.00053,4753,0.00614,False,rheumatoid_arthritis
PFDN4,4121,0.00053,5478,0.00315,False,rheumatoid_arthritis
PFDN1,4122,0.00053,5459,0.00333,False,rheumatoid_arthritis
LSM11,4123,0.00053,5203,0.00478,False,rheumatoid_arthritis
TMEM175,4124,0.00053,5374,0.00398,False,rheumatoid_arthritis
MVB12B,4125,0.00053,4443,0.00685,False,rheumatoid_arthritis
MYH6,4126,0.00053,4028,0.00796,False,rheumatoid_arthritis
CAPN3,4127,0.00053,3788,0.00874,False,rheumatoid_arthritis
USP11,4128,0.00053,5231,0.0046,False,rheumatoid_arthritis
MTREX,4129,0.00053,3983,0.00809,False,rheumatoid_arthritis
MTPAP,4130,0.00053,4217,0.0075,False,rheumatoid_arthritis
NSDHL,4131,0.00053,4692,0.00625,False,rheumatoid_arthritis
RAD17,4132,0.00053,4335,0.00716,False,rheumatoid_arthritis
CABS1,4133,0.00053,5343,0.00416,False,rheumatoid_arthritis
MYBPC3,4134,0.00053,3812,0.00869,False,rheumatoid_arthritis
NR1I2,4135,0.00053,4777,0.0061,False,rheumatoid_arthritis
KHSRP,4136,0.00053,4263,0.00738,False,rheumatoid_arthritis
CHMP2B,4137,0.00053,4620,0.0064,False,rheumatoid_arthritis
PNLIP,4138,0.00053,5391,0.00383,False,rheumatoid_arthritis
CIZ1,4139,0.00053,5279,0.00442,False,rheumatoid_arthritis
MRPS7,4140,0.00053,5497,0.00289,False,rheumatoid_arthritis
CHMP5,4141,0.00053,4748,0.00614,False,rheumatoid_arthritis
CHMP4B,4142,0.00053,4638,0.00635,False,rheumatoid_arthritis
TCP1,4143,0.00053,5230,0.0046,False,rheumatoid_arthritis
CHMP4A,4144,0.00053,4580,0.00653,False,rheumatoid_arthritis
PLCD4,4145,0.00053,5380,0.00394,False,rheumatoid_arthritis
MYH7,4146,0.00053,3921,0.00831,False,rheumatoid_arthritis
PLCD3,4147,0.00053,5365,0.00405,False,rheumatoid_arthritis
CH25H,4148,0.00053,4736,0.00616,False,rheumatoid_arthritis
KRT8,4149,0.00053,5011,0.00545,False,rheumatoid_arthritis
MYL1,4150,0.00053,3899,0.00838,False,rheumatoid_arthritis
TFPI,4151,0.00053,4110,0.00776,False,rheumatoid_arthritis
LBR,4152,0.00053,4936,0.00564,False,rheumatoid_arthritis
LCA5,4153,0.00053,5189,0.00484,False,rheumatoid_arthritis
CA9,4154,0.00053,4920,0.00569,False,rheumatoid_arthritis
MARCHF6,4155,0.00053,4987,0.00551,False,rheumatoid_arthritis
CA8,4156,0.00053,4543,0.0066,False,rheumatoid_arthritis
UBE3C,4157,0.00053,4637,0.00635,False,rheumatoid_arthritis
TRIM55,4158,0.00053,3912,0.00833,False,rheumatoid_arthritis
TRIM63,4159,0.00053,3789,0.00874,False,rheumatoid_arthritis
TRIP12,4160,0.00053,4705,0.00623,False,rheumatoid_arthritis
MSMO1,4161,0.00053,4642,0.00634,False,rheumatoid_arthritis
MSL2,4162,0.00053,4227,0.00747,False,rheumatoid_arthritis
MSL1,4163,0.00053,4228,0.00747,False,rheumatoid_arthritis
MOGAT1,4164,0.00053,5389,0.00386,False,rheumatoid_arthritis
BCL2L14,4165,0.00053,5308,0.00431,False,rheumatoid_arthritis
CA7,4166,0.00053,4779,0.00609,False,rheumatoid_arthritis
TUT1,4167,0.00053,4157,0.00765,False,rheumatoid_arthritis
BCCIP,4168,0.00053,5278,0.00442,False,rheumatoid_arthritis
NUDT13,4169,0.00053,5314,0.00428,False,rheumatoid_arthritis
NUDT15,4170,0.00053,5175,0.00488,False,rheumatoid_arthritis
OBSL1,4171,0.00053,3877,0.00846,False,rheumatoid_arthritis
OBSCN,4172,0.00053,3790,0.00874,False,rheumatoid_arthritis
UBA6,4173,0.00053,4526,0.00665,False,rheumatoid_arthritis
TRIM54,4174,0.00053,3977,0.00811,False,rheumatoid_arthritis
PAPOLB,4175,0.00053,4349,0.00714,False,rheumatoid_arthritis
PAPOLG,4176,0.00053,4319,0.00721,False,rheumatoid_arthritis
PARP10,4177,0.00053,4690,0.00625,False,rheumatoid_arthritis
CA6,4178,0.00053,4827,0.00597,False,rheumatoid_arthritis
MATR3-2,4179,0.00053,4202,0.00754,False,rheumatoid_arthritis
CA5B,4180,0.00053,4549,0.00659,False,rheumatoid_arthritis
CA5A,4181,0.00053,4643,0.00633,False,rheumatoid_arthritis
CA4,4182,0.00053,4969,0.00555,False,rheumatoid_arthritis
CA3,4183,0.00053,4916,0.00571,False,rheumatoid_arthritis
CA14,4184,0.00053,4641,0.00634,False,rheumatoid_arthritis
CA13,4185,0.00053,4631,0.00638,False,rheumatoid_arthritis
CA12,4186,0.00053,4861,0.00591,False,rheumatoid_arthritis
CA1,4187,0.00053,4513,0.00667,False,rheumatoid_arthritis
MCRS1,4188,0.00053,4261,0.00739,False,rheumatoid_arthritis
PCF11,4189,0.00053,4173,0.00762,False,rheumatoid_arthritis
ATR,4190,0.00053,4280,0.00734,False,rheumatoid_arthritis
MT-CO2,4191,0.00053,5291,0.00434,False,rheumatoid_arthritis
UEVLD,4192,0.00053,4622,0.00639,False,rheumatoid_arthritis
TCAP,4193,0.00053,3785,0.00875,False,rheumatoid_arthritis
MYL2,4194,0.00053,3963,0.00815,False,rheumatoid_arthritis
KHDRBS1,4195,0.00053,4222,0.00749,False,rheumatoid_arthritis
DGAT1,4196,0.00053,5328,0.00422,False,rheumatoid_arthritis
HUWE1,4197,0.00053,4509,0.00668,False,rheumatoid_arthritis
SMIM22,4198,0.00053,5082,0.00525,False,rheumatoid_arthritis
PTBP1,4199,0.00053,4136,0.00771,False,rheumatoid_arthritis
SNRPD1,4200,0.00053,1184,0.04387,False,rheumatoid_arthritis
DHRS11,4201,0.00053,4731,0.00616,False,rheumatoid_arthritis
DHCR24,4202,0.00053,5099,0.00519,False,rheumatoid_arthritis
DES,4203,0.00053,4806,0.00603,False,rheumatoid_arthritis
HSPB3,4204,0.00053,4379,0.00704,False,rheumatoid_arthritis
ANKRD1,4205,0.00053,3825,0.00863,False,rheumatoid_arthritis
ANKRD2,4206,0.00053,3892,0.00842,False,rheumatoid_arthritis
SPTAN1,4207,0.00053,4965,0.00557,False,rheumatoid_arthritis
CYP1B1,4208,0.00053,4805,0.00604,False,rheumatoid_arthritis
NMNAT3,4209,0.00053,5204,0.00478,False,rheumatoid_arthritis
MYL3,4210,0.00053,4015,0.00801,False,rheumatoid_arthritis
HUS1,4211,0.00053,4355,0.00711,False,rheumatoid_arthritis
XYLB,4212,0.00053,5240,0.00458,False,rheumatoid_arthritis
WDR33,4213,0.00053,4027,0.00797,False,rheumatoid_arthritis
RAB43,4214,0.00053,5416,0.00368,False,rheumatoid_arthritis
HNRNPA2B1,4215,0.00053,4131,0.00771,False,rheumatoid_arthritis
HNRNPC,4216,0.00053,4128,0.00772,False,rheumatoid_arthritis
HNRNPF,4217,0.00053,4189,0.00757,False,rheumatoid_arthritis
HNRNPH1,4218,0.00053,4134,0.00771,False,rheumatoid_arthritis
NEB,4219,0.00053,3791,0.00874,False,rheumatoid_arthritis
HNRNPH3,4220,0.00053,4203,0.00754,False,rheumatoid_arthritis
HNRNPL,4221,0.00053,4150,0.00767,False,rheumatoid_arthritis
HSD17B8,4222,0.00053,4610,0.00644,False,rheumatoid_arthritis
EEF1B2,4223,0.00053,5477,0.00316,False,rheumatoid_arthritis
HNRNPR,4224,0.00053,4166,0.00763,False,rheumatoid_arthritis
HRG,4225,0.00053,4968,0.00556,False,rheumatoid_arthritis
ZCCHC7,4226,0.00053,3984,0.00809,False,rheumatoid_arthritis
HSD17B1,4227,0.00053,4621,0.00639,False,rheumatoid_arthritis
HSD17B2,4228,0.00053,4774,0.0061,False,rheumatoid_arthritis
WDR5,4229,0.00053,4232,0.00746,False,rheumatoid_arthritis
MRPL22,4230,0.00053,5491,0.00299,False,rheumatoid_arthritis
SRSF7,4231,0.00053,4262,0.00738,False,rheumatoid_arthritis
KANSL1,4232,0.00053,4225,0.00748,False,rheumatoid_arthritis
VPS37D,4233,0.00053,4477,0.00677,False,rheumatoid_arthritis
VPS37A,4234,0.00053,4441,0.00685,False,rheumatoid_arthritis
VPS4A,4235,0.00053,4539,0.00662,False,rheumatoid_arthritis
CPSF4,4236,0.00053,4164,0.00763,False,rheumatoid_arthritis
VWF,4237,0.00053,4198,0.00755,False,rheumatoid_arthritis
NBN,4238,0.00053,4625,0.00638,False,rheumatoid_arthritis
CPSF3,4239,0.00053,4004,0.00803,False,rheumatoid_arthritis
CPSF2,4240,0.00053,4014,0.00801,False,rheumatoid_arthritis
CPSF1,4241,0.00053,3971,0.00812,False,rheumatoid_arthritis
KANSL3,4242,0.00053,4269,0.00737,False,rheumatoid_arthritis
KANSL2,4243,0.00053,4322,0.0072,False,rheumatoid_arthritis
STMN4,4244,0.00053,5379,0.00394,False,rheumatoid_arthritis
VPS37B,4245,0.00053,4442,0.00685,False,rheumatoid_arthritis
ARIH1,4246,0.00053,4264,0.00738,False,rheumatoid_arthritis
CSRP3,4247,0.00053,3803,0.00871,False,rheumatoid_arthritis
UTP20,4248,0.00053,1355,0.03779,False,rheumatoid_arthritis
CSTB,4249,0.00053,1676,0.02966,False,rheumatoid_arthritis
CSTF2,4250,0.00053,4098,0.0078,False,rheumatoid_arthritis
ARIH2,4251,0.00053,4366,0.00708,False,rheumatoid_arthritis
CSTF2T,4252,0.00053,4283,0.00733,False,rheumatoid_arthritis
CTC1,4253,0.00053,5016,0.00544,False,rheumatoid_arthritis
SYNE1,4254,0.00053,4871,0.00589,False,rheumatoid_arthritis
SYNE3,4255,0.00053,4207,0.00752,False,rheumatoid_arthritis
SYNE4,4256,0.00053,4828,0.00597,False,rheumatoid_arthritis
SYNM,4257,0.00053,4618,0.0064,False,rheumatoid_arthritis
TAF1,4258,0.00053,4419,0.00694,False,rheumatoid_arthritis
VPS37C,4259,0.00053,4440,0.00685,False,rheumatoid_arthritis
SAR1A,4260,0.00052,5309,0.00431,False,rheumatoid_arthritis
UBIAD1,4261,0.00052,4919,0.00569,False,rheumatoid_arthritis
ACOX1,4262,0.00052,5220,0.00469,False,rheumatoid_arthritis
ADCYAP1,4263,0.00052,4288,0.00732,False,rheumatoid_arthritis
AURKB,4264,0.00052,247,0.30272,False,rheumatoid_arthritis
WDR83,4265,0.00052,4654,0.00632,False,rheumatoid_arthritis
ATAD5,4266,0.00052,4741,0.00615,False,rheumatoid_arthritis
ATE1,4267,0.00052,5376,0.00397,False,rheumatoid_arthritis
FADS3,4268,0.00052,4981,0.00552,False,rheumatoid_arthritis
ATF1,4269,0.00052,4949,0.0056,False,rheumatoid_arthritis
ATF4,4270,0.00052,4592,0.0065,False,rheumatoid_arthritis
WDR59,4271,0.00052,5299,0.00432,False,rheumatoid_arthritis
ARMH3,4272,0.00052,5419,0.00366,False,rheumatoid_arthritis
AMPH,4273,0.00052,5334,0.0042,False,rheumatoid_arthritis
VPS72,4274,0.00052,4258,0.00739,False,rheumatoid_arthritis
ATF6B,4275,0.00052,4601,0.00647,False,rheumatoid_arthritis
WDR24,4276,0.00052,5306,0.00432,False,rheumatoid_arthritis
AGK,4277,0.00052,5121,0.00512,False,rheumatoid_arthritis
WDR18,4278,0.00052,5410,0.00373,False,rheumatoid_arthritis
FH,4279,0.00052,4899,0.00577,False,rheumatoid_arthritis
AP1G2,4280,0.00052,5418,0.00367,False,rheumatoid_arthritis
WDR46,4281,0.00052,1530,0.03386,False,rheumatoid_arthritis
RRAGD,4282,0.00052,4495,0.0067,False,rheumatoid_arthritis
SEC24B,4283,0.00052,5298,0.00432,False,rheumatoid_arthritis
SAR1B,4284,0.00052,5310,0.00431,False,rheumatoid_arthritis
SUCLA2,4285,0.00052,4813,0.00601,False,rheumatoid_arthritis
STN1,4286,0.00052,4910,0.00572,False,rheumatoid_arthritis
SF3A1,4287,0.00052,5317,0.00427,False,rheumatoid_arthritis
CREB3,4288,0.00052,4489,0.00671,False,rheumatoid_arthritis
ERCC6,4289,0.00052,4927,0.00567,False,rheumatoid_arthritis
SF3B3,4290,0.00052,5318,0.00427,False,rheumatoid_arthritis
CREB3L1,4291,0.00052,4532,0.00664,False,rheumatoid_arthritis
CREB3L2,4292,0.00052,4571,0.00655,False,rheumatoid_arthritis
CREB3L4,4293,0.00052,4605,0.00646,False,rheumatoid_arthritis
CREM,4294,0.00052,4669,0.00628,False,rheumatoid_arthritis
CRHR2,4295,0.00052,5112,0.00515,False,rheumatoid_arthritis
SF3B6,4296,0.00052,5319,0.00427,False,rheumatoid_arthritis
CRTC2,4297,0.00052,4557,0.00657,False,rheumatoid_arthritis
CYB5A,4298,0.00052,4734,0.00616,False,rheumatoid_arthritis
CYB5B,4299,0.00052,4721,0.00619,False,rheumatoid_arthritis
CYP11B1,4300,0.00052,4328,0.00719,False,rheumatoid_arthritis
CYP11B2,4301,0.00052,4552,0.00659,False,rheumatoid_arthritis
ENTPD3,4302,0.00052,5201,0.00479,False,rheumatoid_arthritis
CYP17A1,4303,0.00052,4478,0.00676,False,rheumatoid_arthritis
DAOA,4304,0.00052,5417,0.00367,False,rheumatoid_arthritis
DDX42,4305,0.00052,5315,0.00427,False,rheumatoid_arthritis
DDX46,4306,0.00052,5320,0.00427,False,rheumatoid_arthritis
DEPDC5,4307,0.00052,4755,0.00614,False,rheumatoid_arthritis
DHDDS,4308,0.00052,4717,0.00621,False,rheumatoid_arthritis
DHTKD1,4309,0.00052,4786,0.00606,False,rheumatoid_arthritis
SNAP91,4310,0.00052,5355,0.00411,False,rheumatoid_arthritis
SH2B2,4311,0.00052,5183,0.00486,False,rheumatoid_arthritis
SLC38A9,4312,0.00052,4497,0.0067,False,rheumatoid_arthritis
DTL,4313,0.00052,4783,0.00608,False,rheumatoid_arthritis
EHD2,4314,0.00052,5361,0.00409,False,rheumatoid_arthritis
CPEB1,4315,0.00052,5036,0.00537,False,rheumatoid_arthritis
TAF4,4316,0.00052,5080,0.00527,False,rheumatoid_arthritis
TYRP1,4317,0.00052,2677,0.01695,False,rheumatoid_arthritis
CHTF18,4318,0.00052,4683,0.00626,False,rheumatoid_arthritis
TYR,4319,0.00052,2692,0.01677,False,rheumatoid_arthritis
BCKDHB,4320,0.00052,4761,0.00612,False,rheumatoid_arthritis
BHLHE22,4321,0.00052,5453,0.00335,False,rheumatoid_arthritis
TSHB,4322,0.00052,4248,0.00742,False,rheumatoid_arthritis
F5H5P2_HUMAN,4323,0.00052,4310,0.00727,False,rheumatoid_arthritis
TROAP,4324,0.00052,4905,0.00574,False,rheumatoid_arthritis
TRIP4,4325,0.00052,4913,0.00572,False,rheumatoid_arthritis
SCN1A,4326,0.00052,1525,0.03398,False,rheumatoid_arthritis
TPX2,4327,0.00052,4911,0.00572,False,rheumatoid_arthritis
C3,4328,0.00052,688,0.10885,False,rheumatoid_arthritis
C7orf26,4329,0.00052,4501,0.00669,False,rheumatoid_arthritis
SDAD1,4330,0.00052,5462,0.00331,False,rheumatoid_arthritis
SEC23A,4331,0.00052,5303,0.00432,False,rheumatoid_arthritis
CACNB2,4332,0.00052,5508,0.00262,False,rheumatoid_arthritis
SEC23B,4333,0.00052,5304,0.00432,False,rheumatoid_arthritis
SEC24A,4334,0.00052,5300,0.00432,False,rheumatoid_arthritis
CALM2,4335,0.00052,802,0.07854,False,rheumatoid_arthritis
SEC24D,4336,0.00052,5305,0.00432,False,rheumatoid_arthritis
SEC31A,4337,0.00052,5301,0.00432,False,rheumatoid_arthritis
CAMK4,4338,0.00052,4726,0.00618,False,rheumatoid_arthritis
CANT1,4339,0.00052,5198,0.00481,False,rheumatoid_arthritis
SEC31B,4340,0.00052,5297,0.00432,False,rheumatoid_arthritis
CBLC,4341,0.00052,5169,0.00493,False,rheumatoid_arthritis
CDC7,4342,0.00052,4819,0.006,False,rheumatoid_arthritis
TIPIN,4343,0.00052,4581,0.00653,False,rheumatoid_arthritis
CDCA3,4344,0.00052,5251,0.00452,False,rheumatoid_arthritis
TICRR,4345,0.00052,4881,0.00586,False,rheumatoid_arthritis
CEP55,4346,0.00052,5245,0.00455,False,rheumatoid_arthritis
TEX10,4347,0.00052,5422,0.00364,False,rheumatoid_arthritis
FLCN,4348,0.00052,4765,0.00612,False,rheumatoid_arthritis
SCN2A,4349,0.00052,1449,0.03556,False,rheumatoid_arthritis
MDH2,4350,0.00052,4926,0.00567,False,rheumatoid_arthritis
MED12L,4351,0.00052,4907,0.00573,False,rheumatoid_arthritis
ME3,4352,0.00052,4462,0.00682,False,rheumatoid_arthritis
ME2,4353,0.00052,4469,0.0068,False,rheumatoid_arthritis
ME1,4354,0.00052,4456,0.00683,False,rheumatoid_arthritis
INTS7,4355,0.00052,4132,0.00771,False,rheumatoid_arthritis
MCM8,4356,0.00052,4872,0.00589,False,rheumatoid_arthritis
PCSK9,4357,0.00052,5024,0.00541,False,rheumatoid_arthritis
MC1R,4358,0.00052,2535,0.01838,False,rheumatoid_arthritis
MBTPS2,4359,0.00052,4517,0.00667,False,rheumatoid_arthritis
RAF1,4360,0.00052,5015,0.00544,False,rheumatoid_arthritis
MBTPS1,4361,0.00052,4545,0.0066,False,rheumatoid_arthritis
MBOAT7,4362,0.00052,5104,0.00517,False,rheumatoid_arthritis
HJURP,4363,0.00052,5032,0.00538,False,rheumatoid_arthritis
PDK1,4364,0.00052,4345,0.00714,False,rheumatoid_arthritis
PDK2,4365,0.00052,4378,0.00704,False,rheumatoid_arthritis
PDP2,4366,0.00052,4480,0.00676,False,rheumatoid_arthritis
PDSS1,4367,0.00052,4742,0.00615,False,rheumatoid_arthritis
PDSS2,4368,0.00052,4787,0.00606,False,rheumatoid_arthritis
MED10,4369,0.00052,4914,0.00572,False,rheumatoid_arthritis
MED21,4370,0.00052,4921,0.00569,False,rheumatoid_arthritis
NAMPT,4371,0.00052,5084,0.00524,False,rheumatoid_arthritis
H2BC11,4372,0.00052,4995,0.00548,False,rheumatoid_arthritis
NPRL3,4373,0.00052,4735,0.00616,False,rheumatoid_arthritis
MYCN,4374,0.00052,4915,0.00571,False,rheumatoid_arthritis
RIOK3,4375,0.00052,5424,0.0036,False,rheumatoid_arthritis
RGS7BP,4376,0.00052,5378,0.00396,False,rheumatoid_arthritis
RGS7,4377,0.00052,5429,0.00356,False,rheumatoid_arthritis
RGP1,4378,0.00052,4885,0.00583,False,rheumatoid_arthritis
NUS1,4379,0.00052,4784,0.00608,False,rheumatoid_arthritis
MRGBP,4380,0.00052,4148,0.00768,False,rheumatoid_arthritis
RECQL4,4381,0.00052,4816,0.006,False,rheumatoid_arthritis
MRAP2,4382,0.00052,4168,0.00762,False,rheumatoid_arthritis
MRAP,4383,0.00052,3942,0.00821,False,rheumatoid_arthritis
OGDHL,4384,0.00052,4767,0.00611,False,rheumatoid_arthritis
MORF4L2,4385,0.00052,4184,0.00758,False,rheumatoid_arthritis
ORC2,4386,0.00052,4794,0.00605,False,rheumatoid_arthritis
ORC4,4387,0.00052,4901,0.00575,False,rheumatoid_arthritis
RBMX2,4388,0.00052,5316,0.00427,False,rheumatoid_arthritis
MIOS,4389,0.00052,5302,0.00432,False,rheumatoid_arthritis
M0R3G1_HUMAN,4390,0.00052,5296,0.00432,False,rheumatoid_arthritis
LSG1,4391,0.00052,5512,0.00252,False,rheumatoid_arthritis
LPIN3,4392,0.00052,5229,0.00462,False,rheumatoid_arthritis
LPIN1,4393,0.00052,5294,0.00433,False,rheumatoid_arthritis
POLR2J,4394,0.00052,4996,0.00548,False,rheumatoid_arthritis
KCNH1-2,4395,0.00052,5494,0.00298,False,rheumatoid_arthritis
IWS1,4396,0.00052,4812,0.00601,False,rheumatoid_arthritis
INSIG1,4397,0.00052,4747,0.00614,False,rheumatoid_arthritis
INSIG2,4398,0.00052,4788,0.00606,False,rheumatoid_arthritis
INTS1,4399,0.00052,4116,0.00774,False,rheumatoid_arthritis
INTS10,4400,0.00052,4174,0.00761,False,rheumatoid_arthritis
INTS11,4401,0.00052,4123,0.00774,False,rheumatoid_arthritis
INTS12,4402,0.00052,4254,0.0074,False,rheumatoid_arthritis
INTS13,4403,0.00052,4204,0.00753,False,rheumatoid_arthritis
PRPF18,4404,0.00052,5018,0.00543,False,rheumatoid_arthritis
INTS14,4405,0.00052,4303,0.00729,False,rheumatoid_arthritis
INTS2,4406,0.00052,4133,0.00771,False,rheumatoid_arthritis
INTS9,4407,0.00052,4118,0.00774,False,rheumatoid_arthritis
INTS3,4408,0.00052,4119,0.00774,False,rheumatoid_arthritis
INTS8,4409,0.00052,4139,0.00769,False,rheumatoid_arthritis
INTS5,4410,0.00052,4117,0.00774,False,rheumatoid_arthritis
POLR2D,4411,0.00052,4858,0.00592,False,rheumatoid_arthritis
PTTG1,4412,0.00052,5002,0.00547,False,rheumatoid_arthritis
KIAA0513,4413,0.00052,4413,0.00696,False,rheumatoid_arthritis
PIP4P2,4414,0.00052,2413,0.01956,False,rheumatoid_arthritis
PHF5A,4415,0.00052,5322,0.00427,False,rheumatoid_arthritis
LDHAL6B,4416,0.00052,4472,0.00678,False,rheumatoid_arthritis
LDHAL6A,4417,0.00052,4481,0.00676,False,rheumatoid_arthritis
PIK3C2G,4418,0.00052,1495,0.0347,False,rheumatoid_arthritis
QKI,4419,0.00052,4908,0.00572,False,rheumatoid_arthritis
LAMTOR5,4420,0.00052,4499,0.0067,False,rheumatoid_arthritis
PIP4P1,4421,0.00052,2415,0.01953,False,rheumatoid_arthritis
LAMTOR4,4422,0.00052,4493,0.0067,False,rheumatoid_arthritis
KIF14,4423,0.00052,5261,0.0045,False,rheumatoid_arthritis
HSD11B2,4424,0.00052,4879,0.00586,False,rheumatoid_arthritis
KLK4,4425,0.00052,3138,0.01243,False,rheumatoid_arthritis
KIFC1,4426,0.00052,4977,0.00553,False,rheumatoid_arthritis
KIF4A,4427,0.00052,4918,0.00569,False,rheumatoid_arthritis
KIF2B,4428,0.00052,5255,0.00452,False,rheumatoid_arthritis
KIF18A,4429,0.00052,5244,0.00455,False,rheumatoid_arthritis
KIF15,4430,0.00052,4986,0.00551,False,rheumatoid_arthritis
NPRL2,4431,0.00052,4676,0.00627,False,rheumatoid_arthritis
INTS6,4432,0.00052,4122,0.00774,False,rheumatoid_arthritis
RPL3,4433,0.00052,5352,0.00412,False,rheumatoid_arthritis
RNF20,4434,0.00052,4940,0.00563,False,rheumatoid_arthritis
RPL35A,4435,0.00052,5336,0.00419,False,rheumatoid_arthritis
NOL9,4436,0.00052,5496,0.0029,False,rheumatoid_arthritis
GINS2,4437,0.00052,4588,0.00651,False,rheumatoid_arthritis
GINS3,4438,0.00052,4584,0.00652,False,rheumatoid_arthritis
FSHB,4439,0.00052,4282,0.00733,False,rheumatoid_arthritis
RPL17-C18orf32,4440,0.00052,5340,0.00417,False,rheumatoid_arthritis
GCDH,4441,0.00052,4900,0.00576,False,rheumatoid_arthritis
FNTB,4442,0.00052,4759,0.00613,False,rheumatoid_arthritis
NMRK2,4443,0.00052,5144,0.00505,False,rheumatoid_arthritis
NMRK1,4444,0.00052,5086,0.00522,False,rheumatoid_arthritis
RNF40,4445,0.00052,5076,0.00529,False,rheumatoid_arthritis
FNTA,4446,0.00052,4732,0.00616,False,rheumatoid_arthritis
NELFCD,4447,0.00052,4782,0.00609,False,rheumatoid_arthritis
NLE1,4448,0.00052,5369,0.00403,False,rheumatoid_arthritis
NELFB,4449,0.00052,4617,0.0064,False,rheumatoid_arthritis
FLT1,4450,0.00052,5484,0.00308,False,rheumatoid_arthritis
NEDD9,4451,0.00052,4932,0.00565,False,rheumatoid_arthritis
RPL28,4452,0.00052,5335,0.00419,False,rheumatoid_arthritis
FNIP2,4453,0.00052,4798,0.00604,False,rheumatoid_arthritis
GBP1,4454,0.00051,5325,0.00424,False,rheumatoid_arthritis
RPL10A,4455,0.00051,5259,0.0045,False,rheumatoid_arthritis
INPP5F,4456,0.00051,1779,0.02765,False,rheumatoid_arthritis
RPL29,4457,0.00051,5266,0.00446,False,rheumatoid_arthritis
NOL6,4458,0.00051,1545,0.03335,False,rheumatoid_arthritis
AGO3,4459,0.00051,5451,0.00339,False,rheumatoid_arthritis
ADAM22,4460,0.00051,5485,0.00307,False,rheumatoid_arthritis
SAMM50,4461,0.00051,3718,0.00897,False,rheumatoid_arthritis
SLC30A3,4462,0.00051,5434,0.00352,False,rheumatoid_arthritis
IPO8,4463,0.00051,5348,0.00414,False,rheumatoid_arthritis
HASPIN,4464,0.00051,4825,0.00598,False,rheumatoid_arthritis
PBK,4465,0.00051,5072,0.00529,False,rheumatoid_arthritis
TFCP2L1,4466,0.00051,2070,0.02333,False,rheumatoid_arthritis
PAK5,4467,0.00051,4904,0.00575,False,rheumatoid_arthritis
PAK6,4468,0.00051,4842,0.00595,False,rheumatoid_arthritis
AP1M2,4469,0.00051,5438,0.0035,False,rheumatoid_arthritis
PAK4,4470,0.00051,4840,0.00596,False,rheumatoid_arthritis
PAK3,4471,0.00051,4696,0.00624,False,rheumatoid_arthritis
ENSP00000493607,4472,0.00051,5402,0.00379,False,rheumatoid_arthritis
PAK2,4473,0.00051,4689,0.00625,False,rheumatoid_arthritis
PAK1,4474,0.00051,4713,0.00622,False,rheumatoid_arthritis
DDX18,4475,0.00051,5383,0.00393,False,rheumatoid_arthritis
LAMC2,4476,0.00051,5152,0.00502,False,rheumatoid_arthritis
LAMB3,4477,0.00051,5111,0.00515,False,rheumatoid_arthritis
TRPA1,4478,0.00051,5053,0.00533,False,rheumatoid_arthritis
TRPM6,4479,0.00051,5517,0.00243,False,rheumatoid_arthritis
TRPM8,4480,0.00051,5045,0.00535,False,rheumatoid_arthritis
MICOS10,4481,0.00051,3650,0.00925,False,rheumatoid_arthritis
AGMO,4482,0.00051,5364,0.00405,False,rheumatoid_arthritis
PSIP1,4483,0.00051,5224,0.00465,False,rheumatoid_arthritis
RPL14,4484,0.00051,5282,0.0044,False,rheumatoid_arthritis
KCTD16,4485,0.00051,5194,0.00482,False,rheumatoid_arthritis
CENPE,4486,0.00051,4746,0.00614,False,rheumatoid_arthritis
CENPF,4487,0.00051,5020,0.00542,False,rheumatoid_arthritis
INPP4A,4488,0.00051,1739,0.02836,False,rheumatoid_arthritis
EEF1G,4489,0.00051,5511,0.00254,False,rheumatoid_arthritis
CALCRL,4490,0.00051,5435,0.00351,False,rheumatoid_arthritis
CACNG8,4491,0.00051,5452,0.00338,False,rheumatoid_arthritis
CACNG7,4492,0.00051,5392,0.00382,False,rheumatoid_arthritis
CACNG5,4493,0.00051,5471,0.00324,False,rheumatoid_arthritis
CACNB4,4494,0.00051,5506,0.00266,False,rheumatoid_arthritis
TOMM22,4495,0.00051,4243,0.00743,False,rheumatoid_arthritis
SRSF2,4496,0.00051,5222,0.00468,False,rheumatoid_arthritis
TOMM40,4497,0.00051,4216,0.0075,False,rheumatoid_arthritis
SRSF6,4498,0.00051,5250,0.00453,False,rheumatoid_arthritis
TOMM5,4499,0.00051,4507,0.00668,False,rheumatoid_arthritis
TOMM7,4500,0.00051,4542,0.00661,False,rheumatoid_arthritis
TOMM70,4501,0.00051,4294,0.00731,False,rheumatoid_arthritis
TOP1,4502,0.00051,4964,0.00557,False,rheumatoid_arthritis
TOP1MT,4503,0.00051,5050,0.00534,False,rheumatoid_arthritis
TOP2B,4504,0.00051,5026,0.00541,False,rheumatoid_arthritis
INPP4B,4505,0.00051,1747,0.02818,False,rheumatoid_arthritis
PSMB9,4506,0.00051,5241,0.00458,False,rheumatoid_arthritis
SRSF5,4507,0.00051,5284,0.00439,False,rheumatoid_arthritis
SHISA9,4508,0.00051,5414,0.00368,False,rheumatoid_arthritis
NDC80,4509,0.00051,4730,0.00617,False,rheumatoid_arthritis
GCKR,4510,0.00051,5346,0.00414,False,rheumatoid_arthritis
ADAMTS13,4511,0.00051,5441,0.00348,False,rheumatoid_arthritis
SRSF4,4512,0.00051,5248,0.00454,False,rheumatoid_arthritis
IRF2,4513,0.00051,5029,0.00539,False,rheumatoid_arthritis
MICOS13,4514,0.00051,3646,0.00927,False,rheumatoid_arthritis
ERBB2,4515,0.00051,725,0.09674,False,rheumatoid_arthritis
SEC61B,4516,0.00051,5528,0.0021,False,rheumatoid_arthritis
RINT1,4517,0.00051,5515,0.00246,False,rheumatoid_arthritis
NGF,4518,0.00051,5311,0.0043,False,rheumatoid_arthritis
NCAPG,4519,0.00051,5037,0.00536,False,rheumatoid_arthritis
DDX55,4520,0.00051,5399,0.00379,False,rheumatoid_arthritis
NUDCD1,4521,0.00051,5521,0.00223,False,rheumatoid_arthritis
SURF4,4522,0.00051,5509,0.00262,False,rheumatoid_arthritis
ATP6V1G3,4523,0.00051,5386,0.00389,False,rheumatoid_arthritis
CHCHD10,4524,0.00051,3680,0.00912,False,rheumatoid_arthritis
ATP5F1B,4525,0.00051,5339,0.00418,False,rheumatoid_arthritis
COLGALT2,4526,0.00051,2556,0.01809,False,rheumatoid_arthritis
GNL3,4527,0.00051,5405,0.00377,False,rheumatoid_arthritis
NSUN6,4528,0.00051,5406,0.00376,False,rheumatoid_arthritis
DNAJC11,4529,0.00051,3902,0.00837,False,rheumatoid_arthritis
ASPM,4530,0.00051,4954,0.00559,False,rheumatoid_arthritis
PRR15L,4531,0.00051,5530,0.00208,False,rheumatoid_arthritis
APOOL,4532,0.00051,3638,0.00928,False,rheumatoid_arthritis
ASIC3,4533,0.00051,5351,0.00412,False,rheumatoid_arthritis
ARPIN-AP3S2,4534,0.00051,5360,0.00409,False,rheumatoid_arthritis
MTX1,4535,0.00051,3805,0.00871,False,rheumatoid_arthritis
ARPIN,4536,0.00051,5420,0.00365,False,rheumatoid_arthritis
MTX2,4537,0.00051,3672,0.00916,False,rheumatoid_arthritis
MTX3,4538,0.00051,4145,0.00768,False,rheumatoid_arthritis
NACA,4539,0.00051,5227,0.00463,False,rheumatoid_arthritis
GIT2,4540,0.00051,4699,0.00624,False,rheumatoid_arthritis
SCRIB,4541,0.00051,4703,0.00624,False,rheumatoid_arthritis
UTP18,4542,0.00051,1550,0.03323,False,rheumatoid_arthritis
VAC14,4543,0.00051,5288,0.00437,False,rheumatoid_arthritis
ARHGEF6,4544,0.00051,4727,0.00618,False,rheumatoid_arthritis
ARHGEF12,4545,0.00051,4845,0.00594,False,rheumatoid_arthritis
GIT1,4546,0.00051,4687,0.00625,False,rheumatoid_arthritis
CNST,4547,0.00051,5347,0.00414,False,rheumatoid_arthritis
SMN1,4548,0.00051,5513,0.00252,False,rheumatoid_arthritis
PLEKHA1,4549,0.00051,5447,0.00344,False,rheumatoid_arthritis
CNIH2,4550,0.00051,5433,0.00352,False,rheumatoid_arthritis
CHCHD2,4551,0.00051,4017,0.00801,False,rheumatoid_arthritis
AP1S3,4552,0.00051,5463,0.0033,False,rheumatoid_arthritis
SPDYA,4553,0.00051,5272,0.00444,False,rheumatoid_arthritis
MOGAT2,4554,0.00051,5395,0.0038,False,rheumatoid_arthritis
CHCHD3,4555,0.00051,3642,0.00928,False,rheumatoid_arthritis
CHCHD5,4556,0.00051,4255,0.0074,False,rheumatoid_arthritis
BET1,4557,0.00051,5532,0.00207,False,rheumatoid_arthritis
ORC5,4558,0.00051,5404,0.00377,False,rheumatoid_arthritis
VSNL1,4559,0.00051,2491,0.01879,False,rheumatoid_arthritis
ORC3,4560,0.00051,5403,0.00378,False,rheumatoid_arthritis
ERV3-1,4561,0.00051,5368,0.00403,False,rheumatoid_arthritis
RCC2,4562,0.00051,4766,0.00612,False,rheumatoid_arthritis
ERVFRD-1,4563,0.00051,5370,0.00403,False,rheumatoid_arthritis
NOP2,4564,0.00051,5387,0.00388,False,rheumatoid_arthritis
IPO11,4565,0.00051,5239,0.00459,False,rheumatoid_arthritis
GRIK4,4566,0.00051,5407,0.00376,False,rheumatoid_arthritis
MRPS22,4567,0.00051,5502,0.00273,False,rheumatoid_arthritis
APOO,4568,0.00051,3640,0.00928,False,rheumatoid_arthritis
NCK2,4569,0.00051,5125,0.0051,False,rheumatoid_arthritis
G6PC2,4570,0.00051,5323,0.00426,False,rheumatoid_arthritis
NUSAP1,4571,0.00051,4943,0.00561,False,rheumatoid_arthritis
OLFM2,4572,0.00051,5468,0.00326,False,rheumatoid_arthritis
FIG4,4573,0.00051,1715,0.02891,False,rheumatoid_arthritis
VPS41,4574,0.00051,5472,0.00323,False,rheumatoid_arthritis
PLOD3,4575,0.00051,2558,0.01806,False,rheumatoid_arthritis
RPL38,4576,0.00051,5265,0.00446,False,rheumatoid_arthritis
PUM3,4577,0.0005,5488,0.00301,False,rheumatoid_arthritis
POM121,4578,0.0005,5507,0.00262,False,rheumatoid_arthritis
KCNJ4,4579,0.0005,1465,0.03529,False,rheumatoid_arthritis
CLINT1,4580,0.0005,3146,0.01233,False,rheumatoid_arthritis
AGFG2,4581,0.0005,5385,0.0039,False,rheumatoid_arthritis
ITSN2,4582,0.0005,5214,0.00472,False,rheumatoid_arthritis
STAU1,4583,0.0005,5253,0.00452,False,rheumatoid_arthritis
CEBPZ,4584,0.0005,5481,0.00311,False,rheumatoid_arthritis
KCNJ12,4585,0.0005,1462,0.03531,False,rheumatoid_arthritis
NECAP1,4586,0.0005,5408,0.00374,False,rheumatoid_arthritis
SMYD1,4587,0.0005,5503,0.00271,False,rheumatoid_arthritis
TGOLN2,4588,0.0005,5412,0.0037,False,rheumatoid_arthritis
CEP250,4589,0.0005,5254,0.00452,False,rheumatoid_arthritis
RRP9,4590,0.0005,1528,0.0339,False,rheumatoid_arthritis
YJU2,4591,0.0005,5397,0.0038,False,rheumatoid_arthritis
SUGP1,4592,0.0005,5437,0.00351,False,rheumatoid_arthritis
COPG2,4593,0.0005,1181,0.04397,False,rheumatoid_arthritis
TFIP11,4594,0.0005,5436,0.00351,False,rheumatoid_arthritis
ZMAT2,4595,0.0005,5458,0.00333,False,rheumatoid_arthritis
PPP4R1,4596,0.0005,5516,0.00246,False,rheumatoid_arthritis
CD163,4597,0.0005,5483,0.0031,False,rheumatoid_arthritis
KCTD5,4598,0.0005,5442,0.00348,False,rheumatoid_arthritis
DYRK1A,4599,0.0005,5354,0.00411,False,rheumatoid_arthritis
BMPR1B,4600,0.0005,5226,0.00463,False,rheumatoid_arthritis
EPN1,4601,0.0005,5221,0.00468,False,rheumatoid_arthritis
RBM10,4602,0.0005,5439,0.0035,False,rheumatoid_arthritis
RBM17,4603,0.0005,1863,0.02662,False,rheumatoid_arthritis
LILRA4,4604,0.0005,5141,0.00505,False,rheumatoid_arthritis
RBM22,4605,0.0005,5398,0.0038,False,rheumatoid_arthritis
RBM28,4606,0.0005,5490,0.003,False,rheumatoid_arthritis
DDX23,4607,0.0005,5341,0.00417,False,rheumatoid_arthritis
GEMIN2,4608,0.0005,5466,0.00329,False,rheumatoid_arthritis
NOP53,4609,0.0005,5486,0.00306,False,rheumatoid_arthritis
TXNL4A,4610,0.0005,5457,0.00334,False,rheumatoid_arthritis
NCOA5,4611,0.0005,5233,0.00459,False,rheumatoid_arthritis
DDX27,4612,0.0005,5476,0.00317,False,rheumatoid_arthritis
GPER1,4613,0.0005,5215,0.00472,False,rheumatoid_arthritis
NUP50,4614,0.0005,5499,0.00278,False,rheumatoid_arthritis
GPATCH2,4615,0.0005,5443,0.00347,False,rheumatoid_arthritis
AAGAB,4616,0.0005,5469,0.00325,False,rheumatoid_arthritis
NTSR2,4617,0.0005,5440,0.00349,False,rheumatoid_arthritis
AUTS2,4618,0.0005,5126,0.00509,False,rheumatoid_arthritis
MT2A,4619,0.0005,5500,0.00274,False,rheumatoid_arthritis
DDX56,4620,0.0005,5489,0.00301,False,rheumatoid_arthritis
GLMN,4621,0.0005,5270,0.00445,False,rheumatoid_arthritis
ARFGAP2,4622,0.0005,1258,0.04113,False,rheumatoid_arthritis
P2RY11,4623,0.0005,5393,0.00381,False,rheumatoid_arthritis
CADPS2,4624,0.0005,5009,0.00545,False,rheumatoid_arthritis
PRPF39,4625,0.0005,5375,0.00398,False,rheumatoid_arthritis
LMAN1,4626,0.0005,5467,0.00329,False,rheumatoid_arthritis
LSM1,4627,0.0005,5454,0.00335,False,rheumatoid_arthritis
LSM10,4628,0.0005,5479,0.00312,False,rheumatoid_arthritis
ITGAE,4629,0.0005,5006,0.00546,False,rheumatoid_arthritis
GJC3,4630,0.0005,5495,0.00292,False,rheumatoid_arthritis
ITGA11,4631,0.0005,5109,0.00515,False,rheumatoid_arthritis
ITGA10,4632,0.0005,5103,0.00518,False,rheumatoid_arthritis
EIF4E,4633,0.0005,5211,0.00472,False,rheumatoid_arthritis
EIF4G1,4634,0.0005,5182,0.00486,False,rheumatoid_arthritis
ARFGAP3,4635,0.0005,1280,0.0404,False,rheumatoid_arthritis
APOD,4636,0.0005,5475,0.00318,False,rheumatoid_arthritis
CWC15,4637,0.0005,5396,0.0038,False,rheumatoid_arthritis
SHPK,4638,0.0005,2632,0.0174,False,rheumatoid_arthritis
CWC22,4639,0.0005,5400,0.00379,False,rheumatoid_arthritis
IRX5,4640,0.0005,5423,0.00362,False,rheumatoid_arthritis
IRX1,4641,0.0005,5460,0.00333,False,rheumatoid_arthritis
AQR,4642,0.0005,5401,0.00379,False,rheumatoid_arthritis
C1R,4643,0.0005,483,0.20051,False,rheumatoid_arthritis
SNU13,4644,0.0005,5456,0.00334,False,rheumatoid_arthritis
ACSBG1,4645,0.00049,3882,0.00844,False,rheumatoid_arthritis
KCNK3,4646,0.00049,5523,0.00213,False,rheumatoid_arthritis
RPS3A,4647,0.00049,5519,0.00228,False,rheumatoid_arthritis
SYNJ2,4648,0.00049,5283,0.00439,False,rheumatoid_arthritis
STK17B,4649,0.00049,5268,0.00445,False,rheumatoid_arthritis
KCNH6,4650,0.00049,1165,0.04462,False,rheumatoid_arthritis
STK17A,4651,0.00049,5242,0.00456,False,rheumatoid_arthritis
FOLR2,4652,0.00049,5455,0.00335,False,rheumatoid_arthritis
PPT2,4653,0.00049,3556,0.00969,False,rheumatoid_arthritis
DAPK3,4654,0.00049,4891,0.00579,False,rheumatoid_arthritis
JAM2,4655,0.00049,5065,0.00531,False,rheumatoid_arthritis
ABCG1,4656,0.00049,5173,0.00489,False,rheumatoid_arthritis
SNRNP40,4657,0.00049,5482,0.0031,False,rheumatoid_arthritis
DAPK2,4658,0.00049,4930,0.00566,False,rheumatoid_arthritis
FLI1,4659,0.00049,3862,0.0085,False,rheumatoid_arthritis
ACSBG2,4660,0.00049,3826,0.00863,False,rheumatoid_arthritis
ENPEP,4661,0.00049,5518,0.00235,False,rheumatoid_arthritis
NIFK,4662,0.00049,1787,0.02753,False,rheumatoid_arthritis
CD93,4663,0.00049,5427,0.00358,False,rheumatoid_arthritis
CD47,4664,0.00049,163,0.33621,False,rheumatoid_arthritis
KDM1A,4665,0.00049,1613,0.03101,False,rheumatoid_arthritis
CAV1,4666,0.00049,788,0.08157,False,rheumatoid_arthritis
MAPK6,4667,0.00049,5096,0.0052,False,rheumatoid_arthritis
MAPKAPK5,4668,0.00049,5074,0.00529,False,rheumatoid_arthritis
TPP1,4669,0.00049,3489,0.00999,False,rheumatoid_arthritis
RPL11,4670,0.00049,836,0.07382,False,rheumatoid_arthritis
ACSL5,4671,0.00049,3813,0.00867,False,rheumatoid_arthritis
MECR,4672,0.00049,3596,0.00947,False,rheumatoid_arthritis
PAM,4673,0.00049,4506,0.00668,False,rheumatoid_arthritis
MFSD8,4674,0.00049,3607,0.00942,False,rheumatoid_arthritis
BET1L,4675,0.00049,5538,0.00179,False,rheumatoid_arthritis
NCOA1,4676,0.00049,712,0.10034,False,rheumatoid_arthritis
ATP6V1C2,4677,0.00049,1489,0.03489,False,rheumatoid_arthritis
VPS35,4678,0.00049,1388,0.03695,False,rheumatoid_arthritis
ARHGAP31,4679,0.00049,4888,0.00582,False,rheumatoid_arthritis
ACSL6,4680,0.00049,3842,0.00857,False,rheumatoid_arthritis
AIF1,4681,0.00049,5432,0.00352,False,rheumatoid_arthritis
CLCN6,4682,0.00049,4215,0.0075,False,rheumatoid_arthritis
CLN3,4683,0.00049,3442,0.0103,False,rheumatoid_arthritis
ACSL1,4684,0.00049,3807,0.0087,False,rheumatoid_arthritis
ACSL4,4685,0.00049,3847,0.00855,False,rheumatoid_arthritis
CLN8,4686,0.00049,3470,0.0101,False,rheumatoid_arthritis
ACSL3,4687,0.00049,3863,0.0085,False,rheumatoid_arthritis
CLN6,4688,0.00049,3455,0.01019,False,rheumatoid_arthritis
CLN5,4689,0.00049,3452,0.01021,False,rheumatoid_arthritis
AATF,4690,0.00048,5537,0.00182,False,rheumatoid_arthritis
KCNK5,4691,0.00048,5425,0.00359,False,rheumatoid_arthritis
TSPOAP1,4692,0.00048,4069,0.00787,False,rheumatoid_arthritis
CNTROB,4693,0.00048,3820,0.00866,False,rheumatoid_arthritis
IPO5,4694,0.00048,5167,0.00494,False,rheumatoid_arthritis
PMF1-BGLAP,4695,0.00048,4201,0.00754,False,rheumatoid_arthritis
SYNRG,4696,0.00048,5531,0.00207,False,rheumatoid_arthritis
C1GALT1,4697,0.00048,4809,0.00602,False,rheumatoid_arthritis
C2CD3,4698,0.00048,3934,0.00824,False,rheumatoid_arthritis
DBI,4699,0.00048,4266,0.00738,False,rheumatoid_arthritis
SPICE1,4700,0.00048,3203,0.01193,False,rheumatoid_arthritis
IPO4,4701,0.00048,5275,0.00444,False,rheumatoid_arthritis
PCDH19,4702,0.00048,5474,0.00319,False,rheumatoid_arthritis
IPO13,4703,0.00048,5390,0.00384,False,rheumatoid_arthritis
DDX49,4704,0.00048,5534,0.0019,False,rheumatoid_arthritis
BAIAP2L2,4705,0.00048,5522,0.00213,False,rheumatoid_arthritis
NUMBL,4706,0.00048,3109,0.0127,False,rheumatoid_arthritis
NCALD,4707,0.00048,5480,0.00312,False,rheumatoid_arthritis
CNTLN,4708,0.00048,3651,0.00924,False,rheumatoid_arthritis
ATAD3A,4709,0.00048,5012,0.00544,False,rheumatoid_arthritis
UPRT,4710,0.00048,4826,0.00598,False,rheumatoid_arthritis
USP10,4711,0.00048,3969,0.00812,False,rheumatoid_arthritis
TACC1,4712,0.00048,3541,0.00973,False,rheumatoid_arthritis
NAGA,4713,0.00048,4922,0.00569,False,rheumatoid_arthritis
VDAC3,4714,0.00048,4197,0.00755,False,rheumatoid_arthritis
NAGPA,4715,0.00048,1303,0.03959,False,rheumatoid_arthritis
TBC1D5,4716,0.00048,3770,0.0088,False,rheumatoid_arthritis
NOL11,4717,0.00048,5535,0.00186,False,rheumatoid_arthritis
PCNT,4718,0.00048,3467,0.01012,False,rheumatoid_arthritis
CDIPT,4719,0.00048,1389,0.03689,False,rheumatoid_arthritis
TCF25,4720,0.00048,4839,0.00596,False,rheumatoid_arthritis
KCNE4,4721,0.00048,1899,0.02605,False,rheumatoid_arthritis
PLAC8,4722,0.00048,1305,0.03959,False,rheumatoid_arthritis
KPNB1,4723,0.00048,5017,0.00543,False,rheumatoid_arthritis
CRMP1,4724,0.00048,5234,0.00459,False,rheumatoid_arthritis
KRR1,4725,0.00048,1126,0.04571,False,rheumatoid_arthritis
KCNH8,4726,0.00048,1304,0.03959,False,rheumatoid_arthritis
CEP192,4727,0.00048,3990,0.00807,False,rheumatoid_arthritis
CEP164,4728,0.00048,3811,0.00869,False,rheumatoid_arthritis
CEP135,4729,0.00048,3714,0.00898,False,rheumatoid_arthritis
CENPJ,4730,0.00048,3608,0.00941,False,rheumatoid_arthritis
PIK3C3,4731,0.00048,1479,0.03511,False,rheumatoid_arthritis
AGMAT,4732,0.00048,4020,0.00799,False,rheumatoid_arthritis
TJP2,4733,0.00048,4953,0.00559,False,rheumatoid_arthritis
PMF1,4734,0.00048,4195,0.00756,False,rheumatoid_arthritis
KCNIP1,4735,0.00048,1710,0.02897,False,rheumatoid_arthritis
VPS26B,4736,0.00048,3585,0.00953,False,rheumatoid_arthritis
SRSF3,4737,0.00048,2639,0.01727,False,rheumatoid_arthritis
PNP,4738,0.00048,4471,0.00679,False,rheumatoid_arthritis
WNT5A,4739,0.00048,2996,0.0137,False,rheumatoid_arthritis
NDUFAF3,4740,0.00048,1946,0.02531,False,rheumatoid_arthritis
WNT11,4741,0.00048,3237,0.0117,False,rheumatoid_arthritis
WLS,4742,0.00048,3703,0.009,False,rheumatoid_arthritis
POC5,4743,0.00048,3848,0.00855,False,rheumatoid_arthritis
KCNIP4,4744,0.00048,1741,0.02829,False,rheumatoid_arthritis
TNPO2,4745,0.00048,5249,0.00453,False,rheumatoid_arthritis
WDR37,4746,0.00048,1302,0.03959,False,rheumatoid_arthritis
AOC1,4747,0.00048,4065,0.00788,False,rheumatoid_arthritis
VPS29,4748,0.00048,3501,0.00996,False,rheumatoid_arthritis
KIAA0586,4749,0.00048,3429,0.01038,False,rheumatoid_arthritis
SLC30A6,4750,0.00048,3485,0.01003,False,rheumatoid_arthritis
GBGT1,4751,0.00048,4853,0.00593,False,rheumatoid_arthritis
SLC39A2,4752,0.00048,3537,0.00975,False,rheumatoid_arthritis
SLC39A14,4753,0.00048,3534,0.00978,False,rheumatoid_arthritis
SLC39A13,4754,0.00048,3396,0.0106,False,rheumatoid_arthritis
SMS,4755,0.00048,4709,0.00623,False,rheumatoid_arthritis
FAM189A2,4756,0.00048,4682,0.00626,False,rheumatoid_arthritis
GPR78,4757,0.00048,1299,0.03959,False,rheumatoid_arthritis
SLC39A12,4758,0.00048,3450,0.01022,False,rheumatoid_arthritis
HAL,4759,0.00048,4970,0.00555,False,rheumatoid_arthritis
SLC39A10,4760,0.00048,3476,0.01009,False,rheumatoid_arthritis
SLC12A2,4761,0.00048,5421,0.00365,False,rheumatoid_arthritis
HNRNPM,4762,0.00048,2456,0.01917,False,rheumatoid_arthritis
SLC39A1,4763,0.00048,3368,0.01077,False,rheumatoid_arthritis
SLC30A1,4764,0.00048,3547,0.00972,False,rheumatoid_arthritis
FZD8,4765,0.00048,3383,0.01066,False,rheumatoid_arthritis
SLC39A3,4766,0.00048,3453,0.01019,False,rheumatoid_arthritis
SLC39A4,4767,0.00048,3693,0.00906,False,rheumatoid_arthritis
ROR1,4768,0.00048,3125,0.01255,False,rheumatoid_arthritis
SMOX,4769,0.00048,4402,0.00699,False,rheumatoid_arthritis
GLYATL1,4770,0.00048,4600,0.00647,False,rheumatoid_arthritis
SASS6,4771,0.00048,4071,0.00786,False,rheumatoid_arthritis
SLC30A5,4772,0.00048,3563,0.00965,False,rheumatoid_arthritis
SLC39A5,4773,0.00048,3477,0.01008,False,rheumatoid_arthritis
SLC39A6,4774,0.00048,3463,0.01013,False,rheumatoid_arthritis
SLC39A8,4775,0.00048,3629,0.00931,False,rheumatoid_arthritis
SLC39A9,4776,0.00048,3276,0.01152,False,rheumatoid_arthritis
DNTTIP2,4777,0.00048,5536,0.00183,False,rheumatoid_arthritis
SLC25A31,4778,0.00048,4289,0.00732,False,rheumatoid_arthritis
SERPINE2,4779,0.00048,3999,0.00805,False,rheumatoid_arthritis
SLC25A4,4780,0.00048,4279,0.00734,False,rheumatoid_arthritis
SLC25A5,4781,0.00048,4256,0.0074,False,rheumatoid_arthritis
SLC25A6,4782,0.00048,4245,0.00743,False,rheumatoid_arthritis
FZD7,4783,0.00048,3376,0.0107,False,rheumatoid_arthritis
PTPRN2,4784,0.00048,1301,0.03959,False,rheumatoid_arthritis
SNX17,4785,0.00048,4284,0.00732,False,rheumatoid_arthritis
FZD1,4786,0.00048,3157,0.01224,False,rheumatoid_arthritis
SNX6,4787,0.00048,3516,0.00985,False,rheumatoid_arthritis
H1-0,4788,0.00048,5293,0.00433,False,rheumatoid_arthritis
SNX5,4789,0.00048,3588,0.00951,False,rheumatoid_arthritis
FZD5,4790,0.00048,3349,0.01091,False,rheumatoid_arthritis
SNX4,4791,0.00048,4494,0.0067,False,rheumatoid_arthritis
FZD2,4792,0.00048,3307,0.01132,False,rheumatoid_arthritis
SNX27,4793,0.00048,3698,0.00902,False,rheumatoid_arthritis
SNX2,4794,0.00048,3923,0.00831,False,rheumatoid_arthritis
SNX8,4795,0.00048,4130,0.00771,False,rheumatoid_arthritis
FZD10,4796,0.00048,3508,0.0099,False,rheumatoid_arthritis
SNX1,4797,0.00048,3914,0.00833,False,rheumatoid_arthritis
SLC30A4,4798,0.00048,3570,0.00961,False,rheumatoid_arthritis
SLC30A9,4799,0.00048,3382,0.01066,False,rheumatoid_arthritis
SNX12,4800,0.00048,3618,0.00937,False,rheumatoid_arthritis
SLC30A7,4801,0.00048,3386,0.01063,False,rheumatoid_arthritis
TRIM50,4802,0.00047,4624,0.00639,False,rheumatoid_arthritis
EXOC4,4803,0.00047,5362,0.00407,False,rheumatoid_arthritis
LIMK1,4804,0.00047,4570,0.00655,False,rheumatoid_arthritis
PPP1CB,4805,0.00047,2089,0.02319,False,rheumatoid_arthritis
PDGFB,4806,0.00047,5089,0.00521,False,rheumatoid_arthritis
NSUN5,4807,0.00047,4693,0.00625,False,rheumatoid_arthritis
PRDM16,4808,0.00047,4701,0.00624,False,rheumatoid_arthritis
SAT2,4809,0.00047,3918,0.00831,False,rheumatoid_arthritis
EIF4H,4810,0.00047,4824,0.00598,False,rheumatoid_arthritis
PGRMC1,4811,0.00047,5280,0.00442,False,rheumatoid_arthritis
DXO,4812,0.00047,5520,0.00226,False,rheumatoid_arthritis
PDGFD,4813,0.00047,5091,0.00521,False,rheumatoid_arthritis
AP2A2,4814,0.00047,1148,0.04512,False,rheumatoid_arthritis
CD63,4815,0.00047,2334,0.02046,False,rheumatoid_arthritis
PPP1CC,4816,0.00047,2009,0.02394,False,rheumatoid_arthritis
PPP1CA,4817,0.00047,2154,0.02248,False,rheumatoid_arthritis
SNRPF,4818,0.00047,1028,0.05286,False,rheumatoid_arthritis
RCVRN,4819,0.00047,5504,0.0027,False,rheumatoid_arthritis
HMCN1,4820,0.00047,5533,0.00206,False,rheumatoid_arthritis
PICALM,4821,0.00047,1402,0.03667,False,rheumatoid_arthritis
C1QB,4822,0.00047,410,0.2318,False,rheumatoid_arthritis
PDGFC,4823,0.00047,5092,0.00521,False,rheumatoid_arthritis
FBXO38,4824,0.00047,5356,0.00411,False,rheumatoid_arthritis
MPHOSPH10,4825,0.00047,1243,0.04168,False,rheumatoid_arthritis
ODC1,4826,0.00047,3904,0.00836,False,rheumatoid_arthritis
MTMR10,4827,0.00047,784,0.08219,False,rheumatoid_arthritis
SRM,4828,0.00047,3940,0.00822,False,rheumatoid_arthritis
PAOX,4829,0.00047,3900,0.00838,False,rheumatoid_arthritis
PDGFA,4830,0.00047,5090,0.00521,False,rheumatoid_arthritis
TBL2,4831,0.00047,4299,0.0073,False,rheumatoid_arthritis
LDHC,4832,0.00047,5510,0.0026,False,rheumatoid_arthritis
BAZ1B,4833,0.00047,4461,0.00683,False,rheumatoid_arthritis
BCL7B,4834,0.00047,4663,0.00631,False,rheumatoid_arthritis
TEX35,4835,0.00046,4983,0.00552,False,rheumatoid_arthritis
NCOR1,4836,0.00046,601,0.14449,False,rheumatoid_arthritis
BLOC1S1,4837,0.00046,4156,0.00766,False,rheumatoid_arthritis
BLOC1S2,4838,0.00046,4167,0.00763,False,rheumatoid_arthritis
UGGT1,4839,0.00046,3611,0.00939,False,rheumatoid_arthritis
HPS1,4840,0.00046,5115,0.00514,False,rheumatoid_arthritis
ATRN,4841,0.00046,4684,0.00626,False,rheumatoid_arthritis
STT3B,4842,0.00046,3754,0.00886,False,rheumatoid_arthritis
RALY,4843,0.00046,4832,0.00597,False,rheumatoid_arthritis
DEFB103B,4844,0.00046,4942,0.00563,False,rheumatoid_arthritis
BLOC1S4,4845,0.00046,4169,0.00762,False,rheumatoid_arthritis
SLC24A4,4846,0.00046,2821,0.01568,False,rheumatoid_arthritis
GYS2,4847,0.00046,4737,0.00616,False,rheumatoid_arthritis
MC3R,4848,0.00046,4960,0.00558,False,rheumatoid_arthritis
MT-ND6,4849,0.00046,5544,0.00031,False,rheumatoid_arthritis
DNAJC10,4850,0.00046,3495,0.00997,False,rheumatoid_arthritis
PPP1R3C,4851,0.00046,3758,0.00885,False,rheumatoid_arthritis
STBD1,4852,0.00046,4008,0.00802,False,rheumatoid_arthritis
ACER2,4853,0.00046,5492,0.00298,False,rheumatoid_arthritis
GYG2,4854,0.00046,4666,0.0063,False,rheumatoid_arthritis
AGL,4855,0.00046,4170,0.00762,False,rheumatoid_arthritis
TRIM69,4856,0.00046,5185,0.00484,False,rheumatoid_arthritis
NHLRC1,4857,0.00046,3711,0.00898,False,rheumatoid_arthritis
UQCRC1,4858,0.00046,509,0.18459,False,rheumatoid_arthritis
PYGB,4859,0.00046,4651,0.00632,False,rheumatoid_arthritis
CCNB1,4860,0.00046,785,0.08209,False,rheumatoid_arthritis
EEF1E1,4861,0.00046,4728,0.00617,False,rheumatoid_arthritis
AMY1B,4862,0.00046,4912,0.00572,False,rheumatoid_arthritis
MOGS,4863,0.00046,3568,0.00964,False,rheumatoid_arthritis
AGRP,4864,0.00046,4707,0.00623,False,rheumatoid_arthritis
EDEM1,4865,0.00046,3121,0.01257,False,rheumatoid_arthritis
SNAPIN,4866,0.00046,4159,0.00765,False,rheumatoid_arthritis
GYG1,4867,0.00046,4598,0.00649,False,rheumatoid_arthritis
BCAS4,4868,0.00046,4452,0.00684,False,rheumatoid_arthritis
EPM2AIP1,4869,0.00046,3935,0.00824,False,rheumatoid_arthritis
PPP1R3D,4870,0.00046,4754,0.00614,False,rheumatoid_arthritis
NSRP1,4871,0.00046,1564,0.03278,False,rheumatoid_arthritis
WDR12,4872,0.00046,1447,0.03566,False,rheumatoid_arthritis
KCNMB3,4873,0.00045,4822,0.006,False,rheumatoid_arthritis
VAPB,4874,0.00045,3466,0.01012,False,rheumatoid_arthritis
KCNU1,4875,0.00045,4780,0.00609,False,rheumatoid_arthritis
KCNJ2,4876,0.00045,1196,0.04349,False,rheumatoid_arthritis
ARFGAP1,4877,0.00045,5464,0.0033,False,rheumatoid_arthritis
MT-ND5,4878,0.00045,1972,0.02487,False,rheumatoid_arthritis
ADAMTS10,4879,0.00045,4925,0.00567,False,rheumatoid_arthritis
ADAMTSL5,4880,0.00045,4681,0.00626,False,rheumatoid_arthritis
KCNN3,4881,0.00045,4725,0.00618,False,rheumatoid_arthritis
KCNN1,4882,0.00045,4718,0.0062,False,rheumatoid_arthritis
MFAP2,4883,0.00045,4085,0.00784,False,rheumatoid_arthritis
KCNMB1,4884,0.00045,4733,0.00616,False,rheumatoid_arthritis
MFAP3,4885,0.00045,5098,0.0052,False,rheumatoid_arthritis
KCNMB4,4886,0.00045,4711,0.00622,False,rheumatoid_arthritis
SF3A2,4887,0.00045,1351,0.0379,False,rheumatoid_arthritis
FBN3,4888,0.00045,5063,0.00532,False,rheumatoid_arthritis
LCT,4889,0.00045,5030,0.00539,False,rheumatoid_arthritis
CDC20,4890,0.00045,821,0.07603,False,rheumatoid_arthritis
MYH3,4891,0.00045,4957,0.00558,False,rheumatoid_arthritis
NDUFB2,4892,0.00045,2469,0.01901,False,rheumatoid_arthritis
LRP5,4893,0.00045,2518,0.01856,False,rheumatoid_arthritis
PCDH15,4894,0.00045,5529,0.00209,False,rheumatoid_arthritis
UQCR10,4895,0.00045,1199,0.04345,False,rheumatoid_arthritis
MFAP5,4896,0.00045,4200,0.00755,False,rheumatoid_arthritis
ENSP00000483415,4897,0.00045,5151,0.00503,False,rheumatoid_arthritis
SPHK1,4898,0.00045,979,0.05665,False,rheumatoid_arthritis
ARHGAP21,4899,0.00044,4295,0.00731,False,rheumatoid_arthritis
DVL3,4900,0.00044,3527,0.00981,False,rheumatoid_arthritis
KCNE3,4901,0.00044,1483,0.03496,False,rheumatoid_arthritis
ACAD9,4902,0.00044,5540,0.00081,False,rheumatoid_arthritis
ECSIT,4903,0.00044,5542,0.00081,False,rheumatoid_arthritis
EVPL,4904,0.00044,5312,0.0043,False,rheumatoid_arthritis
MTMR4,4905,0.00044,5394,0.0038,False,rheumatoid_arthritis
DAAM1,4906,0.00044,4400,0.007,False,rheumatoid_arthritis
BMP4,4907,0.00044,4175,0.00761,False,rheumatoid_arthritis
FGFR3,4908,0.00044,4544,0.0066,False,rheumatoid_arthritis
CELSR1,4909,0.00044,4213,0.00751,False,rheumatoid_arthritis
BMP7,4910,0.00044,4568,0.00656,False,rheumatoid_arthritis
RAB11B,4911,0.00044,2755,0.01617,False,rheumatoid_arthritis
VANGL1,4912,0.00044,3490,0.00999,False,rheumatoid_arthritis
FGFR2,4913,0.00044,4553,0.00658,False,rheumatoid_arthritis
PHLDB2,4914,0.00044,4409,0.00696,False,rheumatoid_arthritis
TMEM126B,4915,0.00044,5541,0.00081,False,rheumatoid_arthritis
NDUFAF4,4916,0.00044,5543,0.00081,False,rheumatoid_arthritis
ANKRD6,4917,0.00044,3941,0.00821,False,rheumatoid_arthritis
PAX9,4918,0.00044,4463,0.00682,False,rheumatoid_arthritis
DLX5,4919,0.00044,3861,0.00851,False,rheumatoid_arthritis
GJB3,4920,0.00044,5461,0.00333,False,rheumatoid_arthritis
AMIGO1,4921,0.00044,5514,0.0025,False,rheumatoid_arthritis
ETF1,4922,0.00044,4856,0.00592,False,rheumatoid_arthritis
DVL2,4923,0.00044,3521,0.00983,False,rheumatoid_arthritis
IBSP,4924,0.00044,4729,0.00617,False,rheumatoid_arthritis
TWIST1,4925,0.00044,3856,0.00852,False,rheumatoid_arthritis
DSG1,4926,0.00044,5155,0.00501,False,rheumatoid_arthritis
GSPT1,4927,0.00044,5108,0.00515,False,rheumatoid_arthritis
DSG3,4928,0.00044,5077,0.00529,False,rheumatoid_arthritis
DHX34,4929,0.00044,5163,0.00498,False,rheumatoid_arthritis
DSP,4930,0.00044,5285,0.00437,False,rheumatoid_arthritis
TNNI3,4931,0.00043,4615,0.00641,False,rheumatoid_arthritis
TGFBR1,4932,0.00043,230,0.309,False,rheumatoid_arthritis
L3MBTL3,4933,0.00043,1003,0.05439,False,rheumatoid_arthritis
CALHM1,4934,0.00043,5154,0.00501,False,rheumatoid_arthritis
CACNA1H,4935,0.00043,5465,0.0033,False,rheumatoid_arthritis
IGFBP3,4936,0.00043,4511,0.00667,False,rheumatoid_arthritis
FAM49B,4937,0.00043,5116,0.00513,False,rheumatoid_arthritis
APOM,4938,0.00043,5281,0.0044,False,rheumatoid_arthritis
SCN2B,4939,0.00043,4976,0.00553,False,rheumatoid_arthritis
AFP,4940,0.00043,4518,0.00667,False,rheumatoid_arthritis
IMP4,4941,0.00043,1691,0.02933,False,rheumatoid_arthritis
LGALS13,4942,0.00043,3932,0.00825,False,rheumatoid_arthritis
RTN4,4943,0.00043,5449,0.00341,False,rheumatoid_arthritis
IGF1,4944,0.00043,3897,0.0084,False,rheumatoid_arthritis
ADAM12,4945,0.00043,4723,0.00619,False,rheumatoid_arthritis
DNM2,4946,0.00043,5445,0.00345,False,rheumatoid_arthritis
NAV1,4947,0.00043,5350,0.00413,False,rheumatoid_arthritis
IGFBP4,4948,0.00043,3609,0.00941,False,rheumatoid_arthritis
SPNS2,4949,0.00043,5377,0.00397,False,rheumatoid_arthritis
SGPL1,4950,0.00043,5431,0.00354,False,rheumatoid_arthritis
PRG2,4951,0.00043,3559,0.00968,False,rheumatoid_arthritis
SCN9A,4952,0.00043,5134,0.00508,False,rheumatoid_arthritis
IGFBP5,4953,0.00043,3604,0.00942,False,rheumatoid_arthritis
TRIM72,4954,0.00043,2064,0.02349,False,rheumatoid_arthritis
UFD1,4955,0.00042,3159,0.01224,False,rheumatoid_arthritis
FAF2,4956,0.00042,3148,0.0123,False,rheumatoid_arthritis
BBS9,4957,0.00042,3256,0.01159,False,rheumatoid_arthritis
EIF2S1,4958,0.00042,3822,0.00865,False,rheumatoid_arthritis
DLC1,4959,0.00042,710,0.10065,False,rheumatoid_arthritis
BBS7,4960,0.00042,3273,0.01153,False,rheumatoid_arthritis
BBS5,4961,0.00042,3291,0.01144,False,rheumatoid_arthritis
C1QC,4962,0.00042,1009,0.05409,False,rheumatoid_arthritis
BBIP1,4963,0.00042,3635,0.0093,False,rheumatoid_arthritis
BBS1,4964,0.00042,3296,0.01139,False,rheumatoid_arthritis
BBS10,4965,0.00042,3955,0.00817,False,rheumatoid_arthritis
BBS12,4966,0.00042,3943,0.0082,False,rheumatoid_arthritis
BBS2,4967,0.00042,3263,0.01156,False,rheumatoid_arthritis
BBS4,4968,0.00042,3287,0.01145,False,rheumatoid_arthritis
EIF1,4969,0.00042,4142,0.00769,False,rheumatoid_arthritis
PPP1R15A,4970,0.00042,3761,0.00883,False,rheumatoid_arthritis
TTC8,4971,0.00042,3298,0.01137,False,rheumatoid_arthritis
EMC1,4972,0.00042,3419,0.01047,False,rheumatoid_arthritis
VCP,4973,0.00042,3645,0.00927,False,rheumatoid_arthritis
KCNN4,4974,0.00042,1102,0.04679,False,rheumatoid_arthritis
PIK3C2B,4975,0.00042,1234,0.04214,False,rheumatoid_arthritis
CCNA1,4976,0.00042,877,0.06868,False,rheumatoid_arthritis
PTPRN,4977,0.00042,2427,0.01944,False,rheumatoid_arthritis
IFT27,4978,0.00042,3906,0.00835,False,rheumatoid_arthritis
SLC6A20,4979,0.00042,3510,0.00989,False,rheumatoid_arthritis
FLNA,4980,0.00042,841,0.0724,False,rheumatoid_arthritis
UBXN8,4981,0.00042,3783,0.00875,False,rheumatoid_arthritis
SHOC2,4982,0.00042,3710,0.00899,False,rheumatoid_arthritis
NRF1,4983,0.00042,4484,0.00674,False,rheumatoid_arthritis
EIF2AK3,4984,0.00042,4438,0.00686,False,rheumatoid_arthritis
NPLOC4,4985,0.00042,3158,0.01224,False,rheumatoid_arthritis
EMC2,4986,0.00042,3468,0.01011,False,rheumatoid_arthritis
ERLIN2,4987,0.00042,3574,0.00957,False,rheumatoid_arthritis
ERLIN1,4988,0.00042,3528,0.00981,False,rheumatoid_arthritis
EXOC8,4989,0.00042,4260,0.00739,False,rheumatoid_arthritis
EMC3,4990,0.00042,3408,0.01053,False,rheumatoid_arthritis
GNPTG,4991,0.00041,2686,0.01686,False,rheumatoid_arthritis
GNPTAB,4992,0.00041,2702,0.01666,False,rheumatoid_arthritis
UBA3,4993,0.00041,3719,0.00897,False,rheumatoid_arthritis
OCA2,4994,0.00041,1844,0.02674,False,rheumatoid_arthritis
ELK4,4995,0.00041,2591,0.01774,False,rheumatoid_arthritis
PIKFYVE,4996,0.00041,400,0.23794,False,rheumatoid_arthritis
CDC5L,4997,0.00041,811,0.07706,False,rheumatoid_arthritis
LPAR1,4998,0.00041,2602,0.01767,False,rheumatoid_arthritis
ARMC8,4999,0.00041,4078,0.00785,False,rheumatoid_arthritis
MGAT4D,5000,0.00041,4209,0.00751,False,rheumatoid_arthritis
MGAT4C,5001,0.00041,4095,0.00781,False,rheumatoid_arthritis
NIP7,5002,0.00041,1188,0.04376,False,rheumatoid_arthritis
POLR3H,5003,0.00041,2767,0.0161,False,rheumatoid_arthritis
NIT2,5004,0.00041,4104,0.00778,False,rheumatoid_arthritis
IFT57,5005,0.00041,5363,0.00406,False,rheumatoid_arthritis
SCN4A,5006,0.00041,2465,0.01907,False,rheumatoid_arthritis
GAL3ST1,5007,0.00041,4340,0.00715,False,rheumatoid_arthritis
GLA,5008,0.00041,1596,0.03157,False,rheumatoid_arthritis
NEU4,5009,0.00041,5157,0.005,False,rheumatoid_arthritis
NANP,5010,0.00041,4890,0.0058,False,rheumatoid_arthritis
SNRPC,5011,0.00041,385,0.24376,False,rheumatoid_arthritis
SCHIP1,5012,0.00041,5142,0.00505,False,rheumatoid_arthritis
MGAT4B,5013,0.00041,3944,0.0082,False,rheumatoid_arthritis
C12orf57,5014,0.00041,2630,0.01742,False,rheumatoid_arthritis
STK25,5015,0.00041,4971,0.00555,False,rheumatoid_arthritis
MGAT4A,5016,0.00041,3947,0.00819,False,rheumatoid_arthritis
MGAT3,5017,0.00041,4107,0.00777,False,rheumatoid_arthritis
MGAT2,5018,0.00041,4771,0.0061,False,rheumatoid_arthritis
S100A8,5019,0.00041,4635,0.00636,False,rheumatoid_arthritis
ENPP4,5020,0.00041,3438,0.01032,False,rheumatoid_arthritis
GALNS,5021,0.00041,4662,0.00631,False,rheumatoid_arthritis
WDR26,5022,0.00041,3746,0.00888,False,rheumatoid_arthritis
PACS1,5023,0.00041,2644,0.01719,False,rheumatoid_arthritis
PACS2,5024,0.00041,2738,0.01633,False,rheumatoid_arthritis
CTSA,5025,0.00041,4011,0.00801,False,rheumatoid_arthritis
PTPRG,5026,0.00041,4094,0.00781,False,rheumatoid_arthritis
NIT1,5027,0.00041,3451,0.01021,False,rheumatoid_arthritis
MARCHF8,5028,0.00041,3766,0.00881,False,rheumatoid_arthritis
TAOK3,5029,0.00041,4428,0.00689,False,rheumatoid_arthritis
MARCHF4,5030,0.00041,4111,0.00776,False,rheumatoid_arthritis
MARCHF1,5031,0.00041,4154,0.00766,False,rheumatoid_arthritis
MARCHF9,5032,0.00041,4235,0.00745,False,rheumatoid_arthritis
RMND5B,5033,0.00041,4385,0.00703,False,rheumatoid_arthritis
IQCJ-SCHIP1,5034,0.00041,5181,0.00486,False,rheumatoid_arthritis
SLC45A2,5035,0.00041,1775,0.02767,False,rheumatoid_arthritis
MARCHF2,5036,0.00041,4446,0.00685,False,rheumatoid_arthritis
TAOK2,5037,0.00041,4433,0.00688,False,rheumatoid_arthritis
RASSF1,5038,0.00041,4093,0.00781,False,rheumatoid_arthritis
HINT1,5039,0.00041,4002,0.00805,False,rheumatoid_arthritis
DDX5,5040,0.0004,5044,0.00536,False,rheumatoid_arthritis
SNRPG,5041,0.0004,939,0.06082,False,rheumatoid_arthritis
ATF6,5042,0.0004,2807,0.01585,False,rheumatoid_arthritis
PRRC2C,5043,0.0004,4080,0.00785,False,rheumatoid_arthritis
ARPP19,5044,0.0004,4837,0.00596,False,rheumatoid_arthritis
PPP2R2D,5045,0.0004,4886,0.00583,False,rheumatoid_arthritis
ELK3,5046,0.0004,2811,0.01578,False,rheumatoid_arthritis
BAP1,5047,0.0004,3266,0.01156,False,rheumatoid_arthritis
ITGA5,5048,0.0004,986,0.05599,False,rheumatoid_arthritis
ENSA,5049,0.0004,4838,0.00596,False,rheumatoid_arthritis
PPL,5050,0.0004,2473,0.01897,False,rheumatoid_arthritis
CPE,5051,0.0004,2978,0.01408,False,rheumatoid_arthritis
DONSON,5052,0.0004,4924,0.00567,False,rheumatoid_arthritis
KDM1B,5053,0.0004,3403,0.01058,False,rheumatoid_arthritis
F2R,5054,0.0004,5444,0.00345,False,rheumatoid_arthritis
ASXL2,5055,0.0004,3312,0.01128,False,rheumatoid_arthritis
KCNIP2,5056,0.0004,1178,0.04406,False,rheumatoid_arthritis
MBD5,5057,0.0004,3664,0.0092,False,rheumatoid_arthritis
TRPM4,5058,0.0004,3270,0.01153,False,rheumatoid_arthritis
GLE1,5059,0.0004,4326,0.00719,False,rheumatoid_arthritis
RBM39,5060,0.0004,4082,0.00785,False,rheumatoid_arthritis
SRSF11,5061,0.0004,4454,0.00684,False,rheumatoid_arthritis
BUB3,5062,0.00039,2636,0.01734,False,rheumatoid_arthritis
HNRNPK,5063,0.00039,1776,0.02767,False,rheumatoid_arthritis
RANGAP1,5064,0.00039,1563,0.03279,False,rheumatoid_arthritis
EVL,5065,0.00039,4205,0.00752,False,rheumatoid_arthritis
LRMDA,5066,0.00039,5130,0.00509,False,rheumatoid_arthritis
EDAR,5067,0.00039,4673,0.00628,False,rheumatoid_arthritis
PLXNA3,5068,0.00039,3952,0.00818,False,rheumatoid_arthritis
MTMR1,5069,0.00039,2936,0.01448,False,rheumatoid_arthritis
PLXNA4,5070,0.00039,3814,0.00867,False,rheumatoid_arthritis
PLXNC1,5071,0.00039,4514,0.00667,False,rheumatoid_arthritis
PLXND1,5072,0.00039,4502,0.00669,False,rheumatoid_arthritis
HGF,5073,0.00039,4952,0.00559,False,rheumatoid_arthritis
CNTNAP1,5074,0.00039,2323,0.02052,False,rheumatoid_arthritis
HEXA,5075,0.00039,1904,0.02599,False,rheumatoid_arthritis
RCOR1,5076,0.00039,2664,0.01708,False,rheumatoid_arthritis
MBL2,5077,0.00038,914,0.06345,False,rheumatoid_arthritis
HEXB,5078,0.00038,2028,0.02364,False,rheumatoid_arthritis
ELP4,5079,0.00038,3561,0.00966,False,rheumatoid_arthritis
PANK3,5080,0.00038,3972,0.00812,False,rheumatoid_arthritis
MPPED2,5081,0.00038,3732,0.00892,False,rheumatoid_arthritis
ELOVL5,5082,0.00038,5005,0.00546,False,rheumatoid_arthritis
PANK2,5083,0.00038,3973,0.00812,False,rheumatoid_arthritis
PIK3CD,5084,0.00038,706,0.10258,False,rheumatoid_arthritis
NME8,5085,0.00038,4430,0.00689,False,rheumatoid_arthritis
DPH1,5086,0.00038,3804,0.00871,False,rheumatoid_arthritis
PLA2G2A,5087,0.00038,5307,0.00431,False,rheumatoid_arthritis
PPCDC,5088,0.00038,3727,0.00895,False,rheumatoid_arthritis
GLRX2,5089,0.00038,4073,0.00786,False,rheumatoid_arthritis
UTP3,5090,0.00038,1041,0.05172,False,rheumatoid_arthritis
PPCS,5091,0.00038,3722,0.00895,False,rheumatoid_arthritis
RP1L1,5092,0.00038,3539,0.00974,False,rheumatoid_arthritis
SART1,5093,0.00038,1069,0.04886,False,rheumatoid_arthritis
IMMP1L,5094,0.00038,3595,0.00947,False,rheumatoid_arthritis
GLRX,5095,0.00038,3676,0.00914,False,rheumatoid_arthritis
DPH7,5096,0.00038,4041,0.00794,False,rheumatoid_arthritis
DPH6,5097,0.00038,4274,0.00735,False,rheumatoid_arthritis
DPH5,5098,0.00038,4001,0.00805,False,rheumatoid_arthritis
DPH3,5099,0.00038,3729,0.00894,False,rheumatoid_arthritis
COASY,5100,0.00038,3731,0.00892,False,rheumatoid_arthritis
CSTA,5101,0.00038,4233,0.00746,False,rheumatoid_arthritis
DPH2,5102,0.00038,3623,0.00935,False,rheumatoid_arthritis
MSRB3,5103,0.00038,3439,0.01031,False,rheumatoid_arthritis
MSRB2,5104,0.00038,3459,0.01016,False,rheumatoid_arthritis
MSRB1,5105,0.00038,3628,0.00931,False,rheumatoid_arthritis
FTL,5106,0.00038,4672,0.00628,False,rheumatoid_arthritis
SOX7,5107,0.00038,3797,0.00872,False,rheumatoid_arthritis
LGMN,5108,0.00038,4870,0.0059,False,rheumatoid_arthritis
VNN1,5109,0.00038,3907,0.00835,False,rheumatoid_arthritis
DCDC1,5110,0.00038,3598,0.00946,False,rheumatoid_arthritis
VNN2,5111,0.00038,3905,0.00835,False,rheumatoid_arthritis
PRKAR1A,5112,0.00037,4841,0.00595,False,rheumatoid_arthritis
MYO3A,5113,0.00037,4346,0.00714,False,rheumatoid_arthritis
PDLIM4,5114,0.00037,4285,0.00732,False,rheumatoid_arthritis
TOX4,5115,0.00037,3687,0.00908,False,rheumatoid_arthritis
MYO6,5116,0.00037,4347,0.00714,False,rheumatoid_arthritis
IQGAP2,5117,0.00037,4522,0.00667,False,rheumatoid_arthritis
MRTO4,5118,0.00037,976,0.05696,False,rheumatoid_arthritis
MYO1A,5119,0.00037,4348,0.00714,False,rheumatoid_arthritis
PRKAR2B,5120,0.00037,4877,0.00587,False,rheumatoid_arthritis
IRX4,5121,0.00037,5127,0.00509,False,rheumatoid_arthritis
CDCA2,5122,0.00037,4743,0.00615,False,rheumatoid_arthritis
PPP1R12A,5123,0.00037,4224,0.00748,False,rheumatoid_arthritis
PRKAR2A,5124,0.00037,5102,0.00518,False,rheumatoid_arthritis
RPF2,5125,0.00037,1168,0.04459,False,rheumatoid_arthritis
PPP1R8,5126,0.00037,4473,0.00678,False,rheumatoid_arthritis
AWAT1,5127,0.00037,5190,0.00483,False,rheumatoid_arthritis
RANBP2,5128,0.00037,1085,0.04785,False,rheumatoid_arthritis
AP2A1,5129,0.00037,917,0.06311,False,rheumatoid_arthritis
ENAM,5130,0.00036,5372,0.00402,False,rheumatoid_arthritis
TMPRSS2,5131,0.00036,4704,0.00623,False,rheumatoid_arthritis
PPHLN1,5132,0.00036,781,0.08304,False,rheumatoid_arthritis
PCBP2,5133,0.00036,5048,0.00535,False,rheumatoid_arthritis
PPP1R10,5134,0.00036,614,0.13802,False,rheumatoid_arthritis
VTA1,5135,0.00036,3908,0.00834,False,rheumatoid_arthritis
COL9A1,5136,0.00036,3617,0.00938,False,rheumatoid_arthritis
SPTBN2,5137,0.00036,5505,0.00266,False,rheumatoid_arthritis
FXR2,5138,0.00036,4935,0.00564,False,rheumatoid_arthritis
FXR1,5139,0.00036,5081,0.00526,False,rheumatoid_arthritis
COL9A2,5140,0.00036,3828,0.00862,False,rheumatoid_arthritis
COL11A1,5141,0.00036,3708,0.009,False,rheumatoid_arthritis
PIK3R4,5142,0.00036,4887,0.00582,False,rheumatoid_arthritis
TNS1,5143,0.00036,5358,0.00409,False,rheumatoid_arthritis
RHOC,5144,0.00036,5409,0.00373,False,rheumatoid_arthritis
TIMP1,5145,0.00036,5388,0.00388,False,rheumatoid_arthritis
TIMP2,5146,0.00036,5172,0.00491,False,rheumatoid_arthritis
SLC6A8,5147,0.00036,4077,0.00785,False,rheumatoid_arthritis
COL11A2,5148,0.00036,4208,0.00751,False,rheumatoid_arthritis
EDIL3,5149,0.00036,4158,0.00765,False,rheumatoid_arthritis
IQCG,5150,0.00035,3443,0.0103,False,rheumatoid_arthritis
PRKCI,5151,0.00035,3951,0.00819,False,rheumatoid_arthritis
SPRR2A,5152,0.00035,4076,0.00785,False,rheumatoid_arthritis
ARF5,5153,0.00035,1647,0.03013,False,rheumatoid_arthritis
SPRR2B,5154,0.00035,4084,0.00784,False,rheumatoid_arthritis
BYSL,5155,0.00035,792,0.08089,False,rheumatoid_arthritis
DYNLT1,5156,0.00035,3248,0.01164,False,rheumatoid_arthritis
LPGAT1,5157,0.00035,5430,0.00355,False,rheumatoid_arthritis
ESX1,5158,0.00035,4305,0.00728,False,rheumatoid_arthritis
GAS8,5159,0.00035,3255,0.0116,False,rheumatoid_arthritis
NDUFB1,5160,0.00035,2024,0.02372,False,rheumatoid_arthritis
ELF4,5161,0.00035,3531,0.0098,False,rheumatoid_arthritis
RAB11A,5162,0.00035,2588,0.0178,False,rheumatoid_arthritis
POU2F3,5163,0.00035,4445,0.00685,False,rheumatoid_arthritis
DRC3,5164,0.00035,3410,0.01052,False,rheumatoid_arthritis
TCTE3,5165,0.00035,3124,0.01255,False,rheumatoid_arthritis
HELZ,5166,0.00035,693,0.10714,False,rheumatoid_arthritis
TCP10,5167,0.00035,3135,0.01244,False,rheumatoid_arthritis
SLC39A7,5168,0.00035,1682,0.02947,False,rheumatoid_arthritis
TBP,5169,0.00035,4528,0.00665,False,rheumatoid_arthritis
DRC7,5170,0.00035,3122,0.01256,False,rheumatoid_arthritis
PPP2R5A,5171,0.00035,5473,0.0032,False,rheumatoid_arthritis
CCDC65,5172,0.00035,3226,0.0118,False,rheumatoid_arthritis
RNASEH2B,5173,0.00034,4199,0.00755,False,rheumatoid_arthritis
RNASEH2C,5174,0.00034,4141,0.00769,False,rheumatoid_arthritis
KCNH2,5175,0.00034,358,0.25839,False,rheumatoid_arthritis
ANXA1,5176,0.00034,4882,0.00585,False,rheumatoid_arthritis
DYSF,5177,0.00034,4613,0.00644,False,rheumatoid_arthritis
RNASEH2A,5178,0.00034,4149,0.00768,False,rheumatoid_arthritis
SAMHD1,5179,0.00034,3989,0.00808,False,rheumatoid_arthritis
CGAS,5180,0.00034,4883,0.00584,False,rheumatoid_arthritis
NUMB,5181,0.00033,5353,0.00411,False,rheumatoid_arthritis
RIBC2,5182,0.00033,4190,0.00757,False,rheumatoid_arthritis
REPS1,5183,0.00033,5256,0.00451,False,rheumatoid_arthritis
MCOLN1,5184,0.00033,5225,0.00465,False,rheumatoid_arthritis
NFASC,5185,0.00033,2926,0.0146,False,rheumatoid_arthritis
TPCN1,5186,0.00033,4596,0.00649,False,rheumatoid_arthritis
KCNMB2,5187,0.00033,499,0.19094,False,rheumatoid_arthritis
RALBP1,5188,0.00033,5448,0.00341,False,rheumatoid_arthritis
PIK3R2,5189,0.00033,663,0.11636,False,rheumatoid_arthritis
DET1,5190,0.00033,4958,0.00558,False,rheumatoid_arthritis
COP1,5191,0.00033,4336,0.00716,False,rheumatoid_arthritis
MT-ND4,5192,0.00032,1128,0.04564,False,rheumatoid_arthritis
PLA2G6,5193,0.00032,1770,0.0277,False,rheumatoid_arthritis
CCNA2,5194,0.00032,755,0.0893,False,rheumatoid_arthritis
F7,5195,0.00031,2232,0.02173,False,rheumatoid_arthritis
GPATCH11,5196,0.00031,1634,0.0304,False,rheumatoid_arthritis
BOD1,5197,0.00031,3246,0.01164,False,rheumatoid_arthritis
P4HA1,5198,0.0003,4060,0.0079,False,rheumatoid_arthritis
PIK3CA,5199,0.0003,599,0.14478,False,rheumatoid_arthritis
FUBP1,5200,0.0003,5277,0.00442,False,rheumatoid_arthritis
COL5A3,5201,0.0003,4465,0.00681,False,rheumatoid_arthritis
NDUFB11,5202,0.0003,1517,0.03415,False,rheumatoid_arthritis
COL16A1,5203,0.0003,4432,0.00688,False,rheumatoid_arthritis
HNRNPUL1,5204,0.0003,5276,0.00443,False,rheumatoid_arthritis
EBP,5205,0.0003,5196,0.00481,False,rheumatoid_arthritis
ASB18,5206,0.0003,5470,0.00324,False,rheumatoid_arthritis
COL27A1,5207,0.0003,4453,0.00684,False,rheumatoid_arthritis
NDUFA13,5208,0.0003,1487,0.03491,False,rheumatoid_arthritis
SMYD3,5209,0.00029,3006,0.01352,False,rheumatoid_arthritis
RC3H2,5210,0.00029,3375,0.0107,False,rheumatoid_arthritis
ELK1,5211,0.00029,4611,0.00644,False,rheumatoid_arthritis
CASP5,5212,0.00029,4504,0.00669,False,rheumatoid_arthritis
RC3H1,5213,0.00029,3474,0.0101,False,rheumatoid_arthritis
KCNE1,5214,0.00029,985,0.056,False,rheumatoid_arthritis
SPHK2,5215,0.00029,1285,0.0401,False,rheumatoid_arthritis
RPL21,5216,0.00029,1576,0.03234,False,rheumatoid_arthritis
BICC1,5217,0.00029,4585,0.00652,False,rheumatoid_arthritis
NKX2-8,5218,0.00029,3303,0.01133,False,rheumatoid_arthritis
PHF3,5219,0.00029,3381,0.01068,False,rheumatoid_arthritis
TASOR,5220,0.00029,3580,0.00954,False,rheumatoid_arthritis
GNB1,5221,0.00029,644,0.12632,False,rheumatoid_arthritis
FBL,5222,0.00029,5498,0.00284,False,rheumatoid_arthritis
CAGE1,5223,0.00028,4181,0.00758,False,rheumatoid_arthritis
SLC29A2,5224,0.00028,3274,0.01152,False,rheumatoid_arthritis
WNT2B,5225,0.00028,4180,0.00759,False,rheumatoid_arthritis
ESRRB,5226,0.00028,3499,0.00996,False,rheumatoid_arthritis
CCDC155,5227,0.00028,3577,0.00955,False,rheumatoid_arthritis
TREX1,5228,0.00028,695,0.10664,False,rheumatoid_arthritis
DKK1,5229,0.00028,4183,0.00758,False,rheumatoid_arthritis
KLF13,5230,0.00028,4375,0.00705,False,rheumatoid_arthritis
AHNAK2,5231,0.00028,1175,0.04436,False,rheumatoid_arthritis
RHOA,5232,0.00028,573,0.15725,False,rheumatoid_arthritis
SLC29A1,5233,0.00028,3292,0.01143,False,rheumatoid_arthritis
SLC28A1,5234,0.00028,3713,0.00898,False,rheumatoid_arthritis
SLC28A2,5235,0.00028,3712,0.00898,False,rheumatoid_arthritis
STC2,5236,0.00028,1961,0.02501,False,rheumatoid_arthritis
IFT80,5237,0.00028,4236,0.00745,False,rheumatoid_arthritis
TRPM1,5238,0.00028,3573,0.00957,False,rheumatoid_arthritis
DNAJC13,5239,0.00028,5132,0.00508,False,rheumatoid_arthritis
SLC28A3,5240,0.00028,3683,0.0091,False,rheumatoid_arthritis
NOVA2,5241,0.00028,5501,0.00273,False,rheumatoid_arthritis
OTUD7A,5242,0.00028,4013,0.00801,False,rheumatoid_arthritis
BCL11A,5243,0.00027,4521,0.00667,False,rheumatoid_arthritis
BCL11B,5244,0.00027,3756,0.00885,False,rheumatoid_arthritis
ISL1,5245,0.00027,4868,0.0059,False,rheumatoid_arthritis
GTF2B,5246,0.00027,4894,0.00578,False,rheumatoid_arthritis
SNRPA1,5247,0.00027,937,0.06111,False,rheumatoid_arthritis
RAC3,5248,0.00027,816,0.07648,False,rheumatoid_arthritis
CYTH4,5249,0.00027,2879,0.01513,False,rheumatoid_arthritis
CYP11A1,5250,0.00027,1577,0.03233,False,rheumatoid_arthritis
KCNK15,5251,0.00027,5357,0.0041,False,rheumatoid_arthritis
CRX,5252,0.00027,5487,0.00304,False,rheumatoid_arthritis
SF3A3,5253,0.00027,1313,0.03908,False,rheumatoid_arthritis
CNIH3,5254,0.00027,3029,0.01331,False,rheumatoid_arthritis
AP2B1,5255,0.00026,825,0.07528,False,rheumatoid_arthritis
GNG2,5256,0.00026,671,0.11451,False,rheumatoid_arthritis
OGA,5257,0.00026,3224,0.01181,False,rheumatoid_arthritis
NPC2,5258,0.00026,3337,0.01102,False,rheumatoid_arthritis
DLG4,5259,0.00026,510,0.18444,False,rheumatoid_arthritis
ARF1,5260,0.00026,731,0.09526,False,rheumatoid_arthritis
ENHO,5261,0.00026,2768,0.0161,False,rheumatoid_arthritis
DUSP2,5262,0.00025,3131,0.01251,False,rheumatoid_arthritis
SBF1,5263,0.00025,1083,0.04796,False,rheumatoid_arthritis
DUSP5,5264,0.00025,2983,0.01399,False,rheumatoid_arthritis
NTNG1,5265,0.00025,3576,0.00956,False,rheumatoid_arthritis
LYST,5266,0.00025,694,0.10687,False,rheumatoid_arthritis
UQCRFS1,5267,0.00025,882,0.06788,False,rheumatoid_arthritis
WHRN,5268,0.00025,3885,0.00844,False,rheumatoid_arthritis
RTRAF,5269,0.00025,3100,0.01278,False,rheumatoid_arthritis
ZBTB8OS,5270,0.00025,3141,0.01238,False,rheumatoid_arthritis
NDUFS6,5271,0.00025,1325,0.03877,False,rheumatoid_arthritis
MTM1,5272,0.00025,2030,0.02362,False,rheumatoid_arthritis
DDX1,5273,0.00025,3101,0.01278,False,rheumatoid_arthritis
NTNG2,5274,0.00025,3575,0.00956,False,rheumatoid_arthritis
ASIP,5275,0.00025,493,0.19444,False,rheumatoid_arthritis
NDUFB5,5276,0.00025,1307,0.03952,False,rheumatoid_arthritis
IPO7,5277,0.00025,489,0.19827,False,rheumatoid_arthritis
RND2,5278,0.00025,3621,0.00936,False,rheumatoid_arthritis
FABP2,5279,0.00025,3755,0.00885,False,rheumatoid_arthritis
MYO15A,5280,0.00025,4652,0.00632,False,rheumatoid_arthritis
ADGRF5,5281,0.00025,1212,0.04309,False,rheumatoid_arthritis
MAN2B1,5282,0.00025,3201,0.01194,False,rheumatoid_arthritis
MAN2C1,5283,0.00025,3675,0.00914,False,rheumatoid_arthritis
ADAMTS12,5284,0.00025,3253,0.01161,False,rheumatoid_arthritis
C2orf49,5285,0.00025,3103,0.01276,False,rheumatoid_arthritis
CAB39,5286,0.00025,3001,0.01364,False,rheumatoid_arthritis
RTCB,5287,0.00025,3099,0.01278,False,rheumatoid_arthritis
SGSH,5288,0.00025,3357,0.01086,False,rheumatoid_arthritis
SFRP4,5289,0.00025,3236,0.01171,False,rheumatoid_arthritis
RAB21,5290,0.00024,5286,0.00437,False,rheumatoid_arthritis
CREB3L3,5291,0.00024,232,0.30868,False,rheumatoid_arthritis
CDCP2,5292,0.00024,4089,0.00783,False,rheumatoid_arthritis
SUMO1,5293,0.00024,5263,0.00446,False,rheumatoid_arthritis
ANXA2,5294,0.00024,2076,0.02329,False,rheumatoid_arthritis
USP24,5295,0.00024,4306,0.00728,False,rheumatoid_arthritis
ITGB4,5296,0.00024,301,0.28212,False,rheumatoid_arthritis
ELAVL4,5297,0.00024,4602,0.00646,False,rheumatoid_arthritis
PPP2R3A,5298,0.00023,2638,0.0173,False,rheumatoid_arthritis
SFTPB,5299,0.00023,2240,0.02152,False,rheumatoid_arthritis
TNPO3,5300,0.00023,397,0.2391,False,rheumatoid_arthritis
LASP1,5301,0.00023,2317,0.02057,False,rheumatoid_arthritis
GBF1,5302,0.00023,583,0.15216,False,rheumatoid_arthritis
DSE,5303,0.00023,1036,0.05251,False,rheumatoid_arthritis
GRWD1,5304,0.00023,5180,0.00486,False,rheumatoid_arthritis
TSR2,5305,0.00023,5384,0.00393,False,rheumatoid_arthritis
CALML4,5306,0.00023,621,0.13519,False,rheumatoid_arthritis
CALML5,5307,0.00023,636,0.1292,False,rheumatoid_arthritis
CALML6,5308,0.00023,616,0.13676,False,rheumatoid_arthritis
CALML3,5309,0.00023,635,0.12928,False,rheumatoid_arthritis
MPDZ,5310,0.00022,3206,0.01191,False,rheumatoid_arthritis
PRKACA,5311,0.00022,455,0.20939,False,rheumatoid_arthritis
EVI5,5312,0.00022,1167,0.0446,False,rheumatoid_arthritis
GNAI3,5313,0.00022,633,0.12959,False,rheumatoid_arthritis
GNAI2,5314,0.00022,643,0.12686,False,rheumatoid_arthritis
PDE6H,5315,0.00022,2859,0.01536,False,rheumatoid_arthritis
PRKACG,5316,0.00022,472,0.20543,False,rheumatoid_arthritis
KANK2,5317,0.00022,992,0.05565,False,rheumatoid_arthritis
KIF21A,5318,0.00022,2742,0.0163,False,rheumatoid_arthritis
CHST14,5319,0.00021,4561,0.00657,False,rheumatoid_arthritis
MAGEC1,5320,0.00021,4137,0.00771,False,rheumatoid_arthritis
MTMR14,5321,0.00021,638,0.12855,False,rheumatoid_arthritis
NDUFB8,5322,0.00021,1177,0.04413,False,rheumatoid_arthritis
PPFIBP1,5323,0.00021,3089,0.01288,False,rheumatoid_arthritis
EXTL2,5324,0.00021,3065,0.01305,False,rheumatoid_arthritis
ARHGDIA,5325,0.00021,2950,0.01432,False,rheumatoid_arthritis
XYLT1,5326,0.00021,2975,0.0141,False,rheumatoid_arthritis
GASK1A,5327,0.00021,3030,0.01331,False,rheumatoid_arthritis
B3GALT6,5328,0.00021,3069,0.01303,False,rheumatoid_arthritis
SCUBE1,5329,0.0002,4989,0.00551,False,rheumatoid_arthritis
NRCAM,5330,0.0002,4427,0.0069,False,rheumatoid_arthritis
SCN1B,5331,0.0002,1254,0.04131,False,rheumatoid_arthritis
COCH,5332,0.0002,4320,0.00721,False,rheumatoid_arthritis
SCN10A,5333,0.0002,5223,0.00465,False,rheumatoid_arthritis
LRRC34,5334,0.0002,4034,0.00795,False,rheumatoid_arthritis
RBFOX1,5335,0.0002,752,0.09023,False,rheumatoid_arthritis
OTOA,5336,0.0002,3721,0.00896,False,rheumatoid_arthritis
ODF2,5337,0.0002,4658,0.00632,False,rheumatoid_arthritis
ACTRT3,5338,0.0002,4395,0.00701,False,rheumatoid_arthritis
FBXO5,5339,0.0002,4244,0.00743,False,rheumatoid_arthritis
CEACAM16,5340,0.0002,3823,0.00865,False,rheumatoid_arthritis
ZRSR2,5341,0.0002,5367,0.00405,False,rheumatoid_arthritis
TPCN2,5342,0.0002,766,0.08642,False,rheumatoid_arthritis
NDUFB3,5343,0.0002,1189,0.04371,False,rheumatoid_arthritis
PRKACB,5344,0.0002,460,0.20624,False,rheumatoid_arthritis
LRRIQ4,5345,0.0002,4392,0.00702,False,rheumatoid_arthritis
MTMR2,5346,0.00019,1217,0.04279,False,rheumatoid_arthritis
ITGB1,5347,0.00019,187,0.32679,False,rheumatoid_arthritis
SMG7,5348,0.00019,374,0.24998,False,rheumatoid_arthritis
NOP16,5349,0.00019,1050,0.05086,False,rheumatoid_arthritis
CYP27B1,5350,0.00019,313,0.27812,False,rheumatoid_arthritis
GNAI1,5351,0.00019,551,0.16972,False,rheumatoid_arthritis
IMP3,5352,0.00018,490,0.19618,False,rheumatoid_arthritis
LRRC4C,5353,0.00018,796,0.07977,False,rheumatoid_arthritis
ANO6,5354,0.00018,2987,0.01395,False,rheumatoid_arthritis
RAMP2,5355,0.00018,3594,0.00948,False,rheumatoid_arthritis
SLC24A5,5356,0.00018,658,0.11923,False,rheumatoid_arthritis
SFTPC,5357,0.00018,3320,0.01119,False,rheumatoid_arthritis
MT-ND2,5358,0.00018,1201,0.04338,False,rheumatoid_arthritis
ANO5,5359,0.00018,3093,0.01285,False,rheumatoid_arthritis
AHNAK,5360,0.00018,3372,0.01071,False,rheumatoid_arthritis
S100A10,5361,0.00018,3366,0.01078,False,rheumatoid_arthritis
EFCAB5,5362,0.00017,4614,0.00642,False,rheumatoid_arthritis
CDK1,5363,0.00017,282,0.28648,False,rheumatoid_arthritis
CTNNBL1,5364,0.00017,4425,0.0069,False,rheumatoid_arthritis
MT-ND1,5365,0.00017,949,0.05985,False,rheumatoid_arthritis
TMEM165,5366,0.00016,4333,0.00717,False,rheumatoid_arthritis
UNC119,5367,0.00015,2605,0.01766,False,rheumatoid_arthritis
SPDEF,5368,0.00015,2806,0.01586,False,rheumatoid_arthritis
NR2F1,5369,0.00015,869,0.06978,False,rheumatoid_arthritis
KCNQ4,5370,0.00015,567,0.16008,False,rheumatoid_arthritis
CAMLG,5371,0.00014,515,0.18332,False,rheumatoid_arthritis
GTF2I,5372,0.00014,168,0.33386,False,rheumatoid_arthritis
MTMR3,5373,0.00013,623,0.13485,False,rheumatoid_arthritis
NDUFA12,5374,0.00013,888,0.06639,False,rheumatoid_arthritis
NDUFV3,5375,0.00013,1022,0.05321,False,rheumatoid_arthritis
NDUFS1,5376,0.00013,575,0.15643,False,rheumatoid_arthritis
NDUFS3,5377,0.00013,865,0.07025,False,rheumatoid_arthritis
NDUFV2,5378,0.00013,593,0.14652,False,rheumatoid_arthritis
FAM20B,5379,0.00012,847,0.0717,False,rheumatoid_arthritis
NDUFA2,5380,0.00012,1035,0.05251,False,rheumatoid_arthritis
XPO1,5381,0.00012,119,0.3579,False,rheumatoid_arthritis
NDUFA6,5382,0.00011,609,0.13951,False,rheumatoid_arthritis
PLEC,5383,0.00011,219,0.3136,False,rheumatoid_arthritis
NDUFA9,5384,0.00011,598,0.14488,False,rheumatoid_arthritis
NDUFA5,5385,0.00011,606,0.14228,False,rheumatoid_arthritis
ARHGEF7,5386,0.00011,266,0.29468,False,rheumatoid_arthritis
NDUFS4,5387,0.00011,903,0.0644,False,rheumatoid_arthritis
NDUFA3,5388,0.0001,923,0.06259,False,rheumatoid_arthritis
NDUFS7,5389,0.0001,902,0.06449,False,rheumatoid_arthritis
NDUFA7,5390,0.0001,926,0.06234,False,rheumatoid_arthritis
NDUFA1,5391,0.0001,927,0.06227,False,rheumatoid_arthritis
NDUFA11,5392,0.0001,925,0.06239,False,rheumatoid_arthritis
C5,5393,0.0001,354,0.26163,False,rheumatoid_arthritis
NDUFA10,5394,0.0001,909,0.06377,False,rheumatoid_arthritis
KCNAB3,5395,9e-05,555,0.16739,False,rheumatoid_arthritis
FAU,5396,9e-05,36,0.42738,False,rheumatoid_arthritis
MANBA,5397,9e-05,838,0.0733,False,rheumatoid_arthritis
COPB1,5398,8e-05,425,0.22403,False,rheumatoid_arthritis
NDUFS8,5399,8e-05,504,0.18804,False,rheumatoid_arthritis
ZNF207,5400,8e-05,863,0.07036,False,rheumatoid_arthritis
COPG1,5401,8e-05,428,0.22248,False,rheumatoid_arthritis
MYNN,5402,8e-05,1108,0.04651,False,rheumatoid_arthritis
KEAP1,5403,8e-05,146,0.3428,False,rheumatoid_arthritis
KAT8,5404,7e-05,161,0.33663,False,rheumatoid_arthritis
KCNAB2,5405,7e-05,543,0.17501,False,rheumatoid_arthritis
FAM98B,5406,7e-05,760,0.08776,False,rheumatoid_arthritis
GRIN2C,5407,7e-05,417,0.22802,False,rheumatoid_arthritis
MASTL,5408,7e-05,630,0.13188,False,rheumatoid_arthritis
SNRK,5409,7e-05,761,0.08776,False,rheumatoid_arthritis
NDUFS2,5410,7e-05,514,0.18414,False,rheumatoid_arthritis
PLK1,5411,7e-05,60,0.3995,False,rheumatoid_arthritis
UQCRB,5412,7e-05,498,0.19184,False,rheumatoid_arthritis
AGPAT4,5413,7e-05,298,0.28313,False,rheumatoid_arthritis
PANK1,5414,6e-05,586,0.15097,False,rheumatoid_arthritis
CLTC,5415,6e-05,290,0.28502,False,rheumatoid_arthritis
DST,5416,6e-05,557,0.16609,False,rheumatoid_arthritis
IMPDH1,5417,6e-05,334,0.26739,False,rheumatoid_arthritis
PI4KB,5418,6e-05,299,0.28281,False,rheumatoid_arthritis
ENG,5419,5e-05,264,0.29734,False,rheumatoid_arthritis
SNRPD3,5420,5e-05,384,0.24475,False,rheumatoid_arthritis
ELOVL2,5421,5e-05,708,0.10198,False,rheumatoid_arthritis
NDUFV1,5422,5e-05,553,0.16785,False,rheumatoid_arthritis
KCNAB1,5423,5e-05,517,0.1824,False,rheumatoid_arthritis
SNRPE,5424,5e-05,377,0.24812,False,rheumatoid_arthritis
C4B,5425,4e-05,454,0.21047,False,rheumatoid_arthritis
C1S,5426,4e-05,452,0.21131,False,rheumatoid_arthritis
HSPA8,5427,4e-05,144,0.34323,False,rheumatoid_arthritis
TAOK1,5428,4e-05,580,0.1543,False,rheumatoid_arthritis
NDUFC1,5429,4e-05,667,0.1158,False,rheumatoid_arthritis
C5orf30,5430,4e-05,1300,0.03959,False,rheumatoid_arthritis
NDUFC2,5431,4e-05,641,0.1273,False,rheumatoid_arthritis
NDUFAB1,5432,4e-05,589,0.14978,False,rheumatoid_arthritis
NDUFB7,5433,4e-05,618,0.13569,False,rheumatoid_arthritis
SUPT6H,5434,4e-05,253,0.30052,False,rheumatoid_arthritis
UBAC2,5435,4e-05,450,0.21174,False,rheumatoid_arthritis
IMPDH2,5436,4e-05,286,0.28569,False,rheumatoid_arthritis
NDUFA8,5437,4e-05,541,0.17613,False,rheumatoid_arthritis
WRAP53,5438,3e-05,273,0.29249,False,rheumatoid_arthritis
DKKL1,5439,3e-05,808,0.07741,False,rheumatoid_arthritis
PRDX6,5440,3e-05,80,0.38259,False,rheumatoid_arthritis
NDUFB9,5441,3e-05,546,0.17263,False,rheumatoid_arthritis
NDUFB10,5442,3e-05,574,0.15724,False,rheumatoid_arthritis
NDUFB6,5443,3e-05,587,0.15064,False,rheumatoid_arthritis
SON,5444,3e-05,595,0.14577,False,rheumatoid_arthritis
C4A,5445,3e-05,413,0.22905,False,rheumatoid_arthritis
TSPO,5446,3e-05,396,0.23943,False,rheumatoid_arthritis
MGAT5,5447,3e-05,577,0.15479,False,rheumatoid_arthritis
SLC29A3,5448,3e-05,754,0.08961,False,rheumatoid_arthritis
MTOR,5449,3e-05,162,0.3366,False,rheumatoid_arthritis
BMP2K,5450,3e-05,806,0.07791,False,rheumatoid_arthritis
DHX15,5451,2e-05,404,0.23576,False,rheumatoid_arthritis
ELF3,5452,2e-05,657,0.11985,False,rheumatoid_arthritis
NDUFB4,5453,2e-05,605,0.14243,False,rheumatoid_arthritis
ACACA,5454,2e-05,153,0.33895,False,rheumatoid_arthritis
HMGCR,5455,2e-05,242,0.3054,False,rheumatoid_arthritis
CFH,5456,2e-05,393,0.24004,False,rheumatoid_arthritis
SNRPD2,5457,2e-05,395,0.23947,False,rheumatoid_arthritis
SOX5,5458,2e-05,492,0.19563,False,rheumatoid_arthritis
KCNQ5,5459,2e-05,446,0.21433,False,rheumatoid_arthritis
COL13A1,5460,2e-05,771,0.08602,False,rheumatoid_arthritis
NUP205,5461,2e-05,481,0.20154,False,rheumatoid_arthritis
FAAH,5462,2e-05,183,0.32814,False,rheumatoid_arthritis
C2,5463,2e-05,549,0.17044,False,rheumatoid_arthritis
DHX37,5464,2e-05,544,0.1732,False,rheumatoid_arthritis
NMNAT2,5465,2e-05,294,0.28407,False,rheumatoid_arthritis
PAF1,5466,2e-05,288,0.28523,False,rheumatoid_arthritis
COPZ1,5467,2e-05,539,0.17708,False,rheumatoid_arthritis
PSAP,5468,2e-05,251,0.30079,False,rheumatoid_arthritis
PPP1R15B,5469,2e-05,506,0.18606,False,rheumatoid_arthritis
GRIN3A,5470,1e-05,386,0.24352,False,rheumatoid_arthritis
PAPOLA,5471,1e-05,131,0.35107,False,rheumatoid_arthritis
TTN,5472,1e-05,106,0.3664,False,rheumatoid_arthritis
NEU1,5473,1e-05,581,0.15425,False,rheumatoid_arthritis
PAPPA,5474,1e-05,497,0.19187,False,rheumatoid_arthritis
TOP2A,5475,1e-05,292,0.2847,False,rheumatoid_arthritis
GTF2IRD1,5476,1e-05,434,0.21862,False,rheumatoid_arthritis
HAPLN1,5477,1e-05,628,0.1333,False,rheumatoid_arthritis
BMS1,5478,1e-05,486,0.20021,False,rheumatoid_arthritis
PDHB,5479,1e-05,198,0.32258,False,rheumatoid_arthritis
NOC4L,5480,1e-05,496,0.19223,False,rheumatoid_arthritis
LSM6,5481,1e-05,436,0.21786,False,rheumatoid_arthritis
SEMA6A,5482,1e-05,602,0.14424,False,rheumatoid_arthritis
FCF1,5483,1e-05,516,0.1828,False,rheumatoid_arthritis
AP2M1,5484,1e-05,348,0.26232,False,rheumatoid_arthritis
AP2S1,5485,1e-05,373,0.25065,False,rheumatoid_arthritis
DIMT1,5486,1e-05,508,0.18542,False,rheumatoid_arthritis
SMG8,5487,1e-05,564,0.16092,False,rheumatoid_arthritis
RRP15,5488,1e-05,456,0.20939,False,rheumatoid_arthritis
COPB2,5489,1e-05,431,0.22107,False,rheumatoid_arthritis
COPA,5490,1e-05,441,0.21571,False,rheumatoid_arthritis
SCN3A,5491,1e-05,594,0.14634,False,rheumatoid_arthritis
NADSYN1,5492,1e-05,263,0.29753,False,rheumatoid_arthritis
NDUFS5,5493,1e-05,588,0.14999,False,rheumatoid_arthritis
PLXNA2,5494,1e-05,213,0.31673,False,rheumatoid_arthritis
PRICKLE1,5495,1e-05,475,0.20431,False,rheumatoid_arthritis
AURKA,5496,1e-05,267,0.29464,False,rheumatoid_arthritis
MSRA,5497,1e-05,578,0.15477,False,rheumatoid_arthritis
TIMMDC1,5498,1e-05,608,0.14025,False,rheumatoid_arthritis
NUP160,5499,1e-05,480,0.20192,False,rheumatoid_arthritis
WDHD1,5500,1e-05,227,0.31008,False,rheumatoid_arthritis
GPD2,5501,1e-05,269,0.2938,False,rheumatoid_arthritis
NUP93,5502,1e-05,487,0.19927,False,rheumatoid_arthritis
PLRG1,5503,1e-05,406,0.23543,False,rheumatoid_arthritis
SQLE,5504,0.0,225,0.31044,False,rheumatoid_arthritis
SNX3,5505,0.0,303,0.28193,False,rheumatoid_arthritis
INTS4,5506,0.0,185,0.32687,False,rheumatoid_arthritis
TRAPPC5,5507,0.0,289,0.28521,False,rheumatoid_arthritis
CYP24A1,5508,0.0,259,0.29804,False,rheumatoid_arthritis
SLC39A11,5509,0.0,231,0.30891,False,rheumatoid_arthritis
CEP120,5510,0.0,317,0.27455,False,rheumatoid_arthritis
UBE2H,5511,0.0,545,0.17288,False,rheumatoid_arthritis
LZTFL1,5512,0.0,453,0.21081,False,rheumatoid_arthritis
RAB7A,5513,0.0,86,0.376,False,rheumatoid_arthritis
HNRNPA1,5514,0.0,112,0.36249,False,rheumatoid_arthritis
SF3B1,5515,0.0,316,0.27479,False,rheumatoid_arthritis
BLOC1S5,5516,0.0,473,0.20539,False,rheumatoid_arthritis
MCM10,5517,0.0,272,0.29281,False,rheumatoid_arthritis
TRMT10B,5518,0.0,44,0.42203,False,rheumatoid_arthritis
MDN1,5519,0.0,422,0.22577,False,rheumatoid_arthritis
EPM2A,5520,0.0,439,0.21689,False,rheumatoid_arthritis
HEATR1,5521,0.0,523,0.18065,False,rheumatoid_arthritis
MED1,5522,0.0,152,0.33936,False,rheumatoid_arthritis
TRAPPC11,5523,0.0,485,0.20033,False,rheumatoid_arthritis
MED13,5524,0.0,295,0.2838,False,rheumatoid_arthritis
LAMTOR3,5525,0.0,229,0.30982,False,rheumatoid_arthritis
CHCHD6,5526,0.0,194,0.32449,False,rheumatoid_arthritis
DLD,5527,0.0,261,0.29765,False,rheumatoid_arthritis
SEC13,5528,0.0,364,0.25575,False,rheumatoid_arthritis
AHI1,5529,0.0,61,0.39877,False,rheumatoid_arthritis
PPT1,5530,0.0,244,0.30497,False,rheumatoid_arthritis
NOC3L,5531,0.0,398,0.23819,False,rheumatoid_arthritis
SMPD1,5532,0.0,93,0.37335,False,rheumatoid_arthritis
GGPS1,5533,0.0,284,0.28584,False,rheumatoid_arthritis
SAT1,5534,0.0,402,0.23662,False,rheumatoid_arthritis
AP3B1,5535,0.0,355,0.26126,False,rheumatoid_arthritis
VPS28,5536,0.0,190,0.32557,False,rheumatoid_arthritis
AP3D1,5537,0.0,403,0.23645,False,rheumatoid_arthritis
PPAN,5538,0.0,445,0.21453,False,rheumatoid_arthritis
DNAJC24,5539,0.0,562,0.16213,False,rheumatoid_arthritis
F10,5540,0.0,204,0.32119,False,rheumatoid_arthritis
KIF18B,5541,0.0,326,0.27062,False,rheumatoid_arthritis
KIF1A,5542,0.0,64,0.39719,False,rheumatoid_arthritis
TCTE1,5543,0.0,617,0.13593,False,rheumatoid_arthritis
HSD17B12,5544,0.0,236,0.30743,False,rheumatoid_arthritis
TREX1,1,1.0,452,0.22116,True,systemic_lupus
BLK,2,1.0,152,0.34227,True,systemic_lupus
IKZF1,3,1.0,29,0.4397,True,systemic_lupus
DGKQ,4,1.0,76,0.38709,True,systemic_lupus
SLC15A4,5,1.0,733,0.09793,True,systemic_lupus
LRRC18,6,1.0,95,0.37354,True,systemic_lupus
RASGRP1,7,1.0,133,0.35065,True,systemic_lupus
WDFY4,8,1.0,96,0.37354,True,systemic_lupus
FAM167A,9,1.0,539,0.1831,True,systemic_lupus
ATRIP,10,1.0,43,0.41584,True,systemic_lupus
AGPAT4,11,0.99999,35,0.42334,True,systemic_lupus
MS4A1,12,0.99999,49,0.40799,True,systemic_lupus
XKR6,13,0.99999,792,0.08517,True,systemic_lupus
RMI2,14,0.99999,38,0.41971,True,systemic_lupus
RAD51B,15,0.99999,24,0.44256,True,systemic_lupus
NCF2,16,0.99999,68,0.39568,True,systemic_lupus
TNFSF4,17,0.99998,194,0.32726,True,systemic_lupus
JAZF1,18,0.99998,286,0.28712,True,systemic_lupus
C1S,19,0.99998,102,0.36936,True,systemic_lupus
RASGRP3,20,0.99997,408,0.23852,True,systemic_lupus
CD226,21,0.99997,106,0.36632,True,systemic_lupus
MGAT5,22,0.99997,321,0.2723,True,systemic_lupus
C4B,23,0.99997,82,0.3834,True,systemic_lupus
AFF1,24,0.99997,22,0.44532,True,systemic_lupus
GTF2I,25,0.99997,27,0.44115,True,systemic_lupus
C1QB,26,0.99996,92,0.37456,True,systemic_lupus
CTLA4,27,0.99996,83,0.38147,True,systemic_lupus
TLR7,28,0.99996,112,0.3636,True,systemic_lupus
DNMT3A,29,0.99996,13,0.47108,True,systemic_lupus
IMPDH1,30,0.99995,69,0.39457,True,systemic_lupus
HSPA8,31,0.99995,23,0.44444,True,systemic_lupus
IFNAR1,32,0.99994,48,0.41088,True,systemic_lupus
RGS1,33,0.99994,405,0.23999,True,systemic_lupus
CD44,34,0.99994,20,0.44629,True,systemic_lupus
C1QA,35,0.99994,103,0.36862,True,systemic_lupus
C1R,36,0.99994,142,0.34562,True,systemic_lupus
IFIH1,37,0.99994,39,0.41947,True,systemic_lupus
IMPDH2,38,0.99993,45,0.41428,True,systemic_lupus
PTPN22,39,0.99993,137,0.34812,True,systemic_lupus
ROR2,40,0.99992,89,0.37615,True,systemic_lupus
DUSP22,41,0.99992,438,0.22684,True,systemic_lupus
GPD2,42,0.99992,31,0.43122,True,systemic_lupus
C4A,43,0.99991,61,0.4001,True,systemic_lupus
SAT1,44,0.99991,141,0.34576,True,systemic_lupus
FCGR2B,45,0.99989,161,0.33928,True,systemic_lupus
IKBKE,46,0.99987,158,0.33961,True,systemic_lupus
DGKB,47,0.99984,169,0.33764,True,systemic_lupus
BANK1,48,0.99984,494,0.20224,True,systemic_lupus
ARID5B,49,0.99984,464,0.21376,True,systemic_lupus
RIPOR2,50,0.99982,129,0.35185,True,systemic_lupus
PRDX6,51,0.99982,9,0.49949,True,systemic_lupus
TRMT10B,52,0.99981,4,0.5478,True,systemic_lupus
TNFAIP3,53,0.99981,100,0.37089,True,systemic_lupus
CR2,54,0.99979,165,0.33879,True,systemic_lupus
PRICKLE1,55,0.99978,198,0.3254,True,systemic_lupus
SPRED2,56,0.99978,504,0.19404,True,systemic_lupus
NR3C1,57,0.99977,150,0.34296,True,systemic_lupus
RGS4,58,0.99976,151,0.34282,True,systemic_lupus
CFH,59,0.99974,63,0.39891,True,systemic_lupus
FCGR2A,60,0.99974,186,0.33092,True,systemic_lupus
ATG5,61,0.99974,66,0.39621,True,systemic_lupus
PLD4,62,0.99973,62,0.39989,True,systemic_lupus
PAPPA,63,0.99973,104,0.36746,True,systemic_lupus
INTS4,64,0.99972,16,0.46419,True,systemic_lupus
IRF1,65,0.99971,128,0.35211,True,systemic_lupus
PLXNA2,66,0.99971,11,0.48261,True,systemic_lupus
ASIP,67,0.9997,131,0.35108,True,systemic_lupus
LZTFL1,68,0.99969,74,0.38938,True,systemic_lupus
GTF2IRD1,69,0.99967,170,0.33739,True,systemic_lupus
ADGRL2,70,0.99963,34,0.42534,True,systemic_lupus
C2,71,0.99963,214,0.31794,True,systemic_lupus
PTPN2,72,0.99963,303,0.28066,True,systemic_lupus
HAPLN1,73,0.99962,298,0.28376,True,systemic_lupus
TERT,74,0.99961,44,0.41569,True,systemic_lupus
FAAH,75,0.99961,21,0.44608,True,systemic_lupus
IRF5,76,0.99957,288,0.28641,True,systemic_lupus
CD40LG,77,0.99956,149,0.34359,True,systemic_lupus
TCF7,78,0.99954,97,0.37267,True,systemic_lupus
DNASE2,79,0.99953,536,0.18435,False,systemic_lupus
DNASE1,80,0.99953,474,0.21273,True,systemic_lupus
STAT4,81,0.99951,108,0.36565,True,systemic_lupus
ATG16L1,82,0.99951,46,0.414,True,systemic_lupus
NMNAT2,83,0.99946,40,0.41945,True,systemic_lupus
CHCHD6,84,0.99944,17,0.45927,True,systemic_lupus
FHIT,85,0.99943,239,0.30757,True,systemic_lupus
OAS1,86,0.99943,90,0.37602,True,systemic_lupus
TNFRSF13C,87,0.99942,219,0.31613,True,systemic_lupus
FBN2,88,0.9994,193,0.32802,True,systemic_lupus
SOX5,89,0.99931,179,0.33404,True,systemic_lupus
TET3,90,0.9993,488,0.20659,True,systemic_lupus
EDEM3,91,0.99929,292,0.28504,True,systemic_lupus
PRKCB,92,0.99928,73,0.38951,True,systemic_lupus
IFNAR2,93,0.99927,185,0.33119,True,systemic_lupus
LEF1,94,0.99925,65,0.39654,True,systemic_lupus
UBAC2,95,0.99924,143,0.34555,True,systemic_lupus
TNFSF13B,96,0.99922,168,0.33806,True,systemic_lupus
USP18,97,0.99922,93,0.37453,True,systemic_lupus
CXorf21,98,0.99917,736,0.09692,False,systemic_lupus
MSX2,99,0.99916,256,0.30156,True,systemic_lupus
SLC24A5,100,0.99915,330,0.26928,True,systemic_lupus
PRPS2,101,0.99914,80,0.38378,True,systemic_lupus
CLEC4C,102,0.99911,523,0.18533,True,systemic_lupus
CD22,103,0.99911,135,0.34842,True,systemic_lupus
ITGAM,104,0.99907,67,0.39604,True,systemic_lupus
GFI1,105,0.99907,183,0.33297,True,systemic_lupus
ST8SIA4,106,0.99905,823,0.07639,True,systemic_lupus
PTGS1,107,0.99901,87,0.37662,True,systemic_lupus
TMEM207,108,0.999,755,0.09303,True,systemic_lupus
KALRN,109,0.99892,223,0.31487,True,systemic_lupus
GLS,110,0.99884,19,0.44639,True,systemic_lupus
CEP120,111,0.99872,77,0.38701,True,systemic_lupus
PPAT,112,0.9987,56,0.40454,True,systemic_lupus
SLC39A11,113,0.99869,7,0.51836,True,systemic_lupus
TPCN2,114,0.99869,481,0.20879,True,systemic_lupus
ATXN1,115,0.99863,32,0.4293,True,systemic_lupus
LYST,116,0.99861,545,0.18186,True,systemic_lupus
B3GALT5,117,0.99857,207,0.32149,True,systemic_lupus
FRMD4A,118,0.99853,662,0.1247,True,systemic_lupus
CD47,119,0.99851,50,0.40734,True,systemic_lupus
CARMIL1,120,0.99844,336,0.26796,True,systemic_lupus
ELF3,121,0.99842,375,0.25063,True,systemic_lupus
ETS1,122,0.99838,241,0.3073,True,systemic_lupus
UBE2L3,123,0.99828,33,0.42677,True,systemic_lupus
TYK2,124,0.99826,52,0.40688,True,systemic_lupus
S1PR1,125,0.99825,366,0.25422,True,systemic_lupus
KCNMB2,126,0.99818,296,0.28396,True,systemic_lupus
F10,127,0.99815,12,0.47365,True,systemic_lupus
AFF3,128,0.99806,507,0.19135,True,systemic_lupus
SH2B3,129,0.99801,217,0.31647,True,systemic_lupus
NADSYN1,130,0.99799,30,0.43436,True,systemic_lupus
ZFP90,131,0.99798,772,0.0898,True,systemic_lupus
IRF8,132,0.99798,202,0.32422,True,systemic_lupus
CLNK,133,0.9979,822,0.0766,True,systemic_lupus
TNPO3,134,0.99779,212,0.31953,True,systemic_lupus
MFSD9,135,0.99773,529,0.18435,False,systemic_lupus
MFSD6,136,0.99773,473,0.21273,True,systemic_lupus
FASLG,137,0.99771,197,0.32544,True,systemic_lupus
ANKRD55,138,0.99768,310,0.27695,True,systemic_lupus
CD80,139,0.99767,164,0.3388,True,systemic_lupus
UBE2H,140,0.99766,191,0.32917,True,systemic_lupus
MSRA,141,0.99765,243,0.30591,True,systemic_lupus
MED13,142,0.99765,55,0.40528,True,systemic_lupus
PXK,143,0.99758,693,0.1107,True,systemic_lupus
PTPRC,144,0.99757,10,0.49355,True,systemic_lupus
FLT3,145,0.99749,205,0.32286,True,systemic_lupus
IRF7,146,0.99743,167,0.33833,True,systemic_lupus
SOCS1,147,0.99743,134,0.34988,True,systemic_lupus
ENG,148,0.99742,64,0.39884,True,systemic_lupus
TRAF3,149,0.99723,54,0.40651,True,systemic_lupus
SLC29A3,150,0.99722,386,0.24512,True,systemic_lupus
TLR9,151,0.99708,216,0.31672,True,systemic_lupus
CD83,152,0.99704,252,0.30406,True,systemic_lupus
AHNAK2,153,0.99704,509,0.19039,True,systemic_lupus
IL2RB,154,0.99699,173,0.33601,True,systemic_lupus
TRAF1,155,0.99697,138,0.34692,True,systemic_lupus
PDCD5,156,0.99695,234,0.31075,True,systemic_lupus
CD86,157,0.99693,302,0.28082,False,systemic_lupus
DNAJC24,158,0.99691,225,0.31412,True,systemic_lupus
DLC1,159,0.99686,508,0.1912,True,systemic_lupus
TNIP1,160,0.99685,519,0.18724,True,systemic_lupus
SEMA6A,161,0.9966,291,0.28534,True,systemic_lupus
PPHLN1,162,0.99656,496,0.20007,True,systemic_lupus
FUT2,163,0.99651,59,0.40053,True,systemic_lupus
COL13A1,164,0.99647,493,0.20265,True,systemic_lupus
BCL2L11,165,0.99637,126,0.35291,True,systemic_lupus
DKKL1,166,0.99636,482,0.20817,True,systemic_lupus
TECTA,167,0.99633,575,0.16708,True,systemic_lupus
TRPV1,168,0.99601,118,0.35876,True,systemic_lupus
CLEC16A,169,0.9959,577,0.16535,True,systemic_lupus
PTGS2,170,0.99569,60,0.40051,True,systemic_lupus
ARHGEF7,171,0.99534,75,0.38888,True,systemic_lupus
IL2RA,172,0.995,101,0.36965,True,systemic_lupus
NCKAP5,173,0.9949,737,0.09688,True,systemic_lupus
HMGCR,174,0.99482,70,0.39116,True,systemic_lupus
KIT,175,0.99463,181,0.33343,True,systemic_lupus
SMG7,176,0.99458,160,0.3393,True,systemic_lupus
NELL2,177,0.99387,553,0.17795,True,systemic_lupus
GPR19,178,0.99386,664,0.12372,True,systemic_lupus
NAALADL2,179,0.99375,796,0.08446,True,systemic_lupus
MANBA,180,0.99366,460,0.21841,True,systemic_lupus
IL7R,181,0.99361,162,0.33903,True,systemic_lupus
AEN,182,0.99347,790,0.08552,True,systemic_lupus
PRDM1,183,0.99345,200,0.32467,True,systemic_lupus
GDA,184,0.99336,322,0.2722,True,systemic_lupus
LAT2,185,0.99319,510,0.19037,True,systemic_lupus
ADGRF5,186,0.99287,554,0.17791,True,systemic_lupus
LPP,187,0.99284,569,0.17074,True,systemic_lupus
CCR1,188,0.99279,229,0.31276,True,systemic_lupus
CCL22,189,0.99269,274,0.28911,True,systemic_lupus
PLCL1,190,0.99269,485,0.20723,True,systemic_lupus
LRRC4C,191,0.99255,487,0.207,True,systemic_lupus
IL12B,192,0.99239,369,0.25304,True,systemic_lupus
HELZ,193,0.99232,358,0.25704,True,systemic_lupus
VPS13C,194,0.99225,626,0.1398,True,systemic_lupus
IL12RB2,195,0.9921,273,0.28935,True,systemic_lupus
NACA2,196,0.99192,187,0.33083,True,systemic_lupus
ABR,197,0.99145,947,0.06056,True,systemic_lupus
FAM98B,198,0.99141,311,0.27695,True,systemic_lupus
NRG3,199,0.99117,477,0.2114,True,systemic_lupus
HIVEP3,200,0.99114,583,0.16203,True,systemic_lupus
NR2F1,201,0.9906,561,0.17542,True,systemic_lupus
BOD1L2,202,0.99051,612,0.149,True,systemic_lupus
PDHB,203,0.99015,47,0.41204,True,systemic_lupus
CCR3,204,0.99013,267,0.29331,True,systemic_lupus
TNFSF15,205,0.9901,550,0.17915,True,systemic_lupus
PRAG1,206,0.98993,666,0.12289,True,systemic_lupus
JAK2,207,0.98975,5,0.53355,True,systemic_lupus
KLF2,208,0.98968,423,0.23201,True,systemic_lupus
LRIT2,209,0.98949,475,0.21273,True,systemic_lupus
LRIT1,210,0.98949,527,0.18435,False,systemic_lupus
IL12A,211,0.98905,490,0.20448,True,systemic_lupus
PRKCD,212,0.98903,182,0.33308,True,systemic_lupus
PGR,213,0.98894,176,0.33532,True,systemic_lupus
CD40,214,0.98855,53,0.40685,True,systemic_lupus
ATP2C1,215,0.98852,653,0.1284,True,systemic_lupus
ANXA6,216,0.98846,492,0.20379,True,systemic_lupus
IRAK1,217,0.98808,153,0.34183,True,systemic_lupus
IFNLR1,218,0.98766,361,0.25683,False,systemic_lupus
TRIB2,219,0.9876,525,0.18487,True,systemic_lupus
WWOX,220,0.98714,698,0.10833,False,systemic_lupus
ETV3,221,0.98561,469,0.21273,True,systemic_lupus
DDX20,222,0.98561,534,0.18435,False,systemic_lupus
CYTH4,223,0.98548,1149,0.04593,False,systemic_lupus
NSRP1,224,0.98514,639,0.13435,True,systemic_lupus
JAK1,225,0.98504,18,0.4516,True,systemic_lupus
JAK3,226,0.98471,140,0.3461,True,systemic_lupus
KCNA1,227,0.98411,236,0.30945,True,systemic_lupus
PHRF1,228,0.98406,1338,0.03844,False,systemic_lupus
TRAPPC11,229,0.98288,222,0.31521,True,systemic_lupus
COL4A2,230,0.9823,37,0.42078,True,systemic_lupus
IL1F10,231,0.9819,426,0.23124,True,systemic_lupus
BACH2,232,0.98121,498,0.19778,True,systemic_lupus
SCUBE3,233,0.98028,689,0.11205,True,systemic_lupus
ITPR3,234,0.98024,171,0.33708,False,systemic_lupus
TNFRSF13B,235,0.97985,422,0.23223,True,systemic_lupus
CD19,236,0.97965,36,0.42084,False,systemic_lupus
GPR78,237,0.97949,431,0.22878,True,systemic_lupus
DSE,238,0.97942,589,0.16035,True,systemic_lupus
NCAM1,239,0.97933,770,0.08989,False,systemic_lupus
IL19,240,0.97891,285,0.28734,True,systemic_lupus
PRKN,241,0.97877,58,0.40414,True,systemic_lupus
STAM2,242,0.97859,154,0.34118,True,systemic_lupus
THAP9,243,0.97834,537,0.18435,False,systemic_lupus
PGBD5,244,0.97834,476,0.21273,True,systemic_lupus
IL2RG,245,0.97789,254,0.30324,True,systemic_lupus
ESR2,246,0.97746,204,0.32301,True,systemic_lupus
FAM20B,247,0.97739,349,0.26089,True,systemic_lupus
RBFOX1,248,0.9773,514,0.18893,True,systemic_lupus
TRIM28,249,0.97588,740,0.09557,False,systemic_lupus
S1PR3,250,0.97543,632,0.13617,False,systemic_lupus
ARHGAP15,251,0.97457,468,0.21273,True,systemic_lupus
GTDC1,252,0.97457,531,0.18435,False,systemic_lupus
DHFR,253,0.97436,85,0.38086,True,systemic_lupus
HRH1,254,0.9727,637,0.13503,True,systemic_lupus
SNRPC,255,0.97268,210,0.32006,True,systemic_lupus
FKBP1A,256,0.97202,190,0.32924,True,systemic_lupus
AAMP,257,0.96737,783,0.08773,False,systemic_lupus
IRF4,258,0.96653,384,0.24602,False,systemic_lupus
STAT3,259,0.96196,3,0.62615,False,systemic_lupus
IL21R,260,0.96168,357,0.25765,False,systemic_lupus
GPATCH11,261,0.96033,702,0.10739,True,systemic_lupus
ARHGAP24,262,0.95836,694,0.11052,True,systemic_lupus
TNFSF13,263,0.95823,568,0.1708,True,systemic_lupus
RIPK1,264,0.95711,281,0.28811,False,systemic_lupus
HEATR3,265,0.95631,663,0.12402,True,systemic_lupus
TOX2,266,0.95598,470,0.21273,True,systemic_lupus
ZNF461,267,0.95598,528,0.18435,False,systemic_lupus
SMAD3,268,0.95535,28,0.44022,True,systemic_lupus
WDR37,269,0.95455,434,0.22878,True,systemic_lupus
RREB1,270,0.95369,713,0.10358,True,systemic_lupus
ESR1,271,0.9517,94,0.37428,True,systemic_lupus
ENHO,272,0.94792,978,0.05765,False,systemic_lupus
CMC1,273,0.947,472,0.21273,True,systemic_lupus
COA3,274,0.947,530,0.18435,False,systemic_lupus
PTPRN2,275,0.94643,433,0.22878,True,systemic_lupus
S1PR4,276,0.94593,731,0.09849,False,systemic_lupus
IL10,277,0.94538,8,0.50574,True,systemic_lupus
IKBKB,278,0.94367,113,0.36341,True,systemic_lupus
KCND3,279,0.93915,328,0.2703,True,systemic_lupus
ACAP1,280,0.93862,746,0.09487,True,systemic_lupus
HIP1,281,0.93439,503,0.19455,True,systemic_lupus
S1PR5,282,0.9335,757,0.09239,False,systemic_lupus
IL23R,283,0.93291,211,0.3199,True,systemic_lupus
MYNN,284,0.93253,585,0.16163,True,systemic_lupus
KANK2,285,0.92988,387,0.24484,True,systemic_lupus
TAFA4,286,0.92722,471,0.21273,True,systemic_lupus
PHACTR3,287,0.92722,532,0.18435,False,systemic_lupus
CSF2RB,288,0.92605,412,0.2363,False,systemic_lupus
CXCL13,289,0.9239,414,0.23492,False,systemic_lupus
TNF,290,0.92126,2,0.63194,False,systemic_lupus
RND2,291,0.92104,1071,0.05034,False,systemic_lupus
NUP205,292,0.92069,279,0.2886,True,systemic_lupus
SPIN3,293,0.91291,467,0.21273,True,systemic_lupus
SPINDOC,294,0.91291,535,0.18435,False,systemic_lupus
FCRL3,295,0.9121,669,0.11926,True,systemic_lupus
NIPBL,296,0.91137,762,0.09155,False,systemic_lupus
NCK1,297,0.9088,720,0.10159,False,systemic_lupus
MTMR7,298,0.9067,927,0.06167,False,systemic_lupus
CD58,299,0.90614,552,0.17853,True,systemic_lupus
PLAC8,300,0.90358,432,0.22878,True,systemic_lupus
ZNF395,301,0.89097,851,0.07157,True,systemic_lupus
CD5,302,0.89016,353,0.25952,False,systemic_lupus
MTMR9,303,0.88999,655,0.12746,False,systemic_lupus
NKX2-3,304,0.8868,837,0.0745,True,systemic_lupus
CDKN1B,305,0.88356,192,0.32832,True,systemic_lupus
CD2,306,0.88183,175,0.33551,False,systemic_lupus
BOD1,307,0.8732,892,0.06584,False,systemic_lupus
ELOVL2,308,0.86616,548,0.17937,True,systemic_lupus
FAS,309,0.86252,365,0.25556,False,systemic_lupus
IFNGR2,310,0.86103,393,0.24326,False,systemic_lupus
IL23A,311,0.8603,462,0.21714,False,systemic_lupus
BTK,312,0.85639,235,0.31018,False,systemic_lupus
PTDSS1,313,0.85579,340,0.26497,False,systemic_lupus
B3GNT2,314,0.84381,518,0.1873,False,systemic_lupus
LAT,315,0.83884,732,0.0984,False,systemic_lupus
RUNX1,316,0.83721,84,0.38095,False,systemic_lupus
IL4R,317,0.83236,352,0.25961,False,systemic_lupus
TNFSF18,318,0.82566,630,0.13742,False,systemic_lupus
ALOX5,319,0.82023,221,0.31574,False,systemic_lupus
ERBB3,320,0.81935,209,0.32014,False,systemic_lupus
SYNGR1,321,0.8021,678,0.1148,True,systemic_lupus
TNFRSF14,322,0.79971,320,0.27256,False,systemic_lupus
KCNA3,323,0.79923,557,0.1768,False,systemic_lupus
RUNX3,324,0.79176,319,0.27281,False,systemic_lupus
NUP93,325,0.78763,410,0.23701,False,systemic_lupus
NUP160,326,0.7868,406,0.23934,False,systemic_lupus
TNFRSF1A,327,0.78626,109,0.36556,False,systemic_lupus
IL6,328,0.78206,14,0.46891,False,systemic_lupus
LTA,329,0.78015,403,0.24014,False,systemic_lupus
TENM2,330,0.77712,676,0.11675,True,systemic_lupus
SYK,331,0.75935,105,0.36715,False,systemic_lupus
IKZF2,332,0.74983,926,0.06185,True,systemic_lupus
TNFSF14,333,0.74417,576,0.16635,False,systemic_lupus
SCUBE1,334,0.73995,2527,0.01945,False,systemic_lupus
ATF6,335,0.73437,758,0.09235,False,systemic_lupus
CCL2,336,0.72576,251,0.30407,False,systemic_lupus
LPAR1,337,0.7196,719,0.10198,False,systemic_lupus
NIBAN3,338,0.70487,1409,0.03642,False,systemic_lupus
PTPN1,339,0.69715,249,0.30436,False,systemic_lupus
XCR1,340,0.69524,415,0.23466,False,systemic_lupus
CDK12,341,0.6805,72,0.38977,False,systemic_lupus
TMEM165,342,0.68026,1727,0.02982,False,systemic_lupus
OLIG3,343,0.66961,5004,0.00528,False,systemic_lupus
KCNA5,344,0.66519,448,0.22303,False,systemic_lupus
KCNA2,345,0.65466,400,0.24202,False,systemic_lupus
EFCAB5,346,0.65134,1606,0.03195,False,systemic_lupus
GABRB1,347,0.6508,424,0.23154,False,systemic_lupus
CTNNBL1,348,0.64822,1517,0.03387,False,systemic_lupus
CGAS,349,0.64587,2867,0.0165,False,systemic_lupus
RNASEH2B,350,0.64087,2424,0.02051,False,systemic_lupus
RNASEH2A,351,0.64048,2400,0.02082,False,systemic_lupus
RNASEH2C,352,0.64045,2397,0.02085,False,systemic_lupus
SAMHD1,353,0.63932,2274,0.02175,False,systemic_lupus
CDKN2A,354,0.61976,157,0.33981,False,systemic_lupus
ADAMTS17,355,0.59519,800,0.08335,True,systemic_lupus
IL17A,356,0.5851,441,0.22578,False,systemic_lupus
PACS2,357,0.58195,744,0.09488,False,systemic_lupus
TIMMDC1,358,0.57506,489,0.20596,True,systemic_lupus
PACS1,359,0.57336,727,0.09945,False,systemic_lupus
CPE,360,0.56953,802,0.08302,False,systemic_lupus
ANO5,361,0.56218,1175,0.04498,False,systemic_lupus
ANO6,362,0.55622,1103,0.04847,False,systemic_lupus
NCOA2,363,0.54159,127,0.35224,True,systemic_lupus
CSF2,364,0.53825,271,0.2907,False,systemic_lupus
AHNAK,365,0.53786,1052,0.05163,False,systemic_lupus
S100A10,366,0.53735,1047,0.05191,False,systemic_lupus
ING3,367,0.53088,208,0.32082,False,systemic_lupus
RAMP2,368,0.53057,1187,0.04453,False,systemic_lupus
SFTPC,369,0.51833,1055,0.05143,False,systemic_lupus
PTPRN,370,0.51534,690,0.11131,False,systemic_lupus
CSK,371,0.50565,819,0.07701,False,systemic_lupus
DCLRE1B,372,0.49715,401,0.24191,False,systemic_lupus
SYNPR,373,0.48955,1972,0.02485,False,systemic_lupus
IL6R,374,0.45585,289,0.28585,False,systemic_lupus
STC2,375,0.45066,786,0.0869,False,systemic_lupus
IL13,376,0.44735,238,0.30902,False,systemic_lupus
NOD2,377,0.4438,121,0.35733,False,systemic_lupus
POLR3H,378,0.41738,751,0.09369,False,systemic_lupus
TFB1M,379,0.41115,2554,0.01922,False,systemic_lupus
DEXI,380,0.40856,2392,0.02089,False,systemic_lupus
PRKCQ,381,0.40823,397,0.24263,False,systemic_lupus
GPN1,382,0.40742,2307,0.02163,False,systemic_lupus
NFKBIA,383,0.4058,402,0.24085,False,systemic_lupus
MICA,384,0.40436,918,0.06275,False,systemic_lupus
C12orf57,385,0.404,723,0.10064,False,systemic_lupus
S1PR2,386,0.39741,574,0.1681,False,systemic_lupus
CCL21,387,0.39719,346,0.26131,False,systemic_lupus
PIGR,388,0.39662,3190,0.01354,False,systemic_lupus
NFKB1,389,0.38602,237,0.30937,False,systemic_lupus
CBLB,390,0.38202,364,0.25562,False,systemic_lupus
ZRSR2,391,0.37406,2442,0.02029,False,systemic_lupus
TGFBR2,392,0.36355,110,0.36412,False,systemic_lupus
ANXA2,393,0.36341,815,0.07751,False,systemic_lupus
REL,394,0.36121,378,0.25009,False,systemic_lupus
EEF2,395,0.36114,335,0.26826,False,systemic_lupus
SCN10A,396,0.35239,2645,0.01837,False,systemic_lupus
SMG8,397,0.34913,515,0.18821,False,systemic_lupus
PCP4,398,0.3478,745,0.09488,True,systemic_lupus
TLR4,399,0.33537,98,0.37179,False,systemic_lupus
COCH,400,0.32124,1747,0.02948,False,systemic_lupus
CEACAM16,401,0.31412,1495,0.0344,False,systemic_lupus
OTOA,402,0.31261,1445,0.03545,False,systemic_lupus
TLR1,403,0.30618,354,0.25897,False,systemic_lupus
PDGFRA,404,0.30331,324,0.27138,False,systemic_lupus
STAT1,405,0.28692,284,0.28745,False,systemic_lupus
CARD9,406,0.28458,388,0.24477,False,systemic_lupus
TNFRSF17,407,0.27773,1076,0.04993,False,systemic_lupus
KCNQ3,408,0.27412,480,0.20911,False,systemic_lupus
IL6ST,409,0.27028,343,0.26284,False,systemic_lupus
MCOLN1,410,0.26519,2885,0.01628,False,systemic_lupus
SLC45A2,411,0.26373,924,0.06205,False,systemic_lupus
OCA2,412,0.263,942,0.0609,False,systemic_lupus
B4GALT2,413,0.2596,99,0.37108,False,systemic_lupus
TPCN1,414,0.2594,2348,0.0213,False,systemic_lupus
MICB,415,0.25726,392,0.24332,False,systemic_lupus
SPRY4,416,0.25606,2303,0.02164,False,systemic_lupus
FGFRL1,417,0.25572,2256,0.02194,False,systemic_lupus
UBAP2,418,0.25492,955,0.05975,True,systemic_lupus
KCNMA1,419,0.2549,1174,0.04502,False,systemic_lupus
CYTH1,420,0.25354,750,0.09374,False,systemic_lupus
PIK3R1,421,0.25276,111,0.36381,False,systemic_lupus
ACTRT3,422,0.24966,1678,0.03051,False,systemic_lupus
LRRIQ4,423,0.2496,1675,0.03056,False,systemic_lupus
NF1,424,0.24958,1843,0.02749,False,systemic_lupus
SPRED1,425,0.24928,1828,0.02776,False,systemic_lupus
GNG4,426,0.24621,270,0.291,False,systemic_lupus
LRRC34,427,0.24542,1516,0.03389,False,systemic_lupus
ETV6,428,0.2344,764,0.09127,False,systemic_lupus
CHST14,429,0.22224,1845,0.02748,False,systemic_lupus
C1QC,430,0.22151,743,0.09533,False,systemic_lupus
MAGEC1,431,0.21789,1630,0.0314,False,systemic_lupus
GABBR2,432,0.21479,362,0.25663,False,systemic_lupus
STAT2,433,0.21447,602,0.15227,False,systemic_lupus
PTGER4,434,0.20377,417,0.23456,False,systemic_lupus
FLRT2,435,0.20309,714,0.10325,False,systemic_lupus
TBC1D2,436,0.19968,903,0.06479,True,systemic_lupus
RHOA,437,0.19713,394,0.24297,False,systemic_lupus
CDKN1A,438,0.1965,337,0.26666,False,systemic_lupus
MADCAM1,439,0.18943,1048,0.05189,False,systemic_lupus
MED1,440,0.18902,57,0.40432,False,systemic_lupus
BAK1,441,0.18864,263,0.29614,False,systemic_lupus
IL17F,442,0.18758,451,0.22147,False,systemic_lupus
IL1R1,443,0.18651,314,0.27549,False,systemic_lupus
KCND2,444,0.18555,390,0.2439,False,systemic_lupus
ICOS,445,0.18484,684,0.11304,False,systemic_lupus
PBRM1,446,0.18428,2525,0.01947,False,systemic_lupus
SMARCB1,447,0.18277,2351,0.02127,False,systemic_lupus
C16orf87,448,0.18164,2188,0.0226,False,systemic_lupus
PAX4,449,0.18069,3595,0.00991,False,systemic_lupus
CEBPE,450,0.18007,2003,0.02448,False,systemic_lupus
KLF11,451,0.17974,3469,0.01101,False,systemic_lupus
PHF2,452,0.17865,1912,0.02619,False,systemic_lupus
IL1B,453,0.17745,42,0.41646,False,systemic_lupus
IFNG,454,0.17655,25,0.44223,False,systemic_lupus
GTF2B,455,0.17313,2565,0.01902,False,systemic_lupus
ISL1,456,0.17285,2540,0.01934,False,systemic_lupus
TSR2,457,0.17257,2988,0.01538,False,systemic_lupus
STING1,458,0.17146,1778,0.02892,False,systemic_lupus
BCL11A,459,0.17105,2340,0.02142,False,systemic_lupus
AXL,460,0.17056,276,0.28898,False,systemic_lupus
GRWD1,461,0.17014,2673,0.01811,False,systemic_lupus
FLRT3,462,0.16869,1512,0.03401,False,systemic_lupus
BCL11B,463,0.16607,1862,0.02728,False,systemic_lupus
PPP2R3A,464,0.16428,1531,0.03361,False,systemic_lupus
KCNC1,465,0.16346,567,0.17178,False,systemic_lupus
LASP1,466,0.15899,1300,0.03962,False,systemic_lupus
MBL2,467,0.15572,721,0.10109,False,systemic_lupus
TRAPPC5,468,0.15402,120,0.35787,False,systemic_lupus
KCND1,469,0.15386,842,0.07336,False,systemic_lupus
C5,470,0.15226,232,0.311,False,systemic_lupus
VPREB3,471,0.14856,2224,0.02219,False,systemic_lupus
POU2AF1,472,0.14827,2128,0.02332,False,systemic_lupus
FCRLA,473,0.14798,2046,0.024,False,systemic_lupus
F7,474,0.14755,996,0.05579,False,systemic_lupus
CCR6,475,0.14738,383,0.24681,False,systemic_lupus
IL12RB1,476,0.14716,648,0.12954,False,systemic_lupus
SIRPG,477,0.146,959,0.05949,False,systemic_lupus
KCNQ1,478,0.14582,355,0.25856,False,systemic_lupus
CTSH,479,0.14546,613,0.14876,False,systemic_lupus
SPATA2,480,0.14503,4500,0.00671,False,systemic_lupus
OPTN,481,0.14358,3800,0.00887,False,systemic_lupus
DNAJC13,482,0.14261,3003,0.01528,False,systemic_lupus
TAX1BP1,483,0.14187,2478,0.01989,False,systemic_lupus
C1QBP,484,0.13975,1584,0.03262,False,systemic_lupus
LOC102723996,485,0.13798,935,0.06132,False,systemic_lupus
PTPN12,486,0.13474,449,0.22256,False,systemic_lupus
PPFIBP1,487,0.13431,937,0.06125,False,systemic_lupus
ARHGDIA,488,0.12884,882,0.06732,False,systemic_lupus
FAM8A1,489,0.12837,618,0.14495,False,systemic_lupus
MYO15A,490,0.12795,2118,0.02352,False,systemic_lupus
ITGA4,491,0.12609,293,0.28472,False,systemic_lupus
GATA3,492,0.125,325,0.27138,False,systemic_lupus
WHRN,493,0.12352,1706,0.03002,False,systemic_lupus
SLC24A4,494,0.12303,1385,0.03702,False,systemic_lupus
BATF,495,0.12245,351,0.26008,False,systemic_lupus
KIF21A,496,0.12155,827,0.07574,False,systemic_lupus
NTNG1,497,0.12124,1542,0.03343,False,systemic_lupus
NTNG2,498,0.12124,1543,0.03343,False,systemic_lupus
RYR1,499,0.11936,359,0.25694,False,systemic_lupus
NDUFS8,500,0.11803,501,0.19577,False,systemic_lupus
NDUFA9,501,0.11167,606,0.15025,False,systemic_lupus
TRAF6,502,0.11155,290,0.28543,False,systemic_lupus
CCL20,503,0.10971,396,0.24268,False,systemic_lupus
STAT5B,504,0.10963,587,0.1607,False,systemic_lupus
NDUFV2,505,0.10908,610,0.14952,False,systemic_lupus
TTC30B,506,0.10869,1222,0.04275,False,systemic_lupus
UBASH3A,507,0.10807,933,0.06139,False,systemic_lupus
NDUFS1,508,0.10806,590,0.16012,False,systemic_lupus
TTC30A,509,0.10781,1191,0.04424,False,systemic_lupus
IFT74,510,0.1073,1170,0.04511,False,systemic_lupus
IFT46,511,0.10686,1151,0.04586,False,systemic_lupus
IFT52,512,0.10659,1141,0.04632,False,systemic_lupus
KCNA6,513,0.10655,828,0.07563,False,systemic_lupus
PDE4A,514,0.10505,442,0.22551,False,systemic_lupus
KCNA10,515,0.1043,1775,0.02895,False,systemic_lupus
STAT5A,516,0.10351,592,0.15796,False,systemic_lupus
NDUFB10,517,0.10344,580,0.16461,False,systemic_lupus
COL5A3,518,0.10295,2436,0.02038,False,systemic_lupus
COL27A1,519,0.10292,2429,0.02045,False,systemic_lupus
COL16A1,520,0.10287,2423,0.02054,False,systemic_lupus
NOVA1,521,0.1028,2810,0.01706,False,systemic_lupus
HNRNPAB,522,0.1025,2744,0.01768,False,systemic_lupus
RBPMS,523,0.10196,2592,0.01877,False,systemic_lupus
P4HA1,524,0.10153,2146,0.02314,False,systemic_lupus
RBM24,525,0.10079,2361,0.02115,False,systemic_lupus
KCNA4,526,0.10077,573,0.1689,False,systemic_lupus
NDUFA6,527,0.10024,623,0.14257,False,systemic_lupus
MASP2,528,0.10016,1063,0.05078,False,systemic_lupus
TEC,529,0.09946,707,0.1059,False,systemic_lupus
ELAVL4,530,0.0979,2396,0.02086,False,systemic_lupus
LRMDA,531,0.09735,2880,0.01635,False,systemic_lupus
USP24,532,0.09669,2154,0.02306,False,systemic_lupus
FOS,533,0.09643,88,0.37655,False,systemic_lupus
CDCP2,534,0.09589,1993,0.02453,False,systemic_lupus
EDAR,535,0.0956,2532,0.01942,False,systemic_lupus
NDUFA8,536,0.09481,516,0.18748,False,systemic_lupus
KCNS3,537,0.09375,1218,0.04302,False,systemic_lupus
FABP2,538,0.09338,1618,0.03161,False,systemic_lupus
SERPING1,539,0.09324,1028,0.05281,False,systemic_lupus
MAN2C1,540,0.09293,1586,0.0325,False,systemic_lupus
NDFIP1,541,0.09252,668,0.12017,False,systemic_lupus
ADGRL1,542,0.09128,1129,0.04698,False,systemic_lupus
ADGRL3,543,0.09119,1104,0.04837,False,systemic_lupus
CD27,544,0.09088,700,0.10803,False,systemic_lupus
MASP1,545,0.09087,1137,0.04664,False,systemic_lupus
SGSH,546,0.09025,1363,0.03781,False,systemic_lupus
RPLP1,547,0.08927,395,0.24284,False,systemic_lupus
CALR,548,0.0892,144,0.34555,False,systemic_lupus
FBN1,549,0.08866,729,0.0987,False,systemic_lupus
CD4,550,0.08866,148,0.34371,False,systemic_lupus
MAN2B1,551,0.08861,1267,0.04113,False,systemic_lupus
MMP2,552,0.08822,1163,0.04531,False,systemic_lupus
ICOSLG,553,0.0872,1090,0.04936,False,systemic_lupus
TRAF3IP2,554,0.08598,675,0.11734,False,systemic_lupus
HNF1A,555,0.08558,2176,0.02277,False,systemic_lupus
CFB,556,0.085,861,0.07033,False,systemic_lupus
KCNV1,557,0.08467,1800,0.02848,False,systemic_lupus
NDUFB6,558,0.08452,594,0.15677,False,systemic_lupus
B3GALT6,559,0.08421,1035,0.05233,False,systemic_lupus
EXTL2,560,0.08417,1034,0.05241,False,systemic_lupus
GASK1A,561,0.0837,1019,0.05334,False,systemic_lupus
USP8,562,0.08288,257,0.30105,False,systemic_lupus
KCNC2,563,0.08244,1237,0.04201,False,systemic_lupus
XYLT1,564,0.08226,993,0.05621,False,systemic_lupus
RYR3,565,0.08223,502,0.19494,False,systemic_lupus
TNFSF8,566,0.08113,2056,0.02391,False,systemic_lupus
IFNGR1,567,0.08084,756,0.09243,False,systemic_lupus
NDUFB7,568,0.07994,628,0.13903,False,systemic_lupus
KCNC3,569,0.07981,803,0.08246,False,systemic_lupus
PIK3R4,570,0.07974,3356,0.01218,False,systemic_lupus
RPL21,571,0.07896,962,0.05934,False,systemic_lupus
VTA1,572,0.07824,2846,0.01674,False,systemic_lupus
ROBO3,573,0.07703,866,0.06985,False,systemic_lupus
CFI,574,0.07651,1062,0.0508,False,systemic_lupus
SFTPB,575,0.07619,923,0.06227,False,systemic_lupus
C3,576,0.0756,596,0.15656,False,systemic_lupus
KCNH1,577,0.07509,778,0.08823,False,systemic_lupus
RSL24D1,578,0.07472,309,0.2772,False,systemic_lupus
STAT6,579,0.0735,671,0.11871,False,systemic_lupus
CD46,580,0.07318,1432,0.03578,False,systemic_lupus
BICC1,581,0.07312,2382,0.02098,False,systemic_lupus
CD55,582,0.07301,1365,0.03778,False,systemic_lupus
CASP5,583,0.07294,2333,0.02144,False,systemic_lupus
SET,584,0.07151,3717,0.00929,False,systemic_lupus
TYR,585,0.07086,1348,0.0382,False,systemic_lupus
TYRP1,586,0.07082,1334,0.03852,False,systemic_lupus
MC1R,587,0.07049,1264,0.04123,False,systemic_lupus
TASOR,588,0.06994,1770,0.02908,False,systemic_lupus
CAGE1,589,0.06963,1943,0.02545,False,systemic_lupus
DKK1,590,0.06963,1944,0.02545,False,systemic_lupus
WNT2B,591,0.06961,1941,0.02549,False,systemic_lupus
COLEC11,592,0.06912,1587,0.03246,False,systemic_lupus
FCN2,593,0.06901,1607,0.03192,False,systemic_lupus
NDUFB9,594,0.06868,555,0.17783,False,systemic_lupus
PDE3A,595,0.06856,389,0.24439,False,systemic_lupus
CCDC155,596,0.06752,1646,0.03109,False,systemic_lupus
PTGER3,597,0.06534,347,0.26126,False,systemic_lupus
SLC28A2,598,0.06521,1736,0.02964,False,systemic_lupus
SLC28A1,599,0.06521,1735,0.02964,False,systemic_lupus
SLC28A3,600,0.06509,1713,0.02997,False,systemic_lupus
CD8A,601,0.06507,345,0.26195,False,systemic_lupus
NDUFV1,602,0.06485,570,0.17055,False,systemic_lupus
CRP,603,0.06457,752,0.09364,False,systemic_lupus
NDUFB4,604,0.06454,614,0.14824,False,systemic_lupus
NDUFC2,605,0.06401,643,0.13101,False,systemic_lupus
RCOR1,606,0.06354,1593,0.03235,False,systemic_lupus
TNFSF12,607,0.06332,1084,0.04958,False,systemic_lupus
SLC29A1,608,0.06276,1402,0.03667,False,systemic_lupus
SLC29A2,609,0.06267,1388,0.03693,False,systemic_lupus
NDUFA5,610,0.06077,620,0.14435,False,systemic_lupus
C3AR1,611,0.05985,995,0.05585,False,systemic_lupus
ZBTB8OS,612,0.05966,1200,0.04384,False,systemic_lupus
C2orf49,613,0.05924,1172,0.04507,False,systemic_lupus
DDX1,614,0.05923,1169,0.04512,False,systemic_lupus
RTRAF,615,0.05923,1168,0.04512,False,systemic_lupus
RTCB,616,0.05923,1167,0.04512,False,systemic_lupus
KCNC4,617,0.05918,830,0.07537,False,systemic_lupus
CD276,618,0.05911,939,0.06115,False,systemic_lupus
PAX5,619,0.05908,739,0.0956,False,systemic_lupus
LHFPL6,620,0.05809,2601,0.01871,False,systemic_lupus
CD79B,621,0.05769,808,0.08073,False,systemic_lupus
TNFRSF9,622,0.05724,951,0.06032,False,systemic_lupus
SLC39A7,623,0.0571,931,0.0614,False,systemic_lupus
TNFRSF4,624,0.05691,963,0.05913,False,systemic_lupus
WRAP53,625,0.05588,231,0.31121,False,systemic_lupus
CFHR1,626,0.05537,1580,0.03266,False,systemic_lupus
NDUFS5,627,0.05459,595,0.15668,False,systemic_lupus
EDA2R,628,0.05314,1596,0.03222,False,systemic_lupus
CFP,629,0.0531,1611,0.03188,False,systemic_lupus
CACNG6,630,0.05261,3975,0.00816,False,systemic_lupus
FCN3,631,0.05259,2500,0.01966,False,systemic_lupus
FCN1,632,0.05257,2482,0.01987,False,systemic_lupus
TYROBP,633,0.05255,1206,0.04364,False,systemic_lupus
TET1,634,0.0519,3447,0.01119,False,systemic_lupus
DGKI,635,0.05189,3471,0.01099,False,systemic_lupus
TDG,636,0.05177,3395,0.0117,False,systemic_lupus
CD52,637,0.05037,833,0.07533,False,systemic_lupus
LOC102723407,638,0.04996,722,0.10081,False,systemic_lupus
CDKN2B,639,0.04987,419,0.23411,False,systemic_lupus
MYO1A,640,0.04964,2961,0.01554,False,systemic_lupus
MYO3A,641,0.04964,2962,0.01554,False,systemic_lupus
MYO6,642,0.04964,2963,0.01554,False,systemic_lupus
PDLIM4,643,0.04956,2924,0.01588,False,systemic_lupus
IL27RA,644,0.04942,1225,0.04261,False,systemic_lupus
NDUFAB1,645,0.04932,607,0.15006,False,systemic_lupus
CISH,646,0.04839,4558,0.00657,False,systemic_lupus
TLR8,647,0.04787,1895,0.02663,False,systemic_lupus
NDUFS2,648,0.04767,540,0.1827,False,systemic_lupus
PIP5K1A,649,0.04743,344,0.26229,False,systemic_lupus
IRF3,650,0.04704,738,0.09638,False,systemic_lupus
MAFF,651,0.04699,3508,0.01063,False,systemic_lupus
MAFG,652,0.04691,3473,0.01098,False,systemic_lupus
RXRG,653,0.04682,416,0.23457,False,systemic_lupus
LACC1,654,0.04637,3557,0.01021,False,systemic_lupus
ITGB1,655,0.04636,123,0.35443,False,systemic_lupus
PTX3,656,0.04635,1476,0.03486,False,systemic_lupus
TNFRSF21,657,0.0462,3483,0.01085,False,systemic_lupus
CCDC122,658,0.04614,3459,0.01107,False,systemic_lupus
CD79A,659,0.04598,760,0.09199,False,systemic_lupus
MAVS,660,0.04556,774,0.08934,False,systemic_lupus
BCL10,661,0.04552,360,0.2569,False,systemic_lupus
TNFRSF18,662,0.04548,1463,0.03507,False,systemic_lupus
AKTIP,663,0.04524,4870,0.00563,False,systemic_lupus
FAM160A2,664,0.04519,4821,0.00581,False,systemic_lupus
MRAS,665,0.04516,2329,0.02148,False,systemic_lupus
SOS2,666,0.04478,1929,0.02571,False,systemic_lupus
RAP1B,667,0.04467,1881,0.02688,False,systemic_lupus
NDUFC1,668,0.04428,670,0.11916,False,systemic_lupus
CD70,669,0.04389,1497,0.03439,False,systemic_lupus
IRAK4,670,0.04361,767,0.09091,False,systemic_lupus
MYD88,671,0.0435,593,0.15681,False,systemic_lupus
ITGB7,672,0.04347,306,0.27881,False,systemic_lupus
HLA-DPA1,673,0.04335,2764,0.01753,False,systemic_lupus
FCER1A,674,0.04301,2194,0.02251,False,systemic_lupus
LILRA4,675,0.043,3386,0.01188,False,systemic_lupus
CFL1,676,0.04298,950,0.06032,False,systemic_lupus
TAB1,677,0.04282,889,0.06609,False,systemic_lupus
TBK1,678,0.04261,763,0.09143,False,systemic_lupus
TREM2,679,0.04246,2524,0.01947,False,systemic_lupus
TP53,680,0.04246,1,0.75641,False,systemic_lupus
MMP9,681,0.0423,849,0.07218,False,systemic_lupus
FCER1G,682,0.04161,798,0.08389,False,systemic_lupus
UNC5A,683,0.04038,513,0.18895,False,systemic_lupus
IL10RB,684,0.04028,878,0.06779,False,systemic_lupus
KDM1A,685,0.04027,1026,0.05292,False,systemic_lupus
NRIP1,686,0.04024,334,0.26828,False,systemic_lupus
PIK3CB,687,0.03963,107,0.36619,False,systemic_lupus
COLGALT2,688,0.0395,1457,0.03521,False,systemic_lupus
PLOD3,689,0.03945,1443,0.03548,False,systemic_lupus
TRAF2,690,0.03935,650,0.12888,False,systemic_lupus
ANXA1,691,0.03914,2818,0.01698,False,systemic_lupus
TET2,692,0.03906,1184,0.04471,False,systemic_lupus
DYSF,693,0.0388,2641,0.0184,False,systemic_lupus
BIRC2,694,0.03866,779,0.08811,False,systemic_lupus
ZAP70,695,0.03847,982,0.05742,False,systemic_lupus
MGAT2,696,0.03842,3176,0.01361,False,systemic_lupus
HMGA2,697,0.03815,846,0.07268,False,systemic_lupus
CFHR3,698,0.03813,2399,0.02083,False,systemic_lupus
ARMS2,699,0.03805,2267,0.02183,False,systemic_lupus
RAP1A,700,0.03802,1283,0.04046,False,systemic_lupus
MGAT4D,701,0.03798,2882,0.01633,False,systemic_lupus
MGAT3,702,0.0379,2831,0.01683,False,systemic_lupus
MGAT4C,703,0.03789,2824,0.01691,False,systemic_lupus
MGAT4A,704,0.03778,2755,0.01762,False,systemic_lupus
MGAT4B,705,0.03778,2750,0.01764,False,systemic_lupus
MS4A4A,706,0.03764,2542,0.01933,False,systemic_lupus
ITIH4,707,0.03749,2179,0.02272,False,systemic_lupus
VSIG4,708,0.0373,2073,0.02373,False,systemic_lupus
RC3H1,709,0.03726,1748,0.02945,False,systemic_lupus
RBM17,710,0.03715,1081,0.04965,False,systemic_lupus
ANP32A,711,0.0371,1527,0.03366,False,systemic_lupus
CD274,712,0.03705,1101,0.04863,False,systemic_lupus
AICDA,713,0.03702,2573,0.01894,False,systemic_lupus
PHF3,714,0.03687,1655,0.03096,False,systemic_lupus
PRMT5,715,0.03687,1991,0.02455,False,systemic_lupus
RC3H2,716,0.03686,1651,0.031,False,systemic_lupus
LYN,717,0.03682,601,0.15288,False,systemic_lupus
HMCN1,718,0.03645,4419,0.00693,False,systemic_lupus
NKX2-8,719,0.03644,1583,0.03264,False,systemic_lupus
DXO,720,0.03637,4238,0.00736,False,systemic_lupus
CD28,721,0.03592,657,0.12712,False,systemic_lupus
TNFSF9,722,0.03549,1978,0.02473,False,systemic_lupus
IL7,723,0.03545,686,0.11296,False,systemic_lupus
P4HB,724,0.03542,1465,0.03505,False,systemic_lupus
BTF3,725,0.03533,339,0.265,False,systemic_lupus
PDCD1LG2,726,0.03527,1326,0.03881,False,systemic_lupus
SMYD3,727,0.03503,1345,0.0383,False,systemic_lupus
TNFRSF8,728,0.0349,1355,0.03796,False,systemic_lupus
IL4,729,0.03486,428,0.23074,False,systemic_lupus
PADI4,730,0.03327,564,0.17395,False,systemic_lupus
C4BPB,731,0.03314,2081,0.02365,False,systemic_lupus
C4BPA,732,0.03314,2075,0.02372,False,systemic_lupus
IGLV10-54,733,0.03297,2589,0.01881,False,systemic_lupus
GNA11,734,0.03295,1708,0.03001,False,systemic_lupus
ENSP00000293826,735,0.03287,4794,0.0059,False,systemic_lupus
MECP2,736,0.0326,1431,0.0358,False,systemic_lupus
KCNQ2,737,0.0325,430,0.22912,False,systemic_lupus
GRIN1,738,0.03235,455,0.22063,False,systemic_lupus
ITPR1,739,0.0323,965,0.05904,False,systemic_lupus
LEPR,740,0.03206,2838,0.01679,False,systemic_lupus
CR1,741,0.03205,1500,0.03434,False,systemic_lupus
CDKN1C,742,0.03151,425,0.23153,False,systemic_lupus
MFAP3,743,0.0312,3384,0.0119,False,systemic_lupus
FBN3,744,0.03115,3361,0.01213,False,systemic_lupus
MYH3,745,0.03103,3296,0.01262,False,systemic_lupus
ADAMTS10,746,0.03099,3274,0.01279,False,systemic_lupus
ADAMTSL5,747,0.03071,3140,0.01392,False,systemic_lupus
CLTC,748,0.03058,244,0.30581,False,systemic_lupus
MFAP5,749,0.03011,2874,0.01642,False,systemic_lupus
MFAP2,750,0.02999,2821,0.01696,False,systemic_lupus
LGALS3,751,0.02994,1128,0.04721,False,systemic_lupus
MAP3K14,752,0.0299,1092,0.04916,False,systemic_lupus
HGF,753,0.0292,3020,0.01513,False,systemic_lupus
KCNG4,754,0.02912,1015,0.05354,False,systemic_lupus
TNIP2,755,0.02901,1401,0.03668,False,systemic_lupus
PLXNC1,756,0.0288,2759,0.01757,False,systemic_lupus
PLXND1,757,0.02879,2753,0.01762,False,systemic_lupus
TNIP3,758,0.02871,4588,0.0065,False,systemic_lupus
STXBP2,759,0.02868,2190,0.02258,False,systemic_lupus
RNF11,760,0.02868,4474,0.00679,False,systemic_lupus
STX11,761,0.02865,2153,0.02307,False,systemic_lupus
UNC13D,762,0.02864,2134,0.02325,False,systemic_lupus
EVL,763,0.02847,2522,0.01947,False,systemic_lupus
PLXNA3,764,0.02822,2387,0.02095,False,systemic_lupus
PLXNA4,765,0.02804,2237,0.02206,False,systemic_lupus
IL10RA,766,0.02782,1009,0.05435,False,systemic_lupus
AWAT1,767,0.02678,3456,0.01112,False,systemic_lupus
EOMES,768,0.02661,245,0.3056,False,systemic_lupus
NBR1,769,0.02658,1358,0.03788,False,systemic_lupus
NRP1,770,0.02657,972,0.05821,False,systemic_lupus
RNF41,771,0.02638,1159,0.04555,False,systemic_lupus
MGAT1,772,0.02631,1737,0.02964,False,systemic_lupus
TNFRSF1B,773,0.02622,913,0.06356,False,systemic_lupus
IFNA1,774,0.02619,661,0.12527,False,systemic_lupus
TNFRSF25,775,0.02602,1896,0.02663,False,systemic_lupus
COL11A2,776,0.02583,2441,0.02031,False,systemic_lupus
EDIL3,777,0.02578,2419,0.02063,False,systemic_lupus
SLC6A8,778,0.02572,2367,0.0211,False,systemic_lupus
MPL,779,0.02571,3760,0.00906,False,systemic_lupus
NAA25,780,0.02571,3756,0.00911,False,systemic_lupus
THPO,781,0.02562,3677,0.00955,False,systemic_lupus
PAF1,782,0.02557,206,0.32208,False,systemic_lupus
CDK4,783,0.02552,413,0.23496,False,systemic_lupus
COL9A2,784,0.02548,2171,0.02289,False,systemic_lupus
IL2,785,0.02542,520,0.18712,False,systemic_lupus
DET1,786,0.0254,3103,0.01428,False,systemic_lupus
IKZF4,787,0.0254,3683,0.00953,False,systemic_lupus
P2RY8,788,0.02539,3661,0.0096,False,systemic_lupus
CD6,789,0.02538,429,0.23042,False,systemic_lupus
IKZF5,790,0.02535,3610,0.00984,False,systemic_lupus
COL11A1,791,0.02535,2064,0.02378,False,systemic_lupus
PTCRA,792,0.02532,3571,0.01008,False,systemic_lupus
NTRK2,793,0.02531,3437,0.01124,False,systemic_lupus
NTRK1,794,0.02528,3426,0.0114,False,systemic_lupus
NTRK3,795,0.02525,3412,0.01156,False,systemic_lupus
COL9A1,796,0.02523,1982,0.02467,False,systemic_lupus
CHD3,797,0.02522,3488,0.01079,False,systemic_lupus
CD69,798,0.02502,1001,0.05512,False,systemic_lupus
COP1,799,0.02488,2748,0.01765,False,systemic_lupus
SOS1,800,0.02479,1284,0.04043,False,systemic_lupus
RIBC2,801,0.02475,2629,0.01852,False,systemic_lupus
GABRP,802,0.02455,817,0.07722,False,systemic_lupus
HDAC7,803,0.02447,327,0.27106,False,systemic_lupus
TBP,804,0.02443,2762,0.01754,False,systemic_lupus
POU2F3,805,0.02437,2691,0.018,False,systemic_lupus
UNC93B1,806,0.02436,2538,0.01936,False,systemic_lupus
ESX1,807,0.02425,2569,0.01896,False,systemic_lupus
PLA2G6,808,0.0242,1324,0.03882,False,systemic_lupus
RRAS2,809,0.0242,1470,0.03501,False,systemic_lupus
IL22RA2,810,0.02413,2973,0.01548,False,systemic_lupus
SPRR2B,811,0.0241,2453,0.02021,False,systemic_lupus
SPRR2A,812,0.02409,2448,0.02024,False,systemic_lupus
RBPJ,813,0.02405,139,0.34621,False,systemic_lupus
PRKCI,814,0.024,2378,0.021,False,systemic_lupus
IRF9,815,0.02392,852,0.07153,False,systemic_lupus
KCNS2,816,0.02387,3355,0.01218,False,systemic_lupus
COL2A1,817,0.02367,1114,0.04793,False,systemic_lupus
GABRA6,818,0.02362,1927,0.02577,False,systemic_lupus
VAMP7,819,0.0236,1795,0.02856,False,systemic_lupus
ELF4,820,0.02355,1987,0.02463,False,systemic_lupus
IFITM1,821,0.02351,1632,0.03137,False,systemic_lupus
PPP4R1,822,0.02341,4294,0.00723,False,systemic_lupus
OSMR,823,0.02296,439,0.22674,False,systemic_lupus
MPHOSPH8,824,0.02289,1135,0.04665,False,systemic_lupus
GABRQ,825,0.02269,3806,0.00884,False,systemic_lupus
ACAN,826,0.02269,1113,0.048,False,systemic_lupus
KCNB2,827,0.02256,941,0.06101,False,systemic_lupus
HLA-DQB1,828,0.02243,2515,0.01954,False,systemic_lupus
CSF3R,829,0.02223,1536,0.0335,False,systemic_lupus
CD38,830,0.02205,651,0.12878,False,systemic_lupus
GRIN2A,831,0.02194,391,0.24387,False,systemic_lupus
C5AR1,832,0.02177,1560,0.03309,False,systemic_lupus
ICAM1,833,0.02172,730,0.09867,False,systemic_lupus
NR1H2,834,0.02168,404,0.24009,False,systemic_lupus
VASP,835,0.02158,1269,0.04107,False,systemic_lupus
MT2A,836,0.02151,4455,0.00683,False,systemic_lupus
CD163,837,0.02143,4175,0.00749,False,systemic_lupus
APOD,838,0.02142,4122,0.00764,False,systemic_lupus
LCK,839,0.02137,741,0.09556,False,systemic_lupus
ELL3,840,0.02136,1926,0.02578,False,systemic_lupus
ELL2,841,0.02129,1867,0.02721,False,systemic_lupus
AFF4,842,0.02124,1813,0.02814,False,systemic_lupus
ELL,843,0.02124,1815,0.02812,False,systemic_lupus
EAF1,844,0.02119,1763,0.02925,False,systemic_lupus
MLLT3,845,0.02114,1688,0.03039,False,systemic_lupus
IGLL5,846,0.02113,804,0.08243,False,systemic_lupus
NUTM2A,847,0.02092,4070,0.00782,False,systemic_lupus
PHF1,848,0.02091,4035,0.00796,False,systemic_lupus
MYCL,849,0.0209,3988,0.00812,False,systemic_lupus
PMPCB,850,0.02089,1602,0.03204,False,systemic_lupus
DGKZ,851,0.02074,4305,0.0072,False,systemic_lupus
SUZ12,852,0.02073,3462,0.01106,False,systemic_lupus
NR2C2,853,0.02069,3388,0.01181,False,systemic_lupus
FERMT3,854,0.02064,3949,0.00826,False,systemic_lupus
RASA4,855,0.0206,3829,0.00866,False,systemic_lupus
DGKA,856,0.02055,3727,0.00923,False,systemic_lupus
RASGRP2,857,0.02049,3618,0.00979,False,systemic_lupus
DNAJC6,858,0.02046,1186,0.04457,False,systemic_lupus
GSN,859,0.02038,2220,0.02224,False,systemic_lupus
SCIN,860,0.02022,2117,0.02352,False,systemic_lupus
TRIM72,861,0.02009,1138,0.04646,False,systemic_lupus
DPYSL3,862,0.02003,1643,0.03114,False,systemic_lupus
CAPZA1,863,0.01974,1870,0.02716,False,systemic_lupus
CAPZB,864,0.01971,1859,0.02731,False,systemic_lupus
CAPZA2,865,0.0196,1810,0.02822,False,systemic_lupus
TMOD4,866,0.01957,1805,0.02841,False,systemic_lupus
CCL4L2,867,0.01947,2026,0.02419,False,systemic_lupus
ITGAX,868,0.01901,887,0.06654,False,systemic_lupus
CD1C,869,0.01894,1964,0.02506,False,systemic_lupus
RAB27A,870,0.01889,1700,0.03017,False,systemic_lupus
SOCS3,871,0.01874,797,0.08422,False,systemic_lupus
NOX5,872,0.01871,3855,0.00849,False,systemic_lupus
FADS2,873,0.01869,673,0.118,False,systemic_lupus
DUOX2,874,0.01869,3821,0.00872,False,systemic_lupus
DUOX1,875,0.01867,3784,0.00896,False,systemic_lupus
NOX3,876,0.01867,3768,0.00901,False,systemic_lupus
NOX1,877,0.01866,3735,0.00919,False,systemic_lupus
NOXA1,878,0.01866,3751,0.00914,False,systemic_lupus
NOXO1,879,0.01866,3738,0.00919,False,systemic_lupus
CYBA,880,0.01866,3736,0.00919,False,systemic_lupus
MYO1C,881,0.01865,934,0.06137,False,systemic_lupus
LTB,882,0.0186,1220,0.04294,False,systemic_lupus
COMP,883,0.01824,1303,0.03959,False,systemic_lupus
KNG1,884,0.01819,2492,0.01975,False,systemic_lupus
TCF7L1,885,0.01818,1638,0.03123,False,systemic_lupus
TRIM21,886,0.01818,1858,0.02731,False,systemic_lupus
CD37,887,0.01811,4688,0.00621,False,systemic_lupus
DNMT3B,888,0.01805,1856,0.02732,False,systemic_lupus
DNMT1,889,0.01798,1773,0.029,False,systemic_lupus
FCER2,890,0.01792,3952,0.00826,False,systemic_lupus
JAM3,891,0.01788,1801,0.02847,False,systemic_lupus
IKBKG,892,0.01763,522,0.18677,False,systemic_lupus
BMP1,893,0.01762,1545,0.03342,False,systemic_lupus
CTBP1,894,0.01761,696,0.10904,False,systemic_lupus
IFNA7,895,0.0176,4220,0.00741,False,systemic_lupus
IFNA6,896,0.0176,4195,0.00743,False,systemic_lupus
IFNA16,897,0.0176,4218,0.00741,False,systemic_lupus
FKBP6,898,0.0176,1842,0.02751,False,systemic_lupus
IFNA21,899,0.0176,4217,0.00741,False,systemic_lupus
FKBP10,900,0.0176,1855,0.02734,False,systemic_lupus
IFNA14,901,0.01759,4164,0.00752,False,systemic_lupus
IFNA13,902,0.01759,4173,0.00751,False,systemic_lupus
IFNA10,903,0.01759,4161,0.00752,False,systemic_lupus
IFNA4,904,0.01758,4145,0.00758,False,systemic_lupus
CLIP2,905,0.01755,1761,0.02926,False,systemic_lupus
CD2AP,906,0.01755,1004,0.05494,False,systemic_lupus
EZH2,907,0.01744,1095,0.04887,False,systemic_lupus
PTPN11,908,0.01738,521,0.1869,False,systemic_lupus
RAB35,909,0.01726,1195,0.04407,False,systemic_lupus
POMGNT1,910,0.01724,944,0.06072,False,systemic_lupus
SIRPA,911,0.01723,2249,0.022,False,systemic_lupus
SELP,912,0.01707,1238,0.04192,False,systemic_lupus
PLXNA1,913,0.01697,1514,0.03391,False,systemic_lupus
KCNH2,914,0.01693,331,0.26893,False,systemic_lupus
TNFRSF6B,915,0.0169,1403,0.03665,False,systemic_lupus
NRP2,916,0.01681,1357,0.03788,False,systemic_lupus
IFNA2,917,0.01673,954,0.05983,False,systemic_lupus
SNRPE,918,0.0166,272,0.29067,False,systemic_lupus
IFT57,919,0.01652,3904,0.00835,False,systemic_lupus
RHOC,920,0.0165,3569,0.01009,False,systemic_lupus
PROS1,921,0.0165,1521,0.03378,False,systemic_lupus
TNS1,922,0.01643,3486,0.01083,False,systemic_lupus
RMDN3,923,0.01631,2782,0.01738,False,systemic_lupus
GABBR1,924,0.01621,363,0.2561,False,systemic_lupus
VPS35,925,0.01618,1008,0.05442,False,systemic_lupus
DYRK1A,926,0.01615,4053,0.00789,False,systemic_lupus
SUPT6H,927,0.01612,203,0.324,False,systemic_lupus
KCNA7,928,0.01609,912,0.06377,False,systemic_lupus
AUTS2,929,0.01603,3690,0.00947,False,systemic_lupus
CREBBP,930,0.016,615,0.14783,False,systemic_lupus
UBB,931,0.01599,897,0.06526,False,systemic_lupus
CADPS2,932,0.01598,3573,0.01005,False,systemic_lupus
XBP1,933,0.01594,1844,0.02749,False,systemic_lupus
LGALS9,934,0.01582,1282,0.04047,False,systemic_lupus
PTPRG,935,0.01577,2974,0.01546,False,systemic_lupus
NIT2,936,0.01577,2984,0.01541,False,systemic_lupus
RASSF1,937,0.01577,2976,0.01546,False,systemic_lupus
HINT1,938,0.01573,2922,0.0159,False,systemic_lupus
TKFC,939,0.01551,2068,0.02377,False,systemic_lupus
EIF4H,940,0.0154,3411,0.01157,False,systemic_lupus
NIT1,941,0.01539,2496,0.01972,False,systemic_lupus
PRDM16,942,0.01537,3376,0.01201,False,systemic_lupus
NSUN5,943,0.01537,3373,0.01203,False,systemic_lupus
ENPP4,944,0.01537,2475,0.01991,False,systemic_lupus
BCL7B,945,0.01536,3362,0.01213,False,systemic_lupus
TRIM50,946,0.01535,3347,0.01226,False,systemic_lupus
LIMK1,947,0.01532,3312,0.01253,False,systemic_lupus
BAZ1B,948,0.01528,3255,0.01301,False,systemic_lupus
FOLR2,949,0.01522,4095,0.00772,False,systemic_lupus
TBL2,950,0.01521,3153,0.0138,False,systemic_lupus
AIF1,951,0.01519,4016,0.00803,False,systemic_lupus
CD93,952,0.01518,3981,0.00815,False,systemic_lupus
IL9,953,0.01516,728,0.09915,False,systemic_lupus
IFNB1,954,0.01513,708,0.1059,False,systemic_lupus
IL15,955,0.01513,711,0.10389,False,systemic_lupus
PPL,956,0.01513,1397,0.03676,False,systemic_lupus
AP3B1,957,0.01505,262,0.29749,False,systemic_lupus
TBX21,958,0.01503,718,0.1021,False,systemic_lupus
MZB1,959,0.01501,4077,0.0078,False,systemic_lupus
MS4A7,960,0.01498,4036,0.00796,False,systemic_lupus
HSPA1B,961,0.01497,4454,0.00683,False,systemic_lupus
NME8,962,0.01496,2803,0.01718,False,systemic_lupus
FCRL1,963,0.01494,3915,0.00833,False,systemic_lupus
HSPA1L,964,0.01494,4262,0.00731,False,systemic_lupus
MYC,965,0.01494,41,0.41872,False,systemic_lupus
HLA-DRA,966,0.01484,1861,0.02729,False,systemic_lupus
FOXP1,967,0.01482,3775,0.00899,False,systemic_lupus
FOXP1-2,968,0.01479,3691,0.00946,False,systemic_lupus
IGKV2D-29,969,0.01479,3682,0.00953,False,systemic_lupus
BTN3A1,970,0.01479,3697,0.00943,False,systemic_lupus
KPNA6,971,0.01478,3674,0.00955,False,systemic_lupus
IFNA5,972,0.01477,2675,0.0181,False,systemic_lupus
SPN,973,0.01476,1811,0.0282,False,systemic_lupus
IFNA8,974,0.01476,2647,0.01834,False,systemic_lupus
GLRX2,975,0.01476,2549,0.01928,False,systemic_lupus
MAPK7,976,0.01475,4525,0.00665,False,systemic_lupus
IFNW1,977,0.01473,2547,0.0193,False,systemic_lupus
GRIN2B,978,0.0147,341,0.26495,False,systemic_lupus
KPNA7,979,0.0147,3510,0.01061,False,systemic_lupus
DPH6,980,0.01469,2773,0.01746,False,systemic_lupus
IL36B,981,0.01467,3461,0.01106,False,systemic_lupus
VTCN1,982,0.01467,4488,0.00675,False,systemic_lupus
LGALS9C,983,0.01466,4413,0.00694,False,systemic_lupus
LGALS9B,984,0.01466,4411,0.00694,False,systemic_lupus
LCN2,985,0.01465,4340,0.00708,False,systemic_lupus
SOX7,986,0.0146,2365,0.02113,False,systemic_lupus
DPH7,987,0.01458,2605,0.01869,False,systemic_lupus
FHL1,988,0.01457,2768,0.01752,False,systemic_lupus
IL1RAPL1,989,0.01457,3331,0.01241,False,systemic_lupus
DPH5,990,0.01456,2576,0.01892,False,systemic_lupus
GLRX,991,0.01452,2241,0.02202,False,systemic_lupus
MSRB1,992,0.01448,2206,0.02239,False,systemic_lupus
RRAS,993,0.01446,1014,0.0538,False,systemic_lupus
DPH1,994,0.01445,2444,0.02028,False,systemic_lupus
MPPED2,995,0.01441,2409,0.02072,False,systemic_lupus
DPH3,996,0.01441,2407,0.02077,False,systemic_lupus
IL18R1,997,0.0144,524,0.18492,False,systemic_lupus
RP1L1,998,0.0144,2131,0.02331,False,systemic_lupus
ENPEP,999,0.01439,4265,0.00729,False,systemic_lupus
RAB11B,1000,0.01438,1532,0.03358,False,systemic_lupus
DPH2,1001,0.01434,2310,0.02161,False,systemic_lupus
SELL,1002,0.01433,1011,0.05427,False,systemic_lupus
IMMP1L,1003,0.01432,2263,0.02187,False,systemic_lupus
MSRB2,1004,0.01432,2022,0.02422,False,systemic_lupus
DCDC1,1005,0.01432,2265,0.02185,False,systemic_lupus
MSRB3,1006,0.01429,1992,0.02454,False,systemic_lupus
ELP4,1007,0.01428,2215,0.02226,False,systemic_lupus
CES3,1008,0.01422,4962,0.00538,False,systemic_lupus
ST6GAL1,1009,0.01412,1963,0.02506,False,systemic_lupus
FUT8,1010,0.01409,1921,0.02583,False,systemic_lupus
HLA-DQA1,1011,0.01404,1660,0.03091,False,systemic_lupus
TSLP,1012,0.01404,1212,0.04326,False,systemic_lupus
MGAT5B,1013,0.014,1806,0.02839,False,systemic_lupus
PDCD1,1014,0.01395,1157,0.04562,False,systemic_lupus
SCD,1015,0.01387,240,0.3074,False,systemic_lupus
ISG15,1016,0.01376,969,0.05864,False,systemic_lupus
TXNDC11,1017,0.01374,3093,0.01435,False,systemic_lupus
IL13RA1,1018,0.01373,966,0.05883,False,systemic_lupus
CYBB,1019,0.01371,1608,0.03192,False,systemic_lupus
LAG3,1020,0.01365,1410,0.0364,False,systemic_lupus
CD48,1021,0.01363,1235,0.04207,False,systemic_lupus
CD247,1022,0.01363,1102,0.04861,False,systemic_lupus
ETAA1,1023,0.01346,3707,0.00936,False,systemic_lupus
NBN,1024,0.01346,3743,0.00916,False,systemic_lupus
TEAD4,1025,0.01345,4438,0.00689,False,systemic_lupus
FANCG,1026,0.01344,3630,0.00976,False,systemic_lupus
TEAD1,1027,0.01344,4353,0.00706,False,systemic_lupus
HUS1,1028,0.01343,3566,0.01013,False,systemic_lupus
RPA2,1029,0.01343,3561,0.01019,False,systemic_lupus
RAD17,1030,0.01343,3560,0.0102,False,systemic_lupus
ATR,1031,0.01342,3530,0.01044,False,systemic_lupus
RAD9A,1032,0.01342,3543,0.01035,False,systemic_lupus
ARF5,1033,0.01338,1281,0.04055,False,systemic_lupus
APC2,1034,0.01337,3903,0.00835,False,systemic_lupus
LTBR,1035,0.01321,860,0.07033,False,systemic_lupus
TRAF5,1036,0.01319,1010,0.05428,False,systemic_lupus
FCAR,1037,0.01305,4519,0.00666,False,systemic_lupus
TRIM25,1038,0.01304,3872,0.00844,False,systemic_lupus
TRIM65,1039,0.01304,3870,0.00844,False,systemic_lupus
RNF125,1040,0.01303,3854,0.00849,False,systemic_lupus
C8G,1041,0.01302,2653,0.01829,False,systemic_lupus
PVR,1042,0.013,2406,0.02077,False,systemic_lupus
APCS,1043,0.01297,4071,0.00782,False,systemic_lupus
BBS12,1044,0.01292,2705,0.0179,False,systemic_lupus
BBS10,1045,0.01292,2714,0.01784,False,systemic_lupus
IFT27,1046,0.0129,2662,0.01819,False,systemic_lupus
IRAK2,1047,0.01279,1830,0.02773,False,systemic_lupus
ACER2,1048,0.01278,4980,0.00534,False,systemic_lupus
BBIP1,1049,0.01278,2468,0.02005,False,systemic_lupus
HDAC1,1050,0.01275,295,0.28436,False,systemic_lupus
CD200,1051,0.01272,4369,0.00704,False,systemic_lupus
IFIT1,1052,0.01272,1131,0.04682,False,systemic_lupus
SATB2,1053,0.01271,3139,0.01393,False,systemic_lupus
SLC6A20,1054,0.0127,2357,0.02118,False,systemic_lupus
RASA1,1055,0.01269,2092,0.0236,False,systemic_lupus
SHOX,1056,0.01269,3127,0.01411,False,systemic_lupus
PTPRCAP,1057,0.01268,4156,0.00754,False,systemic_lupus
IL15RA,1058,0.01265,1784,0.02882,False,systemic_lupus
SOX11,1059,0.01262,3046,0.01491,False,systemic_lupus
MAF,1060,0.01262,299,0.28309,False,systemic_lupus
RPS10,1061,0.01261,398,0.24255,False,systemic_lupus
MMP25,1062,0.01259,703,0.10698,False,systemic_lupus
FEZF2,1063,0.01258,2985,0.01541,False,systemic_lupus
EBI3,1064,0.01256,2788,0.0173,False,systemic_lupus
NCF1,1065,0.01255,1231,0.04247,False,systemic_lupus
CD63,1066,0.01254,1279,0.04062,False,systemic_lupus
SEMA4D,1067,0.01252,1905,0.02643,False,systemic_lupus
KCNF1,1068,0.01252,943,0.06079,False,systemic_lupus
NANOG,1069,0.01251,1000,0.05524,False,systemic_lupus
TTC8,1070,0.01251,2043,0.02406,False,systemic_lupus
CEP85,1071,0.01251,2892,0.01619,False,systemic_lupus
BBS1,1072,0.0125,2040,0.02412,False,systemic_lupus
BBS5,1073,0.01249,2025,0.0242,False,systemic_lupus
BBS4,1074,0.01249,2021,0.02423,False,systemic_lupus
SOX13,1075,0.01248,2864,0.01653,False,systemic_lupus
BBS7,1076,0.01248,2009,0.02439,False,systemic_lupus
BBS2,1077,0.01248,2005,0.02444,False,systemic_lupus
BBS9,1078,0.01247,1999,0.02449,False,systemic_lupus
FCGRT,1079,0.01245,2637,0.01844,False,systemic_lupus
FCGR1A,1080,0.01245,2614,0.01862,False,systemic_lupus
DDX58,1081,0.01243,665,0.12357,False,systemic_lupus
ETNK1,1082,0.0124,2758,0.01758,False,systemic_lupus
SOX9,1083,0.01232,2631,0.01849,False,systemic_lupus
FZD9,1084,0.0123,1659,0.03093,False,systemic_lupus
NUDT3,1085,0.01221,3703,0.0094,False,systemic_lupus
SOX6,1086,0.01217,2443,0.02029,False,systemic_lupus
CSF1R,1087,0.01215,916,0.06306,False,systemic_lupus
SIN3A,1088,0.01207,902,0.06496,False,systemic_lupus
ATP13A2,1089,0.01204,1260,0.04129,False,systemic_lupus
RIPK2,1090,0.01202,1341,0.03839,False,systemic_lupus
KCNG3,1091,0.012,5003,0.00529,False,systemic_lupus
IL22RA1,1092,0.01197,1271,0.04096,False,systemic_lupus
TLR3,1093,0.01191,1025,0.05293,False,systemic_lupus
ZNF366,1094,0.01187,4269,0.00728,False,systemic_lupus
CD200R1,1095,0.01186,2203,0.0224,False,systemic_lupus
STT3B,1096,0.0118,3614,0.00981,False,systemic_lupus
UGGT1,1097,0.01177,3540,0.01038,False,systemic_lupus
MOGS,1098,0.01176,3503,0.01066,False,systemic_lupus
DNAJC10,1099,0.01174,3467,0.01101,False,systemic_lupus
TCL1A,1100,0.0117,2031,0.02417,False,systemic_lupus
GABRE,1101,0.01165,1468,0.03502,False,systemic_lupus
SYP,1102,0.01164,915,0.06307,False,systemic_lupus
EDEM1,1103,0.01161,3147,0.01384,False,systemic_lupus
LRP5,1104,0.0116,1356,0.03789,False,systemic_lupus
CCR10,1105,0.01155,4785,0.00591,False,systemic_lupus
NUP214,1106,0.01154,1083,0.04964,False,systemic_lupus
CCR4,1107,0.01154,4697,0.00617,False,systemic_lupus
GLS2,1108,0.01153,1287,0.04018,False,systemic_lupus
ERG,1109,0.01152,725,0.09985,False,systemic_lupus
RABIF,1110,0.01143,2060,0.02388,False,systemic_lupus
IKZF3,1111,0.01128,2452,0.02021,False,systemic_lupus
BATF3,1112,0.01124,1437,0.0356,False,systemic_lupus
CCL4,1113,0.01115,1017,0.05343,False,systemic_lupus
UGT2B17,1114,0.01105,3749,0.00914,False,systemic_lupus
GPRIN2,1115,0.01104,3704,0.00939,False,systemic_lupus
NBPF1,1116,0.01104,3714,0.00933,False,systemic_lupus
EIF2AK2,1117,0.01104,2339,0.02142,False,systemic_lupus
NPEPPS,1118,0.01104,3720,0.00926,False,systemic_lupus
HYDIN,1119,0.01103,3657,0.00964,False,systemic_lupus
DDX60,1120,0.01103,2275,0.02174,False,systemic_lupus
IFIT2,1121,0.01103,2276,0.02173,False,systemic_lupus
ARF6,1122,0.01102,1029,0.05281,False,systemic_lupus
ARHGAP35,1123,0.011,3556,0.01021,False,systemic_lupus
ZMYM2,1124,0.01099,3532,0.01043,False,systemic_lupus
MAFK,1125,0.01095,2616,0.0186,False,systemic_lupus
ZMYM3,1126,0.01095,3427,0.01139,False,systemic_lupus
USF1,1127,0.01092,3377,0.012,False,systemic_lupus
IFNL1,1128,0.01087,1860,0.02731,False,systemic_lupus
NLRC5,1129,0.01087,2559,0.01912,False,systemic_lupus
SDC1,1130,0.01078,1913,0.02619,False,systemic_lupus
SLC44A4,1131,0.01075,4621,0.00641,False,systemic_lupus
SNRPD2,1132,0.01072,316,0.27432,False,systemic_lupus
FGL2,1133,0.01069,4251,0.00733,False,systemic_lupus
INPPL1,1134,0.01065,3992,0.0081,False,systemic_lupus
INPP5D,1135,0.01064,3899,0.00837,False,systemic_lupus
TCF25,1136,0.0106,3528,0.01046,False,systemic_lupus
SMS,1137,0.01059,3478,0.01087,False,systemic_lupus
DHX58,1138,0.01058,2306,0.02163,False,systemic_lupus
GLYATL1,1139,0.01057,3436,0.01125,False,systemic_lupus
SMOX,1140,0.01055,3372,0.01206,False,systemic_lupus
PMF1-BGLAP,1141,0.01052,3264,0.01292,False,systemic_lupus
PRPS1L1,1142,0.01051,1909,0.02633,False,systemic_lupus
PMF1,1143,0.01051,3260,0.01295,False,systemic_lupus
AOC1,1144,0.0105,3202,0.01344,False,systemic_lupus
AGMAT,1145,0.01049,3174,0.01363,False,systemic_lupus
SRM,1146,0.01048,3133,0.01399,False,systemic_lupus
PRPS1,1147,0.01048,1839,0.02757,False,systemic_lupus
PAOX,1148,0.01047,3107,0.01424,False,systemic_lupus
SAT2,1149,0.01047,3125,0.01412,False,systemic_lupus
ODC1,1150,0.01047,3116,0.0142,False,systemic_lupus
FOXK1,1151,0.01047,621,0.14344,False,systemic_lupus
VAV1,1152,0.01044,997,0.05559,False,systemic_lupus
GABRA3,1153,0.01041,2752,0.01763,False,systemic_lupus
GABRG3,1154,0.01041,2740,0.01768,False,systemic_lupus
GABRA4,1155,0.01038,2566,0.01901,False,systemic_lupus
GABRG1,1156,0.01038,2582,0.01887,False,systemic_lupus
SIGIRR,1157,0.01026,2912,0.01603,False,systemic_lupus
LUM,1158,0.01024,1427,0.03587,False,systemic_lupus
MTMR6,1159,0.01023,636,0.13525,False,systemic_lupus
POSTN,1160,0.01023,259,0.29968,False,systemic_lupus
ABL1,1161,0.01021,1453,0.03528,False,systemic_lupus
FFAR2,1162,0.01019,4664,0.00625,False,systemic_lupus
DNTT,1163,0.01019,4690,0.00621,False,systemic_lupus
FFAR1,1164,0.01018,4618,0.00642,False,systemic_lupus
GNAZ,1165,0.01017,4479,0.00678,False,systemic_lupus
GNAT3,1166,0.01013,4093,0.00772,False,systemic_lupus
NCR3LG1,1167,0.01013,4439,0.00689,False,systemic_lupus
KLRF1,1168,0.01012,4345,0.00708,False,systemic_lupus
CD244,1169,0.01012,4365,0.00705,False,systemic_lupus
ULBP3,1170,0.01012,4382,0.00699,False,systemic_lupus
ELOC,1171,0.0101,2230,0.02213,False,systemic_lupus
SLAMF6,1172,0.0101,4069,0.00783,False,systemic_lupus
GZMB,1173,0.01005,1320,0.03893,False,systemic_lupus
TIGIT,1174,0.01005,3750,0.00914,False,systemic_lupus
PHLDB2,1175,0.01004,3214,0.01337,False,systemic_lupus
DAAM1,1176,0.01004,3201,0.01345,False,systemic_lupus
ARHGAP21,1177,0.01001,3138,0.01397,False,systemic_lupus
CELSR1,1178,0.00999,3096,0.01432,False,systemic_lupus
HDC,1179,0.00996,1681,0.03048,False,systemic_lupus
ANKRD6,1180,0.00993,2965,0.01551,False,systemic_lupus
CCL14,1181,0.00992,2883,0.01632,False,systemic_lupus
ATG12,1182,0.00986,1124,0.04753,False,systemic_lupus
DVL3,1183,0.00978,2658,0.01825,False,systemic_lupus
DVL2,1184,0.00978,2652,0.01829,False,systemic_lupus
VANGL1,1185,0.00977,2622,0.01856,False,systemic_lupus
SP140,1186,0.00975,1056,0.05126,False,systemic_lupus
PTPN6,1187,0.00972,765,0.0911,False,systemic_lupus
SGTA,1188,0.00972,2369,0.02106,False,systemic_lupus
WWP1,1189,0.0096,876,0.06807,False,systemic_lupus
PTS,1190,0.00953,1330,0.03857,False,systemic_lupus
PELI3,1191,0.00947,4414,0.00694,False,systemic_lupus
PELI2,1192,0.00947,4420,0.00693,False,systemic_lupus
PELI1,1193,0.00947,4408,0.00695,False,systemic_lupus
IFNA17,1194,0.00942,1729,0.02976,False,systemic_lupus
ADPRM,1195,0.00941,1898,0.02659,False,systemic_lupus
TANK,1196,0.00938,1695,0.03022,False,systemic_lupus
PSTPIP1,1197,0.00937,619,0.14463,False,systemic_lupus
NFATC1,1198,0.0093,282,0.28788,False,systemic_lupus
UNC5D,1199,0.00927,2039,0.02412,False,systemic_lupus
IFNE,1200,0.00926,1820,0.02793,False,systemic_lupus
IFNK,1201,0.00926,1823,0.02787,False,systemic_lupus
UNC5C,1202,0.00925,2191,0.02255,False,systemic_lupus
PDE4D,1203,0.00925,437,0.22703,False,systemic_lupus
TMEM109,1204,0.00915,2132,0.02331,False,systemic_lupus
BIRC3,1205,0.00915,994,0.05612,False,systemic_lupus
IL27,1206,0.00913,2318,0.02157,False,systemic_lupus
GATB,1207,0.00905,1907,0.02641,False,systemic_lupus
PRKCA,1208,0.00901,1054,0.05146,False,systemic_lupus
DPPA3,1209,0.00898,4605,0.00645,False,systemic_lupus
IFIT3,1210,0.00897,1489,0.03459,False,systemic_lupus
IFI44,1211,0.00897,1471,0.03498,False,systemic_lupus
MX1,1212,0.00896,1438,0.0356,False,systemic_lupus
NAGA,1213,0.00894,3580,0.01002,False,systemic_lupus
GBGT1,1214,0.00892,3535,0.0104,False,systemic_lupus
C1GALT1,1215,0.00891,3516,0.01055,False,systemic_lupus
RNF31,1216,0.00888,1077,0.04987,False,systemic_lupus
BTLA,1217,0.00887,1893,0.02674,False,systemic_lupus
ST3GAL1,1218,0.00882,2011,0.02437,False,systemic_lupus
ST3GAL2,1219,0.00882,2015,0.02434,False,systemic_lupus
ST3GAL4,1220,0.00882,2016,0.0243,False,systemic_lupus
IQGAP1,1221,0.0088,4005,0.00806,False,systemic_lupus
FOXO4,1222,0.0088,4467,0.0068,False,systemic_lupus
TIAM1,1223,0.0088,4000,0.00807,False,systemic_lupus
VCAN,1224,0.00879,3984,0.00814,False,systemic_lupus
SLC7A11,1225,0.00879,3989,0.00812,False,systemic_lupus
SELE,1226,0.00879,3978,0.00815,False,systemic_lupus
CHUK,1227,0.00873,608,0.14997,False,systemic_lupus
UBE2D1,1228,0.00873,3007,0.01523,False,systemic_lupus
UBXN8,1229,0.00872,2871,0.01644,False,systemic_lupus
VCP,1230,0.00867,2786,0.01732,False,systemic_lupus
ERLIN2,1231,0.00864,2716,0.01784,False,systemic_lupus
ELN,1232,0.00862,1797,0.02855,False,systemic_lupus
ERLIN1,1233,0.00862,2657,0.01826,False,systemic_lupus
EMC2,1234,0.00859,2594,0.01877,False,systemic_lupus
MOGAT1,1235,0.00856,4084,0.00777,False,systemic_lupus
EMC1,1236,0.00856,2537,0.01939,False,systemic_lupus
PNLIP,1237,0.00856,4104,0.00771,False,systemic_lupus
PLCD3,1238,0.00855,4002,0.00807,False,systemic_lupus
EMC3,1239,0.00855,2521,0.01949,False,systemic_lupus
TMEM175,1240,0.00855,4037,0.00796,False,systemic_lupus
PLCD4,1241,0.00855,4057,0.00789,False,systemic_lupus
FYCO1,1242,0.00855,1203,0.0438,False,systemic_lupus
DGAT1,1243,0.00854,3900,0.00836,False,systemic_lupus
ESPN,1244,0.00851,1753,0.02938,False,systemic_lupus
C8A,1245,0.00851,2454,0.0202,False,systemic_lupus
C5AR2,1246,0.00851,2455,0.02017,False,systemic_lupus
ETS2,1247,0.00846,4418,0.00693,False,systemic_lupus
IBSP,1248,0.00843,3421,0.01145,False,systemic_lupus
PLA2G4A,1249,0.00842,1252,0.04153,False,systemic_lupus
CTNND2,1250,0.00841,2507,0.01961,False,systemic_lupus
RELA,1251,0.00841,581,0.16425,False,systemic_lupus
HPS5,1252,0.00841,1424,0.036,False,systemic_lupus
FGFR2,1253,0.0084,3360,0.01213,False,systemic_lupus
FGFR3,1254,0.0084,3358,0.01215,False,systemic_lupus
UFD1,1255,0.0084,2200,0.02241,False,systemic_lupus
BMP7,1256,0.0084,3367,0.01209,False,systemic_lupus
NPLOC4,1257,0.0084,2202,0.02241,False,systemic_lupus
SOX17,1258,0.0084,2463,0.02009,False,systemic_lupus
FAF2,1259,0.0084,2193,0.02251,False,systemic_lupus
NLK,1260,0.00839,2389,0.02092,False,systemic_lupus
JUP,1261,0.00839,2390,0.02092,False,systemic_lupus
PAX9,1262,0.00839,3317,0.01251,False,systemic_lupus
RAP2B,1263,0.00838,629,0.13764,False,systemic_lupus
HPS3,1264,0.00836,1429,0.0358,False,systemic_lupus
GFPT2,1265,0.00834,1935,0.0256,False,systemic_lupus
BMP4,1266,0.00833,3152,0.01381,False,systemic_lupus
GFPT1,1267,0.00833,1930,0.02569,False,systemic_lupus
LCT,1268,0.00833,3744,0.00916,False,systemic_lupus
GNA15,1269,0.00832,1447,0.0354,False,systemic_lupus
GLUL,1270,0.00831,1887,0.02681,False,systemic_lupus
SF3A3,1271,0.0083,952,0.06017,False,systemic_lupus
TWIST1,1272,0.00826,2997,0.01531,False,systemic_lupus
DLX5,1273,0.00826,3001,0.01529,False,systemic_lupus
PLA2G10,1274,0.00822,2546,0.01931,False,systemic_lupus
MARCKS,1275,0.00819,4370,0.00704,False,systemic_lupus
RIPK4,1276,0.00819,4379,0.00701,False,systemic_lupus
ETV7,1277,0.00815,1609,0.03192,False,systemic_lupus
IGHV3-43D,1278,0.00813,749,0.09403,False,systemic_lupus
GSK3B,1279,0.00809,156,0.34011,False,systemic_lupus
EDEM2,1280,0.00805,1474,0.03491,False,systemic_lupus
EHMT2,1281,0.00805,1333,0.03852,False,systemic_lupus
MME,1282,0.008,1087,0.04944,False,systemic_lupus
FOSL2,1283,0.00796,444,0.22471,False,systemic_lupus
MMS19,1284,0.00795,3973,0.00817,False,systemic_lupus
CDK9,1285,0.00794,1006,0.0546,False,systemic_lupus
NFKB2,1286,0.00794,908,0.06425,False,systemic_lupus
SDHC,1287,0.0079,3966,0.0082,False,systemic_lupus
GK2,1288,0.00789,3862,0.00848,False,systemic_lupus
GK,1289,0.00789,3877,0.00842,False,systemic_lupus
MT-CO2,1290,0.00789,3873,0.00843,False,systemic_lupus
PARK7,1291,0.00788,177,0.33467,False,systemic_lupus
XYLB,1292,0.00787,3808,0.00883,False,systemic_lupus
TGFBR1,1293,0.00787,163,0.33892,False,systemic_lupus
TICAM1,1294,0.00787,1107,0.04809,False,systemic_lupus
SDHB,1295,0.00786,3761,0.00905,False,systemic_lupus
PAICS,1296,0.00786,3534,0.01041,False,systemic_lupus
PGF,1297,0.00786,1629,0.0314,False,systemic_lupus
PFAS,1298,0.00786,3551,0.01026,False,systemic_lupus
SKP2,1299,0.00782,382,0.24697,False,systemic_lupus
HCK,1300,0.0078,1719,0.02992,False,systemic_lupus
FZD3,1301,0.0078,1616,0.03174,False,systemic_lupus
SLC6A3,1302,0.00778,233,0.31088,False,systemic_lupus
FZD6,1303,0.00778,1622,0.03152,False,systemic_lupus
LSP1,1304,0.00775,4318,0.00715,False,systemic_lupus
FOXO1,1305,0.00774,1710,0.02999,False,systemic_lupus
TBKBP1,1306,0.00773,4184,0.00746,False,systemic_lupus
AZI2,1307,0.00773,4146,0.00757,False,systemic_lupus
SIKE1,1308,0.00773,4138,0.0076,False,systemic_lupus
RANBP3,1309,0.00773,768,0.0907,False,systemic_lupus
ITGA2B,1310,0.00772,2710,0.01785,False,systemic_lupus
IL1A,1311,0.00769,674,0.11738,False,systemic_lupus
XRCC5,1312,0.0076,4015,0.00803,False,systemic_lupus
ACD,1313,0.00759,3880,0.0084,False,systemic_lupus
XRCC6,1314,0.00759,3963,0.00821,False,systemic_lupus
HMGB1,1315,0.00757,1299,0.03967,False,systemic_lupus
NDUFAF3,1316,0.00757,1533,0.03357,False,systemic_lupus
PLCE1,1317,0.00756,2353,0.02124,False,systemic_lupus
POU5F1,1318,0.00754,2865,0.01652,False,systemic_lupus
NID1,1319,0.00753,2324,0.02152,False,systemic_lupus
PRF1,1320,0.00752,1824,0.02785,False,systemic_lupus
TAGAP,1321,0.0075,1065,0.05075,False,systemic_lupus
IL22,1322,0.00745,835,0.07498,False,systemic_lupus
KCNH7,1323,0.00744,2163,0.02294,False,systemic_lupus
PLEKHA1,1324,0.00743,3925,0.0083,False,systemic_lupus
SMG5,1325,0.00742,1511,0.03404,False,systemic_lupus
ADAMTS13,1326,0.00742,3902,0.00836,False,systemic_lupus
ENSP00000493607,1327,0.00739,3788,0.00895,False,systemic_lupus
ERVFRD-1,1328,0.00737,3701,0.0094,False,systemic_lupus
ERV3-1,1329,0.00737,3702,0.0094,False,systemic_lupus
HAVCR2,1330,0.00737,2875,0.0164,False,systemic_lupus
AGPAT5,1331,0.00735,2157,0.02299,False,systemic_lupus
GPAT4,1332,0.00735,2173,0.02285,False,systemic_lupus
GPD1L,1333,0.00735,2187,0.0226,False,systemic_lupus
GPAT3,1334,0.00734,2142,0.02317,False,systemic_lupus
GPAT2,1335,0.00734,2138,0.02323,False,systemic_lupus
GPD1,1336,0.00734,2088,0.02362,False,systemic_lupus
DLD,1337,0.00728,201,0.32462,False,systemic_lupus
NCF4,1338,0.00727,1041,0.05215,False,systemic_lupus
CNOT1,1339,0.00727,1044,0.05209,False,systemic_lupus
KLK4,1340,0.00723,2696,0.01797,False,systemic_lupus
RPA3,1341,0.00721,2175,0.02282,False,systemic_lupus
MC3R,1342,0.00721,3198,0.01347,False,systemic_lupus
DEFB103B,1343,0.00721,3184,0.01357,False,systemic_lupus
CRLF2,1344,0.00719,4542,0.00662,False,systemic_lupus
FANCA,1345,0.00718,1917,0.02609,False,systemic_lupus
RALY,1346,0.00717,3105,0.01426,False,systemic_lupus
CD72,1347,0.00716,1790,0.0287,False,systemic_lupus
AGRP,1348,0.00714,3058,0.01479,False,systemic_lupus
ATRN,1349,0.00713,3051,0.01485,False,systemic_lupus
GABRA1,1350,0.00712,1161,0.04534,False,systemic_lupus
MLLT1,1351,0.00711,1251,0.04154,False,systemic_lupus
FKBP4,1352,0.00711,2633,0.01847,False,systemic_lupus
ADAM12,1353,0.00711,3017,0.01515,False,systemic_lupus
STAU1,1354,0.00708,4121,0.00765,False,systemic_lupus
TNNI3,1355,0.00708,2952,0.01561,False,systemic_lupus
IL20,1356,0.00706,4556,0.00657,False,systemic_lupus
EIF4G1,1357,0.00706,3976,0.00816,False,systemic_lupus
CSTB,1358,0.00706,1229,0.0425,False,systemic_lupus
IGFBP3,1359,0.00705,2899,0.01615,False,systemic_lupus
AFP,1360,0.00705,2898,0.01615,False,systemic_lupus
HIP1R,1361,0.00704,2840,0.01678,False,systemic_lupus
AMFR,1362,0.00703,1378,0.03736,False,systemic_lupus
IL20RA,1363,0.00703,4256,0.00732,False,systemic_lupus
IL20RB,1364,0.00703,4259,0.00732,False,systemic_lupus
NOX4,1365,0.00703,2560,0.0191,False,systemic_lupus
DZIP3,1366,0.00701,3962,0.00822,False,systemic_lupus
APAF1,1367,0.00699,4354,0.00706,False,systemic_lupus
ARAP1,1368,0.00699,1108,0.04807,False,systemic_lupus
BMF,1369,0.00699,4320,0.00714,False,systemic_lupus
ATN1,1370,0.00698,3794,0.00892,False,systemic_lupus
BAD,1371,0.00698,4258,0.00732,False,systemic_lupus
DDIT3,1372,0.00697,4110,0.0077,False,systemic_lupus
RBPJL,1373,0.00696,3693,0.00945,False,systemic_lupus
RBFOX2,1374,0.00696,3679,0.00954,False,systemic_lupus
PUM2,1375,0.00695,3655,0.00965,False,systemic_lupus
CDC5L,1376,0.00695,679,0.11463,False,systemic_lupus
PQBP1,1377,0.00694,3578,0.01004,False,systemic_lupus
NT5C3A,1378,0.00693,2061,0.02384,False,systemic_lupus
MSN,1379,0.00692,1956,0.02525,False,systemic_lupus
UBQLN4,1380,0.00691,3509,0.01062,False,systemic_lupus
RDX,1381,0.00691,1936,0.0256,False,systemic_lupus
CIC,1382,0.00691,3499,0.01068,False,systemic_lupus
AGPAT3,1383,0.0069,1441,0.0355,False,systemic_lupus
LCLAT1,1384,0.00689,2158,0.02299,False,systemic_lupus
CARM1,1385,0.00689,2655,0.01828,False,systemic_lupus
SMARCA4,1386,0.00688,1428,0.03585,False,systemic_lupus
LGALS13,1387,0.00687,2529,0.01944,False,systemic_lupus
IGF1,1388,0.00685,2493,0.01975,False,systemic_lupus
TRADD,1389,0.00684,885,0.06679,False,systemic_lupus
NOS1,1390,0.00683,278,0.28878,False,systemic_lupus
SELPLG,1391,0.00682,4443,0.00687,False,systemic_lupus
KCNS1,1392,0.00682,1321,0.03888,False,systemic_lupus
UNC5CL,1393,0.00676,3523,0.01048,False,systemic_lupus
SZRD1,1394,0.00676,3526,0.01047,False,systemic_lupus
FRMD6,1395,0.00676,3529,0.01045,False,systemic_lupus
UBE2E1,1396,0.00676,1938,0.02556,False,systemic_lupus
VEGFB,1397,0.00676,3524,0.01047,False,systemic_lupus
TENM3,1398,0.00675,3505,0.01065,False,systemic_lupus
TENM1,1399,0.00675,3498,0.01069,False,systemic_lupus
TENM4,1400,0.00675,3489,0.01078,False,systemic_lupus
IGFBP5,1401,0.00674,2262,0.02189,False,systemic_lupus
IGFBP4,1402,0.00674,2264,0.02186,False,systemic_lupus
IPO8,1403,0.00672,4362,0.00705,False,systemic_lupus
SRSF6,1404,0.00671,4129,0.00762,False,systemic_lupus
SRSF5,1405,0.00671,4225,0.0074,False,systemic_lupus
PRG2,1406,0.00671,2199,0.02243,False,systemic_lupus
SRSF4,1407,0.0067,4128,0.00763,False,systemic_lupus
SRSF2,1408,0.0067,4065,0.00784,False,systemic_lupus
UBC,1409,0.0067,647,0.12997,False,systemic_lupus
PSIP1,1410,0.0067,4082,0.00778,False,systemic_lupus
IPO11,1411,0.0067,4105,0.00771,False,systemic_lupus
RIPK3,1412,0.0067,1973,0.02484,False,systemic_lupus
CD81,1413,0.00669,1039,0.05226,False,systemic_lupus
DGAT2,1414,0.00668,2371,0.02105,False,systemic_lupus
SULT1E1,1415,0.00665,1375,0.03744,False,systemic_lupus
CYP4F8,1416,0.00662,2568,0.01897,False,systemic_lupus
PTGDS,1417,0.00661,2535,0.0194,False,systemic_lupus
PTGES2,1418,0.00661,2497,0.01971,False,systemic_lupus
PTGIS,1419,0.0066,2466,0.02006,False,systemic_lupus
TRIM8,1420,0.00658,4449,0.00685,False,systemic_lupus
EP300,1421,0.00657,213,0.31878,False,systemic_lupus
GABARAPL2,1422,0.00657,2144,0.02315,False,systemic_lupus
WIPI2,1423,0.00657,2136,0.02323,False,systemic_lupus
ATG7,1424,0.00657,2141,0.02321,False,systemic_lupus
COMMD1,1425,0.00657,4402,0.00696,False,systemic_lupus
ATG10,1426,0.00657,2162,0.02294,False,systemic_lupus
CCL3L1,1427,0.00656,2918,0.01592,False,systemic_lupus
CUL2,1428,0.00656,4288,0.00724,False,systemic_lupus
CUL5,1429,0.00656,4321,0.00714,False,systemic_lupus
ELOB,1430,0.00655,4249,0.00733,False,systemic_lupus
GPR55,1431,0.00655,2221,0.02224,False,systemic_lupus
SART1,1432,0.00654,814,0.07837,False,systemic_lupus
MED23,1433,0.00652,1091,0.04934,False,systemic_lupus
CRBN,1434,0.00652,2094,0.02359,False,systemic_lupus
SIGLEC10,1435,0.00652,2563,0.01907,False,systemic_lupus
ATXN3,1436,0.00652,1425,0.03592,False,systemic_lupus
SH2B1,1437,0.00651,1920,0.02586,False,systemic_lupus
ATM,1438,0.00651,1119,0.04777,False,systemic_lupus
NMT2,1439,0.00649,3769,0.009,False,systemic_lupus
MID2,1440,0.00649,3771,0.009,False,systemic_lupus
HSP90AA1,1441,0.00647,533,0.18435,False,systemic_lupus
TCF7L2,1442,0.00646,1308,0.03951,False,systemic_lupus
MAP1LC3A,1443,0.00643,3828,0.00866,False,systemic_lupus
TIRAP,1444,0.00643,971,0.05841,False,systemic_lupus
CDH5,1445,0.00643,3894,0.00838,False,systemic_lupus
VIPR1,1446,0.00642,3812,0.00878,False,systemic_lupus
TECPR1,1447,0.00642,3797,0.00891,False,systemic_lupus
GIPC1,1448,0.00642,3830,0.00865,False,systemic_lupus
ATG16L2,1449,0.00642,3795,0.00891,False,systemic_lupus
WDFY3,1450,0.00642,3807,0.00883,False,systemic_lupus
LRG1,1451,0.00641,3772,0.009,False,systemic_lupus
PECAM1,1452,0.00641,3798,0.0089,False,systemic_lupus
GATA1,1453,0.00641,981,0.0575,False,systemic_lupus
HSPA4,1454,0.00641,677,0.11656,False,systemic_lupus
MSMB,1455,0.0064,3410,0.01158,False,systemic_lupus
BMPR2,1456,0.00639,3666,0.00957,False,systemic_lupus
BMP10,1457,0.00639,3680,0.00954,False,systemic_lupus
NUDT5,1458,0.00639,3390,0.01175,False,systemic_lupus
PGM2,1459,0.00638,3345,0.01228,False,systemic_lupus
GDF2,1460,0.00638,3628,0.00977,False,systemic_lupus
NUDT9,1461,0.00638,3370,0.01207,False,systemic_lupus
RBKS,1462,0.00637,3323,0.01248,False,systemic_lupus
RPIA,1463,0.00637,3321,0.01248,False,systemic_lupus
PRPSAP2,1464,0.00636,3272,0.01284,False,systemic_lupus
PRPSAP1,1465,0.00635,3266,0.0129,False,systemic_lupus
LPIN2,1466,0.00631,2520,0.0195,False,systemic_lupus
NLRP14,1467,0.00631,3987,0.00812,False,systemic_lupus
G6PC3,1468,0.00631,4150,0.00755,False,systemic_lupus
ATOH1,1469,0.00629,4054,0.00789,False,systemic_lupus
OCM,1470,0.00629,4061,0.00786,False,systemic_lupus
MYB,1471,0.00629,4034,0.00797,False,systemic_lupus
GYPA,1472,0.00627,3718,0.00929,False,systemic_lupus
OCM2,1473,0.00627,3901,0.00836,False,systemic_lupus
THBS3,1474,0.00627,3730,0.00921,False,systemic_lupus
RHD,1475,0.00627,3710,0.00934,False,systemic_lupus
RHCE,1476,0.00627,3739,0.00919,False,systemic_lupus
UBQLN1,1477,0.00626,3687,0.00952,False,systemic_lupus
THBS4,1478,0.00626,3681,0.00953,False,systemic_lupus
GYPB,1479,0.00625,3593,0.00992,False,systemic_lupus
SIRPB1,1480,0.00625,3592,0.00993,False,systemic_lupus
JUN,1481,0.00624,435,0.22869,False,systemic_lupus
B3GALT2,1482,0.00623,1420,0.03609,False,systemic_lupus
B3GALT1,1483,0.00623,1411,0.03639,False,systemic_lupus
FSCN1,1484,0.00622,253,0.30383,False,systemic_lupus
MARCHF2,1485,0.00622,2863,0.01655,False,systemic_lupus
CD34,1486,0.0062,899,0.06515,False,systemic_lupus
RMND5B,1487,0.0062,2823,0.01692,False,systemic_lupus
PLCB4,1488,0.00619,1507,0.0341,False,systemic_lupus
POU4F3,1489,0.00619,3559,0.0102,False,systemic_lupus
FN1,1490,0.00619,638,0.13448,False,systemic_lupus
KRAS,1491,0.00618,654,0.12768,False,systemic_lupus
NELFE,1492,0.00618,3576,0.01005,False,systemic_lupus
EAF2,1493,0.00618,3581,0.01,False,systemic_lupus
ELOA,1494,0.00618,3589,0.00995,False,systemic_lupus
ICE2,1495,0.00618,3575,0.01005,False,systemic_lupus
MARCHF9,1496,0.00616,2722,0.0178,False,systemic_lupus
DOT1L,1497,0.00616,3533,0.01042,False,systemic_lupus
THBD,1498,0.00616,1032,0.05271,False,systemic_lupus
MLLT10,1499,0.00615,3480,0.01086,False,systemic_lupus
MARCHF1,1500,0.00614,2661,0.01822,False,systemic_lupus
B4GALT3,1501,0.00613,1442,0.03548,False,systemic_lupus
MARCHF4,1502,0.00613,2636,0.01844,False,systemic_lupus
B4GALT1,1503,0.00612,1418,0.03613,False,systemic_lupus
B4GALT4,1504,0.00612,1426,0.0359,False,systemic_lupus
ARMC8,1505,0.00612,2613,0.01862,False,systemic_lupus
FUT3,1506,0.00612,1406,0.03657,False,systemic_lupus
AGPAT1,1507,0.00611,1444,0.03546,False,systemic_lupus
EBF1,1508,0.00609,1883,0.02684,False,systemic_lupus
AGPAT2,1509,0.00609,1440,0.03554,False,systemic_lupus
ATXN7,1510,0.00608,2319,0.02155,False,systemic_lupus
ATXN7-2,1511,0.00607,2311,0.0216,False,systemic_lupus
CDC123,1512,0.00607,2509,0.01961,False,systemic_lupus
GNPAT,1513,0.00607,1069,0.05066,False,systemic_lupus
KLRC2,1514,0.00606,2812,0.01704,False,systemic_lupus
NCR2,1515,0.00606,2668,0.01815,False,systemic_lupus
PLCB3,1516,0.00606,985,0.05718,False,systemic_lupus
IGF2,1517,0.00605,904,0.06465,False,systemic_lupus
NDUFA12,1518,0.00604,870,0.06929,False,systemic_lupus
MARCHF8,1519,0.00604,2418,0.02064,False,systemic_lupus
WDR26,1520,0.00603,2404,0.02077,False,systemic_lupus
NCR1,1521,0.00603,2505,0.01963,False,systemic_lupus
NCR3,1522,0.00603,2491,0.01976,False,systemic_lupus
THY1,1523,0.00602,2344,0.02134,False,systemic_lupus
UBA3,1524,0.00602,2385,0.02096,False,systemic_lupus
GRK2,1525,0.00601,2663,0.01819,False,systemic_lupus
PTPN23,1526,0.006,4050,0.00791,False,systemic_lupus
ARHGEF11,1527,0.006,2694,0.01797,False,systemic_lupus
SUCLG2,1528,0.00598,2465,0.02008,False,systemic_lupus
CD68,1529,0.00596,4805,0.00584,False,systemic_lupus
PLCG2,1530,0.00596,691,0.11098,False,systemic_lupus
TAB2,1531,0.00596,1164,0.04527,False,systemic_lupus
PABPC1,1532,0.00593,2182,0.0227,False,systemic_lupus
CD1A,1533,0.00593,4475,0.00679,False,systemic_lupus
FAU,1534,0.00593,15,0.46857,False,systemic_lupus
CD1E,1535,0.00592,4347,0.00707,False,systemic_lupus
PRLR,1536,0.0059,4746,0.00604,False,systemic_lupus
CD1B,1537,0.0059,4160,0.00753,False,systemic_lupus
FZD10,1538,0.0059,3253,0.01302,False,systemic_lupus
GHR,1539,0.0059,4732,0.00607,False,systemic_lupus
STIP1,1540,0.00589,1464,0.03506,False,systemic_lupus
DNAJB6,1541,0.00588,3678,0.00954,False,systemic_lupus
BAG2,1542,0.00587,3648,0.00968,False,systemic_lupus
ST13,1543,0.00587,3644,0.00968,False,systemic_lupus
BAG1,1544,0.00587,3649,0.00968,False,systemic_lupus
BAG3,1545,0.00587,3646,0.00968,False,systemic_lupus
DNAJA1,1546,0.00587,3652,0.00967,False,systemic_lupus
HSPH1,1547,0.00587,3651,0.00967,False,systemic_lupus
DNAJA2,1548,0.00587,3660,0.00961,False,systemic_lupus
DNAJB1,1549,0.00587,3647,0.00968,False,systemic_lupus
HSPBP1,1550,0.00587,3650,0.00967,False,systemic_lupus
HSPB8,1551,0.00587,3658,0.00964,False,systemic_lupus
FZD7,1552,0.00586,3129,0.01404,False,systemic_lupus
FZD8,1553,0.00586,3137,0.01398,False,systemic_lupus
FZD5,1554,0.00585,3101,0.01429,False,systemic_lupus
TRIB1,1555,0.00585,2029,0.02419,False,systemic_lupus
MAP3K7,1556,0.00585,784,0.08726,False,systemic_lupus
STK40,1557,0.00584,2014,0.02434,False,systemic_lupus
FZD2,1558,0.00584,3055,0.01481,False,systemic_lupus
DDB1,1559,0.00583,1043,0.05209,False,systemic_lupus
WNT11,1560,0.00582,3000,0.01529,False,systemic_lupus
PROCR,1561,0.00582,2048,0.02399,False,systemic_lupus
IL9R,1562,0.00581,4658,0.00627,False,systemic_lupus
FZD1,1563,0.0058,2916,0.01597,False,systemic_lupus
NT5C3B,1564,0.00579,2201,0.02241,False,systemic_lupus
NT5C1B-RDH14,1565,0.00579,2183,0.02268,False,systemic_lupus
ENTPD6,1566,0.00579,2195,0.02251,False,systemic_lupus
ENTPD5,1567,0.00579,2197,0.02248,False,systemic_lupus
NT5C1B,1568,0.00579,2184,0.02268,False,systemic_lupus
NDUFS7,1569,0.00579,877,0.06805,False,systemic_lupus
NT5M,1570,0.00578,2143,0.02315,False,systemic_lupus
ROR1,1571,0.00578,2877,0.01637,False,systemic_lupus
AMPD3,1572,0.00577,2055,0.02391,False,systemic_lupus
ADSS1,1573,0.00577,2033,0.02416,False,systemic_lupus
AMPD1,1574,0.00577,2059,0.02388,False,systemic_lupus
AMPD2,1575,0.00577,2051,0.02394,False,systemic_lupus
TPMT,1576,0.00577,2095,0.02359,False,systemic_lupus
ADSS2,1577,0.00576,2012,0.02437,False,systemic_lupus
WNT5A,1578,0.00573,2720,0.01782,False,systemic_lupus
NECTIN2,1579,0.00573,2651,0.0183,False,systemic_lupus
NECTIN1,1580,0.00572,2628,0.01853,False,systemic_lupus
KCNB1,1581,0.00572,646,0.13015,False,systemic_lupus
YAP1,1582,0.0057,1037,0.05232,False,systemic_lupus
FBXO38,1583,0.00569,3867,0.00846,False,systemic_lupus
EXOC4,1584,0.00569,3882,0.0084,False,systemic_lupus
TICAM2,1585,0.00568,2900,0.01614,False,systemic_lupus
PLPP5,1586,0.00567,1362,0.03782,False,systemic_lupus
FLRT1,1587,0.00566,2506,0.01962,False,systemic_lupus
B2M,1588,0.00566,1834,0.02764,False,systemic_lupus
ENSP00000483415,1589,0.00566,3698,0.00942,False,systemic_lupus
PLPP4,1590,0.00565,1399,0.03675,False,systemic_lupus
GART,1591,0.00564,1100,0.04864,False,systemic_lupus
KCNU1,1592,0.0056,3452,0.01114,False,systemic_lupus
PTGES3,1593,0.0056,938,0.06123,False,systemic_lupus
KCNMB3,1594,0.0056,3470,0.011,False,systemic_lupus
KCNMB1,1595,0.00559,3435,0.01126,False,systemic_lupus
ASXL1,1596,0.00559,1482,0.03468,False,systemic_lupus
KCNMB4,1597,0.00559,3430,0.01135,False,systemic_lupus
KCNN3,1598,0.00559,3434,0.01129,False,systemic_lupus
ZBED6,1599,0.00559,2564,0.01904,False,systemic_lupus
KCNN1,1600,0.00559,3431,0.01132,False,systemic_lupus
XPO1,1601,0.00558,79,0.38551,False,systemic_lupus
CDC42,1602,0.00558,769,0.0899,False,systemic_lupus
ERVW-1,1603,0.00556,2530,0.01943,False,systemic_lupus
UBA1,1604,0.00556,1314,0.03923,False,systemic_lupus
PDE4B,1605,0.00555,407,0.23917,False,systemic_lupus
CD209,1606,0.00554,2746,0.01765,False,systemic_lupus
PLAAT3,1607,0.00553,1449,0.03535,False,systemic_lupus
IL1RAP,1608,0.00551,1354,0.03802,False,systemic_lupus
CD3D,1609,0.0055,1416,0.03622,False,systemic_lupus
EGFR,1610,0.00549,379,0.24911,False,systemic_lupus
IRGM,1611,0.00547,1539,0.03348,False,systemic_lupus
CCNT2,1612,0.00545,1990,0.02456,False,systemic_lupus
RUNX2,1613,0.00545,685,0.11298,False,systemic_lupus
NDUFB8,1614,0.00545,1127,0.04728,False,systemic_lupus
MS4A3,1615,0.00543,2374,0.02104,False,systemic_lupus
BMP2,1616,0.00543,1268,0.04109,False,systemic_lupus
PLCD1,1617,0.00539,1343,0.03833,False,systemic_lupus
DDX3X,1618,0.00539,2618,0.01859,False,systemic_lupus
ARF1,1619,0.00539,710,0.10533,False,systemic_lupus
RSAD2,1620,0.00538,1122,0.04759,False,systemic_lupus
IL1RL2,1621,0.00537,2204,0.0224,False,systemic_lupus
PIAS2,1622,0.00536,1904,0.02646,False,systemic_lupus
ITGB2,1623,0.00536,791,0.08549,False,systemic_lupus
SMG6,1624,0.00534,1166,0.04518,False,systemic_lupus
CHD4,1625,0.00534,1588,0.03245,False,systemic_lupus
FUT1,1626,0.00532,1109,0.04805,False,systemic_lupus
NDUFA1,1627,0.00532,911,0.06414,False,systemic_lupus
IMP3,1628,0.00529,499,0.19772,False,systemic_lupus
KAT6A,1629,0.00529,4273,0.00727,False,systemic_lupus
NR1I3,1630,0.00528,4583,0.00652,False,systemic_lupus
NDUFA11,1631,0.00527,906,0.0643,False,systemic_lupus
UQCRC1,1632,0.00527,560,0.17628,False,systemic_lupus
NDUFA3,1633,0.00522,907,0.06426,False,systemic_lupus
VTN,1634,0.0052,2462,0.0201,False,systemic_lupus
CNTFR,1635,0.0052,1740,0.02954,False,systemic_lupus
UBA52,1636,0.00518,1050,0.05182,False,systemic_lupus
OTUD5,1637,0.00517,4593,0.00648,False,systemic_lupus
TRAF3IP3,1638,0.00517,4607,0.00644,False,systemic_lupus
NDUFA10,1639,0.00516,898,0.06522,False,systemic_lupus
NLRC4,1640,0.00511,2690,0.01801,False,systemic_lupus
GABARAPL1,1641,0.0051,1508,0.0341,False,systemic_lupus
CDS1,1642,0.0051,2050,0.02397,False,systemic_lupus
NDUFB5,1643,0.00508,1228,0.04251,False,systemic_lupus
ABHD4,1644,0.00507,3818,0.00873,False,systemic_lupus
SOCS2,1645,0.00507,2747,0.01765,False,systemic_lupus
GPR18,1646,0.00506,3782,0.00897,False,systemic_lupus
WDR82,1647,0.00506,1877,0.02697,False,systemic_lupus
ENTPD1,1648,0.00506,3770,0.009,False,systemic_lupus
IAH1,1649,0.00506,3729,0.00921,False,systemic_lupus
ANKRD9,1650,0.00505,3728,0.00922,False,systemic_lupus
CTPS1,1651,0.00505,3740,0.00918,False,systemic_lupus
HNF4A,1652,0.00505,1804,0.02842,False,systemic_lupus
ACAD9,1653,0.00504,5502,0.00305,False,systemic_lupus
TMEM126B,1654,0.00504,5503,0.00305,False,systemic_lupus
NDUFAF4,1655,0.00504,5505,0.00305,False,systemic_lupus
HSP90AB1,1656,0.00504,538,0.1834,False,systemic_lupus
ECSIT,1657,0.00504,5504,0.00305,False,systemic_lupus
ACKR2,1658,0.00503,3083,0.01446,False,systemic_lupus
MOGAT2,1659,0.00503,4303,0.0072,False,systemic_lupus
ABHD12,1660,0.00503,3539,0.01039,False,systemic_lupus
HPGDS,1661,0.00503,1074,0.04995,False,systemic_lupus
FABP7,1662,0.00503,3521,0.01051,False,systemic_lupus
SP7,1663,0.00503,1208,0.04354,False,systemic_lupus
FABP3,1664,0.00503,3544,0.01032,False,systemic_lupus
NAAA,1665,0.00502,3500,0.01068,False,systemic_lupus
UPF2,1666,0.00502,2308,0.02163,False,systemic_lupus
NDUFA7,1667,0.00502,909,0.0642,False,systemic_lupus
PNRC2,1668,0.00502,2548,0.01929,False,systemic_lupus
SMG1,1669,0.00502,2231,0.02212,False,systemic_lupus
UPF3A,1670,0.00502,2341,0.02142,False,systemic_lupus
DAGLB,1671,0.00502,3506,0.01065,False,systemic_lupus
AGMO,1672,0.00502,4140,0.0076,False,systemic_lupus
SMG9,1673,0.00502,2323,0.02152,False,systemic_lupus
ABHD6,1674,0.00501,3453,0.01114,False,systemic_lupus
G6PC2,1675,0.00501,4046,0.00793,False,systemic_lupus
GCKR,1676,0.00501,4087,0.00775,False,systemic_lupus
CXCL8,1677,0.00501,599,0.15443,False,systemic_lupus
DCP1A,1678,0.00501,2669,0.01815,False,systemic_lupus
CNR2,1679,0.00501,3444,0.01122,False,systemic_lupus
DAGLA,1680,0.00501,3425,0.0114,False,systemic_lupus
UPF3B,1681,0.00501,2501,0.01965,False,systemic_lupus
NAPEPLD,1682,0.00499,3385,0.01189,False,systemic_lupus
TNS2,1683,0.00498,2010,0.02438,False,systemic_lupus
CNR1,1684,0.00498,3318,0.01251,False,systemic_lupus
MGLL,1685,0.00498,3310,0.01254,False,systemic_lupus
CDS2,1686,0.00497,1421,0.03609,False,systemic_lupus
TRIP4,1687,0.00497,3609,0.00984,False,systemic_lupus
STN1,1688,0.00497,3607,0.00984,False,systemic_lupus
MED12L,1689,0.00497,3603,0.00986,False,systemic_lupus
MED10,1690,0.00497,3608,0.00984,False,systemic_lupus
QKI,1691,0.00497,3606,0.00984,False,systemic_lupus
MED21,1692,0.00497,3616,0.0098,False,systemic_lupus
ASIC3,1693,0.00496,4716,0.00611,False,systemic_lupus
NGF,1694,0.00495,4634,0.00635,False,systemic_lupus
LPL,1695,0.00493,1359,0.03784,False,systemic_lupus
TRPM8,1696,0.00491,4090,0.00774,False,systemic_lupus
TRPA1,1697,0.00491,4101,0.00771,False,systemic_lupus
ATIC,1698,0.00489,811,0.07936,False,systemic_lupus
RAD51,1699,0.00486,1317,0.03905,False,systemic_lupus
CYP4A22,1700,0.00485,4190,0.00745,False,systemic_lupus
ALOX12B,1701,0.00485,4131,0.00762,False,systemic_lupus
CYP2U1,1702,0.00485,4198,0.00743,False,systemic_lupus
CACNA1A,1703,0.00484,1045,0.05197,False,systemic_lupus
NT5C1A,1704,0.00482,1383,0.03712,False,systemic_lupus
NT5C,1705,0.00481,1387,0.03698,False,systemic_lupus
NT5C2,1706,0.00481,1394,0.0368,False,systemic_lupus
FCGR3A,1707,0.0048,948,0.06042,False,systemic_lupus
B3GNT5,1708,0.0048,2186,0.02266,False,systemic_lupus
B3GALNT1,1709,0.0048,2212,0.02228,False,systemic_lupus
CANT1,1710,0.00479,3783,0.00897,False,systemic_lupus
ENTPD3,1711,0.00479,3791,0.00894,False,systemic_lupus
PDIA4,1712,0.00478,2375,0.02102,False,systemic_lupus
ZBP1,1713,0.00478,1818,0.02801,False,systemic_lupus
HACD4,1714,0.00477,1469,0.03502,False,systemic_lupus
HACD3,1715,0.00477,1460,0.03513,False,systemic_lupus
HACD2,1716,0.00477,1450,0.03534,False,systemic_lupus
IGHV3-16,1717,0.00477,1259,0.04133,False,systemic_lupus
HACD1,1718,0.00477,1455,0.03525,False,systemic_lupus
TECR,1719,0.00477,1456,0.03522,False,systemic_lupus
FBH1,1720,0.00476,3626,0.00978,False,systemic_lupus
CANX,1721,0.00476,2245,0.02201,False,systemic_lupus
FADS1,1722,0.00476,1430,0.0358,False,systemic_lupus
UBA7,1723,0.00476,1051,0.05167,False,systemic_lupus
RAD54L,1724,0.00475,3565,0.01014,False,systemic_lupus
PCSK9,1725,0.00475,3994,0.0081,False,systemic_lupus
CTBP2,1726,0.00474,1717,0.02994,False,systemic_lupus
UBIAD1,1727,0.00474,3857,0.00849,False,systemic_lupus
BARD1,1728,0.00474,3546,0.01031,False,systemic_lupus
EP400,1729,0.00474,2422,0.02055,False,systemic_lupus
NDUFA13,1730,0.00473,1364,0.03778,False,systemic_lupus
EPC2,1731,0.00473,2352,0.02127,False,systemic_lupus
MRE11,1732,0.00473,3460,0.01107,False,systemic_lupus
INSIG1,1733,0.00473,3758,0.00909,False,systemic_lupus
INSIG2,1734,0.00473,3777,0.00899,False,systemic_lupus
SMAD4,1735,0.00472,910,0.06415,False,systemic_lupus
MBTD1,1736,0.00472,2227,0.02218,False,systemic_lupus
NDUFV3,1737,0.00472,987,0.05698,False,systemic_lupus
SFR1,1738,0.00472,3449,0.01118,False,systemic_lupus
SWI5,1739,0.00472,3413,0.01156,False,systemic_lupus
TRPM6,1740,0.00471,5271,0.00448,False,systemic_lupus
STK17B,1741,0.00471,4112,0.0077,False,systemic_lupus
TWF1,1742,0.00471,3320,0.01249,False,systemic_lupus
UQCRFS1,1743,0.00471,857,0.07052,False,systemic_lupus
EPB41L1,1744,0.00471,3326,0.01246,False,systemic_lupus
XIRP2,1745,0.0047,3257,0.013,False,systemic_lupus
XRCC2,1746,0.0047,3336,0.01238,False,systemic_lupus
XRCC3,1747,0.0047,3357,0.01218,False,systemic_lupus
FSCN2,1748,0.0047,3270,0.01286,False,systemic_lupus
CACNB4,1749,0.0047,5185,0.00481,False,systemic_lupus
RAD51C,1750,0.0047,3335,0.01238,False,systemic_lupus
RAD1,1751,0.0047,3359,0.01214,False,systemic_lupus
STK17A,1752,0.0047,4060,0.00787,False,systemic_lupus
RAD51D-2,1753,0.0047,3338,0.01238,False,systemic_lupus
MYO7A,1754,0.0047,3249,0.01305,False,systemic_lupus
ADAM22,1755,0.00469,4944,0.00541,False,systemic_lupus
NAPRT,1756,0.00469,2172,0.02289,False,systemic_lupus
CLIC5,1757,0.00469,3217,0.01334,False,systemic_lupus
GRXCR1,1758,0.00469,3222,0.01329,False,systemic_lupus
NNT,1759,0.00469,2151,0.02308,False,systemic_lupus
NADK2,1760,0.00468,2083,0.02364,False,systemic_lupus
NUDT12,1761,0.00468,2049,0.02397,False,systemic_lupus
SIRT7,1762,0.00468,2093,0.02359,False,systemic_lupus
SIRT2,1763,0.00468,2090,0.0236,False,systemic_lupus
DDX23,1764,0.00468,4483,0.00677,False,systemic_lupus
MAPK6,1765,0.00468,3809,0.00883,False,systemic_lupus
PRPF39,1766,0.00468,4582,0.00652,False,systemic_lupus
SIRT6,1767,0.00468,2087,0.02362,False,systemic_lupus
NMNAT1,1768,0.00468,2045,0.02401,False,systemic_lupus
BST1,1769,0.00468,2120,0.02347,False,systemic_lupus
SIRT5,1770,0.00468,2078,0.02367,False,systemic_lupus
SIRT4,1771,0.00468,2085,0.02363,False,systemic_lupus
TPRN,1772,0.00467,3154,0.01378,False,systemic_lupus
SRC,1773,0.00467,71,0.39095,False,systemic_lupus
MAPKAPK5,1774,0.00467,3787,0.00896,False,systemic_lupus
SIRT3,1775,0.00467,2024,0.0242,False,systemic_lupus
QPRT,1776,0.00467,2018,0.02427,False,systemic_lupus
LPIN1,1777,0.00467,3858,0.00849,False,systemic_lupus
LPIN3,1778,0.00466,3785,0.00896,False,systemic_lupus
GCA,1779,0.00466,3514,0.01058,False,systemic_lupus
GRXCR2,1780,0.00466,3119,0.01416,False,systemic_lupus
DAPK2,1781,0.00466,3688,0.00951,False,systemic_lupus
ARHGAP31,1782,0.00465,3629,0.00976,False,systemic_lupus
DAPK3,1783,0.00465,3641,0.0097,False,systemic_lupus
FTCD,1784,0.00464,2174,0.02282,False,systemic_lupus
MTHFD1,1785,0.00464,1525,0.0337,False,systemic_lupus
CCAR2,1786,0.00464,2539,0.01935,False,systemic_lupus
AGK,1787,0.00464,3623,0.00979,False,systemic_lupus
MBOAT7,1788,0.00463,3602,0.00987,False,systemic_lupus
PC,1789,0.00462,2032,0.02417,False,systemic_lupus
GABRB3,1790,0.00462,1812,0.02814,False,systemic_lupus
GABRB2,1791,0.00462,1849,0.02744,False,systemic_lupus
PAM,1792,0.00462,3463,0.01105,False,systemic_lupus
TRAIP,1793,0.00461,4705,0.00614,False,systemic_lupus
TSC1,1794,0.00461,4786,0.00591,False,systemic_lupus
TAB3,1795,0.00461,4779,0.00594,False,systemic_lupus
ERC1,1796,0.0046,4759,0.00601,False,systemic_lupus
CHDH,1797,0.0046,3985,0.00814,False,systemic_lupus
MAFB,1798,0.0046,1478,0.03482,False,systemic_lupus
XIAP,1799,0.00459,4515,0.00668,False,systemic_lupus
SPDYA,1800,0.00459,4846,0.00572,False,systemic_lupus
TMEM189,1801,0.00458,3713,0.00934,False,systemic_lupus
NDUFS4,1802,0.00458,893,0.06583,False,systemic_lupus
TMEM189-UBE2V1,1803,0.00458,3711,0.00934,False,systemic_lupus
SELENOI,1804,0.00457,3696,0.00944,False,systemic_lupus
KLRD1,1805,0.00456,1369,0.03751,False,systemic_lupus
CCR8,1806,0.00456,3087,0.01439,False,systemic_lupus
DRD5,1807,0.00454,2350,0.02129,False,systemic_lupus
SCARB1,1808,0.00453,248,0.30453,False,systemic_lupus
CCNT1,1809,0.00453,845,0.07318,False,systemic_lupus
CBLIF,1810,0.00453,1846,0.02747,False,systemic_lupus
OASL,1811,0.00452,2354,0.02122,False,systemic_lupus
OAS3,1812,0.00451,2222,0.02221,False,systemic_lupus
CASP3,1813,0.00451,919,0.06273,False,systemic_lupus
IFI44L,1814,0.00451,2272,0.02177,False,systemic_lupus
MX2,1815,0.00451,2295,0.02167,False,systemic_lupus
IFI6,1816,0.00451,2282,0.02172,False,systemic_lupus
IRAK3,1817,0.0045,2950,0.01567,False,systemic_lupus
TOLLIP,1818,0.00449,2879,0.01635,False,systemic_lupus
CSNK1A1,1819,0.00449,215,0.31767,False,systemic_lupus
ITGAL,1820,0.00448,734,0.09732,False,systemic_lupus
CD59,1821,0.00447,1798,0.02854,False,systemic_lupus
SPI1,1822,0.00446,683,0.11338,False,systemic_lupus
RPA1,1823,0.00446,977,0.0577,False,systemic_lupus
GAK,1824,0.00445,2494,0.01973,False,systemic_lupus
MRPL22,1825,0.00444,5078,0.00514,False,systemic_lupus
ACVR1,1826,0.00444,1621,0.03152,False,systemic_lupus
MRPS7,1827,0.00444,5123,0.005,False,systemic_lupus
CRMP1,1828,0.00444,4214,0.00741,False,systemic_lupus
EEF1B2,1829,0.00444,4952,0.00539,False,systemic_lupus
PFDN4,1830,0.00444,4961,0.00538,False,systemic_lupus
PFDN1,1831,0.00443,4867,0.00563,False,systemic_lupus
NUDT2,1832,0.00443,1146,0.04599,False,systemic_lupus
BLM,1833,0.00443,1919,0.026,False,systemic_lupus
HAL,1834,0.00441,3811,0.00879,False,systemic_lupus
SETBP1,1835,0.0044,4254,0.00733,False,systemic_lupus
UPRT,1836,0.00439,3700,0.0094,False,systemic_lupus
EPHX2,1837,0.00439,4178,0.00748,False,systemic_lupus
SASS6,1838,0.00438,3306,0.01256,False,systemic_lupus
CEP192,1839,0.00438,3268,0.01287,False,systemic_lupus
GRAP2,1840,0.00437,1211,0.04327,False,systemic_lupus
C2CD3,1841,0.00437,3243,0.01312,False,systemic_lupus
F2RL1,1842,0.00437,3117,0.01419,False,systemic_lupus
NLRX1,1843,0.00436,3733,0.0092,False,systemic_lupus
CEP164,1844,0.00436,3155,0.01378,False,systemic_lupus
ATG13,1845,0.00436,3732,0.0092,False,systemic_lupus
PNP,1846,0.00436,3515,0.01056,False,systemic_lupus
ATG14,1847,0.00436,3721,0.00925,False,systemic_lupus
RAB26,1848,0.00436,3724,0.00923,False,systemic_lupus
CNTROB,1849,0.00436,3159,0.01374,False,systemic_lupus
POC5,1850,0.00436,3182,0.01358,False,systemic_lupus
CYP4F3,1851,0.00435,1693,0.03027,False,systemic_lupus
TUFM,1852,0.00435,3709,0.00935,False,systemic_lupus
CYP2E1,1853,0.00435,1698,0.0302,False,systemic_lupus
ABO,1854,0.00435,3753,0.00913,False,systemic_lupus
RAD51D,1855,0.00435,2007,0.02442,False,systemic_lupus
CYP2C8,1856,0.00435,1694,0.03023,False,systemic_lupus
IL5,1857,0.00435,697,0.10849,False,systemic_lupus
EXOC6,1858,0.00435,3684,0.00952,False,systemic_lupus
CYP4F2,1859,0.00435,1696,0.03021,False,systemic_lupus
CEP135,1860,0.00435,3112,0.01422,False,systemic_lupus
ALOX15,1861,0.00435,1666,0.03074,False,systemic_lupus
ALOX15B,1862,0.00435,1689,0.03033,False,systemic_lupus
GLA,1863,0.00434,1007,0.05449,False,systemic_lupus
CCL15,1864,0.00434,2000,0.02449,False,systemic_lupus
RB1CC1,1865,0.00434,3622,0.00979,False,systemic_lupus
CNTLN,1866,0.00434,3072,0.01459,False,systemic_lupus
WIPI1,1867,0.00434,3643,0.00968,False,systemic_lupus
CENPJ,1868,0.00434,3053,0.01484,False,systemic_lupus
RAB33B,1869,0.00434,3621,0.00979,False,systemic_lupus
TACC1,1870,0.00433,2996,0.01532,False,systemic_lupus
SYMPK,1871,0.00432,2196,0.02249,False,systemic_lupus
KIAA0586,1872,0.00431,2886,0.01627,False,systemic_lupus
PCNT,1873,0.00431,2920,0.0159,False,systemic_lupus
CCR2,1874,0.00431,1038,0.05229,False,systemic_lupus
CARD11,1875,0.0043,1204,0.04366,False,systemic_lupus
RAD51AP1,1876,0.00429,3918,0.00832,False,systemic_lupus
BRIP1,1877,0.00429,3926,0.00829,False,systemic_lupus
TOMM5,1878,0.00428,3454,0.01114,False,systemic_lupus
RECQL,1879,0.00428,3819,0.00872,False,systemic_lupus
TOMM7,1880,0.00428,3465,0.01104,False,systemic_lupus
TOMM40,1881,0.00426,3337,0.01238,False,systemic_lupus
GEN1,1882,0.00426,3632,0.00976,False,systemic_lupus
TOMM22,1883,0.00426,3346,0.01227,False,systemic_lupus
TOMM70,1884,0.00426,3368,0.01209,False,systemic_lupus
TIA1,1885,0.00426,2626,0.01855,False,systemic_lupus
TOP3B,1886,0.00426,3574,0.01005,False,systemic_lupus
SPICE1,1887,0.00426,2624,0.01855,False,systemic_lupus
CHCHD5,1888,0.00426,3350,0.01222,False,systemic_lupus
MTX3,1889,0.00425,3291,0.01265,False,systemic_lupus
CHCHD2,1890,0.00424,3241,0.01315,False,systemic_lupus
IPO9,1891,0.00424,2766,0.01753,False,systemic_lupus
CYP21A2,1892,0.00423,2472,0.01995,False,systemic_lupus
DNAJC11,1893,0.00423,3164,0.0137,False,systemic_lupus
FAAP100,1894,0.00423,3402,0.01165,False,systemic_lupus
TLN2,1895,0.00423,2148,0.02311,False,systemic_lupus
CENPS,1896,0.00423,3404,0.01163,False,systemic_lupus
TOP3A,1897,0.00422,3398,0.01169,False,systemic_lupus
MTX1,1898,0.00422,3115,0.01421,False,systemic_lupus
RMI1,1899,0.00422,3397,0.01169,False,systemic_lupus
CHCHD10,1900,0.00421,3054,0.01483,False,systemic_lupus
CCR7,1901,0.00421,704,0.10662,False,systemic_lupus
MTX2,1902,0.00421,3047,0.01488,False,systemic_lupus
TLR2,1903,0.00421,879,0.06743,False,systemic_lupus
APOOL,1904,0.00421,3026,0.01507,False,systemic_lupus
APOO,1905,0.00421,3028,0.01507,False,systemic_lupus
CHCHD3,1906,0.00421,3025,0.01507,False,systemic_lupus
MICOS13,1907,0.00421,3032,0.01505,False,systemic_lupus
OAS2,1908,0.00421,1568,0.03302,False,systemic_lupus
GABARAP,1909,0.00421,1179,0.04481,False,systemic_lupus
MICOS10,1910,0.00421,3034,0.01502,False,systemic_lupus
SAMM50,1911,0.00421,3071,0.01461,False,systemic_lupus
L2HGDH,1912,0.0042,3597,0.0099,False,systemic_lupus
GGT5,1913,0.0042,3590,0.00995,False,systemic_lupus
GGT6,1914,0.0042,3594,0.00992,False,systemic_lupus
AGA,1915,0.0042,3582,0.01,False,systemic_lupus
RHAG,1916,0.00419,1937,0.02557,False,systemic_lupus
TLN1,1917,0.00419,1970,0.02491,False,systemic_lupus
ALDH1B1,1918,0.00419,3564,0.01016,False,systemic_lupus
GCLC,1919,0.00419,3553,0.01023,False,systemic_lupus
DGLUCY,1920,0.00418,3475,0.01092,False,systemic_lupus
NELFCD,1921,0.00418,3552,0.01023,False,systemic_lupus
SMAD2,1922,0.00418,853,0.07112,False,systemic_lupus
GGT1,1923,0.00418,3502,0.01066,False,systemic_lupus
GAD1,1924,0.00417,3406,0.01161,False,systemic_lupus
ALDH4A1,1925,0.00417,3433,0.01131,False,systemic_lupus
NELFB,1926,0.00417,3497,0.01069,False,systemic_lupus
GLUD1,1927,0.00416,3353,0.01219,False,systemic_lupus
C7orf26,1928,0.00416,3455,0.01113,False,systemic_lupus
GLUD2,1929,0.00416,3375,0.01202,False,systemic_lupus
INTS14,1930,0.00415,3374,0.01203,False,systemic_lupus
KIAA0513,1931,0.00415,3415,0.01153,False,systemic_lupus
NDUFB3,1932,0.00415,1185,0.04466,False,systemic_lupus
INTS13,1933,0.00414,3333,0.01239,False,systemic_lupus
INTS8,1934,0.00414,3294,0.01264,False,systemic_lupus
HLA-E,1935,0.00414,1744,0.02951,False,systemic_lupus
INTS10,1936,0.00414,3314,0.01252,False,systemic_lupus
INTS7,1937,0.00414,3289,0.01267,False,systemic_lupus
INTS12,1938,0.00414,3351,0.0122,False,systemic_lupus
INTS2,1939,0.00414,3288,0.01267,False,systemic_lupus
INTS9,1940,0.00413,3284,0.01271,False,systemic_lupus
INTS11,1941,0.00413,3282,0.01271,False,systemic_lupus
INTS3,1942,0.00413,3283,0.01271,False,systemic_lupus
INTS5,1943,0.00413,3285,0.01271,False,systemic_lupus
INTS6,1944,0.00413,3286,0.01271,False,systemic_lupus
INTS1,1945,0.00413,3281,0.01271,False,systemic_lupus
NDUFA2,1946,0.00411,1012,0.05416,False,systemic_lupus
TXNDC12,1947,0.0041,3332,0.01241,False,systemic_lupus
ULK1,1948,0.0041,1487,0.03459,False,systemic_lupus
GSTM4,1949,0.0041,3327,0.01244,False,systemic_lupus
GSS,1950,0.0041,3342,0.01237,False,systemic_lupus
GSTA1,1951,0.0041,3343,0.01235,False,systemic_lupus
GSTA4,1952,0.0041,3319,0.01249,False,systemic_lupus
GSTA5,1953,0.0041,3334,0.01238,False,systemic_lupus
GSTA3,1954,0.00409,3295,0.01263,False,systemic_lupus
FOXO3,1955,0.00409,932,0.0614,False,systemic_lupus
GSTO2,1956,0.00409,3292,0.01265,False,systemic_lupus
SNRPA1,1957,0.00409,794,0.08477,False,systemic_lupus
MGST1,1958,0.00409,3303,0.01257,False,systemic_lupus
GSTT2B,1959,0.00409,3302,0.01257,False,systemic_lupus
GSTM5,1960,0.00409,3304,0.01257,False,systemic_lupus
GSTO1,1961,0.00409,3252,0.01303,False,systemic_lupus
GSTM3,1962,0.00409,3277,0.01276,False,systemic_lupus
GSTM1,1963,0.00409,3278,0.01274,False,systemic_lupus
GSTM2,1964,0.00409,3290,0.01265,False,systemic_lupus
CXCR4,1965,0.00409,682,0.11344,False,systemic_lupus
GSR,1966,0.00408,3242,0.01314,False,systemic_lupus
GPX4,1967,0.00408,3226,0.01328,False,systemic_lupus
GSTP1,1968,0.00408,3224,0.01328,False,systemic_lupus
NR3C2,1969,0.00404,2713,0.01784,False,systemic_lupus
NCOR1,1970,0.00402,597,0.15615,False,systemic_lupus
ITK,1971,0.00402,1869,0.02717,False,systemic_lupus
CCL3,1972,0.004,925,0.0619,False,systemic_lupus
NDUFS3,1973,0.00398,873,0.06882,False,systemic_lupus
STAM,1974,0.00396,1261,0.04128,False,systemic_lupus
PLD1,1975,0.00395,1477,0.03484,False,systemic_lupus
FADD,1976,0.00394,956,0.05974,False,systemic_lupus
MAP1LC3B,1977,0.00394,1494,0.0344,False,systemic_lupus
PLD2,1978,0.00393,1096,0.04884,False,systemic_lupus
TRIP12,1979,0.00392,3742,0.00917,False,systemic_lupus
RNF216,1980,0.00391,3723,0.00924,False,systemic_lupus
UBA6,1981,0.00391,3636,0.00974,False,systemic_lupus
RNF19A,1982,0.00391,3669,0.00957,False,systemic_lupus
CAD,1983,0.00391,1327,0.0387,False,systemic_lupus
UBE3C,1984,0.00391,3712,0.00934,False,systemic_lupus
BTC,1985,0.00391,2609,0.01865,False,systemic_lupus
EREG,1986,0.00391,2621,0.01857,False,systemic_lupus
HUWE1,1987,0.0039,3624,0.00978,False,systemic_lupus
HACE1,1988,0.0039,3587,0.00996,False,systemic_lupus
RNF144A,1989,0.0039,3633,0.00975,False,systemic_lupus
ARIH2,1990,0.00389,3547,0.01031,False,systemic_lupus
TRPC3,1991,0.00389,4441,0.00688,False,systemic_lupus
ARIH1,1992,0.00389,3494,0.01073,False,systemic_lupus
MAN2A1,1993,0.00389,2226,0.02218,False,systemic_lupus
MASTL,1994,0.00388,649,0.1295,False,systemic_lupus
SIN3B,1995,0.00387,1340,0.03843,False,systemic_lupus
KLRC1,1996,0.00387,1716,0.02994,False,systemic_lupus
COIL,1997,0.00387,2330,0.02146,False,systemic_lupus
NRG1,1998,0.00387,2316,0.02159,False,systemic_lupus
NRG2,1999,0.00387,2266,0.02185,False,systemic_lupus
NRG4,2000,0.00386,2213,0.02226,False,systemic_lupus
ERBB4,2001,0.00386,2198,0.02247,False,systemic_lupus
SHPK,2002,0.00385,2402,0.02078,False,systemic_lupus
KCNE5,2003,0.00383,3366,0.01211,False,systemic_lupus
GNL3L,2004,0.00381,2707,0.01789,False,systemic_lupus
NDUFS6,2005,0.00381,1298,0.03968,False,systemic_lupus
GAR1,2006,0.0038,2464,0.02008,False,systemic_lupus
TEP1,2007,0.0038,2484,0.01986,False,systemic_lupus
NVL,2008,0.0038,2575,0.01893,False,systemic_lupus
ULBP2,2009,0.0038,1791,0.02869,False,systemic_lupus
NOP10,2010,0.0038,2434,0.02039,False,systemic_lupus
RBBP8,2011,0.0038,2487,0.0198,False,systemic_lupus
MBOAT1,2012,0.0038,1016,0.05344,False,systemic_lupus
DKC1,2013,0.0038,2435,0.02039,False,systemic_lupus
ACVRL1,2014,0.0038,2301,0.02164,False,systemic_lupus
ACVR2A,2015,0.00379,2479,0.01988,False,systemic_lupus
ULBP1,2016,0.00379,1756,0.02937,False,systemic_lupus
KLRK1,2017,0.00378,1620,0.03156,False,systemic_lupus
WDR4,2018,0.00377,3157,0.01377,False,systemic_lupus
PTCD3,2019,0.00377,3134,0.01399,False,systemic_lupus
TRMT5,2020,0.00376,3068,0.01468,False,systemic_lupus
MRPS34,2021,0.00376,3094,0.01434,False,systemic_lupus
NOA1,2022,0.00376,3063,0.01472,False,systemic_lupus
FANCD2,2023,0.00376,1461,0.03512,False,systemic_lupus
MRPS18C,2024,0.00376,3098,0.0143,False,systemic_lupus
MRPS5,2025,0.00376,3095,0.01434,False,systemic_lupus
DAP3,2026,0.00376,3092,0.01437,False,systemic_lupus
MRPS11,2027,0.00375,2977,0.01545,False,systemic_lupus
MRPS10,2028,0.00375,3023,0.0151,False,systemic_lupus
MT-ND4,2029,0.00375,1152,0.04581,False,systemic_lupus
MRPS14,2030,0.00375,3006,0.01527,False,systemic_lupus
MRPS33,2031,0.00375,3009,0.01521,False,systemic_lupus
GZMA,2032,0.00375,1910,0.02629,False,systemic_lupus
GBP1,2033,0.00375,4720,0.0061,False,systemic_lupus
MRPS23,2034,0.00375,3014,0.01516,False,systemic_lupus
MRPS25,2035,0.00375,2957,0.01556,False,systemic_lupus
DLG4,2036,0.00375,479,0.20932,False,systemic_lupus
MRPS26,2037,0.00375,3031,0.01505,False,systemic_lupus
MRPS27,2038,0.00375,2970,0.01549,False,systemic_lupus
MRPS21,2039,0.00375,3015,0.01516,False,systemic_lupus
PSMB9,2040,0.00374,4572,0.00654,False,systemic_lupus
MRPS18B,2041,0.00374,2937,0.01576,False,systemic_lupus
MRPS15,2042,0.00374,2881,0.01633,False,systemic_lupus
ANPEP,2043,0.00374,1652,0.03098,False,systemic_lupus
MT-ND1,2044,0.00374,945,0.06063,False,systemic_lupus
MRPS28,2045,0.00374,2913,0.01602,False,systemic_lupus
MRPS31,2046,0.00374,2887,0.01627,False,systemic_lupus
HRAS,2047,0.00373,890,0.06601,False,systemic_lupus
EXO1,2048,0.00373,799,0.0838,False,systemic_lupus
UHRF1,2049,0.00373,3458,0.01108,False,systemic_lupus
PLEK,2050,0.00373,2798,0.01724,False,systemic_lupus
IL26,2051,0.00372,3064,0.01472,False,systemic_lupus
DNMT3L,2052,0.00372,3417,0.01152,False,systemic_lupus
IL24,2053,0.00371,2967,0.01551,False,systemic_lupus
KDR,2054,0.00371,1575,0.03283,False,systemic_lupus
IRF2,2055,0.00371,4142,0.00759,False,systemic_lupus
CXCR5,2056,0.0037,1239,0.04192,False,systemic_lupus
MBOAT2,2057,0.0037,921,0.06249,False,systemic_lupus
LAMC1,2058,0.0037,3815,0.00875,False,systemic_lupus
COL21A1,2059,0.0037,3848,0.00853,False,systemic_lupus
GLMN,2060,0.00369,4567,0.00655,False,systemic_lupus
MICAL1,2061,0.00369,3537,0.01039,False,systemic_lupus
MSR1,2062,0.00369,3802,0.00887,False,systemic_lupus
SEMA3E,2063,0.00369,3519,0.01052,False,systemic_lupus
FOXP3,2064,0.00369,761,0.09187,False,systemic_lupus
FARP2,2065,0.00369,3568,0.01011,False,systemic_lupus
COL10A1,2066,0.00369,3801,0.00887,False,systemic_lupus
MTMR8,2067,0.00368,2844,0.01674,False,systemic_lupus
SEMA6C,2068,0.00368,3485,0.01084,False,systemic_lupus
CEP250,2069,0.00368,4533,0.00664,False,systemic_lupus
EIF4E,2070,0.00368,4429,0.00691,False,systemic_lupus
BMPR1B,2071,0.00368,4466,0.0068,False,systemic_lupus
GP6,2072,0.00367,3585,0.00998,False,systemic_lupus
CHPT1,2073,0.00367,1310,0.0394,False,systemic_lupus
EMILIN1,2074,0.00367,3187,0.01356,False,systemic_lupus
GPAM,2075,0.00367,1353,0.03803,False,systemic_lupus
CRY1,2076,0.00367,2607,0.01868,False,systemic_lupus
SEMA6D,2077,0.00366,3401,0.01166,False,systemic_lupus
SEMA3B,2078,0.00366,3405,0.01163,False,systemic_lupus
VANGL2,2079,0.00365,1031,0.05274,False,systemic_lupus
FES,2080,0.00365,3301,0.01258,False,systemic_lupus
RHOD,2081,0.00365,3316,0.01251,False,systemic_lupus
ARHGEF1,2082,0.00365,1603,0.03204,False,systemic_lupus
XAF1,2083,0.00365,3986,0.00813,False,systemic_lupus
XPOT,2084,0.00364,1886,0.02682,False,systemic_lupus
MALSU1,2085,0.00364,3983,0.00815,False,systemic_lupus
IFI35,2086,0.00364,3869,0.00846,False,systemic_lupus
NUDT13,2087,0.00364,3958,0.00823,False,systemic_lupus
SEMA6B,2088,0.00363,3207,0.01341,False,systemic_lupus
IFI27,2089,0.00363,3823,0.00871,False,systemic_lupus
RNASEL,2090,0.00363,3765,0.00902,False,systemic_lupus
SEMA3C,2091,0.00363,3233,0.0132,False,systemic_lupus
NMNAT3,2092,0.00362,3764,0.00904,False,systemic_lupus
RND1,2093,0.00362,3158,0.01374,False,systemic_lupus
SEMA3A,2094,0.00362,3151,0.01381,False,systemic_lupus
NUDT15,2095,0.00362,3737,0.00919,False,systemic_lupus
HSP90B1,2096,0.00359,1419,0.03609,False,systemic_lupus
LCP2,2097,0.00359,777,0.08864,False,systemic_lupus
KCNIP3,2098,0.00359,1207,0.0436,False,systemic_lupus
HDAC2,2099,0.00359,631,0.13646,False,systemic_lupus
SLC39A4,2100,0.00357,2757,0.01758,False,systemic_lupus
SNRPD3,2101,0.00357,323,0.2721,False,systemic_lupus
SLC39A8,2102,0.00357,2685,0.01803,False,systemic_lupus
SERPINA1,2103,0.00357,1997,0.0245,False,systemic_lupus
FANCI,2104,0.00356,2425,0.0205,False,systemic_lupus
SLC30A5,2105,0.00356,2612,0.01864,False,systemic_lupus
CASP8,2106,0.00356,716,0.10223,False,systemic_lupus
SLC30A4,2107,0.00356,2623,0.01856,False,systemic_lupus
PGRMC1,2108,0.00355,4684,0.00621,False,systemic_lupus
SLC39A2,2109,0.00355,2588,0.01881,False,systemic_lupus
SLC39A14,2110,0.00355,2583,0.01886,False,systemic_lupus
SLC30A1,2111,0.00355,2597,0.01875,False,systemic_lupus
SLC39A12,2112,0.00354,2503,0.01964,False,systemic_lupus
SLC39A3,2113,0.00354,2511,0.01958,False,systemic_lupus
SLC39A10,2114,0.00354,2531,0.01942,False,systemic_lupus
SLC39A5,2115,0.00354,2536,0.01939,False,systemic_lupus
SLC39A6,2116,0.00354,2523,0.01947,False,systemic_lupus
SLC30A6,2117,0.00354,2545,0.01931,False,systemic_lupus
TEAD3,2118,0.00353,659,0.1266,False,systemic_lupus
SLC39A13,2119,0.00353,2440,0.02031,False,systemic_lupus
CAV3,2120,0.00353,1046,0.05192,False,systemic_lupus
SLC30A9,2121,0.00352,2432,0.02042,False,systemic_lupus
CNTNAP2,2122,0.00352,2945,0.01569,False,systemic_lupus
CNTN2,2123,0.00352,3040,0.01495,False,systemic_lupus
CMPK2,2124,0.00352,3999,0.00807,False,systemic_lupus
SLC39A1,2125,0.00352,2420,0.02061,False,systemic_lupus
SLC30A7,2126,0.00352,2437,0.02036,False,systemic_lupus
LGI1,2127,0.00352,3091,0.01437,False,systemic_lupus
RTP4,2128,0.00351,3868,0.00846,False,systemic_lupus
TGFB3,2129,0.00351,1548,0.03328,False,systemic_lupus
HERC6,2130,0.00351,3932,0.00829,False,systemic_lupus
SLC39A9,2131,0.0035,2258,0.02194,False,systemic_lupus
HERC5,2132,0.0035,3796,0.00891,False,systemic_lupus
RBCK1,2133,0.00349,2469,0.02002,False,systemic_lupus
CLEC2D,2134,0.00349,2725,0.01777,False,systemic_lupus
GPER1,2135,0.00349,4539,0.00662,False,systemic_lupus
NCOA5,2136,0.00349,4608,0.00644,False,systemic_lupus
RGPD2,2137,0.00347,2648,0.01833,False,systemic_lupus
TRIM5,2138,0.00347,2634,0.01847,False,systemic_lupus
BCL9,2139,0.00346,4316,0.00716,False,systemic_lupus
BIK,2140,0.00346,2800,0.01722,False,systemic_lupus
PYGO1,2141,0.00346,4330,0.00712,False,systemic_lupus
BCL2A1,2142,0.00345,2558,0.01912,False,systemic_lupus
NMRK2,2143,0.00345,3686,0.00952,False,systemic_lupus
PMAIP1,2144,0.00345,2736,0.01771,False,systemic_lupus
TLE1,2145,0.00345,4133,0.00762,False,systemic_lupus
NMRK1,2146,0.00345,3617,0.0098,False,systemic_lupus
BBC3,2147,0.00345,2650,0.01831,False,systemic_lupus
BCL2L10,2148,0.00345,2805,0.01713,False,systemic_lupus
BCL2L2,2149,0.00345,2579,0.01891,False,systemic_lupus
PYGO2,2150,0.00345,4151,0.00754,False,systemic_lupus
MCL1,2151,0.00345,2552,0.01925,False,systemic_lupus
ZBTB17,2152,0.00344,2665,0.01817,False,systemic_lupus
EZR,2153,0.00344,1413,0.03634,False,systemic_lupus
IL3RA,2154,0.00344,1626,0.03148,False,systemic_lupus
NAMPT,2155,0.00344,3611,0.00983,False,systemic_lupus
EPS15L1,2156,0.00343,371,0.25181,False,systemic_lupus
ACACB,2157,0.00342,2483,0.01987,False,systemic_lupus
ICAM2,2158,0.0034,4120,0.00765,False,systemic_lupus
IRS1,2159,0.0034,753,0.09349,False,systemic_lupus
TXN2,2160,0.0034,1276,0.04076,False,systemic_lupus
GATA2,2161,0.0034,2356,0.02121,False,systemic_lupus
GP1BA,2162,0.0034,4169,0.00751,False,systemic_lupus
CLEC11A,2163,0.00339,4490,0.00675,False,systemic_lupus
KCNQ4,2164,0.00339,582,0.16217,False,systemic_lupus
CX3CR1,2165,0.00339,2704,0.01791,False,systemic_lupus
NDUFB11,2166,0.00337,1472,0.03495,False,systemic_lupus
NOD1,2167,0.00334,2360,0.02115,False,systemic_lupus
RPLP0,2168,0.00333,1289,0.04012,False,systemic_lupus
DNA2,2169,0.0033,1510,0.03404,False,systemic_lupus
TNFRSF10A,2170,0.00329,2854,0.01666,False,systemic_lupus
TNFSF10,2171,0.00329,2856,0.01663,False,systemic_lupus
RPL28,2172,0.00329,4430,0.0069,False,systemic_lupus
RPL3,2173,0.00329,4462,0.0068,False,systemic_lupus
RPL35A,2174,0.00329,4431,0.0069,False,systemic_lupus
RPL17-C18orf32,2175,0.00329,4442,0.00687,False,systemic_lupus
TOPBP1,2176,0.00328,1491,0.03454,False,systemic_lupus
PSD4,2177,0.00328,1948,0.02537,False,systemic_lupus
COL15A1,2178,0.00328,459,0.21936,False,systemic_lupus
MT-ND2,2179,0.00328,1182,0.04476,False,systemic_lupus
SP1,2180,0.00327,1916,0.02609,False,systemic_lupus
KCNG2,2181,0.00327,3011,0.0152,False,systemic_lupus
IL17RA,2182,0.00326,454,0.22067,False,systemic_lupus
GBF1,2183,0.00326,598,0.15471,False,systemic_lupus
TXN,2184,0.00326,1570,0.03296,False,systemic_lupus
HCFC1,2185,0.00325,1479,0.03475,False,systemic_lupus
FUT5,2186,0.00324,2346,0.02132,False,systemic_lupus
CTSS,2187,0.00324,1711,0.02998,False,systemic_lupus
GCNT2,2188,0.00324,2364,0.02113,False,systemic_lupus
CLTB,2189,0.00323,1459,0.03515,False,systemic_lupus
MTFMT,2190,0.00323,3956,0.00823,False,systemic_lupus
PAH,2191,0.00323,4043,0.00794,False,systemic_lupus
CYP4A11,2192,0.00322,2603,0.0187,False,systemic_lupus
CYP2J2,2193,0.00322,2587,0.01881,False,systemic_lupus
CBR1,2194,0.00322,3875,0.00843,False,systemic_lupus
GGH,2195,0.00322,3916,0.00833,False,systemic_lupus
PLCB1,2196,0.00321,1205,0.04365,False,systemic_lupus
CCL7,2197,0.00321,2054,0.02392,False,systemic_lupus
ATXN1L,2198,0.0032,2326,0.02149,False,systemic_lupus
HMMR,2199,0.0032,2606,0.01868,False,systemic_lupus
PLPP3,2200,0.00318,1393,0.03684,False,systemic_lupus
NT5E,2201,0.00318,709,0.10542,False,systemic_lupus
ME3,2202,0.00316,3619,0.00979,False,systemic_lupus
ME1,2203,0.00316,3615,0.0098,False,systemic_lupus
LDHAL6A,2204,0.00316,3638,0.00972,False,systemic_lupus
LDHAL6B,2205,0.00316,3635,0.00974,False,systemic_lupus
PDP2,2206,0.00316,3639,0.00972,False,systemic_lupus
SIRT1,2207,0.00316,900,0.06507,False,systemic_lupus
ME2,2208,0.00316,3627,0.00977,False,systemic_lupus
PDK1,2209,0.00315,3555,0.01022,False,systemic_lupus
FKBP5,2210,0.00315,1724,0.02988,False,systemic_lupus
PDK2,2211,0.00315,3570,0.01009,False,systemic_lupus
F5H5P2_HUMAN,2212,0.00315,3538,0.01039,False,systemic_lupus
CYP51A1,2213,0.00315,2459,0.02014,False,systemic_lupus
CXCR1,2214,0.00314,2228,0.02215,False,systemic_lupus
CCL13,2215,0.00314,1995,0.02452,False,systemic_lupus
GAD2,2216,0.00313,2072,0.02373,False,systemic_lupus
RORC,2217,0.00312,848,0.07241,False,systemic_lupus
SRF,2218,0.00312,2905,0.01608,False,systemic_lupus
PRKG2,2219,0.00312,839,0.07382,False,systemic_lupus
STAMBP,2220,0.00311,2711,0.01785,False,systemic_lupus
IPO7,2221,0.00311,466,0.21301,False,systemic_lupus
CYC1,2222,0.00311,1188,0.04443,False,systemic_lupus
NDUFAF1,2223,0.0031,3993,0.0081,False,systemic_lupus
BGLAP,2224,0.00309,1396,0.03676,False,systemic_lupus
PRKG1,2225,0.00309,869,0.06935,False,systemic_lupus
DYNLL1,2226,0.00309,2825,0.0169,False,systemic_lupus
MED4,2227,0.00308,2304,0.02163,False,systemic_lupus
MED29,2228,0.00308,2299,0.02166,False,systemic_lupus
CDK8,2229,0.00308,2294,0.02168,False,systemic_lupus
MED30,2230,0.00308,2312,0.0216,False,systemic_lupus
MED6,2231,0.00308,2309,0.02161,False,systemic_lupus
CDK19,2232,0.00308,2288,0.02169,False,systemic_lupus
MED15,2233,0.00308,2313,0.0216,False,systemic_lupus
MED28,2234,0.00308,2291,0.02169,False,systemic_lupus
MED17,2235,0.00308,2298,0.02166,False,systemic_lupus
MED26,2236,0.00308,2305,0.02163,False,systemic_lupus
MED12,2237,0.00308,2286,0.02169,False,systemic_lupus
MED18,2238,0.00308,2289,0.02169,False,systemic_lupus
MED19,2239,0.00308,2297,0.02167,False,systemic_lupus
CCNC,2240,0.00308,2292,0.02169,False,systemic_lupus
MED14,2241,0.00308,2287,0.02169,False,systemic_lupus
ALDH18A1,2242,0.00307,1376,0.03744,False,systemic_lupus
B3GNT4,2243,0.00306,1582,0.03265,False,systemic_lupus
B3GNT3,2244,0.00306,1558,0.03313,False,systemic_lupus
ELANE,2245,0.00306,114,0.36279,False,systemic_lupus
ST3GAL6,2246,0.00306,1569,0.03297,False,systemic_lupus
FUT9,2247,0.00306,1551,0.03327,False,systemic_lupus
FUT6,2248,0.00306,1540,0.03344,False,systemic_lupus
FUT4,2249,0.00306,1550,0.03327,False,systemic_lupus
SNRPN,2250,0.00306,1277,0.04075,False,systemic_lupus
UQCR10,2251,0.00306,1197,0.04399,False,systemic_lupus
BECN1,2252,0.00305,843,0.07332,False,systemic_lupus
SYNJ1,2253,0.00305,1139,0.04643,False,systemic_lupus
ALOX12,2254,0.00304,1273,0.0409,False,systemic_lupus
CXCL10,2255,0.00303,807,0.08139,False,systemic_lupus
MAP11,2256,0.00302,2416,0.02067,False,systemic_lupus
TBC1D14,2257,0.00302,2504,0.01964,False,systemic_lupus
MAD2L2,2258,0.00302,1950,0.02536,False,systemic_lupus
PDE2A,2259,0.00301,399,0.24217,False,systemic_lupus
FFAR3,2260,0.00301,2686,0.01802,False,systemic_lupus
RGS7BP,2261,0.00301,4540,0.00662,False,systemic_lupus
APOE,2262,0.00301,1193,0.04411,False,systemic_lupus
GALR1,2263,0.00301,2756,0.01758,False,systemic_lupus
ATE1,2264,0.00301,4536,0.00663,False,systemic_lupus
GALR2,2265,0.00301,2754,0.01762,False,systemic_lupus
RGS7,2266,0.003,4744,0.00604,False,systemic_lupus
TRAPPC6B,2267,0.003,2036,0.02413,False,systemic_lupus
TRAPPC6A,2268,0.003,2071,0.02374,False,systemic_lupus
DAOA,2269,0.003,4691,0.0062,False,systemic_lupus
TRAPPC3L,2270,0.003,2164,0.02292,False,systemic_lupus
TRAPPC8,2271,0.003,2028,0.02419,False,systemic_lupus
TRAPPC9,2272,0.003,2079,0.02365,False,systemic_lupus
TRAPPC4,2273,0.003,2042,0.02408,False,systemic_lupus
TRAPPC2B,2274,0.003,2167,0.02292,False,systemic_lupus
TRAPPC3,2275,0.003,2041,0.02411,False,systemic_lupus
TRAPPC2L,2276,0.003,2030,0.02417,False,systemic_lupus
TRAPPC2,2277,0.003,2034,0.02415,False,systemic_lupus
TRAPPC12,2278,0.003,2038,0.02413,False,systemic_lupus
GNAO1,2279,0.003,1644,0.03111,False,systemic_lupus
TRAPPC10,2280,0.003,2096,0.02358,False,systemic_lupus
TRAPPC1,2281,0.003,2037,0.02413,False,systemic_lupus
TRAPPC13,2282,0.003,2047,0.024,False,systemic_lupus
PIP4K2A,2283,0.00299,1022,0.05305,False,systemic_lupus
RSPH3,2284,0.00299,2426,0.02049,False,systemic_lupus
SPEN,2285,0.00299,1864,0.02726,False,systemic_lupus
IFNL2,2286,0.00298,2931,0.01581,False,systemic_lupus
CAMK2B,2287,0.00298,2671,0.01812,False,systemic_lupus
RAN,2288,0.00298,1082,0.04964,False,systemic_lupus
H3-2,2289,0.00298,1466,0.03504,False,systemic_lupus
NRAS,2290,0.00296,820,0.07679,False,systemic_lupus
PTPRJ,2291,0.00296,4644,0.00631,False,systemic_lupus
CEBPA,2292,0.00295,1058,0.05123,False,systemic_lupus
SKI,2293,0.00294,4281,0.00725,False,systemic_lupus
E2F5,2294,0.00294,4233,0.00738,False,systemic_lupus
SMAD9,2295,0.00294,4260,0.00732,False,systemic_lupus
CCL16,2296,0.00294,3185,0.01357,False,systemic_lupus
LPCAT3,2297,0.00293,2315,0.02159,False,systemic_lupus
ZFYVE9,2298,0.00293,4205,0.00741,False,systemic_lupus
KCNN4,2299,0.00293,999,0.05548,False,systemic_lupus
LPCAT4,2300,0.00293,2343,0.02135,False,systemic_lupus
CEPT1,2301,0.00293,2238,0.02206,False,systemic_lupus
LPCAT2,2302,0.00293,2336,0.02144,False,systemic_lupus
LPCAT1,2303,0.00293,2332,0.02146,False,systemic_lupus
LCAT,2304,0.00293,2317,0.02158,False,systemic_lupus
PEMT,2305,0.00293,2251,0.02199,False,systemic_lupus
PISD,2306,0.00293,2211,0.02228,False,systemic_lupus
PPP2CA,2307,0.00293,1408,0.03647,False,systemic_lupus
TRIM33,2308,0.00293,4229,0.00739,False,systemic_lupus
E2F4,2309,0.00293,4203,0.00741,False,systemic_lupus
RPS6KB1,2310,0.00293,1759,0.0293,False,systemic_lupus
SKIL,2311,0.00293,4221,0.0074,False,systemic_lupus
PLD3,2312,0.00293,2335,0.02144,False,systemic_lupus
PTDSS2,2313,0.00293,2293,0.02168,False,systemic_lupus
PALB2,2314,0.00291,2180,0.02271,False,systemic_lupus
ERLEC1,2315,0.00289,1788,0.02877,False,systemic_lupus
GCLM,2316,0.00289,1989,0.0246,False,systemic_lupus
GPX6,2317,0.00288,1984,0.02464,False,systemic_lupus
TNFSF11,2318,0.00288,265,0.29499,False,systemic_lupus
CLTCL1,2319,0.00288,1502,0.03425,False,systemic_lupus
GPX8,2320,0.00287,1994,0.02452,False,systemic_lupus
GPX3,2321,0.00287,1998,0.02449,False,systemic_lupus
CCL23,2322,0.00287,3120,0.01416,False,systemic_lupus
GPX2,2323,0.00287,2002,0.02448,False,systemic_lupus
GPX7,2324,0.00287,1996,0.0245,False,systemic_lupus
FOXH1,2325,0.00287,2760,0.01757,False,systemic_lupus
SNAI1,2326,0.00287,2817,0.017,False,systemic_lupus
SEL1L,2327,0.00287,1685,0.03045,False,systemic_lupus
OS9,2328,0.00287,1699,0.03019,False,systemic_lupus
GPX5,2329,0.00287,2004,0.02446,False,systemic_lupus
FABP5,2330,0.00285,2058,0.02389,False,systemic_lupus
CLTA,2331,0.00285,1227,0.04257,False,systemic_lupus
GABRA5,2332,0.00284,1458,0.03518,False,systemic_lupus
SRGAP3,2333,0.00284,2008,0.0244,False,systemic_lupus
THRB,2334,0.00284,2929,0.01584,False,systemic_lupus
GABRD,2335,0.00284,1503,0.03423,False,systemic_lupus
MFN1,2336,0.00283,1342,0.03838,False,systemic_lupus
NUP153,2337,0.00283,1110,0.04803,False,systemic_lupus
DEFB103A,2338,0.00282,1331,0.03853,False,systemic_lupus
CYP19A1,2339,0.00282,2270,0.02179,False,systemic_lupus
SRGAP2,2340,0.00281,2205,0.0224,False,systemic_lupus
UBE3A,2341,0.0028,2229,0.02214,False,systemic_lupus
RHOT2,2342,0.00278,3908,0.00834,False,systemic_lupus
SEPTIN5,2343,0.00278,3878,0.00842,False,systemic_lupus
SPIB,2344,0.00278,2932,0.0158,False,systemic_lupus
SNCAIP,2345,0.00278,3853,0.0085,False,systemic_lupus
RHOT1,2346,0.00278,3920,0.00832,False,systemic_lupus
UBE2E2,2347,0.00278,3942,0.00828,False,systemic_lupus
UBE2L6,2348,0.00278,3864,0.00848,False,systemic_lupus
RPS27A,2349,0.00277,841,0.07354,False,systemic_lupus
HAX1,2350,0.00277,2608,0.01866,False,systemic_lupus
PLPP2,2351,0.00277,2383,0.02097,False,systemic_lupus
IGKV2D-28,2352,0.00277,1903,0.0265,False,systemic_lupus
MVB12A,2353,0.00276,2561,0.0191,False,systemic_lupus
CHMP6,2354,0.00276,2567,0.01899,False,systemic_lupus
VPS25,2355,0.00276,2570,0.01895,False,systemic_lupus
VPS36,2356,0.00276,2562,0.01908,False,systemic_lupus
CHMP3,2357,0.00276,2544,0.01931,False,systemic_lupus
DPYSL2,2358,0.00276,1412,0.03637,False,systemic_lupus
UBAP1,2359,0.00276,2598,0.01872,False,systemic_lupus
TSG101,2360,0.00276,2481,0.01987,False,systemic_lupus
NCOR2,2361,0.00276,695,0.10952,False,systemic_lupus
SNF8,2362,0.00276,2610,0.01864,False,systemic_lupus
CHMP2A,2363,0.00276,2615,0.0186,False,systemic_lupus
KAT5,2364,0.00275,886,0.06668,False,systemic_lupus
NCK2,2365,0.00273,4041,0.00795,False,systemic_lupus
GNA12,2366,0.00272,930,0.06146,False,systemic_lupus
PAK4,2367,0.00272,3745,0.00916,False,systemic_lupus
PAK5,2368,0.00272,3803,0.00887,False,systemic_lupus
ARHGEF6,2369,0.00272,3692,0.00946,False,systemic_lupus
ARHGEF12,2370,0.00272,3752,0.00913,False,systemic_lupus
PAK6,2371,0.00272,3748,0.00914,False,systemic_lupus
PAK2,2372,0.00271,3667,0.00957,False,systemic_lupus
PAK1,2373,0.00271,3685,0.00952,False,systemic_lupus
PAK3,2374,0.00271,3673,0.00956,False,systemic_lupus
RBM8A,2375,0.00271,1742,0.02953,False,systemic_lupus
GIT2,2376,0.00271,3672,0.00956,False,systemic_lupus
MAP3K5,2377,0.00271,2827,0.01689,False,systemic_lupus
GIT1,2378,0.00271,3671,0.00957,False,systemic_lupus
SCRIB,2379,0.00271,3676,0.00955,False,systemic_lupus
CCNL2,2380,0.00271,917,0.06287,False,systemic_lupus
HEXB,2381,0.00271,1952,0.02526,False,systemic_lupus
MTHFD1L,2382,0.0027,1171,0.04509,False,systemic_lupus
CCL17,2383,0.0027,1254,0.04142,False,systemic_lupus
CYP2C19,2384,0.00269,1233,0.04236,False,systemic_lupus
SF3B4,2385,0.00269,2869,0.01647,False,systemic_lupus
ADA,2386,0.00269,2551,0.01925,False,systemic_lupus
UMPS,2387,0.00268,1241,0.04191,False,systemic_lupus
IL13RA2,2388,0.00268,2097,0.02358,False,systemic_lupus
KCNN2,2389,0.00268,2430,0.02042,False,systemic_lupus
PMVK,2390,0.00267,2723,0.01778,False,systemic_lupus
PRKAA2,2391,0.00266,2474,0.01991,False,systemic_lupus
SUV39H1,2392,0.00266,2411,0.02071,False,systemic_lupus
TCEA2,2393,0.00266,2362,0.02114,False,systemic_lupus
WDR61,2394,0.00266,2314,0.0216,False,systemic_lupus
PRKAG1,2395,0.00266,2480,0.01988,False,systemic_lupus
PRKAG3,2396,0.00266,2439,0.02033,False,systemic_lupus
MAP2K2,2397,0.00265,2732,0.01771,False,systemic_lupus
HEXA,2398,0.00264,1827,0.02776,False,systemic_lupus
CCL8,2399,0.00264,1563,0.03307,False,systemic_lupus
NPC1L1,2400,0.00264,2384,0.02097,False,systemic_lupus
SDHA,2401,0.00263,2261,0.0219,False,systemic_lupus
IL21,2402,0.00263,2124,0.02335,False,systemic_lupus
ATG3,2403,0.00262,1325,0.03882,False,systemic_lupus
PRKCE,2404,0.00262,2917,0.01593,False,systemic_lupus
STUB1,2405,0.00262,1080,0.04966,False,systemic_lupus
KCNAB2,2406,0.00262,512,0.18954,False,systemic_lupus
CYLD,2407,0.00261,998,0.05557,False,systemic_lupus
PRKCG,2408,0.00261,2771,0.01748,False,systemic_lupus
TGFB1,2409,0.00261,838,0.07424,False,systemic_lupus
CCL26,2410,0.00261,1578,0.03275,False,systemic_lupus
KIAA1109,2411,0.00261,4230,0.00738,False,systemic_lupus
ALDH1L2,2412,0.0026,2541,0.01934,False,systemic_lupus
ALDH1L1,2413,0.0026,2556,0.01916,False,systemic_lupus
BRCA1,2414,0.0026,586,0.16099,False,systemic_lupus
SHMT2,2415,0.0026,1196,0.04404,False,systemic_lupus
ALCAM,2416,0.0026,2553,0.01922,False,systemic_lupus
MT-CYB,2417,0.00259,1224,0.04272,False,systemic_lupus
BRCA2,2418,0.00258,2232,0.02211,False,systemic_lupus
EIF4EBP1,2419,0.00258,2772,0.01747,False,systemic_lupus
POT1,2420,0.00258,2296,0.02167,False,systemic_lupus
RICTOR,2421,0.00258,2761,0.01756,False,systemic_lupus
OPLAH,2422,0.00257,2338,0.02143,False,systemic_lupus
BCAS2,2423,0.00256,2586,0.01882,False,systemic_lupus
CPS1,2424,0.00256,2214,0.02226,False,systemic_lupus
AHCY,2425,0.00256,1900,0.02652,False,systemic_lupus
KCTD7,2426,0.00256,1734,0.02965,False,systemic_lupus
EPOR,2427,0.00256,3004,0.01527,False,systemic_lupus
RPS23,2428,0.00254,3206,0.01342,False,systemic_lupus
TRPC1,2429,0.00254,2847,0.01673,False,systemic_lupus
AKR1B10,2430,0.00254,2726,0.01776,False,systemic_lupus
MC4R,2431,0.00254,1794,0.02857,False,systemic_lupus
SPR,2432,0.00254,2578,0.01892,False,systemic_lupus
AKR1B1,2433,0.00254,2635,0.01846,False,systemic_lupus
CXCR3,2434,0.00254,957,0.0597,False,systemic_lupus
ACKR4,2435,0.00253,2185,0.02267,False,systemic_lupus
CACNA1D,2436,0.00253,1595,0.03227,False,systemic_lupus
FCGR3B,2437,0.00253,1825,0.02783,False,systemic_lupus
PF4V1,2438,0.00253,2147,0.02313,False,systemic_lupus
DARS2,2439,0.00252,2236,0.02207,False,systemic_lupus
CCL5,2440,0.00251,788,0.08597,False,systemic_lupus
FZD4,2441,0.00251,1888,0.02681,False,systemic_lupus
CCR5,2442,0.00251,928,0.06159,False,systemic_lupus
AP2M1,2443,0.00251,312,0.27655,False,systemic_lupus
PPARG,2444,0.00251,1339,0.03844,False,systemic_lupus
SERPINH1,2445,0.0025,2433,0.02041,False,systemic_lupus
RPL32,2446,0.0025,2861,0.01656,False,systemic_lupus
TKT,2447,0.0025,2052,0.02393,False,systemic_lupus
NFE2L2,2448,0.0025,1150,0.04588,False,systemic_lupus
TKTL2,2449,0.0025,1988,0.02462,False,systemic_lupus
RPL18A,2450,0.0025,2859,0.01659,False,systemic_lupus
COL6A2,2451,0.0025,2502,0.01964,False,systemic_lupus
PTGES,2452,0.0025,1374,0.03746,False,systemic_lupus
COL6A1,2453,0.0025,2533,0.01941,False,systemic_lupus
COL4A3,2454,0.0025,2334,0.02144,False,systemic_lupus
TKTL1,2455,0.0025,2057,0.02391,False,systemic_lupus
COL4A1,2456,0.00249,2284,0.02171,False,systemic_lupus
PDHA1,2457,0.00249,2244,0.02201,False,systemic_lupus
PDHA2,2458,0.00249,2248,0.022,False,systemic_lupus
PDHX,2459,0.00249,2243,0.02201,False,systemic_lupus
PDK3,2460,0.00249,2379,0.021,False,systemic_lupus
OGDH,2461,0.00249,2342,0.02136,False,systemic_lupus
DLST,2462,0.00249,2285,0.0217,False,systemic_lupus
BCKDHA,2463,0.00249,2246,0.02201,False,systemic_lupus
DBT,2464,0.00249,2328,0.02149,False,systemic_lupus
CCL1,2465,0.00248,2250,0.022,False,systemic_lupus
ZFP36L1,2466,0.00248,611,0.14919,False,systemic_lupus
EPC1,2467,0.00248,1594,0.03233,False,systemic_lupus
MEAF6,2468,0.00247,1493,0.03445,False,systemic_lupus
HDAC3,2469,0.00247,1707,0.03002,False,systemic_lupus
RPS17,2470,0.00247,3166,0.01369,False,systemic_lupus
IGKV1-33,2471,0.00247,1519,0.03387,False,systemic_lupus
BRD8,2472,0.00247,1574,0.03291,False,systemic_lupus
IGKV1D-33,2473,0.00247,1518,0.03387,False,systemic_lupus
LAMA4,2474,0.00247,2679,0.01808,False,systemic_lupus
YEATS4,2475,0.00247,1571,0.03292,False,systemic_lupus
CAMP,2476,0.00246,1263,0.04124,False,systemic_lupus
WRN,2477,0.00246,1446,0.03541,False,systemic_lupus
MUS81,2478,0.00246,1398,0.03676,False,systemic_lupus
HSPB1,2479,0.00245,2368,0.02108,False,systemic_lupus
ANP32E,2480,0.00244,1697,0.0302,False,systemic_lupus
CFLAR,2481,0.00244,1389,0.03693,False,systemic_lupus
SHMT1,2482,0.00243,146,0.34467,False,systemic_lupus
CCND1,2483,0.00242,687,0.11225,False,systemic_lupus
KCNIP2,2484,0.00242,1089,0.04939,False,systemic_lupus
F12,2485,0.00242,3664,0.00959,False,systemic_lupus
FGA,2486,0.00242,3631,0.00976,False,systemic_lupus
AP2S1,2487,0.00242,332,0.26847,False,systemic_lupus
F11,2488,0.00241,3612,0.00983,False,systemic_lupus
SOX2,2489,0.00241,1379,0.03735,False,systemic_lupus
HRG,2490,0.00241,3567,0.01013,False,systemic_lupus
FDFT1,2491,0.00241,1614,0.03178,False,systemic_lupus
NCOA3,2492,0.00241,854,0.07083,False,systemic_lupus
FDPS,2493,0.00241,1624,0.0315,False,systemic_lupus
HPCA,2494,0.00241,3364,0.01212,False,systemic_lupus
MVK,2495,0.00241,1714,0.02996,False,systemic_lupus
SERPIND1,2496,0.00241,3476,0.01088,False,systemic_lupus
IDI1,2497,0.00241,1645,0.0311,False,systemic_lupus
HMGCS1,2498,0.00241,1662,0.03088,False,systemic_lupus
HMGCS2,2499,0.00241,1728,0.02977,False,systemic_lupus
SERPINA10,2500,0.00241,3491,0.01077,False,systemic_lupus
EGF,2501,0.0024,836,0.07487,False,systemic_lupus
NR1I2,2502,0.0024,3472,0.01099,False,systemic_lupus
RIOK2,2503,0.0024,318,0.27288,False,systemic_lupus
MED16,2504,0.00239,1726,0.02982,False,systemic_lupus
RUVBL2,2505,0.00239,1654,0.03097,False,systemic_lupus
RARA,2506,0.00239,1874,0.02706,False,systemic_lupus
CLEC9A,2507,0.00239,3013,0.01517,False,systemic_lupus
NUP88,2508,0.00239,1526,0.03368,False,systemic_lupus
NCOA1,2509,0.00239,715,0.10303,False,systemic_lupus
VWF,2510,0.00239,3219,0.01332,False,systemic_lupus
F9,2511,0.00239,3263,0.01292,False,systemic_lupus
UPP2,2512,0.00238,2689,0.01801,False,systemic_lupus
SERPINC1,2513,0.00238,3173,0.01363,False,systemic_lupus
HMGA1,2514,0.00238,2486,0.0198,False,systemic_lupus
F3,2515,0.00238,3170,0.01365,False,systemic_lupus
F5,2516,0.00238,3181,0.01358,False,systemic_lupus
CDC25B,2517,0.00238,376,0.2506,False,systemic_lupus
CD74,2518,0.00238,901,0.06503,False,systemic_lupus
F8,2519,0.00238,3175,0.01362,False,systemic_lupus
TFPI,2520,0.00238,3169,0.01365,False,systemic_lupus
IL3,2521,0.00236,850,0.07213,False,systemic_lupus
CACNA1S,2522,0.00236,2891,0.01621,False,systemic_lupus
GNAQ,2523,0.00236,705,0.10627,False,systemic_lupus
AMT,2524,0.00236,1625,0.03148,False,systemic_lupus
MT-ND5,2525,0.00236,1946,0.02539,False,systemic_lupus
UPP1,2526,0.00236,2470,0.02002,False,systemic_lupus
CDK5,2527,0.00236,2388,0.02092,False,systemic_lupus
STAC3,2528,0.00236,2960,0.01554,False,systemic_lupus
DERL2,2529,0.00236,1731,0.02973,False,systemic_lupus
SUCLG1,2530,0.00235,2321,0.02153,False,systemic_lupus
SNRPA,2531,0.00235,2017,0.02427,False,systemic_lupus
NDC1,2532,0.00235,2145,0.02315,False,systemic_lupus
AAAS,2533,0.00235,2161,0.02294,False,systemic_lupus
NUP188,2534,0.00235,2123,0.02338,False,systemic_lupus
NUP62,2535,0.00235,2126,0.02333,False,systemic_lupus
NUP58,2536,0.00235,2133,0.02327,False,systemic_lupus
NUP54,2537,0.00235,2127,0.02333,False,systemic_lupus
NUP35,2538,0.00235,2125,0.02335,False,systemic_lupus
NUP210,2539,0.00235,2135,0.02324,False,systemic_lupus
CYP2C9,2540,0.00235,1136,0.04664,False,systemic_lupus
AXIN1,2541,0.00234,1243,0.04181,False,systemic_lupus
FLNA,2542,0.00234,775,0.08932,False,systemic_lupus
CCP110,2543,0.00234,1814,0.02813,False,systemic_lupus
CYP7A1,2544,0.00233,1732,0.02966,False,systemic_lupus
AXIN2,2545,0.00233,1245,0.04179,False,systemic_lupus
CCL24,2546,0.00233,3097,0.01431,False,systemic_lupus
SYVN1,2547,0.00233,1613,0.03179,False,systemic_lupus
FYN,2548,0.00232,812,0.07865,False,systemic_lupus
CEP290,2549,0.00232,1802,0.02846,False,systemic_lupus
TNFRSF10B,2550,0.00232,1467,0.03504,False,systemic_lupus
RAD52,2551,0.00232,2063,0.0238,False,systemic_lupus
GMPR,2552,0.00231,1244,0.0418,False,systemic_lupus
OGT,2553,0.00231,1064,0.05076,False,systemic_lupus
CCL27,2554,0.00231,2283,0.02171,False,systemic_lupus
TRDN,2555,0.0023,1958,0.02519,False,systemic_lupus
CCL11,2556,0.0023,1253,0.04147,False,systemic_lupus
CLSPN,2557,0.0023,1598,0.0322,False,systemic_lupus
IMMT,2558,0.0023,1838,0.02757,False,systemic_lupus
MCM7,2559,0.0023,1590,0.03242,False,systemic_lupus
POLR2K,2560,0.0023,2355,0.02121,False,systemic_lupus
CHEK1,2561,0.0023,1158,0.0456,False,systemic_lupus
CEP63,2562,0.0023,1848,0.02744,False,systemic_lupus
CHMP1B,2563,0.0023,1709,0.02999,False,systemic_lupus
HGS,2564,0.00229,1682,0.03047,False,systemic_lupus
VCAM1,2565,0.00229,894,0.06562,False,systemic_lupus
NR5A1,2566,0.00229,2820,0.01697,False,systemic_lupus
POLR2E,2567,0.00229,2325,0.02151,False,systemic_lupus
TPR,2568,0.00228,3005,0.01527,False,systemic_lupus
ZC3H13,2569,0.00228,2177,0.02276,False,systemic_lupus
ITGB4,2570,0.00228,268,0.29146,False,systemic_lupus
CXCL1,2571,0.00228,992,0.05641,False,systemic_lupus
CD1D,2572,0.00228,2801,0.0172,False,systemic_lupus
MFN2,2573,0.00228,2730,0.01773,False,systemic_lupus
GSDMD,2574,0.00228,2712,0.01784,False,systemic_lupus
SF3B2,2575,0.00227,1957,0.02523,False,systemic_lupus
HTT,2576,0.00226,970,0.05854,False,systemic_lupus
RPL5,2577,0.00226,868,0.06946,False,systemic_lupus
PLCB2,2578,0.00226,1318,0.03903,False,systemic_lupus
RAC2,2579,0.00225,801,0.08305,False,systemic_lupus
PIKFYVE,2580,0.00225,368,0.25317,False,systemic_lupus
PLCG1,2581,0.00225,572,0.16963,False,systemic_lupus
YWHAZ,2582,0.00225,1215,0.04313,False,systemic_lupus
APC,2583,0.00224,1750,0.02941,False,systemic_lupus
CKS1B,2584,0.00223,2170,0.0229,False,systemic_lupus
ATF3,2585,0.00223,2843,0.01675,False,systemic_lupus
CAV1,2586,0.00223,773,0.08966,False,systemic_lupus
INAVA,2587,0.00222,874,0.06839,False,systemic_lupus
CX3CL1,2588,0.00222,2257,0.02194,False,systemic_lupus
MSX1,2589,0.00222,1796,0.02855,False,systemic_lupus
RPL26,2590,0.00221,2983,0.01542,False,systemic_lupus
DHX15,2591,0.00221,333,0.26835,False,systemic_lupus
FDXR,2592,0.0022,1242,0.04181,False,systemic_lupus
RORA,2593,0.00219,1256,0.04136,False,systemic_lupus
AP2A2,2594,0.00219,1067,0.0507,False,systemic_lupus
KCNJ8,2595,0.00219,3391,0.01173,False,systemic_lupus
SUPT5H,2596,0.00219,884,0.06687,False,systemic_lupus
ITGA9,2597,0.00218,1637,0.03126,False,systemic_lupus
SLX1A,2598,0.00218,2460,0.02011,False,systemic_lupus
RPL31,2599,0.00218,2066,0.02378,False,systemic_lupus
EME1,2600,0.00218,2427,0.02048,False,systemic_lupus
MYLK,2601,0.00217,2277,0.02173,False,systemic_lupus
SLX4,2602,0.00217,2253,0.02196,False,systemic_lupus
TACC3,2603,0.00217,1947,0.02537,False,systemic_lupus
RTF1,2604,0.00217,1033,0.05269,False,systemic_lupus
MAPK1,2605,0.00217,571,0.1705,False,systemic_lupus
CKAP5,2606,0.00217,1822,0.02791,False,systemic_lupus
AP2A1,2607,0.00217,855,0.07072,False,systemic_lupus
NOS2,2608,0.00216,370,0.25284,False,systemic_lupus
H4C6,2609,0.00216,2168,0.02291,False,systemic_lupus
SMURF2,2610,0.00216,990,0.05661,False,systemic_lupus
SUPT4H1,2611,0.00216,1181,0.04479,False,systemic_lupus
BCL2L1,2612,0.00216,867,0.06949,False,systemic_lupus
CDC73,2613,0.00216,1155,0.04571,False,systemic_lupus
LEO1,2614,0.00216,1183,0.04476,False,systemic_lupus
H3-4,2615,0.00215,1147,0.04597,False,systemic_lupus
RUVBL1,2616,0.00214,847,0.07241,False,systemic_lupus
PRKDC,2617,0.00214,1522,0.03374,False,systemic_lupus
KCNE3,2618,0.00214,1346,0.0383,False,systemic_lupus
TARDBP,2619,0.00214,1454,0.03526,False,systemic_lupus
HPRT1,2620,0.00214,991,0.05656,False,systemic_lupus
CYP2B6,2621,0.00213,1591,0.03241,False,systemic_lupus
PINK1,2622,0.00213,2489,0.01978,False,systemic_lupus
GNLY,2623,0.00213,1730,0.02974,False,systemic_lupus
LRRK2,2624,0.00213,2514,0.01954,False,systemic_lupus
H3C1,2625,0.00212,2020,0.02425,False,systemic_lupus
GMPS,2626,0.00212,795,0.08453,False,systemic_lupus
BAX,2627,0.00212,1787,0.0288,False,systemic_lupus
MYH9,2628,0.00211,1923,0.02581,False,systemic_lupus
NUP98,2629,0.00211,1097,0.04878,False,systemic_lupus
QDPR,2630,0.00211,1766,0.02922,False,systemic_lupus
CDC6,2631,0.0021,1722,0.02992,False,systemic_lupus
PLS1,2632,0.00209,1934,0.02564,False,systemic_lupus
DLAT,2633,0.00209,1490,0.03455,False,systemic_lupus
SREBF2,2634,0.00209,1309,0.03946,False,systemic_lupus
NEDD4L,2635,0.00209,1498,0.03438,False,systemic_lupus
MRPL21,2636,0.00209,2630,0.0185,False,systemic_lupus
CPSF6,2637,0.00209,1400,0.03672,False,systemic_lupus
CALML6,2638,0.00208,622,0.14341,False,systemic_lupus
KCNAB1,2639,0.00208,500,0.19718,False,systemic_lupus
HLA-DRB1,2640,0.00208,228,0.31303,False,systemic_lupus
TRRAP,2641,0.00208,1099,0.0487,False,systemic_lupus
CALML3,2642,0.00207,634,0.13586,False,systemic_lupus
THBS2,2643,0.00207,1671,0.03065,False,systemic_lupus
CALML4,2644,0.00207,624,0.14178,False,systemic_lupus
CALML5,2645,0.00207,635,0.1358,False,systemic_lupus
IRS4,2646,0.00206,1902,0.02651,False,systemic_lupus
PPP2R1A,2647,0.00206,2398,0.02083,False,systemic_lupus
EPS15,2648,0.00205,1198,0.04396,False,systemic_lupus
MRPS16,2649,0.00204,1953,0.02526,False,systemic_lupus
PPP3CA,2650,0.00204,1767,0.02921,False,systemic_lupus
PPP3R1,2651,0.00204,1755,0.02937,False,systemic_lupus
RAC1,2652,0.00204,832,0.07537,False,systemic_lupus
RPL34,2653,0.00203,1451,0.03531,False,systemic_lupus
NUP37,2654,0.00203,1566,0.03305,False,systemic_lupus
SETDB1,2655,0.00203,2242,0.02202,False,systemic_lupus
SEH1L,2656,0.00203,1553,0.03324,False,systemic_lupus
NUP107,2657,0.00203,1554,0.03324,False,systemic_lupus
STX1A,2658,0.00203,1049,0.05189,False,systemic_lupus
NUP155,2659,0.00203,1556,0.03319,False,systemic_lupus
AHCTF1,2660,0.00203,1565,0.03305,False,systemic_lupus
NUP43,2661,0.00203,1557,0.03318,False,systemic_lupus
NUP85,2662,0.00203,1552,0.03324,False,systemic_lupus
NUP133,2663,0.00203,1555,0.03322,False,systemic_lupus
CASP10,2664,0.00202,1925,0.02579,False,systemic_lupus
MRPS9,2665,0.00202,1116,0.04784,False,systemic_lupus
DNAJC5,2666,0.00202,1278,0.0407,False,systemic_lupus
CTNNB1,2667,0.00202,421,0.23288,False,systemic_lupus
RPL10,2668,0.00201,1945,0.0254,False,systemic_lupus
GLDC,2669,0.002,1140,0.04636,False,systemic_lupus
RPL17,2670,0.002,1967,0.02501,False,systemic_lupus
MAP2K1,2671,0.002,1831,0.02773,False,systemic_lupus
F2,2672,0.002,1407,0.03653,False,systemic_lupus
SPP1,2673,0.00199,1336,0.03848,False,systemic_lupus
LRP1,2674,0.00199,115,0.36226,False,systemic_lupus
CTR9,2675,0.00199,1564,0.03306,False,systemic_lupus
H3-5,2676,0.00198,1125,0.04747,False,systemic_lupus
FHL2,2677,0.00198,2366,0.0211,False,systemic_lupus
DHFR2,2678,0.00198,1275,0.04082,False,systemic_lupus
KCNIP1,2679,0.00198,1524,0.03372,False,systemic_lupus
NFKBIE,2680,0.00197,547,0.17971,False,systemic_lupus
NPM1,2681,0.00197,2822,0.01694,False,systemic_lupus
CD36,2682,0.00197,1332,0.03853,False,systemic_lupus
KAT2B,2683,0.00197,1371,0.03749,False,systemic_lupus
KCNIP4,2684,0.00197,1572,0.03291,False,systemic_lupus
LDHA,2685,0.00197,2327,0.02149,False,systemic_lupus
SCARB2,2686,0.00197,1295,0.03978,False,systemic_lupus
TALDO1,2687,0.00196,2233,0.02211,False,systemic_lupus
AR,2688,0.00196,2654,0.01829,False,systemic_lupus
RXRB,2689,0.00196,1360,0.03784,False,systemic_lupus
IRS2,2690,0.00195,1892,0.02674,False,systemic_lupus
RYR2,2691,0.00194,1480,0.03473,False,systemic_lupus
ASPH,2692,0.00193,1658,0.03094,False,systemic_lupus
SNCA,2693,0.00193,967,0.05877,False,systemic_lupus
XRN1,2694,0.00193,2473,0.01994,False,systemic_lupus
RPL9,2695,0.00192,1969,0.02498,False,systemic_lupus
RANBP2,2696,0.00192,980,0.05761,False,systemic_lupus
PHTF1,2697,0.00192,1352,0.03803,False,systemic_lupus
GNB2,2698,0.00192,1367,0.0376,False,systemic_lupus
GNB4,2699,0.00192,1361,0.03784,False,systemic_lupus
KAT8,2700,0.00192,178,0.33411,False,systemic_lupus
DAXX,2701,0.00192,974,0.05807,False,systemic_lupus
GNB3,2702,0.00192,1349,0.03816,False,systemic_lupus
THBS1,2703,0.00192,875,0.06809,False,systemic_lupus
SHANK1,2704,0.00191,2471,0.01995,False,systemic_lupus
POLR2A,2705,0.00191,1105,0.04833,False,systemic_lupus
XDH,2706,0.00191,2337,0.02143,False,systemic_lupus
MTAP,2707,0.00191,1891,0.02676,False,systemic_lupus
PPIA,2708,0.0019,199,0.32516,False,systemic_lupus
SCN5A,2709,0.0019,1738,0.02962,False,systemic_lupus
SCN8A,2710,0.00189,1799,0.02853,False,systemic_lupus
DLG2,2711,0.00189,1075,0.04994,False,systemic_lupus
TPH1,2712,0.00189,1777,0.02893,False,systemic_lupus
FLT3LG,2713,0.00189,1894,0.02664,False,systemic_lupus
FANCM,2714,0.00189,881,0.06738,False,systemic_lupus
PRKAB1,2715,0.00189,1690,0.03033,False,systemic_lupus
PRKAG2,2716,0.00189,1648,0.03107,False,systemic_lupus
UPF1,2717,0.00188,1581,0.03266,False,systemic_lupus
CYP2R1,2718,0.00188,1653,0.03098,False,systemic_lupus
PRKAA1,2719,0.00188,1669,0.0307,False,systemic_lupus
MTR,2720,0.00187,1589,0.03242,False,systemic_lupus
PF4,2721,0.00187,1257,0.04135,False,systemic_lupus
SNRNP70,2722,0.00187,1821,0.02793,False,systemic_lupus
POMC,2723,0.00187,1280,0.04062,False,systemic_lupus
MAOB,2724,0.00187,984,0.05723,False,systemic_lupus
MAOA,2725,0.00187,1199,0.04391,False,systemic_lupus
NDUFB1,2726,0.00187,1980,0.02472,False,systemic_lupus
RPTOR,2727,0.00186,1749,0.02943,False,systemic_lupus
INSR,2728,0.00186,1884,0.02683,False,systemic_lupus
RPL11,2729,0.00186,771,0.08985,False,systemic_lupus
MLST8,2730,0.00186,1782,0.02887,False,systemic_lupus
KITLG,2731,0.00186,1819,0.02796,False,systemic_lupus
RPL30,2732,0.00185,1513,0.03396,False,systemic_lupus
RPS19,2733,0.00184,1529,0.03365,False,systemic_lupus
DHCR7,2734,0.00184,1143,0.04608,False,systemic_lupus
DPP10,2735,0.00184,2089,0.02361,False,systemic_lupus
DPP6,2736,0.00184,2065,0.02378,False,systemic_lupus
CDKAL1,2737,0.00184,1148,0.04596,False,systemic_lupus
ARRB2,2738,0.00183,1605,0.03199,False,systemic_lupus
FPGS,2739,0.00183,2677,0.01809,False,systemic_lupus
DVL1,2740,0.00183,1202,0.04381,False,systemic_lupus
NR1H4,2741,0.00183,1433,0.03571,False,systemic_lupus
OTUD3,2742,0.00183,180,0.33364,False,systemic_lupus
ITGB5,2743,0.00183,1779,0.0289,False,systemic_lupus
ITGB8,2744,0.00183,1808,0.02825,False,systemic_lupus
COL3A1,2745,0.00182,840,0.07372,False,systemic_lupus
SNRPB,2746,0.00182,1534,0.03354,False,systemic_lupus
SCN3B,2747,0.00182,3221,0.0133,False,systemic_lupus
SHC1,2748,0.00182,667,0.12256,False,systemic_lupus
RPL13,2749,0.00181,2001,0.02448,False,systemic_lupus
ITPA,2750,0.0018,1021,0.05308,False,systemic_lupus
CXCL9,2751,0.0018,976,0.05774,False,systemic_lupus
NOTCH1,2752,0.00179,1661,0.0309,False,systemic_lupus
SYNGAP1,2753,0.00179,1901,0.02652,False,systemic_lupus
NHP2,2754,0.00179,1704,0.03009,False,systemic_lupus
VPS53,2755,0.00178,1683,0.03047,False,systemic_lupus
CBFA2T3,2756,0.00177,453,0.22096,False,systemic_lupus
RPL19,2757,0.00177,1488,0.03459,False,systemic_lupus
POLR2F,2758,0.00177,1573,0.03291,False,systemic_lupus
POLR2B,2759,0.00177,1549,0.03327,False,systemic_lupus
CXCL11,2760,0.00177,1663,0.03085,False,systemic_lupus
RBX1,2761,0.00177,964,0.05911,False,systemic_lupus
RPL18,2762,0.00177,1481,0.03469,False,systemic_lupus
NEDD4,2763,0.00176,2152,0.02307,False,systemic_lupus
WWP2,2764,0.00176,2223,0.02221,False,systemic_lupus
GPR37,2765,0.00176,2302,0.02164,False,systemic_lupus
COPS5,2766,0.00175,1687,0.0304,False,systemic_lupus
CDK1,2767,0.00174,326,0.27127,False,systemic_lupus
CYCS,2768,0.00174,1201,0.04383,False,systemic_lupus
EWSR1,2769,0.00174,2787,0.01731,False,systemic_lupus
RBM25,2770,0.00173,2811,0.01705,False,systemic_lupus
HIF1A,2771,0.00173,826,0.0758,False,systemic_lupus
SPHK1,2772,0.00173,968,0.05873,False,systemic_lupus
RPS11,2773,0.00172,1955,0.02525,False,systemic_lupus
GNA13,2774,0.00172,787,0.08602,False,systemic_lupus
RPS28,2775,0.00172,1647,0.03107,False,systemic_lupus
MDM2,2776,0.00172,735,0.09716,False,systemic_lupus
MAPK3,2777,0.00172,559,0.17646,False,systemic_lupus
SREBF1,2778,0.00172,1240,0.04191,False,systemic_lupus
SMURF1,2779,0.00171,1178,0.04491,False,systemic_lupus
FGF2,2780,0.00171,1382,0.0372,False,systemic_lupus
DLG1,2781,0.0017,920,0.06266,False,systemic_lupus
SQSTM1,2782,0.0017,865,0.06986,False,systemic_lupus
DISC1,2783,0.0017,1023,0.05302,False,systemic_lupus
CALM3,2784,0.0017,558,0.17665,False,systemic_lupus
CBFB,2785,0.00169,1123,0.04756,False,systemic_lupus
CDK6,2786,0.00169,1057,0.05124,False,systemic_lupus
CCND3,2787,0.00169,1068,0.05067,False,systemic_lupus
CUL1,2788,0.00169,1627,0.03144,False,systemic_lupus
CACNA1C,2789,0.00169,940,0.06106,False,systemic_lupus
P2RX3,2790,0.00169,1649,0.03105,False,systemic_lupus
RHOG,2791,0.00169,1615,0.03177,False,systemic_lupus
CCND2,2792,0.00169,1061,0.05091,False,systemic_lupus
RPF2,2793,0.00168,960,0.05948,False,systemic_lupus
SKP1,2794,0.00168,1072,0.05002,False,systemic_lupus
KCNQ5,2795,0.00168,450,0.22233,False,systemic_lupus
PXN,2796,0.00168,1307,0.03952,False,systemic_lupus
KCNE2,2797,0.00168,1350,0.03811,False,systemic_lupus
MTOR,2798,0.00168,172,0.3366,False,systemic_lupus
CCNE2,2799,0.00167,1293,0.03989,False,systemic_lupus
TAC1,2800,0.00167,1751,0.02941,False,systemic_lupus
CCNE1,2801,0.00167,1288,0.04015,False,systemic_lupus
TNRC18,2802,0.00166,1939,0.02553,False,systemic_lupus
SPHK2,2803,0.00165,1177,0.04491,False,systemic_lupus
CSF1,2804,0.00165,1983,0.02467,False,systemic_lupus
SLC17A7,2805,0.00165,1248,0.0416,False,systemic_lupus
RPS24,2806,0.00164,1673,0.03058,False,systemic_lupus
IL18,2807,0.00164,1619,0.03158,False,systemic_lupus
MAPK8,2808,0.00164,699,0.10816,False,systemic_lupus
MRC1,2809,0.00163,1351,0.03809,False,systemic_lupus
SHC2,2810,0.00162,1933,0.02566,False,systemic_lupus
TERF1,2811,0.00162,1117,0.04784,False,systemic_lupus
CCL19,2812,0.00162,1120,0.04773,False,systemic_lupus
CLEC7A,2813,0.00162,1156,0.04565,False,systemic_lupus
TINF2,2814,0.00162,1112,0.04802,False,systemic_lupus
NCBP1,2815,0.00162,858,0.0705,False,systemic_lupus
TAL1,2816,0.00161,914,0.06325,False,systemic_lupus
CDK2,2817,0.00161,825,0.07619,False,systemic_lupus
MTNR1B,2818,0.00161,1562,0.03308,False,systemic_lupus
SNRPB2,2819,0.0016,1501,0.03428,False,systemic_lupus
VDAC1,2820,0.0016,818,0.07703,False,systemic_lupus
DTNBP1,2821,0.0016,1214,0.04313,False,systemic_lupus
CACNA1G,2822,0.00159,2954,0.0156,False,systemic_lupus
PADI2,2823,0.00159,1754,0.02938,False,systemic_lupus
ATXN2,2824,0.00158,91,0.37559,False,systemic_lupus
PKLR,2825,0.00158,1523,0.03372,False,systemic_lupus
NOP16,2826,0.00158,1018,0.05338,False,systemic_lupus
MRPS2,2827,0.00158,1604,0.03201,False,systemic_lupus
NSF,2828,0.00157,1931,0.02568,False,systemic_lupus
DENND1B,2829,0.00157,1079,0.04982,False,systemic_lupus
H3-3B,2830,0.00156,973,0.05808,False,systemic_lupus
PIK3CA,2831,0.00156,609,0.1499,False,systemic_lupus
RPS3,2832,0.00156,1546,0.03337,False,systemic_lupus
SHARPIN,2833,0.00156,3126,0.01412,False,systemic_lupus
AP4E1,2834,0.00156,1612,0.03184,False,systemic_lupus
DHODH,2835,0.00154,196,0.32551,False,systemic_lupus
NCBP2,2836,0.00154,1024,0.05299,False,systemic_lupus
CRKL,2837,0.00154,1863,0.02726,False,systemic_lupus
GPI,2838,0.00154,1559,0.03309,False,systemic_lupus
PPARGC1A,2839,0.00153,953,0.06001,False,systemic_lupus
TNPO1,2840,0.00153,1173,0.04505,False,systemic_lupus
TYMS,2841,0.00153,1249,0.04159,False,systemic_lupus
RPL4,2842,0.00153,1216,0.04308,False,systemic_lupus
CUL4A,2843,0.00153,2703,0.01792,False,systemic_lupus
ANK2,2844,0.00153,1337,0.03846,False,systemic_lupus
RPL8,2845,0.00153,1213,0.04314,False,systemic_lupus
RPL7A,2846,0.00152,1209,0.04339,False,systemic_lupus
NCS1,2847,0.00152,1601,0.03206,False,systemic_lupus
BID,2848,0.00152,1247,0.04162,False,systemic_lupus
TH,2849,0.00151,1226,0.04258,False,systemic_lupus
NDUFB2,2850,0.00151,2508,0.01961,False,systemic_lupus
ERBB2,2851,0.00151,717,0.1021,False,systemic_lupus
KCNE1,2852,0.00149,958,0.05959,False,systemic_lupus
GM2A,2853,0.00148,831,0.07537,False,systemic_lupus
HAP1,2854,0.00147,1668,0.03072,False,systemic_lupus
NFKBIB,2855,0.00147,1234,0.04222,False,systemic_lupus
VAPA,2856,0.00147,2219,0.02225,False,systemic_lupus
EPRS1,2857,0.00145,759,0.09222,False,systemic_lupus
AOX1,2858,0.00145,1492,0.03454,False,systemic_lupus
CREB1,2859,0.00144,821,0.07671,False,systemic_lupus
ADSL,2860,0.00144,862,0.07026,False,systemic_lupus
FOXA1,2861,0.00144,1395,0.03679,False,systemic_lupus
INS,2862,0.00143,1392,0.03685,False,systemic_lupus
ELAVL1,2863,0.00143,1121,0.0477,False,systemic_lupus
ADAMTS2,2864,0.00143,660,0.12601,False,systemic_lupus
COL4A5,2865,0.00143,1537,0.03349,False,systemic_lupus
AP4M1,2866,0.00142,1219,0.04298,False,systemic_lupus
GNB5,2867,0.00142,793,0.08485,False,systemic_lupus
PPP1R9B,2868,0.00142,1597,0.03221,False,systemic_lupus
CNTNAP1,2869,0.00142,2130,0.02332,False,systemic_lupus
ITGAV,2870,0.00141,1086,0.04944,False,systemic_lupus
ITGA1,2871,0.00141,1073,0.04999,False,systemic_lupus
KCNJ3,2872,0.00141,1414,0.03632,False,systemic_lupus
GNB1,2873,0.00141,658,0.12677,False,systemic_lupus
IGF1R,2874,0.0014,1417,0.03616,False,systemic_lupus
RPL23,2875,0.00138,1002,0.0551,False,systemic_lupus
CALM2,2876,0.00137,824,0.07622,False,systemic_lupus
CD3E,2877,0.00137,1180,0.0448,False,systemic_lupus
AP2B1,2878,0.00135,806,0.08181,False,systemic_lupus
CAMK2A,2879,0.00135,1040,0.05217,False,systemic_lupus
AKT1,2880,0.00134,579,0.16484,False,systemic_lupus
RPL23A,2881,0.00134,748,0.09441,False,systemic_lupus
TRAK2,2882,0.00134,2990,0.01538,False,systemic_lupus
CSF3,2883,0.00134,1030,0.05276,False,systemic_lupus
FURIN,2884,0.00133,2347,0.02131,False,systemic_lupus
HBEGF,2885,0.00133,1328,0.03863,False,systemic_lupus
PIK3CD,2886,0.00132,688,0.11222,False,systemic_lupus
HIPK1,2887,0.00131,1976,0.02475,False,systemic_lupus
PRKAB2,2888,0.00131,1160,0.04539,False,systemic_lupus
PKM,2889,0.0013,1130,0.04694,False,systemic_lupus
MALT1,2890,0.0013,1274,0.04084,False,systemic_lupus
CXCL12,2891,0.00129,905,0.06439,False,systemic_lupus
AP1G1,2892,0.00128,2082,0.02364,False,systemic_lupus
RPL35,2893,0.00127,883,0.06723,False,systemic_lupus
ACKR1,2894,0.00127,2140,0.02322,False,systemic_lupus
KMT2A,2895,0.00127,1567,0.03303,False,systemic_lupus
CCRL2,2896,0.00127,2421,0.02056,False,systemic_lupus
GGCX,2897,0.00125,2240,0.02204,False,systemic_lupus
PPIB,2898,0.00125,2584,0.01883,False,systemic_lupus
RXRA,2899,0.00124,856,0.0707,False,systemic_lupus
SNRPD1,2900,0.00124,1053,0.0515,False,systemic_lupus
VAV2,2901,0.00124,1949,0.02537,False,systemic_lupus
GNAI1,2902,0.00124,563,0.17399,False,systemic_lupus
HRH2,2903,0.00123,989,0.05671,False,systemic_lupus
SCN2A,2904,0.00123,1322,0.03885,False,systemic_lupus
HLA-A,2905,0.00123,2789,0.01728,False,systemic_lupus
HLA-F,2906,0.00123,2830,0.01684,False,systemic_lupus
BTRC,2907,0.00123,844,0.0732,False,systemic_lupus
ELOVL6,2908,0.00123,1776,0.02893,False,systemic_lupus
APRT,2909,0.00123,1013,0.05383,False,systemic_lupus
SCN1A,2910,0.00123,1390,0.03688,False,systemic_lupus
CASP1,2911,0.00122,1585,0.03256,False,systemic_lupus
GRB2,2912,0.00122,478,0.21113,False,systemic_lupus
ITCH,2913,0.00122,1576,0.03279,False,systemic_lupus
COL5A2,2914,0.00122,1250,0.04157,False,systemic_lupus
DLG3,2915,0.00122,1036,0.05233,False,systemic_lupus
COL5A1,2916,0.00122,1255,0.04141,False,systemic_lupus
AP3S1,2917,0.00121,1544,0.03343,False,systemic_lupus
AP4S1,2918,0.00121,1679,0.03051,False,systemic_lupus
ENO1,2919,0.0012,2832,0.01683,False,systemic_lupus
DCAF4L1,2920,0.00119,1088,0.04943,False,systemic_lupus
MT-ND3,2921,0.00119,2086,0.02363,False,systemic_lupus
HSPA9,2922,0.00119,891,0.066,False,systemic_lupus
SNRPF,2923,0.00119,936,0.06126,False,systemic_lupus
IDO1,2924,0.00118,3024,0.0151,False,systemic_lupus
AP4B1,2925,0.00117,1640,0.03119,False,systemic_lupus
IDO2,2926,0.00117,2866,0.01651,False,systemic_lupus
IL33,2927,0.00117,2209,0.0223,False,systemic_lupus
RAB1A,2928,0.00116,988,0.05696,False,systemic_lupus
RPS6,2929,0.00116,1005,0.05487,False,systemic_lupus
HSD17B7,2930,0.00116,2627,0.01853,False,systemic_lupus
MET,2931,0.00115,1190,0.04431,False,systemic_lupus
CXCR2,2932,0.00115,1665,0.03075,False,systemic_lupus
CCNA1,2933,0.00115,880,0.06741,False,systemic_lupus
SNRPG,2934,0.00114,859,0.07047,False,systemic_lupus
SF3B5,2935,0.00113,2155,0.02304,False,systemic_lupus
SF3A2,2936,0.00113,1194,0.0441,False,systemic_lupus
SNRNP200,2937,0.00113,1623,0.03151,False,systemic_lupus
MLKL,2938,0.00112,3160,0.01373,False,systemic_lupus
PRPF6,2939,0.00112,1610,0.03191,False,systemic_lupus
STX5,2940,0.00111,1290,0.03997,False,systemic_lupus
SRSF1,2941,0.00111,1134,0.04668,False,systemic_lupus
FASN,2942,0.00111,1221,0.04282,False,systemic_lupus
TLR5,2943,0.00111,2035,0.02415,False,systemic_lupus
AP3S2,2944,0.00111,1975,0.02479,False,systemic_lupus
CD3G,2945,0.00111,1959,0.02518,False,systemic_lupus
LSM7,2946,0.0011,1670,0.03067,False,systemic_lupus
RPL6,2947,0.0011,2189,0.02258,False,systemic_lupus
RANBP1,2948,0.0011,1439,0.03556,False,systemic_lupus
RPL36,2949,0.0011,2192,0.02252,False,systemic_lupus
ZNF704,2950,0.0011,1674,0.03057,False,systemic_lupus
CEP57,2951,0.00109,1386,0.03698,False,systemic_lupus
BCL2,2952,0.00109,895,0.06561,False,systemic_lupus
TGFBR3,2953,0.00109,2611,0.01864,False,systemic_lupus
TGFB2,2954,0.00109,2571,0.01895,False,systemic_lupus
ARRB1,2955,0.00109,1577,0.03277,False,systemic_lupus
SMAD7,2956,0.00109,2577,0.01892,False,systemic_lupus
RPS20,2957,0.00109,1712,0.02998,False,systemic_lupus
GCSH,2958,0.00108,2660,0.01824,False,systemic_lupus
RPS5,2959,0.00108,1292,0.03991,False,systemic_lupus
MAPK9,2960,0.00108,946,0.06063,False,systemic_lupus
PRPF3,2961,0.00108,1600,0.03213,False,systemic_lupus
VIM,2962,0.00108,1733,0.02965,False,systemic_lupus
RPL15,2963,0.00108,2210,0.02228,False,systemic_lupus
NR0B1,2964,0.00108,1852,0.02737,False,systemic_lupus
NOL10,2965,0.00107,3109,0.01424,False,systemic_lupus
SLIT1,2966,0.00107,511,0.19037,False,systemic_lupus
ADCY7,2967,0.00107,1865,0.02726,False,systemic_lupus
JUNB,2968,0.00107,1579,0.03267,False,systemic_lupus
WDR75,2969,0.00107,2363,0.02113,False,systemic_lupus
AGXT,2970,0.00107,1746,0.02949,False,systemic_lupus
UTP15,2971,0.00107,3110,0.01424,False,systemic_lupus
TBL3,2972,0.00107,3108,0.01424,False,systemic_lupus
PDCD11,2973,0.00107,2412,0.0207,False,systemic_lupus
HLA-DOA,2974,0.00107,2964,0.01552,False,systemic_lupus
UTP4,2975,0.00107,2415,0.02067,False,systemic_lupus
HLA-DMB,2976,0.00107,2995,0.01534,False,systemic_lupus
HLA-DMA,2977,0.00107,2940,0.01572,False,systemic_lupus
ADCY6,2978,0.00107,1868,0.02717,False,systemic_lupus
BCL6,2979,0.00106,1599,0.03217,False,systemic_lupus
RAB5A,2980,0.00106,1266,0.04115,False,systemic_lupus
PPIF,2981,0.00106,1296,0.03975,False,systemic_lupus
RB1,2982,0.00105,2376,0.02101,False,systemic_lupus
ADCY3,2983,0.00105,1809,0.02824,False,systemic_lupus
ADCY8,2984,0.00105,1803,0.02844,False,systemic_lupus
ACTB,2985,0.00105,1879,0.0269,False,systemic_lupus
NOP58,2986,0.00105,2345,0.02133,False,systemic_lupus
LSM3,2987,0.00105,2273,0.02176,False,systemic_lupus
LSM4,2988,0.00104,2280,0.02172,False,systemic_lupus
RPS8,2989,0.00104,2456,0.02017,False,systemic_lupus
GABRG2,2990,0.00104,2239,0.02205,False,systemic_lupus
BLNK,2991,0.00104,1496,0.03439,False,systemic_lupus
GABRA2,2992,0.00104,2234,0.02211,False,systemic_lupus
MT-ND4L,2993,0.00104,2649,0.01833,False,systemic_lupus
LSM2,2994,0.00104,2278,0.02172,False,systemic_lupus
LSM8,2995,0.00104,2281,0.02172,False,systemic_lupus
LSM5,2996,0.00104,2279,0.02172,False,systemic_lupus
NOP14,2997,0.00104,3082,0.01447,False,systemic_lupus
WDR43,2998,0.00104,2413,0.02068,False,systemic_lupus
HLA-B,2999,0.00104,1833,0.02766,False,systemic_lupus
PTMA,3000,0.00104,2884,0.01628,False,systemic_lupus
XCL2,3001,0.00104,2331,0.02146,False,systemic_lupus
CBL,3002,0.00103,726,0.09981,False,systemic_lupus
BSG,3003,0.00103,2595,0.01876,False,systemic_lupus
EFTUD2,3004,0.00103,1270,0.04101,False,systemic_lupus
MVD,3005,0.00103,2715,0.01784,False,systemic_lupus
NECAP2,3006,0.00103,2394,0.02087,False,systemic_lupus
DDC,3007,0.00103,1415,0.03626,False,systemic_lupus
DCK,3008,0.00103,1319,0.03898,False,systemic_lupus
FUS,3009,0.00103,2446,0.02027,False,systemic_lupus
RPSA,3010,0.00103,2359,0.02117,False,systemic_lupus
ADK,3011,0.00103,1311,0.03932,False,systemic_lupus
ITSN1,3012,0.00103,2349,0.02129,False,systemic_lupus
LSS,3013,0.00103,2790,0.01727,False,systemic_lupus
AK3,3014,0.00103,1323,0.03885,False,systemic_lupus
AP5M1,3015,0.00102,2450,0.02023,False,systemic_lupus
HHEX,3016,0.00102,543,0.18217,False,systemic_lupus
AP1B1,3017,0.00102,2320,0.02155,False,systemic_lupus
ADCY9,3018,0.00102,1854,0.02735,False,systemic_lupus
RCL1,3019,0.00102,2395,0.02087,False,systemic_lupus
RPS12,3020,0.00102,2381,0.02098,False,systemic_lupus
RPS9,3021,0.00102,1965,0.02506,False,systemic_lupus
RPS21,3022,0.00102,2386,0.02095,False,systemic_lupus
ITGA2,3023,0.00102,1436,0.03563,False,systemic_lupus
ITGA3,3024,0.00102,1422,0.03608,False,systemic_lupus
NGDN,3025,0.00101,3035,0.01502,False,systemic_lupus
BUD31,3026,0.00101,1636,0.03127,False,systemic_lupus
AKAP9,3027,0.00101,2488,0.0198,False,systemic_lupus
PAX6,3028,0.00101,3062,0.01472,False,systemic_lupus
ITPR2,3029,0.00101,1561,0.03308,False,systemic_lupus
PYCARD,3030,0.00101,2019,0.02425,False,systemic_lupus
NISCH,3031,0.00101,1154,0.04572,False,systemic_lupus
GRIA1,3032,0.00101,961,0.05935,False,systemic_lupus
NMD3,3033,0.00101,1650,0.03104,False,systemic_lupus
PTF1A,3034,0.00101,2911,0.01603,False,systemic_lupus
AP1S1,3035,0.00101,1793,0.0286,False,systemic_lupus
RRP7A,3036,0.00101,3030,0.01506,False,systemic_lupus
NR1H3,3037,0.001,2027,0.02419,False,systemic_lupus
WDR3,3038,0.001,1873,0.02712,False,systemic_lupus
CRNKL1,3039,0.001,1639,0.0312,False,systemic_lupus
CD7,3040,0.001,1922,0.02582,False,systemic_lupus
CD9,3041,0.001,2870,0.01645,False,systemic_lupus
WDR36,3042,0.001,1837,0.02757,False,systemic_lupus
MEF2A,3043,0.001,1951,0.02527,False,systemic_lupus
CDC40,3044,0.001,1635,0.03128,False,systemic_lupus
CDC25A,3045,0.00099,2373,0.02105,False,systemic_lupus
TLR6,3046,0.00099,1961,0.02515,False,systemic_lupus
DCAF13,3047,0.00099,2377,0.021,False,systemic_lupus
RPS7,3048,0.00099,1499,0.03435,False,systemic_lupus
VPS26A,3049,0.00099,1764,0.02925,False,systemic_lupus
AP3M1,3050,0.00098,2852,0.01667,False,systemic_lupus
CTSG,3051,0.00098,2841,0.01678,False,systemic_lupus
BRIX1,3052,0.00098,1757,0.02933,False,systemic_lupus
MPO,3053,0.00098,2765,0.01753,False,systemic_lupus
GUCY1B1,3054,0.00098,2076,0.02367,False,systemic_lupus
H3C12,3055,0.00098,871,0.06915,False,systemic_lupus
H3C13,3056,0.00098,872,0.06912,False,systemic_lupus
STXBP1,3057,0.00098,2956,0.01558,False,systemic_lupus
AP3B2,3058,0.00098,2946,0.01569,False,systemic_lupus
CD160,3059,0.00098,2986,0.0154,False,systemic_lupus
ACACA,3060,0.00098,125,0.35402,False,systemic_lupus
PLRG1,3061,0.00098,348,0.26104,False,systemic_lupus
PRTN3,3062,0.00098,2743,0.01768,False,systemic_lupus
DRD2,3063,0.00098,1329,0.03858,False,systemic_lupus
AP3M2,3064,0.00098,2857,0.01663,False,systemic_lupus
MAK16,3065,0.00098,1741,0.02954,False,systemic_lupus
EMG1,3066,0.00097,1857,0.02732,False,systemic_lupus
UQCRH,3067,0.00097,3297,0.01259,False,systemic_lupus
UTP11,3068,0.00097,1739,0.02957,False,systemic_lupus
RPL24,3069,0.00097,3162,0.01372,False,systemic_lupus
STON2,3070,0.00097,2698,0.01796,False,systemic_lupus
CYP3A4,3071,0.00097,1692,0.03032,False,systemic_lupus
PTH,3072,0.00097,1715,0.02996,False,systemic_lupus
UQCRQ,3073,0.00097,2897,0.01615,False,systemic_lupus
UQCRC2,3074,0.00097,2903,0.01609,False,systemic_lupus
UTP6,3075,0.00097,1832,0.02772,False,systemic_lupus
RPS15,3076,0.00097,1294,0.0398,False,systemic_lupus
NPY,3077,0.00097,2084,0.02363,False,systemic_lupus
MFAP1,3078,0.00097,3124,0.01413,False,systemic_lupus
PNO1,3079,0.00097,2620,0.01857,False,systemic_lupus
TSR1,3080,0.00097,2599,0.01871,False,systemic_lupus
RPL7,3081,0.00097,3141,0.0139,False,systemic_lupus
RAB3A,3082,0.00097,1462,0.03512,False,systemic_lupus
CCNA2,3083,0.00097,789,0.0858,False,systemic_lupus
NR0B2,3084,0.00096,2989,0.01538,False,systemic_lupus
RPS2,3085,0.00096,1272,0.0409,False,systemic_lupus
CYP1A1,3086,0.00096,2477,0.01991,False,systemic_lupus
NFATC2,3087,0.00096,2150,0.02309,False,systemic_lupus
NFE2L1,3088,0.00096,2889,0.01622,False,systemic_lupus
CYP3A5,3089,0.00096,2476,0.01991,False,systemic_lupus
LTF,3090,0.00096,2638,0.01843,False,systemic_lupus
IL11,3091,0.00096,2217,0.02225,False,systemic_lupus
CNTF,3092,0.00096,2252,0.02197,False,systemic_lupus
WDR46,3093,0.00096,1505,0.03415,False,systemic_lupus
U2AF2,3094,0.00096,1890,0.02677,False,systemic_lupus
SCD5,3095,0.00096,2659,0.01825,False,systemic_lupus
PRPF8,3096,0.00096,1078,0.04986,False,systemic_lupus
PGK1,3097,0.00095,1506,0.03414,False,systemic_lupus
AAK1,3098,0.00095,3293,0.01264,False,systemic_lupus
CDKN2C,3099,0.00095,2534,0.0194,False,systemic_lupus
GNL2,3100,0.00095,2358,0.02117,False,systemic_lupus
GULP1,3101,0.00095,1911,0.02628,False,systemic_lupus
PML,3102,0.00095,3039,0.01495,False,systemic_lupus
SLC18A3,3103,0.00095,2763,0.01753,False,systemic_lupus
SLC32A1,3104,0.00095,2646,0.01836,False,systemic_lupus
E2F1,3105,0.00095,2053,0.02393,False,systemic_lupus
ATF2,3106,0.00095,1520,0.03382,False,systemic_lupus
SNW1,3107,0.00095,896,0.06536,False,systemic_lupus
KCNJ5,3108,0.00095,1423,0.03603,False,systemic_lupus
JUND,3109,0.00095,2062,0.02382,False,systemic_lupus
PI4KB,3110,0.00095,260,0.29833,False,systemic_lupus
GGPS1,3111,0.00095,255,0.30276,False,systemic_lupus
VAMP2,3112,0.00095,2632,0.01848,False,systemic_lupus
FTSJ3,3113,0.00094,2393,0.02087,False,systemic_lupus
EIF6,3114,0.00094,2414,0.02068,False,systemic_lupus
LMO2,3115,0.00094,2044,0.02401,False,systemic_lupus
TCF3,3116,0.00094,1968,0.02499,False,systemic_lupus
CCL28,3117,0.00094,3330,0.01241,False,systemic_lupus
FOSB,3118,0.00094,2119,0.02349,False,systemic_lupus
FOSL1,3119,0.00094,2067,0.02378,False,systemic_lupus
CLEC4E,3120,0.00094,3121,0.01415,False,systemic_lupus
KCNAB3,3121,0.00094,556,0.17749,False,systemic_lupus
UTP14A,3122,0.00094,3050,0.01486,False,systemic_lupus
GNG2,3123,0.00094,681,0.11344,False,systemic_lupus
RPS14,3124,0.00094,1592,0.03238,False,systemic_lupus
FBXW11,3125,0.00094,2380,0.02099,False,systemic_lupus
WAS,3126,0.00093,1380,0.03726,False,systemic_lupus
UTP18,3127,0.00093,1535,0.03352,False,systemic_lupus
NOC2L,3128,0.00093,2417,0.02065,False,systemic_lupus
KCNJ2,3129,0.00093,1192,0.04421,False,systemic_lupus
RPF1,3130,0.00093,2405,0.02077,False,systemic_lupus
CDT1,3131,0.00093,1656,0.03095,False,systemic_lupus
NOL6,3132,0.00093,1528,0.03365,False,systemic_lupus
PRPF19,3133,0.00093,1232,0.04241,False,systemic_lupus
TPI1,3134,0.00093,1291,0.03996,False,systemic_lupus
SIGMAR1,3135,0.00093,1769,0.02918,False,systemic_lupus
ACAT1,3136,0.00093,2807,0.01709,False,systemic_lupus
RPS16,3137,0.00093,3194,0.01351,False,systemic_lupus
UTP20,3138,0.00093,1344,0.0383,False,systemic_lupus
EPN2,3139,0.00092,3102,0.01429,False,systemic_lupus
ATP6AP2,3140,0.00092,2693,0.01799,False,systemic_lupus
ATP6AP1,3141,0.00092,2697,0.01797,False,systemic_lupus
EPN3,3142,0.00092,3114,0.01421,False,systemic_lupus
ATP6V0D1,3143,0.00092,2687,0.01802,False,systemic_lupus
SLC22A4,3144,0.00092,1042,0.05214,False,systemic_lupus
ATP6V0B,3145,0.00092,2684,0.01803,False,systemic_lupus
ATP6V0D2,3146,0.00092,2700,0.01794,False,systemic_lupus
ATP6V0E1,3147,0.00092,2695,0.01797,False,systemic_lupus
CXCL2,3148,0.00092,3349,0.01224,False,systemic_lupus
NAT10,3149,0.00092,4025,0.008,False,systemic_lupus
ATP6V1H,3150,0.00092,2683,0.01803,False,systemic_lupus
NOP56,3151,0.00092,4024,0.008,False,systemic_lupus
BOP1,3152,0.00092,1785,0.02882,False,systemic_lupus
WDR74,3153,0.00092,2428,0.02046,False,systemic_lupus
AMER1,3154,0.00092,1853,0.02735,False,systemic_lupus
LUC7L,3155,0.00092,1641,0.03118,False,systemic_lupus
CKS2,3156,0.00092,3329,0.01241,False,systemic_lupus
RNASEK,3157,0.00092,2699,0.01796,False,systemic_lupus
ATP6V1G1,3158,0.00092,2688,0.01802,False,systemic_lupus
ITGB3,3159,0.00092,1942,0.02546,False,systemic_lupus
ATP6V1F,3160,0.00092,2681,0.01803,False,systemic_lupus
EBNA1BP2,3161,0.00092,1783,0.02882,False,systemic_lupus
ATP6V1E2,3162,0.00092,2702,0.01794,False,systemic_lupus
ATP6V1E1,3163,0.00092,2682,0.01803,False,systemic_lupus
PIK3CG,3164,0.00092,2121,0.02344,False,systemic_lupus
RRP1B,3165,0.00092,2495,0.01972,False,systemic_lupus
NOC4L,3166,0.00092,505,0.19386,False,systemic_lupus
CBS,3167,0.00091,2528,0.01944,False,systemic_lupus
RAPGEF3,3168,0.00091,3371,0.01206,False,systemic_lupus
COQ2,3169,0.00091,2580,0.0189,False,systemic_lupus
RRP9,3170,0.00091,1504,0.03421,False,systemic_lupus
AKAP6,3171,0.00091,3305,0.01256,False,systemic_lupus
HTR3A,3172,0.00091,2438,0.02034,False,systemic_lupus
RRAGC,3173,0.00091,2779,0.01739,False,systemic_lupus
GTPBP4,3174,0.00091,1370,0.03751,False,systemic_lupus
MTHFR,3175,0.00091,2574,0.01893,False,systemic_lupus
FCHO2,3176,0.00091,3280,0.01272,False,systemic_lupus
GNGT1,3177,0.00091,3168,0.01367,False,systemic_lupus
RRAGB,3178,0.00091,2777,0.01739,False,systemic_lupus
PPARA,3179,0.00091,1133,0.04674,False,systemic_lupus
RRAGA,3180,0.00091,2780,0.01739,False,systemic_lupus
GC,3181,0.00091,1628,0.03142,False,systemic_lupus
PES1,3182,0.00091,1377,0.03739,False,systemic_lupus
GIP,3183,0.0009,1774,0.02897,False,systemic_lupus
RAPGEF1,3184,0.0009,3123,0.01413,False,systemic_lupus
ITGA8,3185,0.0009,2978,0.01545,False,systemic_lupus
RAB1B,3186,0.0009,1792,0.02868,False,systemic_lupus
ITGA7,3187,0.0009,2975,0.01546,False,systemic_lupus
MEFV,3188,0.0009,2908,0.01606,False,systemic_lupus
HNRNPU,3189,0.0009,2680,0.01804,False,systemic_lupus
GCG,3190,0.0009,1816,0.02805,False,systemic_lupus
OCRL,3191,0.0009,3077,0.01454,False,systemic_lupus
CAMLG,3192,0.0009,506,0.19322,False,systemic_lupus
AFTPH,3193,0.0009,3408,0.0116,False,systemic_lupus
KRR1,3194,0.0009,1132,0.0468,False,systemic_lupus
CASQ1,3195,0.0009,3149,0.01381,False,systemic_lupus
CASQ2,3196,0.0009,3165,0.0137,False,systemic_lupus
GRIA2,3197,0.0009,1847,0.02746,False,systemic_lupus
FKBP1B,3198,0.0009,3131,0.01401,False,systemic_lupus
AP1M1,3199,0.0009,3265,0.01291,False,systemic_lupus
NOB1,3200,0.00089,3352,0.0122,False,systemic_lupus
P2RX4,3201,0.00089,2517,0.01952,False,systemic_lupus
PRPF4,3202,0.00089,3230,0.01324,False,systemic_lupus
DIPK2A,3203,0.00089,1932,0.02567,False,systemic_lupus
GUK1,3204,0.00089,3213,0.01337,False,systemic_lupus
PCNA,3205,0.00089,1781,0.02887,False,systemic_lupus
WEE1,3206,0.00089,2269,0.0218,False,systemic_lupus
IL4I1,3207,0.00089,2593,0.01877,False,systemic_lupus
RIOK1,3208,0.00089,3365,0.01211,False,systemic_lupus
RUNX1T1,3209,0.00089,2955,0.0156,False,systemic_lupus
XCL1,3210,0.00089,3259,0.01296,False,systemic_lupus
P2RX1,3211,0.00089,2512,0.01955,False,systemic_lupus
CDC25C,3212,0.00089,2247,0.022,False,systemic_lupus
PRPF31,3213,0.00089,3229,0.01324,False,systemic_lupus
COG3,3214,0.00089,1954,0.02526,False,systemic_lupus
PIK3R2,3215,0.00089,672,0.11801,False,systemic_lupus
NPR2,3216,0.00089,3344,0.01228,False,systemic_lupus
RPS13,3217,0.00089,3363,0.01213,False,systemic_lupus
IL1R2,3218,0.00088,3142,0.0139,False,systemic_lupus
BIRC5,3219,0.00088,1265,0.04121,False,systemic_lupus
CDCA8,3220,0.00088,2129,0.02332,False,systemic_lupus
KAT2A,3221,0.00088,2826,0.0169,False,systemic_lupus
CXCL5,3222,0.00088,3396,0.0117,False,systemic_lupus
TMED3,3223,0.00088,2935,0.01578,False,systemic_lupus
HTR1B,3224,0.00088,3037,0.01498,False,systemic_lupus
CTCF,3225,0.00088,2254,0.02195,False,systemic_lupus
CEBPB,3226,0.00088,2169,0.02291,False,systemic_lupus
GOSR2,3227,0.00088,1664,0.03083,False,systemic_lupus
YWHAH,3228,0.00088,3048,0.01487,False,systemic_lupus
RPL27A,3229,0.00088,3267,0.01287,False,systemic_lupus
HTR2A,3230,0.00088,3052,0.01485,False,systemic_lupus
GRM1,3231,0.00088,2080,0.02365,False,systemic_lupus
GLRX3,3232,0.00088,2070,0.02375,False,systemic_lupus
PI4K2A,3233,0.00088,2159,0.02298,False,systemic_lupus
SEC22B,3234,0.00088,2895,0.01618,False,systemic_lupus
HTR2C,3235,0.00088,3090,0.01437,False,systemic_lupus
HCLS1,3236,0.00087,1966,0.02504,False,systemic_lupus
COMT,3237,0.00087,2878,0.01636,False,systemic_lupus
DHX16,3238,0.00087,3106,0.01424,False,systemic_lupus
DLGAP5,3239,0.00087,2139,0.02322,False,systemic_lupus
DRD1,3240,0.00087,3060,0.01476,False,systemic_lupus
DRD4,3241,0.00087,2813,0.01703,False,systemic_lupus
RPS6KA5,3242,0.00087,2959,0.01556,False,systemic_lupus
UBE2C,3243,0.00087,2116,0.02353,False,systemic_lupus
POLE2,3244,0.00087,1677,0.03053,False,systemic_lupus
ADCY4,3245,0.00087,3381,0.01195,False,systemic_lupus
CTTN,3246,0.00087,1817,0.02802,False,systemic_lupus
XPR1,3247,0.00087,3041,0.01494,False,systemic_lupus
SOD1,3248,0.00087,3045,0.01491,False,systemic_lupus
GRIN3B,3249,0.00087,1306,0.03955,False,systemic_lupus
MPHOSPH10,3250,0.00087,1246,0.04176,False,systemic_lupus
OXT,3251,0.00087,3059,0.01477,False,systemic_lupus
TCIRG1,3252,0.00087,1885,0.02682,False,systemic_lupus
MAPK11,3253,0.00087,1723,0.02988,False,systemic_lupus
ATP6V1B1,3254,0.00087,1875,0.02704,False,systemic_lupus
ATP6V0A4,3255,0.00087,1878,0.02696,False,systemic_lupus
ATP6V0A1,3256,0.00087,1882,0.02685,False,systemic_lupus
MAPK12,3257,0.00087,1752,0.02939,False,systemic_lupus
MAPK13,3258,0.00087,1743,0.02953,False,systemic_lupus
ATP6V1D,3259,0.00087,1899,0.02656,False,systemic_lupus
ATP6V0C,3260,0.00087,1897,0.02662,False,systemic_lupus
PDPK1,3261,0.00086,3209,0.0134,False,systemic_lupus
COPE,3262,0.00086,1373,0.03747,False,systemic_lupus
LIF,3263,0.00086,3236,0.01318,False,systemic_lupus
ABCA1,3264,0.00086,2948,0.01568,False,systemic_lupus
ANK3,3265,0.00086,1165,0.04519,False,systemic_lupus
CDKN2D,3266,0.00086,3380,0.01195,False,systemic_lupus
LY96,3267,0.00086,3079,0.01452,False,systemic_lupus
ARCN1,3268,0.00086,1372,0.03749,False,systemic_lupus
OSM,3269,0.00086,3178,0.01361,False,systemic_lupus
COPZ2,3270,0.00086,1391,0.03687,False,systemic_lupus
PTK2,3271,0.00086,975,0.05784,False,systemic_lupus
LIFR,3272,0.00086,3251,0.01304,False,systemic_lupus
ACP5,3273,0.00086,2993,0.01536,False,systemic_lupus
SCYL1,3274,0.00086,1452,0.03528,False,systemic_lupus
TMED10,3275,0.00086,1483,0.03467,False,systemic_lupus
TMED7,3276,0.00086,1538,0.03349,False,systemic_lupus
RELB,3277,0.00086,1617,0.03162,False,systemic_lupus
KIF23,3278,0.00086,2137,0.02323,False,systemic_lupus
CTF1,3279,0.00086,3239,0.01317,False,systemic_lupus
KCNJ14,3280,0.00085,1866,0.02722,False,systemic_lupus
ITGB6,3281,0.00085,3016,0.01516,False,systemic_lupus
POLR2G,3282,0.00085,2718,0.01782,False,systemic_lupus
PDE3B,3283,0.00085,3188,0.01356,False,systemic_lupus
MEF2D,3284,0.00085,3085,0.01442,False,systemic_lupus
MARS2,3285,0.00085,1850,0.02743,False,systemic_lupus
GSC,3286,0.00085,2919,0.01592,False,systemic_lupus
POLR2C,3287,0.00085,2667,0.01816,False,systemic_lupus
SYTL2,3288,0.00085,922,0.06234,False,systemic_lupus
KCNJ18,3289,0.00085,1871,0.02715,False,systemic_lupus
FBXW7,3290,0.00085,3122,0.01415,False,systemic_lupus
SSRP1,3291,0.00085,2656,0.01828,False,systemic_lupus
TCEA1,3292,0.00085,2709,0.01786,False,systemic_lupus
PSPH,3293,0.00085,2774,0.01743,False,systemic_lupus
SEC24C,3294,0.00085,3144,0.01387,False,systemic_lupus
POLR2L,3295,0.00085,2769,0.01751,False,systemic_lupus
MAX,3296,0.00085,2982,0.01542,False,systemic_lupus
SUPT16H,3297,0.00085,2643,0.01839,False,systemic_lupus
FGF23,3298,0.00085,2930,0.01583,False,systemic_lupus
KCNE4,3299,0.00084,1872,0.02715,False,systemic_lupus
COX5A,3300,0.00084,4098,0.00772,False,systemic_lupus
CYB5R4,3301,0.00084,2708,0.01789,False,systemic_lupus
CYB5R1,3302,0.00084,1780,0.0289,False,systemic_lupus
PWP2,3303,0.00084,3965,0.0082,False,systemic_lupus
PDE5A,3304,0.00084,3056,0.0148,False,systemic_lupus
RRP1,3305,0.00084,3392,0.01172,False,systemic_lupus
RRS1,3306,0.00084,3379,0.01195,False,systemic_lupus
SLC34A3,3307,0.00084,3088,0.01438,False,systemic_lupus
ESPL1,3308,0.00084,1118,0.0478,False,systemic_lupus
CYB5RL,3309,0.00084,2783,0.01734,False,systemic_lupus
KIF2C,3310,0.00084,1509,0.03408,False,systemic_lupus
FADS6,3311,0.00084,3042,0.01493,False,systemic_lupus
GAB2,3312,0.00084,3132,0.014,False,systemic_lupus
COX5B,3313,0.00084,4099,0.00772,False,systemic_lupus
SURF6,3314,0.00084,3378,0.01197,False,systemic_lupus
COX4I1,3315,0.00084,4109,0.00771,False,systemic_lupus
ACTG1,3316,0.00084,3070,0.01465,False,systemic_lupus
ACLY,3317,0.00084,2797,0.01725,False,systemic_lupus
ZNF593,3318,0.00084,3369,0.01207,False,systemic_lupus
SLC34A1,3319,0.00084,3057,0.01479,False,systemic_lupus
NSA2,3320,0.00084,3275,0.01279,False,systemic_lupus
UQCR11,3321,0.00084,4097,0.00772,False,systemic_lupus
ATP6V0E2,3322,0.00084,2181,0.02271,False,systemic_lupus
FOXM1,3323,0.00084,2156,0.02302,False,systemic_lupus
GUCY1A1,3324,0.00084,3027,0.01507,False,systemic_lupus
PDE6G,3325,0.00084,3145,0.01387,False,systemic_lupus
GRIA4,3326,0.00083,3400,0.01167,False,systemic_lupus
ITGA6,3327,0.00083,1384,0.03708,False,systemic_lupus
GRIA3,3328,0.00083,3466,0.01104,False,systemic_lupus
CACNG4,3329,0.00083,3504,0.01066,False,systemic_lupus
CACNG2,3330,0.00083,3422,0.01144,False,systemic_lupus
CYB5R2,3331,0.00083,1703,0.03011,False,systemic_lupus
CYB5R3,3332,0.00083,1680,0.03049,False,systemic_lupus
CACNG3,3333,0.00083,3482,0.01085,False,systemic_lupus
HSPB2,3334,0.00083,2873,0.01644,False,systemic_lupus
GAPDH,3335,0.00083,2815,0.017,False,systemic_lupus
IL5RA,3336,0.00082,3215,0.01335,False,systemic_lupus
ENPP1,3337,0.00082,766,0.09095,False,systemic_lupus
CENPA,3338,0.00082,2074,0.02372,False,systemic_lupus
CARD10,3339,0.00082,3244,0.01312,False,systemic_lupus
RSL1D1,3340,0.00082,3325,0.01247,False,systemic_lupus
GADD45A,3341,0.00082,3210,0.01339,False,systemic_lupus
BCAR1,3342,0.00082,1404,0.03661,False,systemic_lupus
KDELR1,3343,0.00082,3558,0.01021,False,systemic_lupus
MORF4L1,3344,0.00082,2590,0.01881,False,systemic_lupus
CSF2RA,3345,0.00082,3192,0.01353,False,systemic_lupus
ANAPC4,3346,0.00082,2809,0.01706,False,systemic_lupus
DMAP1,3347,0.00082,2591,0.01878,False,systemic_lupus
ACTL6A,3348,0.00082,2600,0.01871,False,systemic_lupus
KDELR2,3349,0.00082,3586,0.00996,False,systemic_lupus
CRK,3350,0.00082,1908,0.02635,False,systemic_lupus
GOLPH3,3351,0.00082,3474,0.01094,False,systemic_lupus
SST,3352,0.00082,1928,0.02575,False,systemic_lupus
P2RX7,3353,0.00082,3428,0.01136,False,systemic_lupus
P2RX6,3354,0.00082,3419,0.01148,False,systemic_lupus
P2RX5,3355,0.00082,3429,0.01136,False,systemic_lupus
CARD14,3356,0.00082,3261,0.01294,False,systemic_lupus
MSL3,3357,0.00082,2625,0.01855,False,systemic_lupus
GPR156,3358,0.00082,3179,0.0136,False,systemic_lupus
GRIN2D,3359,0.00082,1106,0.04827,False,systemic_lupus
ATF5,3360,0.00082,2372,0.02105,False,systemic_lupus
KCNJ6,3361,0.00082,3136,0.01398,False,systemic_lupus
ENPP3,3362,0.00082,742,0.09534,False,systemic_lupus
KCNJ12,3363,0.00082,1434,0.03569,False,systemic_lupus
CASR,3364,0.00082,3298,0.01258,False,systemic_lupus
AKT2,3365,0.00082,3163,0.01371,False,systemic_lupus
KCNJ4,3366,0.00082,1435,0.03567,False,systemic_lupus
KCNJ9,3367,0.00082,3161,0.01373,False,systemic_lupus
CALM1,3368,0.00081,1631,0.03139,False,systemic_lupus
VIP,3369,0.00081,1840,0.02756,False,systemic_lupus
SGIP1,3370,0.00081,3451,0.01116,False,systemic_lupus
AKT3,3371,0.00081,3199,0.01347,False,systemic_lupus
MKI67,3372,0.00081,3183,0.01357,False,systemic_lupus
SNAP25,3373,0.00081,1915,0.0261,False,systemic_lupus
PIK3R3,3374,0.00081,834,0.07522,False,systemic_lupus
RRP12,3375,0.00081,3100,0.0143,False,systemic_lupus
ABCG5,3376,0.00081,3074,0.01456,False,systemic_lupus
MDM4,3377,0.00081,1924,0.0258,False,systemic_lupus
PIK3C2A,3378,0.00081,2449,0.02024,False,systemic_lupus
VDAC2,3379,0.00081,2799,0.01723,False,systemic_lupus
LAMTOR2,3380,0.0008,2971,0.01549,False,systemic_lupus
PDGFRB,3381,0.0008,1335,0.03849,False,systemic_lupus
TSGA13,3382,0.0008,3550,0.01028,False,systemic_lupus
CHML,3383,0.0008,3340,0.01238,False,systemic_lupus
PIP4K2B,3384,0.0008,2401,0.02081,False,systemic_lupus
CHRNA4,3385,0.0008,3549,0.0103,False,systemic_lupus
RUBCN,3386,0.0008,3205,0.01343,False,systemic_lupus
PDZD8,3387,0.0008,3211,0.01338,False,systemic_lupus
OSBPL1A,3388,0.0008,3086,0.01442,False,systemic_lupus
ACTN2,3389,0.0008,1085,0.04948,False,systemic_lupus
PDYN,3390,0.0008,1098,0.04877,False,systemic_lupus
BUD23,3391,0.0008,3670,0.00957,False,systemic_lupus
ABCG8,3392,0.0008,2966,0.01551,False,systemic_lupus
ZW10,3393,0.0008,3518,0.01054,False,systemic_lupus
CHM,3394,0.0008,3148,0.01382,False,systemic_lupus
MON1A,3395,0.0008,3247,0.01306,False,systemic_lupus
TBC1D17,3396,0.0008,3186,0.01357,False,systemic_lupus
BCL3,3397,0.0008,3234,0.01319,False,systemic_lupus
GDI2,3398,0.0008,3218,0.01333,False,systemic_lupus
ITGA5,3399,0.0008,949,0.06035,False,systemic_lupus
CCZ1B,3400,0.0008,3238,0.01317,False,systemic_lupus
CCZ1,3401,0.0008,3227,0.01327,False,systemic_lupus
RACK1,3402,0.0008,656,0.12743,False,systemic_lupus
PLEKHM1,3403,0.0008,3324,0.01248,False,systemic_lupus
DYNC1H1,3404,0.0008,3273,0.0128,False,systemic_lupus
BLOC1S6,3405,0.0008,2585,0.01882,False,systemic_lupus
BDNF,3406,0.0008,3078,0.01452,False,systemic_lupus
BLOC1S3,3407,0.0008,2550,0.01928,False,systemic_lupus
GDI1,3408,0.0008,3216,0.01335,False,systemic_lupus
FLNC,3409,0.0008,3036,0.015,False,systemic_lupus
TBC1D15,3410,0.0008,3104,0.01427,False,systemic_lupus
ASS1,3411,0.0008,1962,0.02514,False,systemic_lupus
HPS6,3412,0.0008,2775,0.01742,False,systemic_lupus
RILP,3413,0.0008,3067,0.01469,False,systemic_lupus
DYNC1LI1,3414,0.0008,3279,0.01273,False,systemic_lupus
HPS4,3415,0.0008,2728,0.01775,False,systemic_lupus
VAV3,3416,0.0008,3033,0.01504,False,systemic_lupus
FLNB,3417,0.0008,2890,0.01621,False,systemic_lupus
RAB7B,3418,0.0008,3220,0.01332,False,systemic_lupus
DYNC1LI2,3419,0.0008,3308,0.01255,False,systemic_lupus
ATF7,3420,0.0008,3146,0.01386,False,systemic_lupus
PI4K2B,3421,0.0008,1721,0.02992,False,systemic_lupus
GOT1,3422,0.00079,2845,0.01674,False,systemic_lupus
GOLGA5,3423,0.00079,3038,0.01496,False,systemic_lupus
STX6,3424,0.00079,2987,0.01539,False,systemic_lupus
VAMP4,3425,0.00079,3204,0.01344,False,systemic_lupus
ARF3,3426,0.00079,2767,0.01752,False,systemic_lupus
ARF4,3427,0.00079,1940,0.02549,False,systemic_lupus
GOT2,3428,0.00079,2851,0.01669,False,systemic_lupus
CCNB2,3429,0.00079,1070,0.05045,False,systemic_lupus
GOSR1,3430,0.00079,3061,0.01473,False,systemic_lupus
CDC45,3431,0.00079,2735,0.01771,False,systemic_lupus
PKMYT1,3432,0.00079,3223,0.01329,False,systemic_lupus
VPS52,3433,0.00079,3029,0.01506,False,systemic_lupus
STX16,3434,0.00079,2969,0.0155,False,systemic_lupus
VPS54,3435,0.00079,3084,0.01443,False,systemic_lupus
SYF2,3436,0.00079,3143,0.01387,False,systemic_lupus
ANK1,3437,0.00079,1111,0.04803,False,systemic_lupus
CREB5,3438,0.00079,3111,0.01422,False,systemic_lupus
MCM9,3439,0.00079,2814,0.01701,False,systemic_lupus
PIP5K1B,3440,0.00079,3171,0.01364,False,systemic_lupus
XAB2,3441,0.00079,3150,0.01381,False,systemic_lupus
VTI1A,3442,0.00079,3113,0.01421,False,systemic_lupus
PIP5KL1,3443,0.00079,3167,0.01367,False,systemic_lupus
GINS4,3444,0.00079,2785,0.01733,False,systemic_lupus
BUB1,3445,0.00079,1059,0.05121,False,systemic_lupus
GINS1,3446,0.00079,2778,0.01739,False,systemic_lupus
COG7,3447,0.00079,2792,0.01726,False,systemic_lupus
COG5,3448,0.00079,2791,0.01726,False,systemic_lupus
COG4,3449,0.00079,2793,0.01726,False,systemic_lupus
MCM3,3450,0.00079,2734,0.01771,False,systemic_lupus
MCM2,3451,0.00079,2741,0.01768,False,systemic_lupus
MCM6,3452,0.00079,2737,0.0177,False,systemic_lupus
COG1,3453,0.00079,2796,0.01726,False,systemic_lupus
MCM5,3454,0.00079,2739,0.01769,False,systemic_lupus
COG2,3455,0.00079,2794,0.01726,False,systemic_lupus
MCM4,3456,0.00079,2733,0.01771,False,systemic_lupus
RIC1,3457,0.00078,2802,0.01719,False,systemic_lupus
CDCA5,3458,0.00078,2458,0.02015,False,systemic_lupus
TIMELESS,3459,0.00078,2519,0.0195,False,systemic_lupus
INCENP,3460,0.00078,3073,0.01456,False,systemic_lupus
LAMTOR1,3461,0.00078,2738,0.01769,False,systemic_lupus
IARS1,3462,0.00078,2998,0.01531,False,systemic_lupus
KIF20A,3463,0.00078,983,0.05734,False,systemic_lupus
POLE,3464,0.00078,2490,0.01978,False,systemic_lupus
CRH,3465,0.00078,2941,0.01571,False,systemic_lupus
YARS1,3466,0.00078,2933,0.01579,False,systemic_lupus
SHC4,3467,0.00078,3254,0.01302,False,systemic_lupus
TARS1,3468,0.00078,2958,0.01556,False,systemic_lupus
RAE1,3469,0.00078,3191,0.01353,False,systemic_lupus
NARS2,3470,0.00078,2992,0.01536,False,systemic_lupus
TARS3,3471,0.00078,2939,0.01573,False,systemic_lupus
UTP3,3472,0.00078,1020,0.05317,False,systemic_lupus
POLA1,3473,0.00078,2518,0.01951,False,systemic_lupus
AARS1,3474,0.00078,2901,0.01612,False,systemic_lupus
HARS1,3475,0.00078,3012,0.01519,False,systemic_lupus
GARS1,3476,0.00078,3019,0.01513,False,systemic_lupus
GAB1,3477,0.00078,3240,0.01315,False,systemic_lupus
SHC3,3478,0.00078,3258,0.01298,False,systemic_lupus
HARS2,3479,0.00078,3002,0.01529,False,systemic_lupus
CLEC6A,3480,0.00078,3245,0.01307,False,systemic_lupus
VARS1,3481,0.00078,2910,0.01604,False,systemic_lupus
VARS2,3482,0.00078,2909,0.01605,False,systemic_lupus
UBE2D2,3483,0.00078,3195,0.0135,False,systemic_lupus
PARS2,3484,0.00078,2951,0.01561,False,systemic_lupus
YARS2,3485,0.00078,2980,0.01542,False,systemic_lupus
FDX1,3486,0.00078,2936,0.01577,False,systemic_lupus
EARS2,3487,0.00078,2927,0.01586,False,systemic_lupus
LARS2,3488,0.00078,2848,0.01673,False,systemic_lupus
IARS2,3489,0.00078,2914,0.016,False,systemic_lupus
ASL,3490,0.00077,3250,0.01305,False,systemic_lupus
ARG1,3491,0.00077,3235,0.01319,False,systemic_lupus
MARS1,3492,0.00077,2836,0.01681,False,systemic_lupus
MYLIP,3493,0.00077,2923,0.01589,False,systemic_lupus
WDR35,3494,0.00077,2855,0.01664,False,systemic_lupus
NFKBIZ,3495,0.00077,3477,0.01088,False,systemic_lupus
DOCK5,3496,0.00077,2944,0.01569,False,systemic_lupus
PA2G4,3497,0.00077,2271,0.02178,False,systemic_lupus
DOCK4,3498,0.00077,2904,0.01609,False,systemic_lupus
DOCK3,3499,0.00077,3021,0.01512,False,systemic_lupus
PI4KA,3500,0.00077,1686,0.0304,False,systemic_lupus
CSTF3,3501,0.00077,2499,0.01969,False,systemic_lupus
DOCK1,3502,0.00077,2828,0.01688,False,systemic_lupus
CSNK1E,3503,0.00077,2717,0.01783,False,systemic_lupus
GHRL,3504,0.00077,2907,0.01607,False,systemic_lupus
ELMO3,3505,0.00077,2862,0.01656,False,systemic_lupus
ARG2,3506,0.00077,3237,0.01318,False,systemic_lupus
ADGRB1,3507,0.00077,2888,0.01624,False,systemic_lupus
AZIN2,3508,0.00077,3276,0.01277,False,systemic_lupus
PSEN2,3509,0.00076,1971,0.0249,False,systemic_lupus
KCNJ11,3510,0.00076,1979,0.02472,False,systemic_lupus
ERBIN,3511,0.00076,2751,0.01764,False,systemic_lupus
IL17RC,3512,0.00076,1768,0.0292,False,systemic_lupus
HSD17B12,3513,0.00076,166,0.33833,False,systemic_lupus
ALB,3514,0.00076,2876,0.01637,False,systemic_lupus
COL17A1,3515,0.00076,1807,0.02826,False,systemic_lupus
IL17RB,3516,0.00076,1841,0.02754,False,systemic_lupus
GOT1L1,3517,0.00076,1960,0.02516,False,systemic_lupus
CD151,3518,0.00076,1826,0.02783,False,systemic_lupus
COPZ1,3519,0.00075,541,0.18265,False,systemic_lupus
MLANA,3520,0.00075,4852,0.0057,False,systemic_lupus
HLA-DRB5,3521,0.00075,4713,0.00611,False,systemic_lupus
AKAP1,3522,0.00075,2208,0.02233,False,systemic_lupus
SEC16A,3523,0.00075,3203,0.01344,False,systemic_lupus
EEF1A2,3524,0.00075,4847,0.00571,False,systemic_lupus
HLA-DOB,3525,0.00075,4756,0.00602,False,systemic_lupus
HLA-DPB1,3526,0.00075,4758,0.00601,False,systemic_lupus
NDE1,3527,0.00075,2077,0.02367,False,systemic_lupus
EEF1A1,3528,0.00075,4836,0.00576,False,systemic_lupus
GPBAR1,3529,0.00075,3271,0.01285,False,systemic_lupus
HLA-DQA2,3530,0.00075,4717,0.00611,False,systemic_lupus
ATXN2L,3531,0.00074,4027,0.00799,False,systemic_lupus
PABPC4,3532,0.00074,4219,0.00741,False,systemic_lupus
C9orf72,3533,0.00074,4397,0.00697,False,systemic_lupus
ATXN3L,3534,0.00074,3998,0.00808,False,systemic_lupus
ALYREF,3535,0.00074,2290,0.02169,False,systemic_lupus
DDX39A,3536,0.00074,2259,0.0219,False,systemic_lupus
DDX6,3537,0.00074,3879,0.00842,False,systemic_lupus
THOC6,3538,0.00074,2216,0.02225,False,systemic_lupus
SARNP,3539,0.00074,2122,0.02341,False,systemic_lupus
FAM98A,3540,0.00074,4296,0.00722,False,systemic_lupus
IL17RE,3541,0.00074,3299,0.01258,False,systemic_lupus
THOC1,3542,0.00074,2149,0.0231,False,systemic_lupus
THOC3,3543,0.00074,2225,0.02219,False,systemic_lupus
THOC5,3544,0.00074,2166,0.02292,False,systemic_lupus
FYTTD1,3545,0.00074,2260,0.0219,False,systemic_lupus
G3BP1,3546,0.00074,4044,0.00794,False,systemic_lupus
LSM12,3547,0.00074,3917,0.00833,False,systemic_lupus
IL25,3548,0.00074,3313,0.01253,False,systemic_lupus
THOC7,3549,0.00074,2235,0.02209,False,systemic_lupus
GNAI2,3550,0.00074,652,0.1287,False,systemic_lupus
KPNA4,3551,0.00074,1473,0.03491,False,systemic_lupus
SH3GL3,3552,0.00074,4279,0.00725,False,systemic_lupus
SH3GL2,3553,0.00074,4114,0.00769,False,systemic_lupus
SF3B1,3554,0.00074,247,0.30492,False,systemic_lupus
GNAI3,3555,0.00074,642,0.13135,False,systemic_lupus
CHTOP,3556,0.00074,2165,0.02292,False,systemic_lupus
IL17RD,3557,0.00074,3423,0.0114,False,systemic_lupus
IDI2,3558,0.00073,1718,0.02993,False,systemic_lupus
CA2,3559,0.00073,2806,0.01711,False,systemic_lupus
COPG2,3560,0.00073,1176,0.04494,False,systemic_lupus
COL1A2,3561,0.00073,1027,0.05285,False,systemic_lupus
ELMO1,3562,0.00073,305,0.27982,False,systemic_lupus
MRTO4,3563,0.00073,929,0.06147,False,systemic_lupus
ARFGAP2,3564,0.00073,1236,0.04201,False,systemic_lupus
ARFGAP3,3565,0.00073,1262,0.04124,False,systemic_lupus
VSNL1,3566,0.00073,2451,0.02022,False,systemic_lupus
FIP1L1,3567,0.00073,2581,0.01887,False,systemic_lupus
PICALM,3568,0.00072,1347,0.03828,False,systemic_lupus
ASAH1,3569,0.00072,2457,0.02015,False,systemic_lupus
GBA,3570,0.00072,2391,0.0209,False,systemic_lupus
GRP,3571,0.00072,2947,0.01569,False,systemic_lupus
MCM10,3572,0.00072,246,0.30506,False,systemic_lupus
LRP6,3573,0.00072,2979,0.01543,False,systemic_lupus
PGAM1,3574,0.00072,2639,0.01843,False,systemic_lupus
PGAM2,3575,0.00072,2664,0.01817,False,systemic_lupus
BPGM,3576,0.00072,2543,0.01933,False,systemic_lupus
PGAM4,3577,0.00072,2678,0.01809,False,systemic_lupus
PSEN1,3578,0.00072,1914,0.02611,False,systemic_lupus
NMU,3579,0.00072,2949,0.01568,False,systemic_lupus
PIP4K2C,3580,0.00072,2640,0.01842,False,systemic_lupus
CCK,3581,0.00072,2858,0.0166,False,systemic_lupus
NTS,3582,0.00072,2849,0.01673,False,systemic_lupus
RPS18,3583,0.00071,1475,0.03486,False,systemic_lupus
UBL4A,3584,0.00071,4633,0.00635,False,systemic_lupus
PPARD,3585,0.00071,294,0.28442,False,systemic_lupus
ACBD3,3586,0.00071,2837,0.01681,False,systemic_lupus
IGF2BP2,3587,0.00071,1906,0.02641,False,systemic_lupus
PKHD1,3588,0.00071,4848,0.00571,False,systemic_lupus
COL1A1,3589,0.00071,1286,0.04037,False,systemic_lupus
BORA,3590,0.00071,3075,0.01456,False,systemic_lupus
ERCC3,3591,0.00071,1977,0.02473,False,systemic_lupus
WASL,3592,0.00071,1701,0.03012,False,systemic_lupus
FAM49B,3593,0.00071,4389,0.00699,False,systemic_lupus
ATP1B1,3594,0.00071,2906,0.01607,False,systemic_lupus
LAMP1,3595,0.00071,1515,0.0339,False,systemic_lupus
STAR,3596,0.00071,2724,0.01778,False,systemic_lupus
BST2,3597,0.00071,5103,0.00505,False,systemic_lupus
GET1,3598,0.00071,4113,0.00769,False,systemic_lupus
GET3,3599,0.00071,4115,0.00769,False,systemic_lupus
GET4,3600,0.00071,4545,0.00661,False,systemic_lupus
AGTRAP,3601,0.00071,4698,0.00617,False,systemic_lupus
CEP70,3602,0.00071,4723,0.0061,False,systemic_lupus
FMR1,3603,0.0007,2642,0.01839,False,systemic_lupus
SCN4B,3604,0.0007,3228,0.01324,False,systemic_lupus
CD53,3605,0.0007,3044,0.01492,False,systemic_lupus
CDK13,3606,0.0007,3734,0.0092,False,systemic_lupus
MOCS1,3607,0.0007,2727,0.01776,False,systemic_lupus
MNAT1,3608,0.0007,4355,0.00706,False,systemic_lupus
CDK7,3609,0.0007,4181,0.00747,False,systemic_lupus
CCNK,3610,0.0007,3637,0.00973,False,systemic_lupus
CCNH,3611,0.0007,3767,0.00902,False,systemic_lupus
BYSL,3612,0.0007,805,0.08208,False,systemic_lupus
YWHAB,3613,0.0007,1829,0.02775,False,systemic_lupus
CTDP1,3614,0.0007,4186,0.00745,False,systemic_lupus
USO1,3615,0.00069,3484,0.01085,False,systemic_lupus
LTV1,3616,0.00069,483,0.20793,False,systemic_lupus
PIK3C2G,3617,0.00069,1405,0.03661,False,systemic_lupus
SLC5A2,3618,0.00069,2915,0.01599,False,systemic_lupus
CSNK1D,3619,0.00069,2719,0.01782,False,systemic_lupus
RCC1,3620,0.00069,2994,0.01535,False,systemic_lupus
ELOVL1,3621,0.00068,4162,0.00752,False,systemic_lupus
ELOVL4,3622,0.00068,4261,0.00732,False,systemic_lupus
ELOVL7,3623,0.00068,4283,0.00725,False,systemic_lupus
HSD17B8,3624,0.00068,4167,0.00751,False,systemic_lupus
HSD17B2,3625,0.00068,4326,0.00713,False,systemic_lupus
HSD17B1,3626,0.00068,4185,0.00746,False,systemic_lupus
TST,3627,0.00068,2513,0.01954,False,systemic_lupus
CYP1B1,3628,0.00068,4346,0.00707,False,systemic_lupus
TAPBP,3629,0.00068,2839,0.01679,False,systemic_lupus
LAMA3,3630,0.00068,3018,0.01514,False,systemic_lupus
PIAS3,3631,0.00068,5133,0.00498,False,systemic_lupus
MED20,3632,0.00068,4292,0.00724,False,systemic_lupus
MED22,3633,0.00068,4290,0.00724,False,systemic_lupus
MED24,3634,0.00068,4286,0.00724,False,systemic_lupus
MED25,3635,0.00068,4287,0.00724,False,systemic_lupus
MPST,3636,0.00068,2516,0.01953,False,systemic_lupus
KRT14,3637,0.00068,2926,0.01586,False,systemic_lupus
APP,3638,0.00068,2674,0.01811,False,systemic_lupus
COTL1,3639,0.00068,4302,0.0072,False,systemic_lupus
MED27,3640,0.00068,4289,0.00724,False,systemic_lupus
MED8,3641,0.00068,4291,0.00724,False,systemic_lupus
AP1G2,3642,0.00068,5198,0.00477,False,systemic_lupus
ELOVL3,3643,0.00068,4324,0.00713,False,systemic_lupus
LTA4H,3644,0.00068,4295,0.00723,False,systemic_lupus
DHRS11,3645,0.00068,4309,0.00719,False,systemic_lupus
BHLHE22,3646,0.00068,5296,0.00439,False,systemic_lupus
LTC4S,3647,0.00068,4313,0.00717,False,systemic_lupus
ALOX5AP,3648,0.00068,4271,0.00728,False,systemic_lupus
CDO1,3649,0.00068,2850,0.01672,False,systemic_lupus
TSPAN8,3650,0.00067,2938,0.01576,False,systemic_lupus
VAMP3,3651,0.00067,4076,0.0078,False,systemic_lupus
STX1B,3652,0.00067,4446,0.00686,False,systemic_lupus
SV2A,3653,0.00067,4187,0.00745,False,systemic_lupus
SYN1,3654,0.00067,4174,0.0075,False,systemic_lupus
SYN2,3655,0.00067,4425,0.00692,False,systemic_lupus
L7N2F9_HUMAN,3656,0.00067,4268,0.00729,False,systemic_lupus
ATP6V0A2,3657,0.00067,1316,0.03905,False,systemic_lupus
S100A13,3658,0.00067,4008,0.00804,False,systemic_lupus
FGF1,3659,0.00067,4068,0.00783,False,systemic_lupus
UNC13B,3660,0.00067,4166,0.00751,False,systemic_lupus
BUB1B,3661,0.00067,1060,0.0511,False,systemic_lupus
UNC13A,3662,0.00067,4458,0.00681,False,systemic_lupus
CPLX1,3663,0.00067,4007,0.00804,False,systemic_lupus
KCNH6,3664,0.00067,1144,0.04606,False,systemic_lupus
SMIM22,3665,0.00066,4811,0.00583,False,systemic_lupus
SPG7,3666,0.00066,4650,0.00629,False,systemic_lupus
POLDIP3,3667,0.00066,3212,0.01337,False,systemic_lupus
SLC9A8,3668,0.00066,2644,0.01839,False,systemic_lupus
CH25H,3669,0.00066,4460,0.00681,False,systemic_lupus
MSMO1,3670,0.00066,4381,0.007,False,systemic_lupus
ADCY5,3671,0.00066,888,0.0661,False,systemic_lupus
SNTA1,3672,0.00066,2676,0.01809,False,systemic_lupus
C7,3673,0.00066,4300,0.00721,False,systemic_lupus
MIXL1,3674,0.00066,4850,0.00571,False,systemic_lupus
PPP1R13L,3675,0.00066,3118,0.01418,False,systemic_lupus
GZMK,3676,0.00066,4830,0.00577,False,systemic_lupus
LBR,3677,0.00066,4665,0.00625,False,systemic_lupus
C6,3678,0.00066,4297,0.00721,False,systemic_lupus
KLRG1,3679,0.00066,4947,0.0054,False,systemic_lupus
DAG1,3680,0.00066,2602,0.0187,False,systemic_lupus
CPB2,3681,0.00066,4824,0.0058,False,systemic_lupus
CLEC1B,3682,0.00066,4843,0.00573,False,systemic_lupus
GYPC,3683,0.00066,5409,0.00391,False,systemic_lupus
CDX2,3684,0.00066,5164,0.00489,False,systemic_lupus
DMD,3685,0.00066,2557,0.01916,False,systemic_lupus
DHCR24,3686,0.00066,4835,0.00576,False,systemic_lupus
FAXDC2,3687,0.00066,4544,0.00661,False,systemic_lupus
DNM1,3688,0.00066,2842,0.01676,False,systemic_lupus
TM7SF2,3689,0.00066,4472,0.00679,False,systemic_lupus
DTNA,3690,0.00066,2510,0.0196,False,systemic_lupus
TBXT,3691,0.00066,4787,0.00591,False,systemic_lupus
TBPL2,3692,0.00066,5155,0.00491,False,systemic_lupus
C9,3693,0.00066,4301,0.00721,False,systemic_lupus
MAGOH,3694,0.00066,3269,0.01286,False,systemic_lupus
NSDHL,3695,0.00066,4428,0.00691,False,systemic_lupus
TMC1,3696,0.00066,3287,0.01269,False,systemic_lupus
SFN,3697,0.00066,3099,0.0143,False,systemic_lupus
PILRA,3698,0.00066,5322,0.00429,False,systemic_lupus
CUX1,3699,0.00066,5199,0.00476,False,systemic_lupus
SC5D,3700,0.00066,4600,0.00647,False,systemic_lupus
C8B,3701,0.00066,4299,0.00721,False,systemic_lupus
MARCHF6,3702,0.00066,4719,0.00611,False,systemic_lupus
MAPRE1,3703,0.00066,2770,0.01751,False,systemic_lupus
SRR,3704,0.00065,4584,0.00651,False,systemic_lupus
FIG4,3705,0.00065,1667,0.03072,False,systemic_lupus
INPP4A,3706,0.00065,1702,0.03012,False,systemic_lupus
DAO,3707,0.00065,4590,0.00649,False,systemic_lupus
PIPOX,3708,0.00065,4601,0.00647,False,systemic_lupus
INPP5F,3709,0.00065,1758,0.02932,False,systemic_lupus
SDS,3710,0.00065,4574,0.00654,False,systemic_lupus
LCA5,3711,0.00065,4323,0.00714,False,systemic_lupus
STMN4,3712,0.00065,4777,0.00594,False,systemic_lupus
TELO2,3713,0.00065,2461,0.02011,False,systemic_lupus
MTHFD2,3714,0.00065,4468,0.0068,False,systemic_lupus
IL18BP,3715,0.00065,5191,0.00479,False,systemic_lupus
IFT122,3716,0.00065,2370,0.02106,False,systemic_lupus
MTHFD2L,3717,0.00065,4471,0.00679,False,systemic_lupus
BCL2L14,3718,0.00065,4613,0.00642,False,systemic_lupus
PIP5K1C,3719,0.00065,1676,0.03054,False,systemic_lupus
ENSP00000485615,3720,0.00065,4063,0.00785,False,systemic_lupus
CABS1,3721,0.00065,4676,0.00623,False,systemic_lupus
RAB43,3722,0.00065,4884,0.00559,False,systemic_lupus
IMP4,3723,0.00065,1725,0.02984,False,systemic_lupus
SARDH,3724,0.00065,4501,0.00671,False,systemic_lupus
IL37,3725,0.00065,4963,0.00537,False,systemic_lupus
INPP4B,3726,0.00065,1720,0.02992,False,systemic_lupus
IL18RAP,3727,0.00065,4965,0.00537,False,systemic_lupus
SMAD6,3728,0.00064,4433,0.0069,False,systemic_lupus
ACVR1C,3729,0.00064,4522,0.00666,False,systemic_lupus
PPP2R1B,3730,0.00064,4564,0.00655,False,systemic_lupus
PPP2CB,3731,0.00064,4523,0.00666,False,systemic_lupus
ALK,3732,0.00064,4444,0.00686,False,systemic_lupus
LILRB1,3733,0.00064,4917,0.00548,False,systemic_lupus
HCST,3734,0.00064,4509,0.00669,False,systemic_lupus
ACVR2B,3735,0.00064,4356,0.00706,False,systemic_lupus
MECOM,3736,0.00064,4701,0.00616,False,systemic_lupus
PIK3C3,3737,0.00064,1381,0.03723,False,systemic_lupus
ACVR1B,3738,0.00064,4405,0.00696,False,systemic_lupus
RAET1L,3739,0.00064,5121,0.00501,False,systemic_lupus
NLRP1,3740,0.00064,4388,0.00699,False,systemic_lupus
MSTN,3741,0.00064,4357,0.00706,False,systemic_lupus
PDIA6,3742,0.00064,4964,0.00537,False,systemic_lupus
CD33,3743,0.00064,5188,0.0048,False,systemic_lupus
BAMBI,3744,0.00064,4404,0.00696,False,systemic_lupus
RAET1G,3745,0.00064,5076,0.00514,False,systemic_lupus
RPL10A,3746,0.00064,5090,0.0051,False,systemic_lupus
ACADM,3747,0.00064,5408,0.00392,False,systemic_lupus
GDF11,3748,0.00064,4359,0.00706,False,systemic_lupus
GDF15,3749,0.00064,4394,0.00698,False,systemic_lupus
RPL29,3750,0.00064,5102,0.00505,False,systemic_lupus
CCNB1,3751,0.00064,816,0.0775,False,systemic_lupus
RPL38,3752,0.00064,5105,0.00505,False,systemic_lupus
FGF13,3753,0.00064,3128,0.01406,False,systemic_lupus
GLB1,3754,0.00064,1786,0.02881,False,systemic_lupus
NCBP3,3755,0.00064,3262,0.01292,False,systemic_lupus
NACA,3756,0.00064,5026,0.00524,False,systemic_lupus
RPL14,3757,0.00064,5128,0.00499,False,systemic_lupus
CDIPT,3758,0.00064,1315,0.03914,False,systemic_lupus
DLG5,3759,0.00064,4743,0.00604,False,systemic_lupus
DHTKD1,3760,0.00063,4386,0.00699,False,systemic_lupus
EDF1,3761,0.00063,5006,0.00528,False,systemic_lupus
CLPTM1L,3762,0.00063,5251,0.00457,False,systemic_lupus
RTEL1,3763,0.00063,4625,0.0064,False,systemic_lupus
TCP1,3764,0.00063,5058,0.00517,False,systemic_lupus
HYOU1,3765,0.00063,4657,0.00627,False,systemic_lupus
ZNF217,3766,0.00063,4989,0.00533,False,systemic_lupus
DEPTOR,3767,0.00063,4669,0.00624,False,systemic_lupus
USP11,3768,0.00063,5061,0.00516,False,systemic_lupus
B3GAT1,3769,0.00063,4143,0.00758,False,systemic_lupus
B3GAT2,3770,0.00063,4132,0.00762,False,systemic_lupus
B4GALNT3,3771,0.00063,4127,0.00763,False,systemic_lupus
OGDHL,3772,0.00063,4372,0.00704,False,systemic_lupus
A4GALT,3773,0.00063,4125,0.00763,False,systemic_lupus
LSM11,3774,0.00063,4969,0.00536,False,systemic_lupus
CTC1,3775,0.00063,4728,0.00608,False,systemic_lupus
BCKDHB,3776,0.00063,4361,0.00705,False,systemic_lupus
SHQ1,3777,0.00063,4908,0.00552,False,systemic_lupus
CYP8B1,3778,0.00063,4724,0.0061,False,systemic_lupus
CYP27A1,3779,0.00063,5197,0.00477,False,systemic_lupus
RHEB,3780,0.00063,4672,0.00624,False,systemic_lupus
AKT1S1,3781,0.00063,4673,0.00624,False,systemic_lupus
RETN,3782,0.00063,5056,0.00517,False,systemic_lupus
HSPD1,3783,0.00063,5038,0.00521,False,systemic_lupus
PDX1,3784,0.00063,4894,0.00556,False,systemic_lupus
HSPA5,3785,0.00063,4503,0.0067,False,systemic_lupus
MAPKAP1,3786,0.00063,4667,0.00624,False,systemic_lupus
PROX1,3787,0.00063,4925,0.00545,False,systemic_lupus
KLF4,3788,0.00063,5294,0.00439,False,systemic_lupus
GCDH,3789,0.00063,4520,0.00666,False,systemic_lupus
PRR5,3790,0.00063,4668,0.00624,False,systemic_lupus
CD14,3791,0.00063,5054,0.00518,False,systemic_lupus
ZNF653,3792,0.00063,5142,0.00494,False,systemic_lupus
ST6GAL2,3793,0.00063,4026,0.00799,False,systemic_lupus
FH,3794,0.00063,4517,0.00667,False,systemic_lupus
MDH2,3795,0.00063,4569,0.00655,False,systemic_lupus
PDIA3,3796,0.00063,4495,0.00673,False,systemic_lupus
TAP1,3797,0.00063,4619,0.00641,False,systemic_lupus
CAMTA1,3798,0.00063,1760,0.0293,False,systemic_lupus
RPS6KB2,3799,0.00063,4682,0.00621,False,systemic_lupus
NIFK,3800,0.00063,1765,0.02925,False,systemic_lupus
RAD54L2,3801,0.00063,5042,0.0052,False,systemic_lupus
TUBB,3802,0.00063,4686,0.00621,False,systemic_lupus
FABP6,3803,0.00063,5224,0.00466,False,systemic_lupus
SUCLA2,3804,0.00063,4424,0.00693,False,systemic_lupus
LALBA,3805,0.00063,4123,0.00764,False,systemic_lupus
RNF8,3806,0.00063,5097,0.00507,False,systemic_lupus
TTI1,3807,0.00063,4671,0.00624,False,systemic_lupus
SGO1,3808,0.00062,3231,0.01322,False,systemic_lupus
KLHL3,3809,0.00062,4661,0.00626,False,systemic_lupus
KLHL12,3810,0.00062,4765,0.006,False,systemic_lupus
NUP50,3811,0.00062,5377,0.00403,False,systemic_lupus
CUL3,3812,0.00062,4560,0.00656,False,systemic_lupus
CSH2,3813,0.00062,4932,0.00544,False,systemic_lupus
SF3B6,3814,0.00062,5051,0.00519,False,systemic_lupus
RBMX2,3815,0.00062,5049,0.00519,False,systemic_lupus
SF3B3,3816,0.00062,5047,0.00519,False,systemic_lupus
CAPN2,3817,0.00062,4813,0.00583,False,systemic_lupus
CAPN1,3818,0.00062,4718,0.00611,False,systemic_lupus
XPNPEP2,3819,0.00062,4677,0.00623,False,systemic_lupus
NQO1,3820,0.00062,4702,0.00616,False,systemic_lupus
AAGAB,3821,0.00062,5426,0.00377,False,systemic_lupus
SF3A1,3822,0.00062,5050,0.00519,False,systemic_lupus
ACE2,3823,0.00062,4510,0.00669,False,systemic_lupus
MEP1B,3824,0.00062,4738,0.00605,False,systemic_lupus
PLG,3825,0.00062,4800,0.00586,False,systemic_lupus
VGLL1,3826,0.00062,4772,0.00597,False,systemic_lupus
ENC1,3827,0.00062,4753,0.00602,False,systemic_lupus
MAP2K3,3828,0.00062,2893,0.01618,False,systemic_lupus
ERN1,3829,0.00062,5250,0.00457,False,systemic_lupus
MAP2K6,3830,0.00062,2808,0.01709,False,systemic_lupus
HPX,3831,0.00062,2816,0.017,False,systemic_lupus
FBXL17,3832,0.00062,4695,0.00618,False,systemic_lupus
HMOX1,3833,0.00062,4763,0.006,False,systemic_lupus
CCN2,3834,0.00062,5154,0.00492,False,systemic_lupus
PIP4P2,3835,0.00062,2403,0.02078,False,systemic_lupus
VGLL4,3836,0.00062,4422,0.00693,False,systemic_lupus
GYS1,3837,0.00062,2604,0.01869,False,systemic_lupus
PRCP,3838,0.00062,4623,0.00641,False,systemic_lupus
PHF5A,3839,0.00062,5045,0.00519,False,systemic_lupus
GLP1R,3840,0.00062,4624,0.0064,False,systemic_lupus
PGAM5,3841,0.00062,4570,0.00655,False,systemic_lupus
SNAP91,3842,0.00062,5205,0.00474,False,systemic_lupus
PIP4P1,3843,0.00062,2408,0.02075,False,systemic_lupus
ATP6V1C2,3844,0.00062,1642,0.03116,False,systemic_lupus
TMBIM6,3845,0.00062,4802,0.00586,False,systemic_lupus
PLA2G4F,3846,0.00062,4929,0.00545,False,systemic_lupus
NFU1,3847,0.00062,2835,0.01682,False,systemic_lupus
NEIL2,3848,0.00062,4559,0.00656,False,systemic_lupus
KLHL9,3849,0.00062,4792,0.0059,False,systemic_lupus
DDX42,3850,0.00062,5048,0.00519,False,systemic_lupus
AMPH,3851,0.00062,5181,0.00483,False,systemic_lupus
DDX46,3852,0.00062,5044,0.00519,False,systemic_lupus
MEP1A,3853,0.00062,4739,0.00605,False,systemic_lupus
IGF2R,3854,0.00062,4680,0.00622,False,systemic_lupus
PREP,3855,0.00062,4694,0.00619,False,systemic_lupus
PLA2G12A,3856,0.00062,4938,0.00543,False,systemic_lupus
WDR12,3857,0.00062,1366,0.03766,False,systemic_lupus
PLA1A,3858,0.00062,4141,0.0076,False,systemic_lupus
DPP3,3859,0.00062,4589,0.0065,False,systemic_lupus
EHD2,3860,0.00062,5209,0.00472,False,systemic_lupus
DIABLO-2,3861,0.00062,4979,0.00534,False,systemic_lupus
POM121,3862,0.00061,5419,0.00383,False,systemic_lupus
ZUP1,3863,0.00061,4815,0.00582,False,systemic_lupus
KLRB1,3864,0.00061,1223,0.04275,False,systemic_lupus
PPIG,3865,0.00061,5364,0.00412,False,systemic_lupus
RALGDS,3866,0.00061,4762,0.006,False,systemic_lupus
RUNDC3A,3867,0.00061,5150,0.00493,False,systemic_lupus
SLC30A8,3868,0.00061,2721,0.01781,False,systemic_lupus
METTL1,3869,0.00061,5307,0.00435,False,systemic_lupus
GALC,3870,0.00061,1547,0.03335,False,systemic_lupus
MVB12B,3871,0.00061,4165,0.00751,False,systemic_lupus
EMC4,3872,0.00061,4319,0.00714,False,systemic_lupus
RNF128,3873,0.00061,4808,0.00584,False,systemic_lupus
KL,3874,0.00061,5437,0.00369,False,systemic_lupus
CHMP7,3875,0.00061,4327,0.00713,False,systemic_lupus
CHMP5,3876,0.00061,4486,0.00676,False,systemic_lupus
CHMP4B,3877,0.00061,4393,0.00698,False,systemic_lupus
CHMP4A,3878,0.00061,4311,0.00718,False,systemic_lupus
CHMP1A,3879,0.00061,4873,0.00561,False,systemic_lupus
CHMP2B,3880,0.00061,4373,0.00703,False,systemic_lupus
TTK,3881,0.00061,3208,0.0134,False,systemic_lupus
CD2BP2,3882,0.00061,4580,0.00653,False,systemic_lupus
PIK3C2B,3883,0.00061,1189,0.04435,False,systemic_lupus
PHEX,3884,0.00061,5260,0.00451,False,systemic_lupus
VPS4A,3885,0.00061,4275,0.00727,False,systemic_lupus
VPS37D,3886,0.00061,4193,0.00744,False,systemic_lupus
VPS37C,3887,0.00061,4171,0.00751,False,systemic_lupus
VPS37B,3888,0.00061,4170,0.00751,False,systemic_lupus
VPS37A,3889,0.00061,4172,0.00751,False,systemic_lupus
USP28,3890,0.00061,4940,0.00542,False,systemic_lupus
BIRC6,3891,0.00061,4781,0.00594,False,systemic_lupus
UEVLD,3892,0.00061,4377,0.00702,False,systemic_lupus
QTRT1,3893,0.00061,5186,0.0048,False,systemic_lupus
OTUB1,3894,0.00061,4573,0.00654,False,systemic_lupus
SEC23B,3895,0.0006,5013,0.00525,False,systemic_lupus
SEC23A,3896,0.0006,5015,0.00525,False,systemic_lupus
SEC24A,3897,0.0006,5014,0.00525,False,systemic_lupus
SEC31B,3898,0.0006,5022,0.00524,False,systemic_lupus
SEC24B,3899,0.0006,5019,0.00525,False,systemic_lupus
SEC24D,3900,0.0006,5018,0.00525,False,systemic_lupus
SEC31A,3901,0.0006,5021,0.00525,False,systemic_lupus
WDR59,3902,0.0006,5012,0.00525,False,systemic_lupus
SEMA7A,3903,0.0006,4656,0.00627,False,systemic_lupus
SERPINE1,3904,0.0006,4398,0.00697,False,systemic_lupus
SAR1B,3905,0.0006,5028,0.00523,False,systemic_lupus
SAR1A,3906,0.0006,5030,0.00523,False,systemic_lupus
SOCS5,3907,0.0006,5338,0.00425,False,systemic_lupus
TDO2,3908,0.0006,4816,0.00582,False,systemic_lupus
THRA,3909,0.0006,5236,0.00462,False,systemic_lupus
WDR24,3910,0.0006,5017,0.00525,False,systemic_lupus
TLE3,3911,0.0006,5166,0.00488,False,systemic_lupus
A2M,3912,0.0006,4360,0.00706,False,systemic_lupus
PPID,3913,0.0006,4611,0.00643,False,systemic_lupus
DEFB4A,3914,0.0006,5306,0.00435,False,systemic_lupus
NPPA,3915,0.0006,2860,0.01657,False,systemic_lupus
NOTCH4,3916,0.0006,4463,0.0068,False,systemic_lupus
MAML3,3917,0.0006,4432,0.0069,False,systemic_lupus
MAML2,3918,0.0006,4434,0.0069,False,systemic_lupus
NOTCH3,3919,0.0006,4436,0.00689,False,systemic_lupus
AIFM1,3920,0.0006,4578,0.00653,False,systemic_lupus
MAML1,3921,0.0006,4435,0.0069,False,systemic_lupus
DEFB1,3922,0.0006,5309,0.00433,False,systemic_lupus
NOTCH2,3923,0.0006,4440,0.00689,False,systemic_lupus
PFN1,3924,0.0006,5104,0.00505,False,systemic_lupus
ATP1A2,3925,0.0006,2953,0.01561,False,systemic_lupus
IFNL3,3926,0.0006,5098,0.00507,False,systemic_lupus
ING4,3927,0.0006,5343,0.00422,False,systemic_lupus
PCBD1,3928,0.0006,4710,0.00612,False,systemic_lupus
NIP7,3929,0.0006,1145,0.04606,False,systemic_lupus
PCBD2,3930,0.0006,4714,0.00611,False,systemic_lupus
FXYD2,3931,0.0006,2868,0.01647,False,systemic_lupus
PLAT,3932,0.0006,4403,0.00696,False,systemic_lupus
CCL25,3933,0.0006,5434,0.00373,False,systemic_lupus
LRPAP1,3934,0.0006,4366,0.00705,False,systemic_lupus
ITGB1BP1,3935,0.0006,4647,0.0063,False,systemic_lupus
CIR1,3936,0.0006,4459,0.00681,False,systemic_lupus
ATP1A3,3937,0.0006,2942,0.0157,False,systemic_lupus
CXCL16,3938,0.0006,5317,0.00431,False,systemic_lupus
HGD,3939,0.0006,5387,0.00399,False,systemic_lupus
ILK,3940,0.0006,4643,0.00631,False,systemic_lupus
NRARP,3941,0.0006,4566,0.00655,False,systemic_lupus
ATP1A4,3942,0.0006,2999,0.01529,False,systemic_lupus
MT-ND6,3943,0.0006,5544,0.0005,False,systemic_lupus
H2AX,3944,0.0006,4603,0.00646,False,systemic_lupus
FKBP1C,3945,0.0006,5024,0.00524,False,systemic_lupus
NR2C1,3946,0.0006,4923,0.00546,False,systemic_lupus
ESRRG,3947,0.0006,5041,0.0052,False,systemic_lupus
MIOS,3948,0.0006,5020,0.00525,False,systemic_lupus
FKBP2,3949,0.0006,5057,0.00517,False,systemic_lupus
ESRRA,3950,0.0006,5152,0.00492,False,systemic_lupus
LCOR,3951,0.0006,5217,0.00467,False,systemic_lupus
BPI,3952,0.00059,4182,0.00747,False,systemic_lupus
LRP2,3953,0.00059,4568,0.00655,False,systemic_lupus
M0R3G1_HUMAN,3954,0.00059,5187,0.0048,False,systemic_lupus
CDC20,3955,0.00059,863,0.07018,False,systemic_lupus
FLOT1,3956,0.00059,4696,0.00618,False,systemic_lupus
NUS1,3957,0.00059,4507,0.0067,False,systemic_lupus
KCNH1-2,3958,0.00059,5487,0.00328,False,systemic_lupus
PDSS1,3959,0.00059,4480,0.00678,False,systemic_lupus
PDSS2,3960,0.00059,4514,0.00668,False,systemic_lupus
PICK1,3961,0.00059,4907,0.00552,False,systemic_lupus
FLT1,3962,0.00059,5473,0.0034,False,systemic_lupus
FNTA,3963,0.00059,4473,0.00679,False,systemic_lupus
AZU1,3964,0.00059,4106,0.00771,False,systemic_lupus
RIOK3,3965,0.00059,5308,0.00435,False,systemic_lupus
PRPF18,3966,0.00059,4764,0.006,False,systemic_lupus
LSM10,3967,0.00059,5397,0.00396,False,systemic_lupus
SERPINB1,3968,0.00059,4191,0.00745,False,systemic_lupus
SYNGR3,3969,0.00059,4679,0.00622,False,systemic_lupus
FNTB,3970,0.00059,4491,0.00675,False,systemic_lupus
RNASE3,3971,0.00059,4494,0.00674,False,systemic_lupus
FLOT2,3972,0.00059,4799,0.00586,False,systemic_lupus
CACNB2,3973,0.00059,5512,0.00291,False,systemic_lupus
APBB1,3974,0.00059,4637,0.00633,False,systemic_lupus
GEMIN2,3975,0.00059,5297,0.00439,False,systemic_lupus
CXCL14,3976,0.00059,5386,0.00399,False,systemic_lupus
ACTA1,3977,0.00059,1876,0.02703,False,systemic_lupus
ADRA2A,3978,0.00059,5029,0.00523,False,systemic_lupus
MMP8,3979,0.00059,4587,0.0065,False,systemic_lupus
DEFA4,3980,0.00059,4108,0.00771,False,systemic_lupus
GJC3,3981,0.00059,5458,0.00349,False,systemic_lupus
DHDDS,3982,0.00059,4452,0.00684,False,systemic_lupus
SFTPD,3983,0.00059,4731,0.00607,False,systemic_lupus
PPBP,3984,0.00059,5385,0.00399,False,systemic_lupus
RAPGEF2,3985,0.00059,2596,0.01876,False,systemic_lupus
CEACAM8,3986,0.00059,4461,0.00681,False,systemic_lupus
WIPF1,3987,0.00059,5365,0.00412,False,systemic_lupus
HSPG2,3988,0.00059,4982,0.00533,False,systemic_lupus
SLPI,3989,0.00059,4111,0.0077,False,systemic_lupus
CDH1,3990,0.00059,4804,0.00584,False,systemic_lupus
LOX,3991,0.00059,3008,0.01521,False,systemic_lupus
SERPINF2,3992,0.00059,4754,0.00602,False,systemic_lupus
PTPN18,3993,0.00059,4888,0.00556,False,systemic_lupus
GNAS,3994,0.00059,986,0.05704,False,systemic_lupus
IRX1,3995,0.00058,5412,0.00389,False,systemic_lupus
CTSD,3996,0.00058,1448,0.03539,False,systemic_lupus
NTN1,3997,0.00058,2255,0.02194,False,systemic_lupus
CSE1L,3998,0.00058,4863,0.00564,False,systemic_lupus
ETF1,3999,0.00058,4147,0.00757,False,systemic_lupus
NXF3,4000,0.00058,4934,0.00544,False,systemic_lupus
NUP42,4001,0.00058,4892,0.00556,False,systemic_lupus
MAPKAPK3,4002,0.00058,4926,0.00545,False,systemic_lupus
PTPRR,4003,0.00058,4951,0.00539,False,systemic_lupus
RPS6KA4,4004,0.00058,4970,0.00536,False,systemic_lupus
MAP2K4,4005,0.00058,4958,0.00538,False,systemic_lupus
PTGDR2,4006,0.00058,5395,0.00396,False,systemic_lupus
JPH1,4007,0.00058,5243,0.00459,False,systemic_lupus
DHX34,4008,0.00058,4606,0.00644,False,systemic_lupus
PTPN7,4009,0.00058,4948,0.0054,False,systemic_lupus
CACNA2D1,4010,0.00058,5274,0.00446,False,systemic_lupus
TSNAX,4011,0.00058,5410,0.0039,False,systemic_lupus
PDE4DIP,4012,0.00058,5298,0.00439,False,systemic_lupus
EDN3,4013,0.00058,5448,0.00359,False,systemic_lupus
EDN1,4014,0.00058,5368,0.00405,False,systemic_lupus
DUSP1,4015,0.00058,4924,0.00546,False,systemic_lupus
DUSP10,4016,0.00058,4954,0.00539,False,systemic_lupus
DUSP9,4017,0.00058,5011,0.00526,False,systemic_lupus
IL36RN,4018,0.00058,5264,0.0045,False,systemic_lupus
IRX5,4019,0.00058,5344,0.00421,False,systemic_lupus
AKAP12,4020,0.00058,5477,0.00334,False,systemic_lupus
IL1RN,4021,0.00058,5107,0.00504,False,systemic_lupus
GSPT1,4022,0.00058,4529,0.00664,False,systemic_lupus
LRPPRC,4023,0.00058,4977,0.00534,False,systemic_lupus
AKAP7,4024,0.00058,5442,0.00365,False,systemic_lupus
PKIA,4025,0.00058,4899,0.00555,False,systemic_lupus
IL1RL1,4026,0.00058,5241,0.0046,False,systemic_lupus
SRRM2,4027,0.00058,2972,0.01548,False,systemic_lupus
SMYD1,4028,0.00058,5492,0.0032,False,systemic_lupus
SCN1B,4029,0.00058,1162,0.04532,False,systemic_lupus
SNRNP40,4030,0.00058,5305,0.00435,False,systemic_lupus
GNG7,4031,0.00058,5310,0.00433,False,systemic_lupus
PHAX,4032,0.00058,4840,0.00573,False,systemic_lupus
KCTD5,4033,0.00058,5369,0.00405,False,systemic_lupus
ATP2A1,4034,0.00058,5254,0.00455,False,systemic_lupus
FCHO1,4035,0.00058,3043,0.01492,False,systemic_lupus
SLFN12,4036,0.00058,5230,0.00463,False,systemic_lupus
SNUPN,4037,0.00058,4819,0.00582,False,systemic_lupus
GPR143,4038,0.00057,4659,0.00626,False,systemic_lupus
GUCY2D,4039,0.00057,5424,0.00379,False,systemic_lupus
GOLT1B,4040,0.00057,4577,0.00653,False,systemic_lupus
RPS4X,4041,0.00057,5381,0.00403,False,systemic_lupus
PPA1,4042,0.00057,3049,0.01486,False,systemic_lupus
CLINT1,4043,0.00057,3232,0.01321,False,systemic_lupus
OXNAD1,4044,0.00057,4518,0.00667,False,systemic_lupus
RBL2,4045,0.00057,5390,0.00397,False,systemic_lupus
OTUD7B,4046,0.00057,4839,0.00574,False,systemic_lupus
NPR1,4047,0.00057,5413,0.00389,False,systemic_lupus
GUCY2F,4048,0.00057,5429,0.00376,False,systemic_lupus
DCC,4049,0.00057,2207,0.02238,False,systemic_lupus
PPA2,4050,0.00057,3076,0.01455,False,systemic_lupus
MCAT,4051,0.00057,4308,0.00719,False,systemic_lupus
ACSS2,4052,0.00057,4322,0.00714,False,systemic_lupus
CXCR6,4053,0.00057,5436,0.00371,False,systemic_lupus
CXCL3,4054,0.00057,5438,0.00368,False,systemic_lupus
ACSS1,4055,0.00057,4376,0.00702,False,systemic_lupus
LHPP,4056,0.00057,3080,0.01449,False,systemic_lupus
ACSF3,4057,0.00057,4489,0.00675,False,systemic_lupus
TMEM116,4058,0.00057,4640,0.00632,False,systemic_lupus
ACOT12,4059,0.00057,4535,0.00663,False,systemic_lupus
RAC3,4060,0.00057,754,0.09317,False,systemic_lupus
ACAT2,4061,0.00057,4371,0.00704,False,systemic_lupus
CS,4062,0.00057,4516,0.00667,False,systemic_lupus
HLCS,4063,0.00057,4364,0.00705,False,systemic_lupus
GOLT1A,4064,0.00057,4575,0.00653,False,systemic_lupus
UQCRB,4065,0.00057,542,0.18229,False,systemic_lupus
CD5L,4066,0.00057,5238,0.00462,False,systemic_lupus
SOD2,4067,0.00057,4741,0.00605,False,systemic_lupus
TYMP,4068,0.00057,4541,0.00662,False,systemic_lupus
RPS25,4069,0.00057,5380,0.00403,False,systemic_lupus
ALDH6A1,4070,0.00057,4521,0.00666,False,systemic_lupus
MLYCD,4071,0.00057,4335,0.0071,False,systemic_lupus
CDC37,4072,0.00057,5371,0.00405,False,systemic_lupus
NECAP1,4073,0.00057,5351,0.00418,False,systemic_lupus
NEDD8,4074,0.00057,5406,0.00392,False,systemic_lupus
DPYS,4075,0.00057,4749,0.00603,False,systemic_lupus
VPS28,4076,0.00057,145,0.34552,False,systemic_lupus
EIF4A3,4077,0.00057,2160,0.02295,False,systemic_lupus
SOD2-2,4078,0.00057,4737,0.00605,False,systemic_lupus
SOD3,4079,0.00057,4803,0.00585,False,systemic_lupus
KISS1,4080,0.00057,4576,0.00653,False,systemic_lupus
DHX37,4081,0.00057,562,0.17461,False,systemic_lupus
FBXO4,4082,0.00057,5420,0.00382,False,systemic_lupus
TGOLN2,4083,0.00057,5357,0.00413,False,systemic_lupus
PRDX2,4084,0.00057,4895,0.00556,False,systemic_lupus
EFCAB6,4085,0.00057,4704,0.00614,False,systemic_lupus
FBXO7,4086,0.00057,4905,0.00553,False,systemic_lupus
CTSK,4087,0.00056,5093,0.00508,False,systemic_lupus
NFE2L3,4088,0.00056,5083,0.00512,False,systemic_lupus
TNFRSF11A,4089,0.00056,4793,0.0059,False,systemic_lupus
MRVI1,4090,0.00056,4956,0.00539,False,systemic_lupus
TNFRSF11B,4091,0.00056,4789,0.0059,False,systemic_lupus
H2BC21,4092,0.00056,5281,0.00445,False,systemic_lupus
NEIL1,4093,0.00056,4927,0.00545,False,systemic_lupus
ELOVL5,4094,0.00056,4526,0.00665,False,systemic_lupus
SH3BP5,4095,0.00056,5161,0.0049,False,systemic_lupus
NR2E1,4096,0.00056,5284,0.00443,False,systemic_lupus
RANGAP1,4097,0.00056,1484,0.03464,False,systemic_lupus
MMP10,4098,0.00056,5237,0.00462,False,systemic_lupus
H2AC20,4099,0.00056,5291,0.0044,False,systemic_lupus
DEF6,4100,0.00056,5388,0.00399,False,systemic_lupus
FABP4,4101,0.00056,5246,0.00458,False,systemic_lupus
GNGT2,4102,0.00056,4974,0.00535,False,systemic_lupus
IBTK,4103,0.00056,5110,0.00504,False,systemic_lupus
DHX9,4104,0.00056,1762,0.02926,False,systemic_lupus
HTR7,4105,0.00056,5053,0.00518,False,systemic_lupus
NLRP3,4106,0.00056,5319,0.0043,False,systemic_lupus
DNTTIP2,4107,0.00056,5537,0.00189,False,systemic_lupus
H2AC18,4108,0.00056,5286,0.00442,False,systemic_lupus
GNG13,4109,0.00056,5203,0.00474,False,systemic_lupus
DCSTAMP,4110,0.00056,5252,0.00456,False,systemic_lupus
GNG11,4111,0.00056,4849,0.00571,False,systemic_lupus
SOST,4112,0.00056,4984,0.00533,False,systemic_lupus
RARS1,4113,0.00056,5303,0.00437,False,systemic_lupus
NDEL1,4114,0.00056,5459,0.00349,False,systemic_lupus
NFE2,4115,0.00056,4829,0.00577,False,systemic_lupus
SLC2A4,4116,0.00056,5279,0.00446,False,systemic_lupus
APLNR,4117,0.00056,5086,0.00511,False,systemic_lupus
PREX1,4118,0.00056,5101,0.00506,False,systemic_lupus
PIK3R5,4119,0.00056,5115,0.00503,False,systemic_lupus
POLR2J,4120,0.00056,4678,0.00622,False,systemic_lupus
POLR2D,4121,0.00056,4505,0.0067,False,systemic_lupus
COPB1,4122,0.00056,436,0.22729,False,systemic_lupus
MAPKAPK2,4123,0.00056,2670,0.01813,False,systemic_lupus
SFRP1,4124,0.00056,4992,0.00531,False,systemic_lupus
LSM6,4125,0.00056,385,0.24574,False,systemic_lupus
BACH1,4126,0.00056,5180,0.00483,False,systemic_lupus
TRNT1,4127,0.00056,5427,0.00377,False,systemic_lupus
OSCAR,4128,0.00056,5282,0.00445,False,systemic_lupus
JDP2,4129,0.00056,5423,0.00379,False,systemic_lupus
JAM2,4130,0.00056,4975,0.00535,False,systemic_lupus
IWS1,4131,0.00056,4470,0.0068,False,systemic_lupus
CLCF1,4132,0.00056,5323,0.00429,False,systemic_lupus
ADCY1,4133,0.00056,5474,0.00338,False,systemic_lupus
ADCY2,4134,0.00056,5489,0.00327,False,systemic_lupus
PLA2G2A,4135,0.00056,4998,0.00531,False,systemic_lupus
LGR4,4136,0.00056,5100,0.00506,False,systemic_lupus
ACE,4137,0.00056,2894,0.01618,False,systemic_lupus
UCP2,4138,0.00056,5263,0.0045,False,systemic_lupus
PPP1R1B,4139,0.00056,5471,0.0034,False,systemic_lupus
AATF,4140,0.00056,5538,0.00187,False,systemic_lupus
UCP3,4141,0.00056,5204,0.00474,False,systemic_lupus
UCP1,4142,0.00056,5265,0.0045,False,systemic_lupus
CRABP2,4143,0.00056,5299,0.00438,False,systemic_lupus
CPT1C,4144,0.00056,5283,0.00444,False,systemic_lupus
CPT1B,4145,0.00056,5228,0.00464,False,systemic_lupus
PPARGC1B,4146,0.00056,5193,0.00478,False,systemic_lupus
BCORL1,4147,0.00056,5285,0.00442,False,systemic_lupus
PHLDA2,4148,0.00055,5440,0.00365,False,systemic_lupus
ARL4A,4149,0.00055,5332,0.00428,False,systemic_lupus
TXNL4A,4150,0.00055,5325,0.00429,False,systemic_lupus
MEF2B,4151,0.00055,5149,0.00493,False,systemic_lupus
ARL13B,4152,0.00055,3773,0.009,False,systemic_lupus
INVS,4153,0.00055,4058,0.00788,False,systemic_lupus
LSM1,4154,0.00055,5320,0.0043,False,systemic_lupus
FABP1,4155,0.00055,5171,0.00486,False,systemic_lupus
ERCC6,4156,0.00055,4410,0.00694,False,systemic_lupus
IL31,4157,0.00055,5266,0.0045,False,systemic_lupus
IL31RA,4158,0.00055,5269,0.00449,False,systemic_lupus
PDZK1,4159,0.00055,4960,0.00538,False,systemic_lupus
FGR,4160,0.00055,4968,0.00537,False,systemic_lupus
B9D1,4161,0.00055,3625,0.00978,False,systemic_lupus
NFATC3,4162,0.00055,5145,0.00494,False,systemic_lupus
B9D2,4163,0.00055,3642,0.00969,False,systemic_lupus
KCTD16,4164,0.00055,5208,0.00473,False,systemic_lupus
MACF1,4165,0.00055,5304,0.00437,False,systemic_lupus
NDC80,4166,0.00055,5216,0.00467,False,systemic_lupus
MORF4L2,4167,0.00055,4390,0.00699,False,systemic_lupus
MRGBP,4168,0.00055,4341,0.00708,False,systemic_lupus
ABCG1,4169,0.00055,5117,0.00502,False,systemic_lupus
HASPIN,4170,0.00055,5262,0.00451,False,systemic_lupus
SLC22A18,4171,0.00055,5467,0.00342,False,systemic_lupus
ZNF398,4172,0.00055,5331,0.00428,False,systemic_lupus
ZMAT2,4173,0.00055,5333,0.00428,False,systemic_lupus
H2BC11,4174,0.00055,4496,0.00672,False,systemic_lupus
H1-0,4175,0.00055,5119,0.00501,False,systemic_lupus
PPP3CB,4176,0.00055,5084,0.00512,False,systemic_lupus
PPP3CC,4177,0.00055,5040,0.0052,False,systemic_lupus
PPP3R2,4178,0.00055,5071,0.00514,False,systemic_lupus
RPGRIP1L,4179,0.00055,3708,0.00936,False,systemic_lupus
LAMC2,4180,0.00055,4981,0.00534,False,systemic_lupus
VPS72,4181,0.00055,4456,0.00681,False,systemic_lupus
LAMB3,4182,0.00055,4920,0.00547,False,systemic_lupus
SNU13,4183,0.00055,5327,0.00429,False,systemic_lupus
LMAN1,4184,0.00055,5469,0.0034,False,systemic_lupus
KPNB1,4185,0.00055,4689,0.00621,False,systemic_lupus
RNF40,4186,0.00055,4592,0.00649,False,systemic_lupus
RNF20,4187,0.00055,4437,0.00689,False,systemic_lupus
PCDH19,4188,0.00055,5491,0.00321,False,systemic_lupus
APOA1,4189,0.00055,4820,0.00582,False,systemic_lupus
APOB,4190,0.00055,4822,0.00581,False,systemic_lupus
MKS1,4191,0.00055,3656,0.00965,False,systemic_lupus
SPOP,4192,0.00055,2981,0.01542,False,systemic_lupus
GATA4,4193,0.00055,5037,0.00521,False,systemic_lupus
CC2D2A,4194,0.00055,3579,0.01003,False,systemic_lupus
NXF1,4195,0.00055,3130,0.01401,False,systemic_lupus
TMEM231,4196,0.00055,3665,0.00959,False,systemic_lupus
RBM28,4197,0.00055,5478,0.00334,False,systemic_lupus
NOL11,4198,0.00055,5536,0.0019,False,systemic_lupus
NOP53,4199,0.00055,5470,0.0034,False,systemic_lupus
TNPO2,4200,0.00055,5033,0.00523,False,systemic_lupus
ITGA10,4201,0.00055,4904,0.00553,False,systemic_lupus
ITGA11,4202,0.00055,4914,0.0055,False,systemic_lupus
ITGAE,4203,0.00055,4814,0.00583,False,systemic_lupus
IQCB1,4204,0.00055,4023,0.008,False,systemic_lupus
IPO4,4205,0.00055,5082,0.00512,False,systemic_lupus
OFD1,4206,0.00055,3841,0.00857,False,systemic_lupus
IPO5,4207,0.00055,4857,0.00567,False,systemic_lupus
CLDN1,4208,0.00055,4995,0.00531,False,systemic_lupus
RPS3A,4209,0.00055,5528,0.00233,False,systemic_lupus
DDX49,4210,0.00055,5535,0.00194,False,systemic_lupus
CLDN7,4211,0.00055,5130,0.00499,False,systemic_lupus
NPHP1,4212,0.00055,3584,0.00999,False,systemic_lupus
NPHP4,4213,0.00055,3890,0.00838,False,systemic_lupus
COX7A1,4214,0.00055,5543,0.00136,False,systemic_lupus
CENPE,4215,0.00055,5227,0.00464,False,systemic_lupus
RAB8A,4216,0.00055,3668,0.00957,False,systemic_lupus
DOCK2,4217,0.00055,4707,0.00613,False,systemic_lupus
IPO13,4218,0.00055,5280,0.00446,False,systemic_lupus
TCTN1,4219,0.00055,3613,0.00982,False,systemic_lupus
TCTN2,4220,0.00055,3659,0.00963,False,systemic_lupus
TMEM216,4221,0.00055,3598,0.00989,False,systemic_lupus
TMEM17,4222,0.00055,3840,0.00859,False,systemic_lupus
TMEM107,4223,0.00055,4052,0.0079,False,systemic_lupus
TMEM67,4224,0.00055,3583,0.00999,False,systemic_lupus
TCTN3,4225,0.00055,3662,0.0096,False,systemic_lupus
RCC2,4226,0.00055,5234,0.00462,False,systemic_lupus
CDK3,4227,0.00055,5479,0.00333,False,systemic_lupus
NUDC,4228,0.00054,3081,0.01448,False,systemic_lupus
KIF4A,4229,0.00054,5124,0.005,False,systemic_lupus
PMCH,4230,0.00054,5000,0.0053,False,systemic_lupus
CREB3,4231,0.00054,4725,0.0061,False,systemic_lupus
GRIK4,4232,0.00054,5453,0.00355,False,systemic_lupus
PNOC,4233,0.00054,4883,0.00559,False,systemic_lupus
KIF18A,4234,0.00054,5396,0.00396,False,systemic_lupus
YY1,4235,0.00054,2991,0.01537,False,systemic_lupus
CNIH2,4236,0.00054,5480,0.00332,False,systemic_lupus
CNST,4237,0.00054,5515,0.00283,False,systemic_lupus
GRB7,4238,0.00054,4845,0.00572,False,systemic_lupus
KIF2B,4239,0.00054,5402,0.00394,False,systemic_lupus
COX6B1,4240,0.00054,5540,0.0018,False,systemic_lupus
RASGRF1,4241,0.00054,5329,0.00428,False,systemic_lupus
GPR151,4242,0.00054,4972,0.00535,False,systemic_lupus
LIN7A,4243,0.00054,5370,0.00405,False,systemic_lupus
KIFC1,4244,0.00054,5170,0.00486,False,systemic_lupus
YTHDC1,4245,0.00054,2467,0.02005,False,systemic_lupus
DBH,4246,0.00054,5034,0.00522,False,systemic_lupus
COX7C,4247,0.00054,5539,0.0018,False,systemic_lupus
MBTPS2,4248,0.00054,4740,0.00605,False,systemic_lupus
CTSL,4249,0.00054,2795,0.01726,False,systemic_lupus
ZFHX3,4250,0.00054,4950,0.0054,False,systemic_lupus
ALDH7A1,4251,0.00054,1258,0.04134,False,systemic_lupus
COX6A2,4252,0.00054,5542,0.0018,False,systemic_lupus
MBTPS1,4253,0.00054,4770,0.00598,False,systemic_lupus
AGFG2,4254,0.00054,5391,0.00397,False,systemic_lupus
OLFM2,4255,0.00054,5501,0.00307,False,systemic_lupus
CREB3L1,4256,0.00054,4751,0.00603,False,systemic_lupus
KIF17,4257,0.00054,5318,0.00431,False,systemic_lupus
GHRH,4258,0.00054,5075,0.00514,False,systemic_lupus
PTPN13,4259,0.00054,5195,0.00478,False,systemic_lupus
UQCRHL,4260,0.00054,5541,0.0018,False,systemic_lupus
CREB3L2,4261,0.00054,4778,0.00594,False,systemic_lupus
FAF1,4262,0.00054,5143,0.00494,False,systemic_lupus
HJURP,4263,0.00054,5211,0.00471,False,systemic_lupus
DNAJA3,4264,0.00054,5521,0.00268,False,systemic_lupus
CREB3L4,4265,0.00054,4798,0.00586,False,systemic_lupus
CRTC2,4266,0.00054,4773,0.00596,False,systemic_lupus
UGT8,4267,0.00054,2300,0.02165,False,systemic_lupus
UBE2I,4268,0.00054,2091,0.0236,False,systemic_lupus
CDCA3,4269,0.00054,5403,0.00393,False,systemic_lupus
EPO,4270,0.00054,5374,0.00405,False,systemic_lupus
EPN1,4271,0.00054,5201,0.00476,False,systemic_lupus
CACNG5,4272,0.00054,5506,0.00305,False,systemic_lupus
TAF4,4273,0.00054,5202,0.00475,False,systemic_lupus
CACNG7,4274,0.00054,5447,0.00361,False,systemic_lupus
CACNG8,4275,0.00054,5495,0.00318,False,systemic_lupus
CAMK4,4276,0.00054,4879,0.0056,False,systemic_lupus
CREM,4277,0.00054,4853,0.0057,False,systemic_lupus
SHISA9,4278,0.00054,5460,0.00347,False,systemic_lupus
CEBPZ,4279,0.00054,5464,0.00343,False,systemic_lupus
ATP6V1G3,4280,0.00054,5523,0.00263,False,systemic_lupus
TGFA,4281,0.00054,4766,0.00599,False,systemic_lupus
P2RY11,4282,0.00054,5352,0.00417,False,systemic_lupus
DDX27,4283,0.00054,5457,0.00349,False,systemic_lupus
GALR3,4284,0.00054,4464,0.0068,False,systemic_lupus
MPPE1,4285,0.00054,5454,0.00354,False,systemic_lupus
NCL,4286,0.00054,1672,0.03058,False,systemic_lupus
AREG,4287,0.00054,4775,0.00595,False,systemic_lupus
KIF15,4288,0.00054,5177,0.00484,False,systemic_lupus
KIF14,4289,0.00054,5404,0.00392,False,systemic_lupus
DDX56,4290,0.00054,5482,0.00332,False,systemic_lupus
ITSN2,4291,0.00054,5192,0.00479,False,systemic_lupus
PUM3,4292,0.00054,5483,0.00332,False,systemic_lupus
CEP55,4293,0.00054,5393,0.00396,False,systemic_lupus
TROAP,4294,0.00054,5106,0.00504,False,systemic_lupus
HCRT,4295,0.00054,4936,0.00543,False,systemic_lupus
ATF1,4296,0.00054,5099,0.00506,False,systemic_lupus
ATF4,4297,0.00054,4791,0.0059,False,systemic_lupus
ATF6B,4298,0.00054,4797,0.00587,False,systemic_lupus
ATP5F1B,4299,0.00054,5511,0.00291,False,systemic_lupus
GALP,4300,0.00054,4645,0.0063,False,systemic_lupus
IRX3,4301,0.00053,2819,0.01698,False,systemic_lupus
KANSL3,4302,0.00053,4270,0.00728,False,systemic_lupus
LARS1,4303,0.00053,4642,0.00631,False,systemic_lupus
SLC12A2,4304,0.00053,5455,0.00353,False,systemic_lupus
HTR1A,4305,0.00053,4747,0.00603,False,systemic_lupus
IL17B,4306,0.00053,5373,0.00405,False,systemic_lupus
IL17C,4307,0.00053,5341,0.00424,False,systemic_lupus
IL17D,4308,0.00053,5449,0.00357,False,systemic_lupus
KCNK5,4309,0.00053,5462,0.00346,False,systemic_lupus
KANSL1,4310,0.00053,4227,0.00739,False,systemic_lupus
SERPINB2,4311,0.00053,4817,0.00582,False,systemic_lupus
KANSL2,4312,0.00053,4331,0.00712,False,systemic_lupus
KARS1,4313,0.00053,5089,0.0051,False,systemic_lupus
HSD11B2,4314,0.00053,5066,0.00515,False,systemic_lupus
DDX55,4315,0.00053,5355,0.00415,False,systemic_lupus
SLC30A3,4316,0.00053,5415,0.00388,False,systemic_lupus
ARPIN-AP3S2,4317,0.00053,5270,0.00448,False,systemic_lupus
ASPM,4318,0.00053,5163,0.00489,False,systemic_lupus
ASPN,4319,0.00053,4876,0.00561,False,systemic_lupus
ATAD5,4320,0.00053,4662,0.00626,False,systemic_lupus
VAC14,4321,0.00053,5153,0.00492,False,systemic_lupus
BAIAP2L2,4322,0.00053,5527,0.00236,False,systemic_lupus
BCCIP,4323,0.00053,5376,0.00403,False,systemic_lupus
BET1L,4324,0.00053,5534,0.00196,False,systemic_lupus
BMS1,4325,0.00053,495,0.20181,False,systemic_lupus
CALCRL,4326,0.00053,5486,0.00329,False,systemic_lupus
CAPN3,4327,0.00053,3892,0.00838,False,systemic_lupus
CDC7,4328,0.00053,4617,0.00642,False,systemic_lupus
TSHB,4329,0.00053,4554,0.00658,False,systemic_lupus
CEBPG,4330,0.00053,4881,0.0056,False,systemic_lupus
CENPF,4331,0.00053,5206,0.00473,False,systemic_lupus
TRIM63,4332,0.00053,3891,0.00838,False,systemic_lupus
TRIM62,4333,0.00053,5400,0.00395,False,systemic_lupus
TRIM55,4334,0.00053,4031,0.00798,False,systemic_lupus
TRIM54,4335,0.00053,4083,0.00777,False,systemic_lupus
CHTF18,4336,0.00053,4630,0.00637,False,systemic_lupus
CIZ1,4337,0.00053,5379,0.00403,False,systemic_lupus
CLCA1,4338,0.00053,4674,0.00624,False,systemic_lupus
ARSA,4339,0.00053,2445,0.02028,False,systemic_lupus
ARPIN,4340,0.00053,5382,0.00402,False,systemic_lupus
COL14A1,4341,0.00053,4628,0.00637,False,systemic_lupus
VPS41,4342,0.00053,5452,0.00357,False,systemic_lupus
YWHAQ,4343,0.00053,5267,0.00449,False,systemic_lupus
YWHAG,4344,0.00053,5272,0.00447,False,systemic_lupus
YKT6,4345,0.00053,5278,0.00446,False,systemic_lupus
YJU2,4346,0.00053,5218,0.00467,False,systemic_lupus
ADCYAP1,4347,0.00053,4594,0.00648,False,systemic_lupus
AGO3,4348,0.00053,5431,0.00374,False,systemic_lupus
WNT3A,4349,0.00053,5025,0.00524,False,systemic_lupus
ALDOA,4350,0.00053,4336,0.0071,False,systemic_lupus
ALDOB,4351,0.00053,4351,0.00707,False,systemic_lupus
ALDOC,4352,0.00053,4338,0.0071,False,systemic_lupus
WDR5,4353,0.00053,4235,0.00738,False,systemic_lupus
ANKRD1,4354,0.00053,3943,0.00828,False,systemic_lupus
ANKRD2,4355,0.00053,3997,0.00808,False,systemic_lupus
AP1M2,4356,0.00053,5417,0.00385,False,systemic_lupus
AP1S3,4357,0.00053,5443,0.00365,False,systemic_lupus
AQR,4358,0.00053,5222,0.00466,False,systemic_lupus
VSIG2,4359,0.00053,5276,0.00446,False,systemic_lupus
ARFRP1,4360,0.00053,5348,0.0042,False,systemic_lupus
VPS51,4361,0.00053,5023,0.00524,False,systemic_lupus
ARL1,4362,0.00053,5247,0.00458,False,systemic_lupus
VPS45,4363,0.00053,5340,0.00424,False,systemic_lupus
TRAF4,4364,0.00053,5514,0.00288,False,systemic_lupus
COL18A1,4365,0.00053,4096,0.00772,False,systemic_lupus
H6PD,4366,0.00053,4493,0.00674,False,systemic_lupus
SYNRG,4367,0.00053,5529,0.00229,False,systemic_lupus
EXOC7,4368,0.00053,5176,0.00484,False,systemic_lupus
FBLN2,4369,0.00053,4976,0.00535,False,systemic_lupus
FSHB,4370,0.00053,4591,0.00649,False,systemic_lupus
SRRT,4371,0.00053,5172,0.00485,False,systemic_lupus
SRRM1,4372,0.00053,5194,0.00478,False,systemic_lupus
G6PD,4373,0.00053,4586,0.0065,False,systemic_lupus
GCH1,4374,0.00053,5008,0.00527,False,systemic_lupus
GINS2,4375,0.00053,4534,0.00663,False,systemic_lupus
GINS3,4376,0.00053,4531,0.00664,False,systemic_lupus
SPARC,4377,0.00053,5001,0.0053,False,systemic_lupus
GLYCTK,4378,0.00053,4239,0.00736,False,systemic_lupus
GNL3,4379,0.00053,5360,0.00413,False,systemic_lupus
GOLIM4,4380,0.00053,5349,0.00419,False,systemic_lupus
GPC1,4381,0.00053,4700,0.00616,False,systemic_lupus
GPC4,4382,0.00053,4481,0.00677,False,systemic_lupus
SNIP1,4383,0.00053,1691,0.03032,False,systemic_lupus
GRIN2C,4384,0.00053,458,0.21952,False,systemic_lupus
SNAP29,4385,0.00053,4886,0.00558,False,systemic_lupus
SMN1,4386,0.00053,5522,0.00265,False,systemic_lupus
H3BMQ9_HUMAN,4387,0.00053,5060,0.00516,False,systemic_lupus
H3BUN2_HUMAN,4388,0.00053,5062,0.00516,False,systemic_lupus
SURF4,4389,0.00053,5518,0.00276,False,systemic_lupus
TAF1,4390,0.00053,4450,0.00685,False,systemic_lupus
COL4A4,4391,0.00053,4066,0.00784,False,systemic_lupus
EEF1G,4392,0.00053,5519,0.00271,False,systemic_lupus
TOP2B,4393,0.00053,5207,0.00473,False,systemic_lupus
TOP1MT,4394,0.00053,5223,0.00466,False,systemic_lupus
TOP1,4395,0.00053,5168,0.00487,False,systemic_lupus
COL6A3,4396,0.00053,4912,0.00551,False,systemic_lupus
COL8A1,4397,0.00053,4546,0.0066,False,systemic_lupus
CRHR2,4398,0.00053,5261,0.00451,False,systemic_lupus
CSNK2B,4399,0.00053,5389,0.00398,False,systemic_lupus
CSRP3,4400,0.00053,3905,0.00835,False,systemic_lupus
CWC15,4401,0.00053,5220,0.00467,False,systemic_lupus
CWC22,4402,0.00053,5225,0.00466,False,systemic_lupus
CYP11B1,4403,0.00053,4629,0.00637,False,systemic_lupus
CYP11B2,4404,0.00053,4818,0.00582,False,systemic_lupus
CYP17A1,4405,0.00053,4769,0.00598,False,systemic_lupus
TIPIN,4406,0.00053,4527,0.00665,False,systemic_lupus
TICRR,4407,0.00053,4655,0.00627,False,systemic_lupus
DDX18,4408,0.00053,5324,0.00429,False,systemic_lupus
SARS1,4409,0.00053,5085,0.00512,False,systemic_lupus
DERA,4410,0.00053,4675,0.00624,False,systemic_lupus
DHX38,4411,0.00053,5229,0.00464,False,systemic_lupus
DTL,4412,0.00053,4693,0.00619,False,systemic_lupus
TCAP,4413,0.00053,3888,0.00839,False,systemic_lupus
SARS2,4414,0.00053,5091,0.0051,False,systemic_lupus
ZXDC,4415,0.00053,5200,0.00476,False,systemic_lupus
PGK2,4416,0.00053,4469,0.0068,False,systemic_lupus
PDE11A,4417,0.00053,5036,0.00522,False,systemic_lupus
NFKBID,4418,0.00053,5353,0.00415,False,systemic_lupus
NFYA,4419,0.00053,4727,0.00609,False,systemic_lupus
MYBPC2,4420,0.00053,4004,0.00806,False,systemic_lupus
MYBPC3,4421,0.00053,3910,0.00834,False,systemic_lupus
RFXAP,4422,0.00053,4626,0.00639,False,systemic_lupus
PDE1A,4423,0.00053,5113,0.00503,False,systemic_lupus
PDE10A,4424,0.00053,5108,0.00504,False,systemic_lupus
RAB6A,4425,0.00053,5088,0.00511,False,systemic_lupus
MYH6,4426,0.00053,4124,0.00763,False,systemic_lupus
MYH7,4427,0.00053,4040,0.00796,False,systemic_lupus
PRR15L,4428,0.00053,5530,0.00221,False,systemic_lupus
NOP2,4429,0.00053,5336,0.00425,False,systemic_lupus
MYL1,4430,0.00053,4010,0.00804,False,systemic_lupus
PCK2,4431,0.00053,4158,0.00753,False,systemic_lupus
RBM22,4432,0.00053,5219,0.00467,False,systemic_lupus
PDE6A,4433,0.00053,5114,0.00503,False,systemic_lupus
NUDCD1,4434,0.00053,5526,0.00236,False,systemic_lupus
OBSL1,4435,0.00053,3990,0.00811,False,systemic_lupus
OBSCN,4436,0.00053,3889,0.00838,False,systemic_lupus
RBBP5,4437,0.00053,4358,0.00706,False,systemic_lupus
RFXANK,4438,0.00053,4620,0.00641,False,systemic_lupus
PDE6B,4439,0.00053,5135,0.00497,False,systemic_lupus
PDE6C,4440,0.00053,5214,0.00469,False,systemic_lupus
MSL2,4441,0.00053,4234,0.00738,False,systemic_lupus
MSL1,4442,0.00053,4232,0.00738,False,systemic_lupus
NUSAP1,4443,0.00053,5159,0.00491,False,systemic_lupus
PDE9A,4444,0.00053,4931,0.00545,False,systemic_lupus
MAP3K8,4445,0.00053,5277,0.00446,False,systemic_lupus
MRPS22,4446,0.00053,5513,0.0029,False,systemic_lupus
RFX5,4447,0.00053,4614,0.00642,False,systemic_lupus
RFX1,4448,0.00053,4729,0.00607,False,systemic_lupus
RINT1,4449,0.00053,5524,0.00263,False,systemic_lupus
MRAP2,4450,0.00053,4485,0.00676,False,systemic_lupus
PCK1,4451,0.00053,4153,0.00754,False,systemic_lupus
MRAP,4452,0.00053,4264,0.0073,False,systemic_lupus
MINPP1,4453,0.00053,4334,0.00711,False,systemic_lupus
NEB,4454,0.00053,3893,0.00838,False,systemic_lupus
NFYB,4455,0.00053,4760,0.006,False,systemic_lupus
PHF20,4456,0.00053,4242,0.00736,False,systemic_lupus
NCAPG,4457,0.00053,5215,0.00469,False,systemic_lupus
NCALD,4458,0.00053,5472,0.0034,False,systemic_lupus
NSUN6,4459,0.00053,5363,0.00412,False,systemic_lupus
NARS1,4460,0.00053,4858,0.00566,False,systemic_lupus
NAIP,4461,0.00053,4809,0.00584,False,systemic_lupus
PBK,4462,0.00053,5235,0.00462,False,systemic_lupus
ORC5,4463,0.00053,5358,0.00413,False,systemic_lupus
ORC4,4464,0.00053,4703,0.00615,False,systemic_lupus
NFYC,4465,0.00053,4726,0.00609,False,systemic_lupus
ORC3,4466,0.00053,5356,0.00414,False,systemic_lupus
MAGOHB,4467,0.00053,5162,0.0049,False,systemic_lupus
MYL3,4468,0.00053,4117,0.00768,False,systemic_lupus
PTK7,4469,0.00053,4896,0.00555,False,systemic_lupus
MCRS1,4470,0.00053,4263,0.0073,False,systemic_lupus
RAB36,4471,0.00053,5213,0.0047,False,systemic_lupus
RECQL4,4472,0.00053,4616,0.00642,False,systemic_lupus
ORC2,4473,0.00053,4599,0.00647,False,systemic_lupus
MYL2,4474,0.00053,4072,0.00782,False,systemic_lupus
RNPS1,4475,0.00053,5210,0.00472,False,systemic_lupus
MCM8,4476,0.00053,4641,0.00631,False,systemic_lupus
CRY2,4477,0.00052,4176,0.00748,False,systemic_lupus
BIN1,4478,0.00052,4887,0.00557,False,systemic_lupus
BCO1,4479,0.00052,3954,0.00824,False,systemic_lupus
SLC18A1,4480,0.00052,4767,0.00599,False,systemic_lupus
BHLHE41,4481,0.00052,4306,0.0072,False,systemic_lupus
BHLHE40,4482,0.00052,4293,0.00723,False,systemic_lupus
SUGP1,4483,0.00052,5232,0.00463,False,systemic_lupus
PTBP1,4484,0.00052,4280,0.00725,False,systemic_lupus
SLC17A6,4485,0.00052,4597,0.00648,False,systemic_lupus
NUDT10,4486,0.00052,4538,0.00663,False,systemic_lupus
H3C8,4487,0.00052,4212,0.00741,False,systemic_lupus
ATP2B4,4488,0.00052,5334,0.00427,False,systemic_lupus
SLC38A9,4489,0.00052,4548,0.00659,False,systemic_lupus
IGF2BP1,4490,0.00052,4918,0.00548,False,systemic_lupus
HNRNPA2B1,4491,0.00052,4285,0.00725,False,systemic_lupus
NFIL3,4492,0.00052,4451,0.00684,False,systemic_lupus
PER1,4493,0.00052,4537,0.00663,False,systemic_lupus
NFS1,4494,0.00052,5401,0.00395,False,systemic_lupus
CHAT,4495,0.00052,5245,0.00459,False,systemic_lupus
RAF1,4496,0.00052,4973,0.00535,False,systemic_lupus
H3C7,4497,0.00052,4196,0.00743,False,systemic_lupus
NTSR2,4498,0.00052,5242,0.0046,False,systemic_lupus
HNRNPR,4499,0.00052,4315,0.00716,False,systemic_lupus
SLC29A4,4500,0.00052,4670,0.00624,False,systemic_lupus
FBXL3,4501,0.00052,4890,0.00556,False,systemic_lupus
SLC17A8,4502,0.00052,4615,0.00642,False,systemic_lupus
HNRNPH3,4503,0.00052,4343,0.00708,False,systemic_lupus
HNRNPH1,4504,0.00052,4284,0.00725,False,systemic_lupus
HTR1D,4505,0.00052,4865,0.00564,False,systemic_lupus
HTR2B,4506,0.00052,5031,0.00523,False,systemic_lupus
PER2,4507,0.00052,4231,0.00738,False,systemic_lupus
PER3,4508,0.00052,4532,0.00664,False,systemic_lupus
HNRNPF,4509,0.00052,4333,0.00711,False,systemic_lupus
HNRNPC,4510,0.00052,4277,0.00726,False,systemic_lupus
HNRNPL,4511,0.00052,4304,0.0072,False,systemic_lupus
RDH10,4512,0.00052,3850,0.0085,False,systemic_lupus
BOLA1,4513,0.00052,5484,0.0033,False,systemic_lupus
PCBP1,4514,0.00052,2742,0.01768,False,systemic_lupus
CA8,4515,0.00052,4504,0.0067,False,systemic_lupus
CA9,4516,0.00052,4827,0.00578,False,systemic_lupus
PTGER1,4517,0.00052,5080,0.00513,False,systemic_lupus
FNIP2,4518,0.00052,4780,0.00594,False,systemic_lupus
PTGER2,4519,0.00052,5116,0.00502,False,systemic_lupus
RORB,4520,0.00052,4465,0.0068,False,systemic_lupus
GPATCH2,4521,0.00052,5248,0.00457,False,systemic_lupus
CBLC,4522,0.00052,5290,0.0044,False,systemic_lupus
FOXN1,4523,0.00052,4832,0.00577,False,systemic_lupus
CBX7,4524,0.00052,5510,0.00292,False,systemic_lupus
COPB2,4525,0.00052,440,0.2267,False,systemic_lupus
CDCA7L,4526,0.00052,4902,0.00554,False,systemic_lupus
BOLA3,4527,0.00052,5450,0.00357,False,systemic_lupus
RNF181,4528,0.00052,5433,0.00373,False,systemic_lupus
GLRX5,4529,0.00052,5481,0.00332,False,systemic_lupus
PTPN4,4530,0.00052,5405,0.00392,False,systemic_lupus
PAX8,4531,0.00052,5151,0.00492,False,systemic_lupus
CDKN2AIP,4532,0.00052,4946,0.0054,False,systemic_lupus
CDKN3,4533,0.00052,5516,0.00282,False,systemic_lupus
SRSF7,4534,0.00052,4417,0.00693,False,systemic_lupus
FXN,4535,0.00052,5465,0.00343,False,systemic_lupus
CLOCK,4536,0.00052,4177,0.00748,False,systemic_lupus
QARS1,4537,0.00052,4949,0.0054,False,systemic_lupus
CIPC,4538,0.00052,4877,0.0056,False,systemic_lupus
CA7,4539,0.00052,4692,0.00619,False,systemic_lupus
GRM3,4540,0.00052,5439,0.00366,False,systemic_lupus
CA6,4541,0.00052,4735,0.00606,False,systemic_lupus
RDH11,4542,0.00052,3923,0.0083,False,systemic_lupus
H3C6,4543,0.00052,4213,0.00741,False,systemic_lupus
SLC6A2,4544,0.00052,5039,0.0052,False,systemic_lupus
H3C4,4545,0.00052,4201,0.00741,False,systemic_lupus
H3C3,4546,0.00052,4204,0.00741,False,systemic_lupus
H3C2,4547,0.00052,4208,0.00741,False,systemic_lupus
H3C15,4548,0.00052,4206,0.00741,False,systemic_lupus
H3C14,4549,0.00052,4215,0.00741,False,systemic_lupus
H3C11,4550,0.00052,4202,0.00741,False,systemic_lupus
H3C10,4551,0.00052,4211,0.00741,False,systemic_lupus
H3-3A,4552,0.00052,4210,0.00741,False,systemic_lupus
CA1,4553,0.00052,4484,0.00677,False,systemic_lupus
MIB2,4554,0.00052,5398,0.00396,False,systemic_lupus
CA13,4555,0.00052,4596,0.00648,False,systemic_lupus
FEM1A,4556,0.00052,5476,0.00334,False,systemic_lupus
RAD18,4557,0.00052,4062,0.00786,False,systemic_lupus
CRCP,4558,0.00052,4116,0.00769,False,systemic_lupus
CA14,4559,0.00052,4609,0.00644,False,systemic_lupus
UBE2V2,4560,0.00052,4073,0.00781,False,systemic_lupus
CA3,4561,0.00052,4823,0.0058,False,systemic_lupus
CA4,4562,0.00052,4866,0.00564,False,systemic_lupus
FLCN,4563,0.00052,4755,0.00602,False,systemic_lupus
CA5A,4564,0.00052,4612,0.00643,False,systemic_lupus
CA5B,4565,0.00052,4511,0.00669,False,systemic_lupus
CA12,4566,0.00052,4761,0.006,False,systemic_lupus
FADS3,4567,0.00052,4660,0.00626,False,systemic_lupus
LSG1,4568,0.00052,5517,0.00278,False,systemic_lupus
POLD2,4569,0.00052,3813,0.00875,False,systemic_lupus
KHSRP,4570,0.00052,4423,0.00693,False,systemic_lupus
KHDRBS1,4571,0.00052,4375,0.00703,False,systemic_lupus
NPRL2,4572,0.00052,4699,0.00617,False,systemic_lupus
NPRL3,4573,0.00052,4736,0.00606,False,systemic_lupus
RASD1,4574,0.00052,5288,0.00441,False,systemic_lupus
POLK,4575,0.00052,4080,0.00779,False,systemic_lupus
ALDH2,4576,0.00052,5314,0.00432,False,systemic_lupus
POLI,4577,0.00052,3953,0.00826,False,systemic_lupus
POLH,4578,0.00052,3836,0.00861,False,systemic_lupus
DBP,4579,0.00052,4889,0.00556,False,systemic_lupus
LYRM4,4580,0.00052,5411,0.0039,False,systemic_lupus
POLG2,4581,0.00052,4045,0.00794,False,systemic_lupus
POLG,4582,0.00052,3991,0.00811,False,systemic_lupus
POLE4,4583,0.00052,3919,0.00832,False,systemic_lupus
POLE3,4584,0.00052,3861,0.00848,False,systemic_lupus
REV1,4585,0.00052,3814,0.00875,False,systemic_lupus
NR1D1,4586,0.00052,4245,0.00735,False,systemic_lupus
CYP26C1,4587,0.00052,3921,0.00832,False,systemic_lupus
WDR83,4588,0.00052,4681,0.00622,False,systemic_lupus
IYD,4589,0.00052,5493,0.00319,False,systemic_lupus
SYNJ2,4590,0.00052,5239,0.00462,False,systemic_lupus
PRIM1,4591,0.00052,3866,0.00846,False,systemic_lupus
SFPQ,4592,0.00052,4391,0.00699,False,systemic_lupus
ANKK1,4593,0.00052,5316,0.00432,False,systemic_lupus
PRIM2,4594,0.00052,3845,0.00854,False,systemic_lupus
RRAGD,4595,0.00052,4549,0.00659,False,systemic_lupus
POLD3,4596,0.00052,3817,0.00873,False,systemic_lupus
RBM10,4597,0.00052,5240,0.00461,False,systemic_lupus
NR4A2,4598,0.00052,5092,0.00508,False,systemic_lupus
ADH7,4599,0.00052,4003,0.00806,False,systemic_lupus
EGLN2,4600,0.00052,4412,0.00694,False,systemic_lupus
RDH12,4601,0.00052,3852,0.0085,False,systemic_lupus
RDH16,4602,0.00052,4014,0.00804,False,systemic_lupus
RDH5,4603,0.00052,3960,0.00823,False,systemic_lupus
DRD3,4604,0.00052,5259,0.00452,False,systemic_lupus
ZNF346,4605,0.00052,4922,0.00547,False,systemic_lupus
LAMTOR5,4606,0.00052,4550,0.00659,False,systemic_lupus
LAMTOR4,4607,0.00052,4551,0.00659,False,systemic_lupus
ACOX1,4608,0.00052,4978,0.00534,False,systemic_lupus
RDH8,4609,0.00052,3979,0.00815,False,systemic_lupus
NLRP5,4610,0.00052,4663,0.00626,False,systemic_lupus
YWHAE,4611,0.00052,1313,0.03929,False,systemic_lupus
NLE1,4612,0.00052,5301,0.00438,False,systemic_lupus
NOL9,4613,0.00052,5494,0.00318,False,systemic_lupus
ADH4,4614,0.00052,3944,0.00828,False,systemic_lupus
SDAD1,4615,0.00052,5446,0.00362,False,systemic_lupus
DHRS9,4616,0.00052,3964,0.0082,False,systemic_lupus
SDR16C5,4617,0.00052,3968,0.00819,False,systemic_lupus
TEX10,4618,0.00052,5394,0.00396,False,systemic_lupus
DHRS4,4619,0.00052,3874,0.00843,False,systemic_lupus
TFIP11,4620,0.00052,5231,0.00463,False,systemic_lupus
DHRS3,4621,0.00052,3924,0.0083,False,systemic_lupus
RBMX,4622,0.00052,4337,0.0071,False,systemic_lupus
NOS1AP,4623,0.00052,5273,0.00447,False,systemic_lupus
DEPDC5,4624,0.00052,4742,0.00604,False,systemic_lupus
ADH1A,4625,0.00052,3884,0.00839,False,systemic_lupus
ADH1B,4626,0.00052,3946,0.00828,False,systemic_lupus
WDR18,4627,0.00052,5367,0.00406,False,systemic_lupus
CHRAC1,4628,0.00052,4092,0.00773,False,systemic_lupus
POLD1,4629,0.00052,3839,0.00859,False,systemic_lupus
CYB5B,4630,0.00052,4387,0.00699,False,systemic_lupus
CYP1A2,4631,0.00052,3995,0.00808,False,systemic_lupus
CYP26B1,4632,0.00052,3871,0.00844,False,systemic_lupus
SH2B2,4633,0.00052,5312,0.00433,False,systemic_lupus
CYB5A,4634,0.00052,4401,0.00696,False,systemic_lupus
NR1D2,4635,0.00052,4384,0.00699,False,systemic_lupus
RARS2,4636,0.00052,4859,0.00566,False,systemic_lupus
MATR3-2,4637,0.00052,4344,0.00708,False,systemic_lupus
ISCA1,4638,0.00052,5488,0.00327,False,systemic_lupus
ISCA2,4639,0.00052,5485,0.00329,False,systemic_lupus
RGP1,4640,0.00052,4842,0.00573,False,systemic_lupus
ARNTL2,4641,0.00052,4183,0.00747,False,systemic_lupus
ARNTL,4642,0.00052,4179,0.00748,False,systemic_lupus
RARG,4643,0.00052,4993,0.00531,False,systemic_lupus
SYN3,4644,0.00052,5253,0.00456,False,systemic_lupus
CYP26A1,4645,0.00052,3863,0.00848,False,systemic_lupus
ARMH3,4646,0.00052,5362,0.00412,False,systemic_lupus
RARB,4647,0.00052,4941,0.00542,False,systemic_lupus
ISCU,4648,0.00052,5375,0.00404,False,systemic_lupus
WARS1,4649,0.00052,5046,0.00519,False,systemic_lupus
WARS2,4650,0.00052,4943,0.00541,False,systemic_lupus
POLA2,4651,0.00052,3838,0.0086,False,systemic_lupus
ACTC1,4652,0.00051,4001,0.00807,False,systemic_lupus
KRT8,4653,0.00051,5160,0.0049,False,systemic_lupus
KRT7,4654,0.00051,5425,0.00378,False,systemic_lupus
SDCBP2,4655,0.00051,5428,0.00376,False,systemic_lupus
SCN4A,4656,0.00051,2447,0.02025,False,systemic_lupus
MYL6B,4657,0.00051,4078,0.0078,False,systemic_lupus
PFKFB2,4658,0.00051,3896,0.00837,False,systemic_lupus
MYL6,4659,0.00051,4048,0.00791,False,systemic_lupus
TAT,4660,0.00051,5148,0.00493,False,systemic_lupus
MYL9,4661,0.00051,3969,0.00818,False,systemic_lupus
KYAT1,4662,0.00051,4278,0.00726,False,systemic_lupus
SDCBP,4663,0.00051,5112,0.00503,False,systemic_lupus
PFKFB1,4664,0.00051,4085,0.00776,False,systemic_lupus
MYL12B,4665,0.00051,4788,0.00591,False,systemic_lupus
TXNRD1,4666,0.00051,4368,0.00704,False,systemic_lupus
INSRR,4667,0.00051,4911,0.00551,False,systemic_lupus
ACTG2,4668,0.00051,3895,0.00837,False,systemic_lupus
FRAT2,4669,0.00051,4903,0.00553,False,systemic_lupus
TUT1,4670,0.00051,4385,0.00699,False,systemic_lupus
FRAT1,4671,0.00051,4872,0.00562,False,systemic_lupus
PCF11,4672,0.00051,4400,0.00696,False,systemic_lupus
CBSL,4673,0.00051,4135,0.00761,False,systemic_lupus
TXNRD3,4674,0.00051,4427,0.00692,False,systemic_lupus
TXNRD2,4675,0.00051,4406,0.00695,False,systemic_lupus
ATP1B2,4676,0.00051,4310,0.00718,False,systemic_lupus
NME1,4677,0.00051,5451,0.00357,False,systemic_lupus
ZCCHC7,4678,0.00051,4223,0.0074,False,systemic_lupus
KYAT3,4679,0.00051,4312,0.00718,False,systemic_lupus
GATM,4680,0.00051,5372,0.00405,False,systemic_lupus
TCF4,4681,0.00051,5330,0.00428,False,systemic_lupus
GCK,4682,0.00051,4200,0.00742,False,systemic_lupus
NCBP2L,4683,0.00051,5384,0.004,False,systemic_lupus
TPM1,4684,0.00051,4476,0.00679,False,systemic_lupus
TPM2,4685,0.00051,4530,0.00664,False,systemic_lupus
CNN1,4686,0.00051,4240,0.00736,False,systemic_lupus
PFKP,4687,0.00051,3927,0.00829,False,systemic_lupus
PAPOLB,4688,0.00051,4581,0.00652,False,systemic_lupus
ZNF652,4689,0.00051,5016,0.00525,False,systemic_lupus
FXYD1,4690,0.00051,4477,0.00678,False,systemic_lupus
ABCB8,4691,0.00051,5111,0.00503,False,systemic_lupus
ABCA2,4692,0.00051,5120,0.00501,False,systemic_lupus
SPSB2,4693,0.00051,5432,0.00373,False,systemic_lupus
SPTAN1,4694,0.00051,5122,0.005,False,systemic_lupus
GFAP,4695,0.00051,4919,0.00548,False,systemic_lupus
PFKM,4696,0.00051,3846,0.00854,False,systemic_lupus
CDCP1,4697,0.00051,5321,0.0043,False,systemic_lupus
OTC,4698,0.00051,5366,0.00409,False,systemic_lupus
ZBTB47,4699,0.00051,5182,0.00483,False,systemic_lupus
CDH17,4700,0.00051,5096,0.00507,False,systemic_lupus
PFKFB4,4701,0.00051,4144,0.00758,False,systemic_lupus
CBFA2T2,4702,0.00051,4776,0.00595,False,systemic_lupus
INO80,4703,0.00051,5077,0.00514,False,systemic_lupus
GLIS2,4704,0.00051,5129,0.00499,False,systemic_lupus
GLI2,4705,0.00051,5179,0.00484,False,systemic_lupus
PAPOLG,4706,0.00051,4555,0.00658,False,systemic_lupus
ACKR3,4707,0.00051,5461,0.00346,False,systemic_lupus
TSC2,4708,0.00051,4898,0.00555,False,systemic_lupus
PFKL,4709,0.00051,3940,0.00828,False,systemic_lupus
PARP10,4710,0.00051,4862,0.00564,False,systemic_lupus
CNTN6,4711,0.00051,5346,0.0042,False,systemic_lupus
PTPRF,4712,0.00051,4880,0.0056,False,systemic_lupus
ATP1B3,4713,0.00051,4272,0.00727,False,systemic_lupus
SLC12A1,4714,0.00051,4955,0.00539,False,systemic_lupus
ATP1B4,4715,0.00051,4445,0.00686,False,systemic_lupus
CSTF2T,4716,0.00051,4508,0.0067,False,systemic_lupus
AHCYL1,4717,0.00051,4255,0.00732,False,systemic_lupus
MYH14,4718,0.00051,4168,0.00751,False,systemic_lupus
SH2D1A,4719,0.00051,5335,0.00426,False,systemic_lupus
MTMR14,4720,0.00051,641,0.13385,False,systemic_lupus
CSTF2,4721,0.00051,4325,0.00713,False,systemic_lupus
LYL1,4722,0.00051,4953,0.00539,False,systemic_lupus
TIGAR,4723,0.00051,3941,0.00828,False,systemic_lupus
PRDM14,4724,0.00051,5226,0.00466,False,systemic_lupus
HPD,4725,0.00051,5147,0.00493,False,systemic_lupus
FBP1,4726,0.00051,3959,0.00823,False,systemic_lupus
FBP2,4727,0.00051,3906,0.00835,False,systemic_lupus
SLC9A1,4728,0.00051,4864,0.00564,False,systemic_lupus
SETD3,4729,0.00051,4180,0.00748,False,systemic_lupus
SLC2A1,4730,0.00051,4721,0.0061,False,systemic_lupus
SLC2A3,4731,0.00051,4831,0.00577,False,systemic_lupus
SYNE1,4732,0.00051,5002,0.0053,False,systemic_lupus
SYNM,4733,0.00051,4834,0.00577,False,systemic_lupus
BCAT1,4734,0.00051,4332,0.00711,False,systemic_lupus
SYNE3,4735,0.00051,4457,0.00681,False,systemic_lupus
BCAT2,4736,0.00051,4350,0.00707,False,systemic_lupus
NUMBL,4737,0.00051,3256,0.01301,False,systemic_lupus
SYNE4,4738,0.00051,4959,0.00538,False,systemic_lupus
BHMT2,4739,0.00051,4207,0.00741,False,systemic_lupus
BHMT,4740,0.00051,4163,0.00752,False,systemic_lupus
MAPT,4741,0.00051,4871,0.00562,False,systemic_lupus
HK1,4742,0.00051,4487,0.00675,False,systemic_lupus
HK2,4743,0.00051,4136,0.00761,False,systemic_lupus
HK3,4744,0.00051,4497,0.00672,False,systemic_lupus
BET1,4745,0.00051,5533,0.00215,False,systemic_lupus
AGXT2,4746,0.00051,4383,0.00699,False,systemic_lupus
AHCYL2,4747,0.00051,4253,0.00733,False,systemic_lupus
SEC61B,4748,0.00051,5531,0.00218,False,systemic_lupus
MYH11,4749,0.00051,3865,0.00846,False,systemic_lupus
TAGLN,4750,0.00051,4021,0.00801,False,systemic_lupus
MTREX,4751,0.00051,4222,0.0074,False,systemic_lupus
GSKIP,4752,0.00051,4910,0.00551,False,systemic_lupus
DES,4753,0.00051,4937,0.00543,False,systemic_lupus
SLC15A3,4754,0.00051,5311,0.00433,False,systemic_lupus
MYH10,4755,0.00051,4006,0.00806,False,systemic_lupus
NOS3,4756,0.00051,5378,0.00403,False,systemic_lupus
CPSF2,4757,0.00051,4257,0.00732,False,systemic_lupus
LMOD1,4758,0.00051,4722,0.0061,False,systemic_lupus
HSPB3,4759,0.00051,4631,0.00636,False,systemic_lupus
MPI,4760,0.00051,4130,0.00762,False,systemic_lupus
CPSF1,4761,0.00051,4197,0.00743,False,systemic_lupus
WDR33,4762,0.00051,4266,0.00729,False,systemic_lupus
MTPAP,4763,0.00051,4447,0.00685,False,systemic_lupus
CPSF3,4764,0.00051,4246,0.00734,False,systemic_lupus
U2SURP,4765,0.00051,5399,0.00395,False,systemic_lupus
ATP2A2,4766,0.00051,4868,0.00563,False,systemic_lupus
CPSF4,4767,0.00051,4396,0.00697,False,systemic_lupus
PLN,4768,0.00051,4874,0.00561,False,systemic_lupus
NLGN4Y,4769,0.0005,5175,0.00485,False,systemic_lupus
NRXN1,4770,0.0005,5328,0.00429,False,systemic_lupus
TPX2,4771,0.0005,5032,0.00523,False,systemic_lupus
DEGS2,4772,0.0005,4012,0.00804,False,systemic_lupus
CPEB1,4773,0.0005,5157,0.00491,False,systemic_lupus
NEDD9,4774,0.0005,5063,0.00516,False,systemic_lupus
ESCO1,4775,0.0005,3512,0.0106,False,systemic_lupus
STAG2,4776,0.0005,3448,0.01119,False,systemic_lupus
DEGS1,4777,0.0005,3971,0.00817,False,systemic_lupus
STAG3,4778,0.0005,3492,0.01074,False,systemic_lupus
FSTL1,4779,0.0005,5445,0.00362,False,systemic_lupus
RAD21L1,4780,0.0005,3490,0.01078,False,systemic_lupus
NTN4,4781,0.0005,4349,0.00707,False,systemic_lupus
NEO1,4782,0.0005,4685,0.00621,False,systemic_lupus
NLGN1,4783,0.0005,4901,0.00554,False,systemic_lupus
RAD21,4784,0.0005,3442,0.01123,False,systemic_lupus
TLR10,4785,0.0005,5138,0.00497,False,systemic_lupus
ESCO2,4786,0.0005,3653,0.00966,False,systemic_lupus
NLGN3,4787,0.0005,5140,0.00495,False,systemic_lupus
REC8,4788,0.0005,3450,0.01116,False,systemic_lupus
ENPP7,4789,0.0005,3931,0.00829,False,systemic_lupus
NLGN4X,4790,0.0005,5127,0.005,False,systemic_lupus
RANBP9,4791,0.0005,5289,0.0044,False,systemic_lupus
SMPD4,4792,0.0005,3907,0.00834,False,systemic_lupus
PDS5A,4793,0.0005,3440,0.01123,False,systemic_lupus
PDGFA,4794,0.0005,5074,0.00514,False,systemic_lupus
PPP6C,4795,0.0005,5313,0.00433,False,systemic_lupus
HOMER2,4796,0.0005,5136,0.00497,False,systemic_lupus
HOMER1,4797,0.0005,4752,0.00603,False,systemic_lupus
PDGFD,4798,0.0005,5070,0.00514,False,systemic_lupus
PSMD10,4799,0.0005,5508,0.00295,False,systemic_lupus
PDGFC,4800,0.0005,5073,0.00514,False,systemic_lupus
PDGFB,4801,0.0005,5072,0.00514,False,systemic_lupus
PPP6R1,4802,0.0005,5347,0.0042,False,systemic_lupus
PPP6R2,4803,0.0005,5359,0.00413,False,systemic_lupus
BMI1,4804,0.0005,5354,0.00415,False,systemic_lupus
UGCG,4805,0.0005,3909,0.00834,False,systemic_lupus
SMC3,4806,0.0005,3438,0.01123,False,systemic_lupus
MYCN,4807,0.0005,5035,0.00522,False,systemic_lupus
GRM5,4808,0.0005,4933,0.00544,False,systemic_lupus
PPP6R3,4809,0.0005,5498,0.00314,False,systemic_lupus
MDC1,4810,0.0005,3804,0.00887,False,systemic_lupus
SMPD3,4811,0.0005,3844,0.00855,False,systemic_lupus
SMPD2,4812,0.0005,3835,0.00861,False,systemic_lupus
MAGED1,4813,0.0005,4100,0.00771,False,systemic_lupus
SMC1A,4814,0.0005,3443,0.01123,False,systemic_lupus
SMC1B,4815,0.0005,3446,0.01121,False,systemic_lupus
SMC6,4816,0.0005,3776,0.00899,False,systemic_lupus
HOMER3,4817,0.0005,4855,0.00567,False,systemic_lupus
SMC5,4818,0.0005,3716,0.00931,False,systemic_lupus
CERS5,4819,0.0005,3945,0.00828,False,systemic_lupus
CERS4,4820,0.0005,3951,0.00826,False,systemic_lupus
MAU2,4821,0.0005,3572,0.01006,False,systemic_lupus
CERS6,4822,0.0005,3911,0.00833,False,systemic_lupus
WAPL,4823,0.0005,3441,0.01123,False,systemic_lupus
SGPP2,4824,0.0005,4038,0.00796,False,systemic_lupus
PTTG1,4825,0.0005,5125,0.005,False,systemic_lupus
GAS6,4826,0.0005,4991,0.00532,False,systemic_lupus
SGPP1,4827,0.0005,3996,0.00808,False,systemic_lupus
LDB1,4828,0.0005,1153,0.04577,False,systemic_lupus
CERS3,4829,0.0005,3957,0.00823,False,systemic_lupus
SHANK3,4830,0.0005,4708,0.00612,False,systemic_lupus
USP21,4831,0.0005,5302,0.00437,False,systemic_lupus
SGO2,4832,0.0005,3536,0.0104,False,systemic_lupus
SGMS2,4833,0.0005,3898,0.00837,False,systemic_lupus
PDS5B,4834,0.0005,3457,0.01111,False,systemic_lupus
SGMS1,4835,0.0005,3881,0.0084,False,systemic_lupus
GBA2,4836,0.0005,4013,0.00804,False,systemic_lupus
CERS2,4837,0.0005,3912,0.00833,False,systemic_lupus
CERK,4838,0.0005,3913,0.00833,False,systemic_lupus
SHANK2,4839,0.0005,4768,0.00599,False,systemic_lupus
METTL3,4840,0.00049,4029,0.00799,False,systemic_lupus
ALKBH5,4841,0.00049,3778,0.00899,False,systemic_lupus
TMEM18,4842,0.00049,4011,0.00804,False,systemic_lupus
ALKBH3,4843,0.00049,4363,0.00705,False,systemic_lupus
ALKBH1,4844,0.00049,3833,0.00864,False,systemic_lupus
VIRMA,4845,0.00049,4081,0.00779,False,systemic_lupus
RBM15,4846,0.00049,4298,0.00721,False,systemic_lupus
METTL14,4847,0.00049,3876,0.00842,False,systemic_lupus
ABI2,4848,0.00049,5407,0.00392,False,systemic_lupus
WTAP,4849,0.00049,3974,0.00816,False,systemic_lupus
NCKAP1,4850,0.00049,5418,0.00384,False,systemic_lupus
YTHDF2,4851,0.00049,4051,0.0079,False,systemic_lupus
GNPDA2,4852,0.00049,4086,0.00776,False,systemic_lupus
YTHDF3,4853,0.00049,4075,0.0078,False,systemic_lupus
YTHDC2,4854,0.00049,4188,0.00745,False,systemic_lupus
NEGR1,4855,0.00049,4152,0.00754,False,systemic_lupus
ABI1,4856,0.00049,5339,0.00425,False,systemic_lupus
KCTD15,4857,0.00049,4137,0.00761,False,systemic_lupus
YTHDF1,4858,0.00049,4033,0.00797,False,systemic_lupus
PPFIA1,4859,0.00048,3790,0.00894,False,systemic_lupus
PRKACG,4860,0.00048,551,0.17874,False,systemic_lupus
DMTN,4861,0.00048,4553,0.00658,False,systemic_lupus
LCP1,4862,0.00048,4342,0.00708,False,systemic_lupus
LDB2,4863,0.00048,1633,0.03133,False,systemic_lupus
PLS3,4864,0.00048,4506,0.0067,False,systemic_lupus
SYNE2,4865,0.00048,4810,0.00583,False,systemic_lupus
TERF2,4866,0.00048,2218,0.02225,False,systemic_lupus
MADD,4867,0.00048,4103,0.00771,False,systemic_lupus
KLC4,4868,0.00048,4067,0.00783,False,systemic_lupus
ANGPTL4,4869,0.00048,4224,0.0074,False,systemic_lupus
KLC2,4870,0.00048,3722,0.00924,False,systemic_lupus
KLC1,4871,0.00048,3820,0.00872,False,systemic_lupus
ACTN4,4872,0.00048,4524,0.00665,False,systemic_lupus
KIFAP3,4873,0.00048,4134,0.00762,False,systemic_lupus
KIF5C,4874,0.00048,3860,0.00849,False,systemic_lupus
TGFB1I1,4875,0.00048,5345,0.00421,False,systemic_lupus
KIF5B,4876,0.00048,3955,0.00824,False,systemic_lupus
KIF5A,4877,0.00048,4028,0.00799,False,systemic_lupus
ALG2,4878,0.00048,5499,0.00312,False,systemic_lupus
KIF1C,4879,0.00048,3805,0.00886,False,systemic_lupus
KIF1B,4880,0.00048,3747,0.00915,False,systemic_lupus
LPXN,4881,0.00048,5087,0.00511,False,systemic_lupus
SYT4,4882,0.00048,4055,0.00789,False,systemic_lupus
KLC3,4883,0.00048,3897,0.00837,False,systemic_lupus
CHID1,4884,0.00048,4909,0.00551,False,systemic_lupus
ARL5B,4885,0.00048,4009,0.00804,False,systemic_lupus
PSTPIP2,4886,0.00048,4967,0.00537,False,systemic_lupus
GPR37L1,4887,0.00048,4148,0.00756,False,systemic_lupus
ROBO2,4888,0.00048,2013,0.02437,False,systemic_lupus
ROBO1,4889,0.00048,2006,0.02443,False,systemic_lupus
PPFIA3,4890,0.00048,4017,0.00803,False,systemic_lupus
PTK2B,4891,0.00048,4997,0.00531,False,systemic_lupus
TUBB2B,4892,0.00048,3545,0.01032,False,systemic_lupus
TUBB2A,4893,0.00048,4149,0.00756,False,systemic_lupus
TUBA1A,4894,0.00048,3513,0.0106,False,systemic_lupus
PCDH15,4895,0.00048,5532,0.00216,False,systemic_lupus
SORT1,4896,0.00048,4748,0.00603,False,systemic_lupus
PTPN21,4897,0.00048,4276,0.00726,False,systemic_lupus
GJB3,4898,0.00048,5468,0.00342,False,systemic_lupus
CNPY2,4899,0.00048,4916,0.00549,False,systemic_lupus
CNPY1,4900,0.00048,4771,0.00597,False,systemic_lupus
CLCN7,4901,0.00048,5416,0.00386,False,systemic_lupus
PAFAH1B1,4902,0.00048,4244,0.00735,False,systemic_lupus
CFL2,4903,0.00048,4610,0.00643,False,systemic_lupus
PTEN,4904,0.00048,645,0.1303,False,systemic_lupus
GRN,4905,0.00048,4579,0.00653,False,systemic_lupus
VAMP1,4906,0.00048,4228,0.00739,False,systemic_lupus
PSAPL1,4907,0.00048,4378,0.00701,False,systemic_lupus
CHIT1,4908,0.00048,4796,0.00589,False,systemic_lupus
FAM83D,4909,0.00047,5067,0.00515,False,systemic_lupus
TERF2IP,4910,0.00047,4059,0.00788,False,systemic_lupus
SGPL1,4911,0.00047,5392,0.00396,False,systemic_lupus
GLI3,4912,0.00047,5065,0.00515,False,systemic_lupus
PRKACA,4913,0.00047,546,0.18173,False,systemic_lupus
ERCC6L,4914,0.00047,5141,0.00495,False,systemic_lupus
CENPU,4915,0.00047,5146,0.00494,False,systemic_lupus
FAM83G,4916,0.00047,5059,0.00517,False,systemic_lupus
GSK3A,4917,0.00047,4730,0.00607,False,systemic_lupus
PRKACB,4918,0.00047,549,0.17915,False,systemic_lupus
SMO,4919,0.00047,5043,0.00519,False,systemic_lupus
KCNV2,4920,0.00047,979,0.05762,False,systemic_lupus
POLN,4921,0.00047,4906,0.00552,False,systemic_lupus
GTSE1,4922,0.00047,5178,0.00484,False,systemic_lupus
RTN4,4923,0.00047,5421,0.00382,False,systemic_lupus
APOM,4924,0.00047,5165,0.00489,False,systemic_lupus
GUCY1A2,4925,0.00047,280,0.28853,False,systemic_lupus
ERCC4,4926,0.00047,4875,0.00561,False,systemic_lupus
MGAM,4927,0.00047,2706,0.0179,False,systemic_lupus
SPNS2,4928,0.00047,5287,0.00442,False,systemic_lupus
FAM83H,4929,0.00047,4994,0.00531,False,systemic_lupus
FBXO43,4930,0.00047,5156,0.00491,False,systemic_lupus
ERCC1,4931,0.00047,4653,0.00628,False,systemic_lupus
ACSL3,4932,0.00046,3792,0.00894,False,systemic_lupus
ACSL5,4933,0.00046,3754,0.00912,False,systemic_lupus
ACSL4,4934,0.00046,3774,0.00899,False,systemic_lupus
NTSR1,4935,0.00046,5095,0.00507,False,systemic_lupus
LGALS2,4936,0.00046,5496,0.00317,False,systemic_lupus
ACSL1,4937,0.00046,3746,0.00915,False,systemic_lupus
ACSBG2,4938,0.00046,3759,0.00908,False,systemic_lupus
ACSL6,4939,0.00046,3766,0.00902,False,systemic_lupus
ACSBG1,4940,0.00046,3799,0.00889,False,systemic_lupus
CLN3,4941,0.00046,3487,0.01082,False,systemic_lupus
PYY,4942,0.00046,5158,0.00491,False,systemic_lupus
CLCN6,4943,0.00046,4049,0.00791,False,systemic_lupus
VPS26B,4944,0.00046,3464,0.01104,False,systemic_lupus
CLN5,4945,0.00046,3493,0.01073,False,systemic_lupus
VDAC3,4946,0.00046,4317,0.00715,False,systemic_lupus
CLN6,4947,0.00046,3496,0.01071,False,systemic_lupus
CLN8,4948,0.00046,3511,0.01061,False,systemic_lupus
TPP1,4949,0.00046,3522,0.0105,False,systemic_lupus
TSPOAP1,4950,0.00046,4192,0.00745,False,systemic_lupus
ASNS,4951,0.00046,5079,0.00513,False,systemic_lupus
ATAD3A,4952,0.00046,5081,0.00513,False,systemic_lupus
PSAT1,4953,0.00046,4543,0.00661,False,systemic_lupus
USP10,4954,0.00046,3694,0.00945,False,systemic_lupus
VPS29,4955,0.00046,3416,0.01152,False,systemic_lupus
PPT2,4956,0.00046,3562,0.01018,False,systemic_lupus
PPY,4957,0.00046,4715,0.00611,False,systemic_lupus
WLS,4958,0.00046,3531,0.01044,False,systemic_lupus
DBI,4959,0.00046,4392,0.00698,False,systemic_lupus
BRS3,4960,0.00046,5258,0.00452,False,systemic_lupus
TJP2,4961,0.00046,5009,0.00527,False,systemic_lupus
LGALS4,4962,0.00046,4966,0.00537,False,systemic_lupus
SNX12,4963,0.00046,3479,0.01086,False,systemic_lupus
SNX27,4964,0.00046,3527,0.01046,False,systemic_lupus
GHSR,4965,0.00046,4513,0.00669,False,systemic_lupus
TBC1D5,4966,0.00046,3554,0.01022,False,systemic_lupus
SLC25A31,4967,0.00046,4416,0.00693,False,systemic_lupus
SLC25A4,4968,0.00046,4415,0.00694,False,systemic_lupus
SLC25A5,4969,0.00046,4380,0.007,False,systemic_lupus
SLC25A6,4970,0.00046,4374,0.00703,False,systemic_lupus
HLA-C,4971,0.00046,1851,0.02737,False,systemic_lupus
SNX8,4972,0.00046,3779,0.00898,False,systemic_lupus
FLI1,4973,0.00046,3793,0.00894,False,systemic_lupus
SNX6,4974,0.00046,3424,0.0114,False,systemic_lupus
SNX5,4975,0.00046,3468,0.01101,False,systemic_lupus
SNX4,4976,0.00046,4064,0.00784,False,systemic_lupus
SNX2,4977,0.00046,3654,0.00965,False,systemic_lupus
MTMR4,4978,0.00046,5361,0.00413,False,systemic_lupus
SNX17,4979,0.00046,3847,0.00854,False,systemic_lupus
SNX1,4980,0.00046,3645,0.00968,False,systemic_lupus
GPR39,4981,0.00046,4812,0.00583,False,systemic_lupus
MLNR,4982,0.00046,4252,0.00733,False,systemic_lupus
SBF1,4983,0.00046,1093,0.04912,False,systemic_lupus
MFSD8,4984,0.00046,3596,0.00991,False,systemic_lupus
SI,4985,0.00046,2023,0.02421,False,systemic_lupus
MECR,4986,0.00046,3588,0.00996,False,systemic_lupus
SERPINE2,4987,0.00046,3706,0.00937,False,systemic_lupus
SCT,4988,0.00046,4806,0.00584,False,systemic_lupus
KPNA3,4989,0.00046,5189,0.00479,False,systemic_lupus
FAM189A2,4990,0.00046,4783,0.00592,False,systemic_lupus
KCNK3,4991,0.00046,5525,0.00238,False,systemic_lupus
KPNA1,4992,0.00046,5174,0.00485,False,systemic_lupus
KPNA2,4993,0.00046,5064,0.00516,False,systemic_lupus
TP53BP1,4994,0.00045,4988,0.00533,False,systemic_lupus
PAPSS2,4995,0.00045,4226,0.00739,False,systemic_lupus
F2R,4996,0.00045,5422,0.00381,False,systemic_lupus
NFKBIL1,4997,0.00045,1230,0.0425,False,systemic_lupus
GAST,4998,0.00045,1974,0.0248,False,systemic_lupus
PAPSS1,4999,0.00045,4241,0.00736,False,systemic_lupus
TP53BP2,5000,0.00045,4986,0.00533,False,systemic_lupus
CHEK2,5001,0.00045,4985,0.00533,False,systemic_lupus
SQOR,5002,0.00045,4649,0.00629,False,systemic_lupus
DDIT4,5003,0.00045,4897,0.00555,False,systemic_lupus
GABPB1,5004,0.00045,4733,0.00607,False,systemic_lupus
TP73,5005,0.00045,4407,0.00695,False,systemic_lupus
FZR1,5006,0.00045,1981,0.02467,False,systemic_lupus
HIPK2,5007,0.00045,4990,0.00533,False,systemic_lupus
GPHN,5008,0.00045,4502,0.00671,False,systemic_lupus
GSDME,5009,0.00045,5196,0.00477,False,systemic_lupus
LDHC,5010,0.00045,5500,0.00311,False,systemic_lupus
KRT5,5011,0.00045,4844,0.00572,False,systemic_lupus
RCVRN,5012,0.00045,5490,0.00322,False,systemic_lupus
WNT10B,5013,0.00045,5183,0.00481,False,systemic_lupus
PERP,5014,0.00045,4635,0.00634,False,systemic_lupus
MOCS2,5015,0.00045,4267,0.00729,False,systemic_lupus
MOCS3,5016,0.00045,5169,0.00486,False,systemic_lupus
DLX6,5017,0.00045,5268,0.00449,False,systemic_lupus
MRPL17,5018,0.00045,4913,0.00551,False,systemic_lupus
USP7,5019,0.00045,4987,0.00533,False,systemic_lupus
MRPL19,5020,0.00045,4935,0.00543,False,systemic_lupus
MRPL20,5021,0.00045,4841,0.00573,False,systemic_lupus
MRPL27,5022,0.00045,4939,0.00542,False,systemic_lupus
MRPL32,5023,0.00045,4838,0.00574,False,systemic_lupus
NPVF,5024,0.00045,5005,0.00528,False,systemic_lupus
MRPL33,5025,0.00045,5010,0.00526,False,systemic_lupus
UNC5B,5026,0.00045,4782,0.00593,False,systemic_lupus
MRPL36,5027,0.00045,4996,0.00531,False,systemic_lupus
MRPL9,5028,0.00045,5027,0.00523,False,systemic_lupus
MRPS6,5029,0.00045,4837,0.00574,False,systemic_lupus
ETHE1,5030,0.00045,4189,0.00745,False,systemic_lupus
BGN,5031,0.00044,1745,0.0295,False,systemic_lupus
DNM2,5032,0.00044,5430,0.00375,False,systemic_lupus
HNRNPM,5033,0.00043,2526,0.01947,False,systemic_lupus
THEMIS,5034,0.00043,4039,0.00796,False,systemic_lupus
COPS9,5035,0.00043,3938,0.00829,False,systemic_lupus
GPS1,5036,0.00043,3930,0.00829,False,systemic_lupus
SNTB1,5037,0.00043,4243,0.00735,False,systemic_lupus
SNTB2,5038,0.00043,4712,0.00612,False,systemic_lupus
SNTG1,5039,0.00043,4683,0.00621,False,systemic_lupus
SNTG2,5040,0.00043,4750,0.00603,False,systemic_lupus
TRPM4,5041,0.00043,3354,0.01218,False,systemic_lupus
SRSF3,5042,0.00043,2781,0.01738,False,systemic_lupus
UTRN,5043,0.00043,3914,0.00833,False,systemic_lupus
OPCML,5044,0.00043,2672,0.01812,False,systemic_lupus
COPS2,5045,0.00043,3933,0.00829,False,systemic_lupus
COPS3,5046,0.00043,3936,0.00829,False,systemic_lupus
COPS4,5047,0.00043,3929,0.00829,False,systemic_lupus
COPS6,5048,0.00043,3935,0.00829,False,systemic_lupus
COPS7A,5049,0.00043,3934,0.00829,False,systemic_lupus
COPS7B,5050,0.00043,3928,0.00829,False,systemic_lupus
DIMT1,5051,0.00043,517,0.18737,False,systemic_lupus
COPS8,5052,0.00043,3937,0.00829,False,systemic_lupus
SGCB,5053,0.00043,4018,0.00802,False,systemic_lupus
KCNG1,5054,0.00043,692,0.11075,False,systemic_lupus
PGM5,5055,0.00043,4774,0.00596,False,systemic_lupus
SGCZ,5056,0.00043,4237,0.00737,False,systemic_lupus
SGCG,5057,0.00043,3842,0.00855,False,systemic_lupus
SGCE,5058,0.00043,3851,0.0085,False,systemic_lupus
SGCD,5059,0.00043,3834,0.00864,False,systemic_lupus
RSRP1,5060,0.00043,2804,0.01715,False,systemic_lupus
SGCA,5061,0.00043,3831,0.00864,False,systemic_lupus
SRSF8,5062,0.00042,2921,0.0159,False,systemic_lupus
TRA2A,5063,0.00042,2943,0.0157,False,systemic_lupus
SRSF12,5064,0.00042,3065,0.01471,False,systemic_lupus
LMO4,5065,0.00042,706,0.1061,False,systemic_lupus
ZNF207,5066,0.00042,829,0.07551,False,systemic_lupus
ARFGAP1,5067,0.00042,5463,0.00343,False,systemic_lupus
RBBP6,5068,0.00042,1297,0.03972,False,systemic_lupus
ATP6V1G2,5069,0.00042,1541,0.03343,False,systemic_lupus
DYNLT1,5070,0.00041,3403,0.01164,False,systemic_lupus
TCTE3,5071,0.00041,3309,0.01255,False,systemic_lupus
DSP,5072,0.00041,5221,0.00467,False,systemic_lupus
TCP10,5073,0.00041,3328,0.01244,False,systemic_lupus
DRC7,5074,0.00041,3307,0.01256,False,systemic_lupus
GAS8,5075,0.00041,3409,0.0116,False,systemic_lupus
DRC3,5076,0.00041,3520,0.01052,False,systemic_lupus
GNAL,5077,0.00041,3200,0.01345,False,systemic_lupus
DSG1,5078,0.00041,4983,0.00533,False,systemic_lupus
CCDC65,5079,0.00041,3389,0.0118,False,systemic_lupus
IQCG,5080,0.00041,3548,0.0103,False,systemic_lupus
MTMR3,5081,0.00041,625,0.14048,False,systemic_lupus
DSG3,5082,0.00041,4869,0.00563,False,systemic_lupus
EVPL,5083,0.00041,5244,0.00459,False,systemic_lupus
ASCL1,5084,0.0004,4482,0.00677,False,systemic_lupus
ATP12A,5085,0.0004,1986,0.02463,False,systemic_lupus
BLOC1S4,5086,0.0004,3827,0.00867,False,systemic_lupus
PABPN1,5087,0.0004,2410,0.02071,False,systemic_lupus
PPP1CC,5088,0.0004,1705,0.03003,False,systemic_lupus
HNRNPK,5089,0.0004,1835,0.02763,False,systemic_lupus
BCAS4,5090,0.0004,4074,0.0078,False,systemic_lupus
FOXG1,5091,0.0004,4565,0.00655,False,systemic_lupus
SCN2B,5092,0.0004,4807,0.00584,False,systemic_lupus
RLIM,5093,0.0004,4585,0.00651,False,systemic_lupus
BLOC1S2,5094,0.0004,3826,0.00868,False,systemic_lupus
SCN9A,5095,0.0004,4957,0.00538,False,systemic_lupus
CALHM1,5096,0.0004,4999,0.0053,False,systemic_lupus
NAV1,5097,0.0004,5293,0.00439,False,systemic_lupus
HNF1B,5098,0.0004,5326,0.00429,False,systemic_lupus
ONECUT1,5099,0.0004,5275,0.00446,False,systemic_lupus
HPS1,5100,0.0004,4784,0.00592,False,systemic_lupus
TRIM69,5101,0.0004,4882,0.00559,False,systemic_lupus
NEUROG1,5102,0.0004,4622,0.00641,False,systemic_lupus
NEUROG2,5103,0.0004,4409,0.00695,False,systemic_lupus
WFS1,5104,0.0004,5350,0.00418,False,systemic_lupus
VAPB,5105,0.0004,3501,0.01067,False,systemic_lupus
SNAPIN,5106,0.0004,3825,0.0087,False,systemic_lupus
PPP1CA,5107,0.0004,1836,0.0276,False,systemic_lupus
TEX35,5108,0.0004,4632,0.00635,False,systemic_lupus
EEF1E1,5109,0.0004,4352,0.00706,False,systemic_lupus
CITED2,5110,0.0004,3859,0.00849,False,systemic_lupus
BLOC1S1,5111,0.0004,3824,0.00871,False,systemic_lupus
CACNA1H,5112,0.0004,5456,0.00352,False,systemic_lupus
PPP1CB,5113,0.0004,1772,0.029,False,systemic_lupus
SIX3,5114,0.0004,4421,0.00693,False,systemic_lupus
EXT2,5115,0.0004,5167,0.00488,False,systemic_lupus
GYG2,5116,0.00039,4652,0.00628,False,systemic_lupus
NHLRC1,5117,0.00039,3789,0.00895,False,systemic_lupus
AMY1B,5118,0.00039,4851,0.0057,False,systemic_lupus
GYS2,5119,0.00039,4706,0.00614,False,systemic_lupus
SSBP3,5120,0.00039,2498,0.0197,False,systemic_lupus
PPP1R3D,5121,0.00039,4711,0.00612,False,systemic_lupus
PPP1R3C,5122,0.00039,3810,0.00882,False,systemic_lupus
COPG1,5123,0.00039,443,0.22532,False,systemic_lupus
GYG1,5124,0.00039,4602,0.00646,False,systemic_lupus
EPM2AIP1,5125,0.00039,3961,0.00822,False,systemic_lupus
PYGB,5126,0.00039,4646,0.0063,False,systemic_lupus
FCF1,5127,0.00039,526,0.18441,False,systemic_lupus
STBD1,5128,0.00039,4022,0.008,False,systemic_lupus
AGL,5129,0.00039,4139,0.0076,False,systemic_lupus
EGR1,5130,0.00039,1771,0.02906,False,systemic_lupus
MTMR12,5131,0.00038,2872,0.01644,False,systemic_lupus
LIPF,5132,0.00038,5342,0.00423,False,systemic_lupus
CXCL17,5133,0.00038,1486,0.0346,False,systemic_lupus
HEATR1,5134,0.00038,544,0.18191,False,systemic_lupus
ATP7B,5135,0.00038,5383,0.00401,False,systemic_lupus
NCSTN,5136,0.00037,4945,0.00541,False,systemic_lupus
IDE,5137,0.00037,4307,0.00719,False,systemic_lupus
SHOC2,5138,0.00037,3156,0.01377,False,systemic_lupus
BACE1,5139,0.00037,4636,0.00634,False,systemic_lupus
NRF1,5140,0.00037,3517,0.01054,False,systemic_lupus
EXOC8,5141,0.00037,3420,0.01147,False,systemic_lupus
PPP2R2D,5142,0.00037,4860,0.00565,False,systemic_lupus
APH1A,5143,0.00037,5126,0.005,False,systemic_lupus
KCNH3,5144,0.00037,2069,0.02375,False,systemic_lupus
EIF2S1,5145,0.00037,3225,0.01328,False,systemic_lupus
EIF2AK3,5146,0.00037,3495,0.01072,False,systemic_lupus
REN,5147,0.00037,4854,0.00568,False,systemic_lupus
NR5A2,5148,0.00037,301,0.28204,False,systemic_lupus
EIF1,5149,0.00037,3382,0.01191,False,systemic_lupus
AGT,5150,0.00037,4942,0.00541,False,systemic_lupus
ENSA,5151,0.00037,4828,0.00578,False,systemic_lupus
AMIGO1,5152,0.00037,5520,0.00268,False,systemic_lupus
PPP1R15A,5153,0.00037,3189,0.01354,False,systemic_lupus
ARPP19,5154,0.00037,4833,0.00577,False,systemic_lupus
MTMR1,5155,0.00036,3010,0.0152,False,systemic_lupus
PTK6,5156,0.00036,2928,0.01584,False,systemic_lupus
SH3KBP1,5157,0.00036,2968,0.01551,False,systemic_lupus
FAN1,5158,0.00036,2431,0.02042,False,systemic_lupus
NKX6-1,5159,0.00036,3948,0.00827,False,systemic_lupus
NKX6-2,5160,0.00036,3939,0.00828,False,systemic_lupus
ROBO4,5161,0.00036,3387,0.01188,False,systemic_lupus
SRGAP1,5162,0.00036,3634,0.00974,False,systemic_lupus
CHRNA1,5163,0.00036,1634,0.0313,False,systemic_lupus
LUC7L2,5164,0.00035,5055,0.00517,False,systemic_lupus
PACSIN3,5165,0.00035,4020,0.00801,False,systemic_lupus
PACSIN2,5166,0.00035,4042,0.00794,False,systemic_lupus
SOBP,5167,0.00035,4562,0.00656,False,systemic_lupus
ACIN1,5168,0.00035,4930,0.00545,False,systemic_lupus
TAOK2,5169,0.00035,4654,0.00628,False,systemic_lupus
STK25,5170,0.00035,5109,0.00504,False,systemic_lupus
MYO5A,5171,0.00035,2572,0.01895,False,systemic_lupus
EHD1,5172,0.00035,4826,0.00579,False,systemic_lupus
CLK1,5173,0.00035,4790,0.0059,False,systemic_lupus
COBLL1,5174,0.00035,4395,0.00697,False,systemic_lupus
TESPA1,5175,0.00035,374,0.25069,False,systemic_lupus
SCHIP1,5176,0.00035,5249,0.00457,False,systemic_lupus
COBL,5177,0.00035,4194,0.00744,False,systemic_lupus
PAFAH1B3,5178,0.00035,4856,0.00567,False,systemic_lupus
S100A8,5179,0.00035,4825,0.00579,False,systemic_lupus
IQCJ-SCHIP1,5180,0.00035,5292,0.0044,False,systemic_lupus
TAOK3,5181,0.00035,4651,0.00629,False,systemic_lupus
SRSF10,5182,0.00035,2784,0.01734,False,systemic_lupus
TRIP10,5183,0.00035,4795,0.00589,False,systemic_lupus
MAGI3,5184,0.00035,600,0.15338,False,systemic_lupus
CCBE1,5185,0.00034,4687,0.00621,False,systemic_lupus
IQGAP2,5186,0.00034,4861,0.00564,False,systemic_lupus
SPTBN4,5187,0.00034,1684,0.03046,False,systemic_lupus
PPP2R5A,5188,0.00034,5475,0.00335,False,systemic_lupus
SPTBN2,5189,0.00034,5507,0.00303,False,systemic_lupus
PRKAR2B,5190,0.00034,5144,0.00494,False,systemic_lupus
LPGAT1,5191,0.00034,5435,0.00371,False,systemic_lupus
PRKAR1A,5192,0.00034,5118,0.00501,False,systemic_lupus
PRKAR2A,5193,0.00034,5315,0.00432,False,systemic_lupus
CSTA,5194,0.00034,3699,0.00941,False,systemic_lupus
KDM1B,5195,0.00034,4126,0.00763,False,systemic_lupus
HDGFL1,5196,0.00034,4900,0.00554,False,systemic_lupus
IRX4,5197,0.00034,5337,0.00425,False,systemic_lupus
MBD5,5198,0.00034,4552,0.00658,False,systemic_lupus
WWTR1,5199,0.00034,1530,0.03362,False,systemic_lupus
COQ7,5200,0.00034,4512,0.00669,False,systemic_lupus
TRA2B,5201,0.00034,4639,0.00632,False,systemic_lupus
SRPK2,5202,0.00034,5068,0.00515,False,systemic_lupus
BAP1,5203,0.00034,3887,0.00839,False,systemic_lupus
LGMN,5204,0.00034,4159,0.00753,False,systemic_lupus
ANTXR2,5205,0.00034,5184,0.00481,False,systemic_lupus
DCN,5206,0.00034,2731,0.01772,False,systemic_lupus
NUCB2,5207,0.00034,4709,0.00612,False,systemic_lupus
EFEMP2,5208,0.00034,4734,0.00606,False,systemic_lupus
FBLN5,5209,0.00034,4878,0.0056,False,systemic_lupus
ASXL2,5210,0.00034,3970,0.00818,False,systemic_lupus
ENAM,5211,0.00033,5255,0.00454,False,systemic_lupus
NEU4,5212,0.00033,4745,0.00604,False,systemic_lupus
DONSON,5213,0.00033,5007,0.00527,False,systemic_lupus
NANP,5214,0.00033,4399,0.00697,False,systemic_lupus
KCNK4,5215,0.00033,4928,0.00545,False,systemic_lupus
FTL,5216,0.00033,4648,0.0063,False,systemic_lupus
GLE1,5217,0.00033,4499,0.00671,False,systemic_lupus
VNN2,5218,0.00033,3885,0.00839,False,systemic_lupus
VNN1,5219,0.00033,3883,0.00839,False,systemic_lupus
CTSA,5220,0.00033,3689,0.0095,False,systemic_lupus
KCNK1,5221,0.00033,4426,0.00692,False,systemic_lupus
PIEZO1,5222,0.00033,5212,0.00471,False,systemic_lupus
KCNK10,5223,0.00033,4448,0.00685,False,systemic_lupus
PPCDC,5224,0.00033,3781,0.00898,False,systemic_lupus
GAL3ST1,5225,0.00033,3849,0.00851,False,systemic_lupus
POPDC2,5226,0.00033,5131,0.00498,False,systemic_lupus
PPCS,5227,0.00033,3780,0.00898,False,systemic_lupus
TIMP1,5228,0.00033,5295,0.00439,False,systemic_lupus
DDX5,5229,0.00033,5134,0.00498,False,systemic_lupus
PANK2,5230,0.00033,3982,0.00815,False,systemic_lupus
KRT76,5231,0.00033,4666,0.00625,False,systemic_lupus
SRSF11,5232,0.00033,4627,0.00638,False,systemic_lupus
PRRC2C,5233,0.00033,4247,0.00734,False,systemic_lupus
COASY,5234,0.00033,3786,0.00896,False,systemic_lupus
RBM39,5235,0.00033,4248,0.00734,False,systemic_lupus
BVES,5236,0.00033,5173,0.00485,False,systemic_lupus
PANK3,5237,0.00033,3980,0.00815,False,systemic_lupus
TIMP2,5238,0.00033,4915,0.0055,False,systemic_lupus
GALNS,5239,0.00033,4155,0.00754,False,systemic_lupus
HECW1,5240,0.00032,4547,0.0066,False,systemic_lupus
BUB3,5241,0.00032,2749,0.01764,False,systemic_lupus
CYP27B1,5242,0.00032,300,0.28206,False,systemic_lupus
SLC11A2,5243,0.00032,4604,0.00645,False,systemic_lupus
FXR1,5244,0.00031,4921,0.00547,False,systemic_lupus
CIITA,5245,0.00031,261,0.29779,False,systemic_lupus
NFASC,5246,0.00031,3089,0.01437,False,systemic_lupus
PCBP2,5247,0.00031,4893,0.00556,False,systemic_lupus
FXR2,5248,0.00031,4801,0.00586,False,systemic_lupus
MAST3,5249,0.0003,4561,0.00656,False,systemic_lupus
ZFP36L2,5250,0.0003,4199,0.00742,False,systemic_lupus
PPP1R8,5251,0.0003,4209,0.00741,False,systemic_lupus
CDCA2,5252,0.0003,4492,0.00674,False,systemic_lupus
MAGI1,5253,0.0003,3832,0.00864,False,systemic_lupus
ASB18,5254,0.0003,5444,0.00364,False,systemic_lupus
EXOSC2,5255,0.0003,4638,0.00632,False,systemic_lupus
DCP2,5256,0.0003,4154,0.00754,False,systemic_lupus
TOX4,5257,0.0003,3601,0.00988,False,systemic_lupus
MIF,5258,0.0003,329,0.26937,False,systemic_lupus
MAGI2,5259,0.0003,3837,0.00861,False,systemic_lupus
PPP1R12A,5260,0.0003,3972,0.00817,False,systemic_lupus
LPAR2,5261,0.0003,3922,0.00831,False,systemic_lupus
RAPGEF6,5262,0.0003,3950,0.00826,False,systemic_lupus
NUMB,5263,0.00029,5300,0.00438,False,systemic_lupus
USP33,5264,0.00029,3481,0.01086,False,systemic_lupus
AUP1,5265,0.00029,3757,0.0091,False,systemic_lupus
DERL1,5266,0.00029,4032,0.00797,False,systemic_lupus
REPS1,5267,0.00029,5190,0.00479,False,systemic_lupus
RALBP1,5268,0.00029,5441,0.00365,False,systemic_lupus
RAB11A,5269,0.00028,2701,0.01794,False,systemic_lupus
ELMO2,5270,0.00028,420,0.23368,False,systemic_lupus
ISL2,5271,0.00027,5052,0.00518,False,systemic_lupus
SSBP2,5272,0.00027,4563,0.00655,False,systemic_lupus
GLDN,5273,0.00027,1368,0.03754,False,systemic_lupus
BATF2,5274,0.00027,2268,0.02182,False,systemic_lupus
TMPRSS2,5275,0.00027,4557,0.00657,False,systemic_lupus
SSBP4,5276,0.00027,4571,0.00654,False,systemic_lupus
SLC18A2,5277,0.00027,266,0.29346,False,systemic_lupus
ANKS1A,5278,0.00026,1485,0.03464,False,systemic_lupus
GPR152,5279,0.00026,3886,0.00839,False,systemic_lupus
SLC1A1,5280,0.00026,4250,0.00733,False,systemic_lupus
SUFU,5281,0.00026,3577,0.01005,False,systemic_lupus
THOC2,5282,0.00026,338,0.26648,False,systemic_lupus
INHA,5283,0.00026,4118,0.00768,False,systemic_lupus
NEUROD1,5284,0.00026,4089,0.00774,False,systemic_lupus
NEUROG3,5285,0.00026,4091,0.00773,False,systemic_lupus
NOVA2,5286,0.00026,5509,0.00293,False,systemic_lupus
NXPE1,5287,0.00025,2108,0.02354,False,systemic_lupus
BRK1,5288,0.00025,2099,0.02354,False,systemic_lupus
MAPK14,5289,0.00025,86,0.37774,False,systemic_lupus
NXPE4,5290,0.00025,2111,0.02354,False,systemic_lupus
FRG2C,5291,0.00025,2115,0.02354,False,systemic_lupus
RACGAP1,5292,0.00025,2322,0.02153,False,systemic_lupus
ZNF354A,5293,0.00025,2110,0.02354,False,systemic_lupus
VWC2,5294,0.00025,2098,0.02354,False,systemic_lupus
IGSF9B,5295,0.00025,4328,0.00712,False,systemic_lupus
SRY,5296,0.00025,2100,0.02354,False,systemic_lupus
DAP,5297,0.00025,2102,0.02354,False,systemic_lupus
LRRTM2,5298,0.00025,2113,0.02354,False,systemic_lupus
CEMIP2,5299,0.00025,2112,0.02354,False,systemic_lupus
DAPK1,5300,0.00025,2101,0.02354,False,systemic_lupus
GGA1,5301,0.00025,2114,0.02354,False,systemic_lupus
CCDC91,5302,0.00025,2109,0.02354,False,systemic_lupus
CHRD,5303,0.00025,2106,0.02354,False,systemic_lupus
CASTOR1,5304,0.00025,2104,0.02354,False,systemic_lupus
DMRT2,5305,0.00025,2103,0.02354,False,systemic_lupus
ZC2HC1A,5306,0.00025,2107,0.02354,False,systemic_lupus
SWAP70,5307,0.00025,2105,0.02354,False,systemic_lupus
LHX9,5308,0.00024,2485,0.01982,False,systemic_lupus
MTM1,5309,0.00024,1985,0.02463,False,systemic_lupus
MST1R,5310,0.00024,3418,0.01151,False,systemic_lupus
SPINT1,5311,0.00024,3695,0.00944,False,systemic_lupus
FUBP1,5312,0.00024,5137,0.00497,False,systemic_lupus
AURKA,5313,0.00024,304,0.28064,False,systemic_lupus
SPINT2,5314,0.00024,3762,0.00905,False,systemic_lupus
HPN,5315,0.00024,3741,0.00917,False,systemic_lupus
HNRNPUL1,5316,0.00024,5132,0.00498,False,systemic_lupus
RRP15,5317,0.00024,457,0.2197,False,systemic_lupus
FBL,5318,0.00024,5497,0.00315,False,systemic_lupus
SAV1,5319,0.00024,3763,0.00904,False,systemic_lupus
APEH,5320,0.00024,3715,0.00931,False,systemic_lupus
TPP2,5321,0.00024,2692,0.018,False,systemic_lupus
KIF11,5322,0.00024,864,0.07001,False,systemic_lupus
ERAP2,5323,0.00023,2834,0.01682,False,systemic_lupus
NLGN2,5324,0.00023,1918,0.02606,False,systemic_lupus
CRX,5325,0.00023,5466,0.00343,False,systemic_lupus
RASSF5,5326,0.00023,3022,0.01511,False,systemic_lupus
TPH2,5327,0.00023,350,0.26065,False,systemic_lupus
PHGDH,5328,0.00022,230,0.31176,False,systemic_lupus
GNE,5329,0.00022,4047,0.00793,False,systemic_lupus
MGAM2,5330,0.00022,4348,0.00707,False,systemic_lupus
CYP11A1,5331,0.00022,1657,0.03094,False,systemic_lupus
GALM,5332,0.00022,4030,0.00799,False,systemic_lupus
DPP4,5333,0.00022,218,0.31635,False,systemic_lupus
CAT,5334,0.00022,4094,0.00772,False,systemic_lupus
ERAP1,5335,0.00022,776,0.08882,False,systemic_lupus
EBP,5336,0.00021,5094,0.00507,False,systemic_lupus
IFT80,5337,0.00021,4314,0.00717,False,systemic_lupus
CNIH3,5338,0.00021,3196,0.01349,False,systemic_lupus
OTUD7A,5339,0.00021,4107,0.00771,False,systemic_lupus
TRAT1,5340,0.00021,5139,0.00496,False,systemic_lupus
KLF13,5341,0.00021,4478,0.00678,False,systemic_lupus
TRPM1,5342,0.00021,3726,0.00923,False,systemic_lupus
KIF21B,5343,0.00021,2666,0.01816,False,systemic_lupus
KCNK15,5344,0.00021,5257,0.00453,False,systemic_lupus
BCLAF1,5345,0.00021,2617,0.01859,False,systemic_lupus
PDE4C,5346,0.0002,1285,0.04042,False,systemic_lupus
MUSK,5347,0.0002,3591,0.00994,False,systemic_lupus
CHRNE,5348,0.0002,3755,0.00912,False,systemic_lupus
RRM1,5349,0.0002,1880,0.0269,False,systemic_lupus
CHRND,5350,0.0002,3542,0.01036,False,systemic_lupus
CHRNB1,5351,0.0002,3725,0.00923,False,systemic_lupus
RAPSN,5352,0.0002,3399,0.01168,False,systemic_lupus
SQLE,5353,0.00019,188,0.32956,False,systemic_lupus
AURKB,5354,0.00019,356,0.25831,False,systemic_lupus
UQCC2,5355,0.00019,1066,0.05073,False,systemic_lupus
GAL,5356,0.00019,275,0.2891,False,systemic_lupus
OGA,5357,0.00018,3705,0.00937,False,systemic_lupus
ECI2,5358,0.00018,3394,0.01171,False,systemic_lupus
SFRP4,5359,0.00018,3393,0.01171,False,systemic_lupus
FGFR1OP,5360,0.00018,3193,0.01352,False,systemic_lupus
SLC47A2,5361,0.00018,5069,0.00514,False,systemic_lupus
DUSP2,5362,0.00018,3315,0.01251,False,systemic_lupus
S100A6,5363,0.00018,3066,0.0147,False,systemic_lupus
ACOX2,5364,0.00018,3507,0.01064,False,systemic_lupus
SLC47A1,5365,0.00018,4971,0.00536,False,systemic_lupus
TPD52L2,5366,0.00018,3322,0.01248,False,systemic_lupus
TPD52L1,5367,0.00018,3177,0.01361,False,systemic_lupus
TFG,5368,0.00018,3605,0.00985,False,systemic_lupus
RAB21,5369,0.00018,5256,0.00454,False,systemic_lupus
TPD52L3,5370,0.00018,3525,0.01047,False,systemic_lupus
NPC2,5371,0.00018,3822,0.00872,False,systemic_lupus
PDCD6,5372,0.00018,3246,0.01307,False,systemic_lupus
HSDL2,5373,0.00018,3445,0.01122,False,systemic_lupus
CAB39,5374,0.00018,3172,0.01364,False,systemic_lupus
ETFB,5375,0.00018,3600,0.00988,False,systemic_lupus
DUSP5,5376,0.00018,3135,0.01399,False,systemic_lupus
MAL2,5377,0.00018,3069,0.01465,False,systemic_lupus
KEAP1,5378,0.00018,159,0.33936,False,systemic_lupus
ANG,5379,0.00018,3311,0.01254,False,systemic_lupus
BTNL2,5380,0.00018,3348,0.01225,False,systemic_lupus
RNASE6,5381,0.00018,3197,0.01347,False,systemic_lupus
ANXA7,5382,0.00018,3180,0.01359,False,systemic_lupus
SUMO1,5383,0.00018,5233,0.00462,False,systemic_lupus
RNASE2,5384,0.00018,3341,0.01238,False,systemic_lupus
RNASE1,5385,0.00018,3414,0.01155,False,systemic_lupus
ADAMTS12,5386,0.00018,3407,0.01161,False,systemic_lupus
UNC119,5387,0.00017,2745,0.01766,False,systemic_lupus
SPDEF,5388,0.00017,2925,0.01586,False,systemic_lupus
SAP30,5389,0.00017,2833,0.01683,False,systemic_lupus
SCN3A,5390,0.00016,604,0.15111,False,systemic_lupus
PKD2,5391,0.00015,4595,0.00648,False,systemic_lupus
WNT1,5392,0.00015,4236,0.00737,False,systemic_lupus
DCAF4,5393,0.00015,3843,0.00855,False,systemic_lupus
MLPH,5394,0.00015,3439,0.01123,False,systemic_lupus
DENND1A,5395,0.00015,4079,0.0078,False,systemic_lupus
TFCP2L1,5396,0.00015,2178,0.02275,False,systemic_lupus
EGR4,5397,0.00015,3856,0.00849,False,systemic_lupus
EGR3,5398,0.00015,3719,0.00928,False,systemic_lupus
PDE4C-2,5399,0.00015,4891,0.00556,False,systemic_lupus
EGR2,5400,0.00015,3663,0.00959,False,systemic_lupus
CUL4B,5401,0.00015,4274,0.00727,False,systemic_lupus
ETFA,5402,0.00015,1889,0.0268,False,systemic_lupus
RAB27B,5403,0.00015,3432,0.01131,False,systemic_lupus
NDRG1,5404,0.00015,4216,0.00741,False,systemic_lupus
NRCAM,5405,0.00015,4528,0.00664,False,systemic_lupus
RSBN1,5406,0.00014,3620,0.00979,False,systemic_lupus
GPR35,5407,0.00014,2555,0.01918,False,systemic_lupus
UQCC1,5408,0.00014,3563,0.01018,False,systemic_lupus
UQCC3,5409,0.00014,4453,0.00684,False,systemic_lupus
DCAF5,5410,0.00014,4157,0.00753,False,systemic_lupus
SAMD1,5411,0.00014,3967,0.00819,False,systemic_lupus
FBXO5,5412,0.00014,4339,0.00709,False,systemic_lupus
NTM,5413,0.00014,4056,0.00789,False,systemic_lupus
ODF2,5414,0.00014,4757,0.00602,False,systemic_lupus
COX20,5415,0.00014,3731,0.00921,False,systemic_lupus
ATP4A,5416,0.00014,377,0.2506,False,systemic_lupus
MPDZ,5417,0.00013,4282,0.00725,False,systemic_lupus
PDE6H,5418,0.00013,3675,0.00955,False,systemic_lupus
LST1,5419,0.00013,5414,0.00389,False,systemic_lupus
MTMR2,5420,0.00013,1210,0.04337,False,systemic_lupus
COPA,5421,0.00013,456,0.22017,False,systemic_lupus
GNPTAB,5422,0.00012,2853,0.01666,False,systemic_lupus
ELK4,5423,0.00012,2729,0.01774,False,systemic_lupus
GNPTG,5424,0.00012,2829,0.01686,False,systemic_lupus
ELK3,5425,0.00012,2934,0.01578,False,systemic_lupus
ESRP1,5426,0.00012,2776,0.0174,False,systemic_lupus
OVOL2,5427,0.00012,2902,0.01612,False,systemic_lupus
POFUT2,5428,0.00011,4598,0.00648,False,systemic_lupus
TFE3,5429,0.00011,4885,0.00558,False,systemic_lupus
RUFY3,5430,0.00011,3339,0.01238,False,systemic_lupus
ANLN,5431,0.00011,3816,0.00874,False,systemic_lupus
ING2,5432,0.00011,4329,0.00712,False,systemic_lupus
SP140L,5433,0.00011,3248,0.01306,False,systemic_lupus
DAB2IP,5434,0.00011,4019,0.00802,False,systemic_lupus
CEP152,5435,0.00011,4102,0.00771,False,systemic_lupus
WDHD1,5436,0.00011,226,0.31348,False,systemic_lupus
CYTH3,5437,0.00011,2896,0.01615,False,systemic_lupus
CYTH2,5438,0.00011,2619,0.01858,False,systemic_lupus
CLK3,5439,0.00011,578,0.16509,False,systemic_lupus
ZC3H11A,5440,0.00011,584,0.162,False,systemic_lupus
CFTR,5441,0.00011,3977,0.00815,False,systemic_lupus
RIN1,5442,0.00011,3947,0.00827,False,systemic_lupus
L1CAM,5443,0.00011,3300,0.01258,False,systemic_lupus
CAPN10,5444,0.0001,4367,0.00704,False,systemic_lupus
SINHCAF,5445,0.0001,3599,0.00989,False,systemic_lupus
AK9,5446,0.0001,3604,0.00986,False,systemic_lupus
LNX1,5447,0.0001,1789,0.02877,False,systemic_lupus
DST,5448,0.0001,566,0.17203,False,systemic_lupus
PPEF2,5449,0.0001,3383,0.0119,False,systemic_lupus
TPD52,5450,0.0001,785,0.08714,False,systemic_lupus
TRIM3,5451,0.0001,4119,0.00768,False,systemic_lupus
AKAP11,5452,0.0001,680,0.11386,False,systemic_lupus
ESRRB,5453,0.0001,3640,0.0097,False,systemic_lupus
ARL14,5454,0.0001,3541,0.01036,False,systemic_lupus
NAGPA,5455,9e-05,1305,0.03959,False,systemic_lupus
ELK1,5456,9e-05,4498,0.00672,False,systemic_lupus
GRHL2,5457,9e-05,1304,0.03959,False,systemic_lupus
KCNH8,5458,9e-05,1301,0.03959,False,systemic_lupus
SLC9B2,5459,9e-05,4088,0.00775,False,systemic_lupus
SEC13,5460,8e-05,297,0.28389,False,systemic_lupus
BMP2K,5461,8e-05,809,0.08064,False,systemic_lupus
SLC6A4,5462,8e-05,313,0.27566,False,systemic_lupus
PSAP,5463,8e-05,224,0.31413,False,systemic_lupus
PANK1,5464,7e-05,603,0.15138,False,systemic_lupus
SYT1,5465,7e-05,130,0.35156,False,systemic_lupus
SHTN1,5466,7e-05,1142,0.04622,False,systemic_lupus
L3MBTL3,5467,7e-05,1115,0.04784,False,systemic_lupus
DLGAP1,5468,7e-05,283,0.28787,False,systemic_lupus
ATP6V1C1,5469,7e-05,491,0.20412,False,systemic_lupus
ATP6V1A,5470,6e-05,484,0.20739,False,systemic_lupus
AP3D1,5471,6e-05,381,0.24787,False,systemic_lupus
TP63,5472,6e-05,465,0.21317,False,systemic_lupus
EVI5,5473,6e-05,1217,0.04308,False,systemic_lupus
ATP6V1B2,5474,6e-05,486,0.2072,False,systemic_lupus
CREB3L3,5475,6e-05,269,0.29136,False,systemic_lupus
C5orf30,5476,6e-05,1302,0.03959,False,systemic_lupus
AIRE,5477,6e-05,155,0.34041,False,systemic_lupus
PPP1R10,5478,5e-05,616,0.14659,False,systemic_lupus
SLC26A8,5479,5e-05,1312,0.03932,False,systemic_lupus
PPP1R15B,5480,5e-05,367,0.25386,False,systemic_lupus
PLK1,5481,5e-05,124,0.3544,False,systemic_lupus
PPAN,5482,5e-05,445,0.22439,False,systemic_lupus
NOC3L,5483,4e-05,380,0.24892,False,systemic_lupus
NRSN1,5484,4e-05,1094,0.04899,False,systemic_lupus
CLK2,5485,4e-05,588,0.16056,False,systemic_lupus
KCNK2,5486,4e-05,644,0.1303,False,systemic_lupus
ENO4,5487,4e-05,189,0.32939,False,systemic_lupus
CCN4,5488,4e-05,1126,0.04733,False,systemic_lupus
TOP2A,5489,4e-05,342,0.26457,False,systemic_lupus
MC2R,5490,4e-05,277,0.28894,False,systemic_lupus
PACSIN1,5491,3e-05,605,0.15109,False,systemic_lupus
GRIN3A,5492,3e-05,411,0.2369,False,systemic_lupus
ATP4B,5493,3e-05,640,0.13431,False,systemic_lupus
FDX2,5494,3e-05,446,0.22432,False,systemic_lupus
NAB1,5495,3e-05,1003,0.0551,False,systemic_lupus
MDN1,5496,3e-05,418,0.23454,False,systemic_lupus
LHX2,5497,3e-05,497,0.19887,False,systemic_lupus
DDX39B,5498,2e-05,315,0.27465,False,systemic_lupus
ACOXL,5499,2e-05,813,0.07863,False,systemic_lupus
LAMTOR3,5500,2e-05,242,0.30677,False,systemic_lupus
NEU1,5501,2e-05,565,0.1727,False,systemic_lupus
ATP1A1,5502,2e-05,250,0.30435,False,systemic_lupus
RAB7A,5503,2e-05,6,0.51975,False,systemic_lupus
SNRK,5504,2e-05,782,0.08776,False,systemic_lupus
BLOC1S5,5505,2e-05,447,0.2234,False,systemic_lupus
ANXA11,5506,2e-05,780,0.08776,False,systemic_lupus
MTMR10,5507,2e-05,810,0.07998,False,systemic_lupus
PAPOLA,5508,2e-05,184,0.33159,False,systemic_lupus
MST1,5509,2e-05,712,0.10366,False,systemic_lupus
RNASET2,5510,2e-05,781,0.08776,False,systemic_lupus
SON,5511,2e-05,627,0.13976,False,systemic_lupus
SUOX,5512,2e-05,409,0.23766,False,systemic_lupus
TREH,5513,1e-05,747,0.09444,False,systemic_lupus
AARS2,5514,1e-05,287,0.28645,False,systemic_lupus
TAOK1,5515,1e-05,617,0.14613,False,systemic_lupus
PFKFB3,5516,1e-05,174,0.33571,False,systemic_lupus
MMEL1,5517,1e-05,591,0.15947,False,systemic_lupus
TTN,5518,1e-05,122,0.35622,False,systemic_lupus
GLIS3,5519,1e-05,701,0.10746,False,systemic_lupus
TSPO,5520,1e-05,427,0.23122,False,systemic_lupus
CHRNG,5521,1e-05,724,0.1006,False,systemic_lupus
KIF18B,5522,1e-05,372,0.25176,False,systemic_lupus
PLEC,5523,1e-05,264,0.29501,False,systemic_lupus
ALDH1A1,5524,0.0,117,0.35976,False,systemic_lupus
ACTA2,5525,0.0,147,0.34426,False,systemic_lupus
CYP24A1,5526,0.0,258,0.30053,False,systemic_lupus
EPM2A,5527,0.0,463,0.21644,False,systemic_lupus
SMPD1,5528,0.0,78,0.38593,False,systemic_lupus
HNRNPA1,5529,0.0,136,0.34841,False,systemic_lupus
NPAS2,5530,0.0,195,0.32675,False,systemic_lupus
FTO,5531,0.0,119,0.35844,False,systemic_lupus
SNX3,5532,0.0,227,0.31312,False,systemic_lupus
STAG1,5533,0.0,26,0.44204,False,systemic_lupus
COG8,5534,0.0,317,0.27319,False,systemic_lupus
PPT1,5535,0.0,220,0.31609,False,systemic_lupus
KIF1A,5536,0.0,81,0.38368,False,systemic_lupus
MLN,5537,0.0,461,0.21763,False,systemic_lupus
CTH,5538,0.0,132,0.35079,False,systemic_lupus
TCTE1,5539,0.0,633,0.13593,False,systemic_lupus
AHI1,5540,0.0,51,0.40733,False,systemic_lupus
COG6,5541,0.0,307,0.2787,False,systemic_lupus
REV3L,5542,0.0,116,0.36035,False,systemic_lupus
SSPN,5543,0.0,373,0.25123,False,systemic_lupus
TARS2,5544,0.0,308,0.27853,False,systemic_lupus
