rank,protein,degree,degree_norm,pagerank_norm,betweenness_norm,rwr_norm,composite_score,is_seed_gene
1,TP53,52,0.85,0.95195,1.0,0.66236,0.84491,True
2,FAU,38,0.61667,0.66933,0.28551,1.0,0.7004,False
3,TNF,61,1.0,0.74003,0.17933,0.73155,0.66392,True
4,STAT3,54,0.88333,0.69502,0.37192,0.66396,0.64778,True
5,RAB7A,25,0.4,0.96994,0.10006,0.46322,0.53312,True
6,IL6,49,0.8,0.54163,0.09994,0.58063,0.5057,True
7,JAK2,43,0.7,0.54979,0.1697,0.53817,0.49224,True
8,STAG1,25,0.4,0.87452,0.13212,0.38977,0.4852,True
9,TRMT10B,24,0.38333,1.0,0.11484,0.29235,0.48279,True
10,PLK1,30,0.48333,0.6757,0.24724,0.45163,0.48273,True
11,IL10,48,0.78333,0.49716,0.05778,0.56308,0.47528,True
12,AHI1,25,0.4,0.93117,0.15535,0.29832,0.47483,True
13,MYC,33,0.53333,0.60763,0.30457,0.42281,0.47119,True
14,SMPD1,26,0.41667,0.91275,0.10623,0.32313,0.47067,True
15,KIF1A,25,0.4,0.92883,0.14765,0.27397,0.46407,True
16,IL1B,42,0.68333,0.52623,0.1107,0.50935,0.46078,True
17,XPO1,29,0.46667,0.60993,0.34004,0.38683,0.45637,True
18,HNRNPA1,26,0.41667,0.81779,0.07218,0.36625,0.45046,True
19,MAPK14,33,0.53333,0.66583,0.1151,0.41616,0.44842,True
20,PTPRC,36,0.58333,0.54121,0.17124,0.46173,0.44572,True
21,FTO,25,0.4,0.8288,0.08482,0.31754,0.43674,True
22,ALDH1A1,25,0.4,0.90168,0.0374,0.27472,0.43414,True
23,FOS,34,0.55,0.55182,0.15734,0.44006,0.43353,True
24,PRDX6,25,0.4,0.88805,0.06555,0.26503,0.43228,True
25,MED1,30,0.48333,0.75143,0.08792,0.32871,0.43056,True
26,REV3L,25,0.4,0.8878,0.03605,0.27587,0.43011,True
27,CTH,26,0.41667,0.82828,0.0705,0.29484,0.42828,True
28,IFNG,42,0.68333,0.46358,0.14578,0.44532,0.42659,False
29,CD19,36,0.58333,0.5025,0.06088,0.50234,0.42624,True
30,SMAD3,33,0.53333,0.62919,0.05401,0.41868,0.4261,True
31,TTN,25,0.4,0.8105,0.03545,0.31388,0.4201,True
32,SRC,31,0.5,0.46227,0.40998,0.35354,0.41942,False
33,LRP1,27,0.43333,0.61471,0.16974,0.38795,0.41914,True
34,RUNX1,32,0.51667,0.53757,0.05289,0.48216,0.4181,True
35,SYT1,26,0.41667,0.7304,0.04283,0.36493,0.41791,True
36,HSPA8,26,0.41667,0.67157,0.17361,0.33935,0.41746,True
37,PAPOLA,25,0.4,0.77099,0.06298,0.32224,0.41668,True
38,CD44,30,0.48333,0.5955,0.13217,0.39591,0.41616,True
39,AIRE,25,0.4,0.73195,0.07837,0.34102,0.41462,True
40,ACTA2,25,0.4,0.76409,0.0843,0.31007,0.41461,True
41,PIK3R1,35,0.56667,0.5127,0.0694,0.46143,0.41419,True
42,ATXN2,26,0.41667,0.67873,0.10804,0.35999,0.41372,True
43,INTS4,25,0.4,0.82192,0.03365,0.28652,0.41359,True
44,DNMT3A,26,0.41667,0.60503,0.05392,0.45153,0.41283,True
45,PIK3CB,33,0.53333,0.52781,0.1262,0.42634,0.4128,True
46,ACACA,26,0.41667,0.72978,0.12163,0.29893,0.41038,True
47,SLC39A11,19,0.3,0.85764,0.0323,0.28863,0.40977,True
48,F10,25,0.4,0.73081,0.07735,0.32683,0.4091,True
49,GSK3B,29,0.46667,0.61888,0.10182,0.37939,0.40882,True
50,ELANE,27,0.43333,0.66356,0.09618,0.35266,0.40674,True
51,TLR4,34,0.55,0.53701,0.05204,0.43569,0.4065,True
52,RBPJ,27,0.43333,0.62753,0.06125,0.40087,0.40581,True
53,RAD51B,25,0.4,0.71381,0.03313,0.35614,0.40542,True
54,JAK1,39,0.63333,0.43918,0.01118,0.49598,0.40258,True
55,PLXNA2,25,0.4,0.68887,0.10305,0.32945,0.40258,True
56,PI4KB,29,0.46667,0.49686,0.13138,0.44865,0.40236,True
57,CALR,27,0.43333,0.58231,0.08189,0.41789,0.40233,True
58,CDK12,25,0.4,0.55364,0.19731,0.39058,0.40226,True
59,PFKFB3,25,0.4,0.77474,0.08723,0.26297,0.40191,True
60,OTUD3,25,0.4,0.56512,0.29602,0.32018,0.4008,True
61,CHCHD6,22,0.35,0.781,0.09051,0.27384,0.40075,True
62,TERT,27,0.43333,0.61416,0.14837,0.34681,0.4003,True
63,ITGB1,29,0.46667,0.60218,0.04488,0.40018,0.39969,True
64,MTOR,27,0.43333,0.65184,0.08354,0.3488,0.39934,True
65,B4GALT2,25,0.4,0.62952,0.1505,0.34109,0.39834,True
66,SQLE,26,0.41667,0.71383,0.07268,0.30308,0.39726,True
67,PARK7,26,0.41667,0.5991,0.14888,0.35689,0.39692,True
68,KAT8,25,0.4,0.68963,0.06032,0.33501,0.39621,True
69,ADGRL2,25,0.4,0.55694,0.12941,0.40752,0.39559,True
70,NPAS2,25,0.4,0.74023,0.07163,0.28207,0.39512,True
71,KEAP1,27,0.43333,0.65363,0.09571,0.328,0.39503,True
72,SYK,32,0.51667,0.49078,0.03189,0.46769,0.3948,True
73,HSD17B12,25,0.4,0.69708,0.05344,0.32845,0.39477,True
74,DLGAP1,25,0.4,0.58283,0.09708,0.39731,0.39332,True
75,SHMT1,27,0.43333,0.70228,0.05467,0.30364,0.39289,True
76,ATXN1,26,0.41667,0.61566,0.11411,0.34846,0.39198,True
77,ENO4,25,0.4,0.75072,0.03716,0.2826,0.39156,True
78,ITPR3,29,0.46667,0.51904,0.13568,0.39547,0.39126,True
79,IKZF1,25,0.4,0.50303,0.05351,0.48345,0.39082,True
80,AFF1,26,0.41667,0.64594,0.04988,0.3544,0.3903,True
81,VPS28,26,0.41667,0.73698,0.02333,0.2913,0.39021,True
82,FAAH,25,0.4,0.71736,0.10634,0.26772,0.39018,True
83,GTF2I,25,0.4,0.62388,0.14774,0.32367,0.39,True
84,GLS,25,0.4,0.73623,0.06591,0.27411,0.38999,True
85,PPT1,20,0.31667,0.80438,0.03354,0.2689,0.38964,True
86,CDKN2A,29,0.46667,0.4882,0.12529,0.42305,0.38959,True
87,COL4A2,27,0.43333,0.6161,0.04999,0.36754,0.38847,True
88,TRAPPC5,25,0.4,0.69184,0.07796,0.29909,0.38782,True
89,PDHB,25,0.4,0.74797,0.02237,0.27728,0.38591,True
90,TGFBR2,27,0.43333,0.53925,0.09934,0.39594,0.38523,True
91,TNFRSF1A,35,0.56667,0.44785,0.03649,0.45239,0.38499,True
92,SF3B1,28,0.45,0.6041,0.03887,0.36695,0.38494,True
93,PRKN,27,0.43333,0.61348,0.08063,0.34158,0.38472,True
94,ATRIP,25,0.4,0.66922,0.09109,0.30203,0.3847,True
95,HMGCR,26,0.41667,0.68013,0.06638,0.2996,0.38467,True
96,CLTC,28,0.45,0.55505,0.0965,0.37393,0.38419,True
97,UBE2L3,25,0.4,0.6324,0.07223,0.33932,0.38293,True
98,DPP4,25,0.4,0.61587,0.10011,0.3346,0.38189,True
99,PTGS2,28,0.45,0.50647,0.22434,0.33407,0.38123,True
100,DDX39B,26,0.41667,0.61692,0.03521,0.35784,0.37986,True
101,LEF1,29,0.46667,0.5557,0.04329,0.38304,0.37943,True
102,SNX3,19,0.3,0.75848,0.02931,0.28866,0.37943,True
103,WDHD1,25,0.4,0.69878,0.05228,0.28352,0.37932,True
104,HLA-DRB1,26,0.41667,0.59566,0.04965,0.36581,0.37916,True
105,ING3,25,0.4,0.62709,0.02642,0.35375,0.37723,True
106,RMI2,25,0.4,0.65985,0.09035,0.28728,0.37657,True
107,ATP1A1,25,0.4,0.65293,0.06256,0.30827,0.37628,True
108,CD47,25,0.4,0.59159,0.07502,0.3528,0.37596,True
109,PSAP,24,0.38333,0.60889,0.15399,0.29906,0.37564,True
110,GPD2,28,0.45,0.60635,0.09596,0.30477,0.37527,True
111,LAMTOR3,25,0.4,0.6795,0.04968,0.28847,0.37475,True
112,KCNH2,28,0.45,0.43813,0.13169,0.42562,0.37424,True
113,SUPT6H,26,0.41667,0.62411,0.03278,0.33696,0.37423,True
114,NADSYN1,27,0.43333,0.59937,0.10045,0.31187,0.37406,True
115,PPIA,25,0.4,0.5443,0.21995,0.30159,0.37284,True
116,NOS1,28,0.45,0.50342,0.10289,0.37929,0.37185,True
117,AP2M1,29,0.46667,0.53344,0.04965,0.37502,0.37122,True
118,PLEC,25,0.4,0.63245,0.05288,0.31593,0.37089,True
119,KCNA1,26,0.41667,0.42488,0.08677,0.4672,0.37084,True
120,PHGDH,25,0.4,0.57657,0.20714,0.27474,0.37055,True
121,DLD,25,0.4,0.67355,0.049,0.28155,0.37041,True
122,AURKA,25,0.4,0.58311,0.09141,0.33461,0.37033,True
123,MC2R,24,0.38333,0.63759,0.03736,0.3256,0.37021,True
124,TGFBR1,26,0.41667,0.57145,0.05382,0.35833,0.37011,True
125,NOD2,28,0.45,0.45207,0.10556,0.41403,0.36915,True
126,CDK1,29,0.46667,0.53073,0.03693,0.37818,0.36897,True
127,FUT2,25,0.4,0.58134,0.0862,0.33443,0.36869,True
128,MCM10,25,0.4,0.66974,0.03732,0.28603,0.3685,True
129,DHODH,25,0.4,0.64118,0.08096,0.28403,0.36796,True
130,COG6,25,0.4,0.68618,0.0272,0.27539,0.36768,True
131,PRKCB,28,0.45,0.46996,0.15768,0.36407,0.36745,True
132,IFIH1,29,0.46667,0.50012,0.03512,0.40108,0.36744,True
133,DHFR,26,0.41667,0.63253,0.05263,0.29896,0.36742,True
134,MED13,25,0.4,0.68848,0.01299,0.28011,0.36718,True
135,TRAF3,34,0.55,0.43847,0.01259,0.42983,0.367,True
136,CSNK1A1,25,0.4,0.51218,0.19753,0.32516,0.36697,True
137,SCD,25,0.4,0.61108,0.05137,0.32383,0.36694,True
138,AARS2,25,0.4,0.66661,0.06166,0.26783,0.36606,True
139,SLC18A2,25,0.4,0.6067,0.07071,0.30972,0.36455,True
140,CD40,34,0.55,0.40611,0.03014,0.44017,0.36442,True
141,SLC6A3,25,0.4,0.57167,0.11553,0.31335,0.36428,True
142,AURKB,25,0.4,0.56694,0.03829,0.36133,0.36421,True
143,AP3B1,25,0.4,0.54492,0.10549,0.33926,0.36332,True
144,PIKFYVE,25,0.4,0.45051,0.02956,0.46262,0.36298,True
145,SNRPE,29,0.46667,0.51158,0.04891,0.37056,0.36295,True
146,NCF2,25,0.4,0.52967,0.11613,0.34471,0.36278,True
147,ATG16L1,25,0.4,0.57844,0.0981,0.31174,0.36226,True
148,TOP2A,25,0.4,0.58539,0.05751,0.32861,0.36214,True
149,TNFAIP3,30,0.48333,0.41894,0.02742,0.45165,0.36174,True
150,COG8,25,0.4,0.67014,0.02184,0.2725,0.36079,True
151,PAF1,25,0.4,0.60375,0.04517,0.31579,0.36069,True
152,AP2S1,29,0.46667,0.52521,0.01107,0.37364,0.36055,True
153,CD2,28,0.45,0.44829,0.0255,0.4374,0.36018,True
154,TARS2,25,0.4,0.67595,0.02075,0.2664,0.36017,True
155,GAL,25,0.4,0.62324,0.03393,0.30333,0.35992,True
156,GGPS1,25,0.4,0.63761,0.05712,0.27765,0.35988,True
157,TYK2,35,0.56667,0.38701,0.02432,0.43971,0.35987,True
158,GUCY1A2,25,0.4,0.58034,0.04856,0.33103,0.35967,True
159,KCNA2,26,0.41667,0.40584,0.03647,0.47778,0.35877,True
160,RSL24D1,29,0.46667,0.52727,0.02667,0.35754,0.35865,True
161,ESR1,28,0.45,0.45772,0.09548,0.3844,0.35845,True
162,WRAP53,25,0.4,0.58665,0.10324,0.29019,0.35821,True
163,CD226,25,0.4,0.51,0.09433,0.36079,0.35814,True
164,CYP24A1,23,0.36667,0.6319,0.14475,0.23999,0.35752,True
165,ENG,25,0.4,0.54347,0.1144,0.31849,0.35739,True
166,NMNAT2,26,0.41667,0.57996,0.07061,0.30356,0.35686,True
167,ERBB3,27,0.43333,0.49645,0.05867,0.37385,0.35652,True
168,KCNQ1,28,0.45,0.44564,0.05831,0.41024,0.35644,True
169,AGPAT4,26,0.41667,0.59434,0.06387,0.29309,0.35616,True
170,PPAT,25,0.4,0.60906,0.06718,0.28563,0.35612,True
171,THOC2,25,0.4,0.53021,0.09708,0.33526,0.35582,True
172,SEC13,26,0.41667,0.61037,0.02485,0.29697,0.35452,True
173,NFKB1,31,0.5,0.43062,0.03684,0.40787,0.35431,True
174,PLD4,25,0.4,0.59944,0.05643,0.29416,0.35408,True
175,CCL2,32,0.51667,0.43156,0.05185,0.39058,0.35404,True
176,ITGAM,29,0.46667,0.45576,0.09057,0.36535,0.35272,True
177,CREB3L3,25,0.4,0.60221,0.05075,0.29109,0.3527,True
178,IFNAR1,30,0.48333,0.47194,0.06188,0.3607,0.3527,True
179,ARHGEF7,25,0.4,0.57983,0.02929,0.32233,0.35262,True
180,ITGB4,26,0.41667,0.50629,0.08609,0.34357,0.35186,True
181,IKBKB,31,0.5,0.4449,0.01956,0.39843,0.35183,True
182,TCF7,26,0.41667,0.50608,0.06513,0.35538,0.35173,True
183,SCARB1,26,0.41667,0.50504,0.10814,0.32848,0.35061,True
184,POSTN,25,0.4,0.52913,0.07601,0.33261,0.35035,True
185,TRPV1,26,0.41667,0.4814,0.11668,0.34194,0.34994,True
186,CIITA,25,0.4,0.52831,0.14061,0.293,0.34916,True
187,FSCN1,22,0.35,0.49395,0.13964,0.34364,0.34889,True
188,SNRPD3,28,0.45,0.49013,0.07357,0.34152,0.34879,True
189,ATG5,26,0.41667,0.54485,0.03767,0.32865,0.34852,True
190,PTGS1,27,0.43333,0.54992,0.06011,0.30397,0.34839,True
191,GRIN2B,27,0.43333,0.48653,0.03853,0.3698,0.34809,True
192,IMPDH2,26,0.41667,0.57977,0.04997,0.28818,0.34729,True
193,CDKN1B,28,0.45,0.45247,0.05444,0.37654,0.34592,True
194,GNG4,26,0.41667,0.50217,0.07136,0.33837,0.34585,True
195,SLC6A4,25,0.4,0.57623,0.04883,0.29413,0.34558,True
196,SNRPD2,27,0.43333,0.49295,0.05755,0.34124,0.34383,True
197,ATP4A,25,0.4,0.49636,0.10315,0.325,0.34329,True
198,IL13,34,0.55,0.35934,0.05324,0.40591,0.34302,True
199,NCOA2,27,0.43333,0.5064,0.03261,0.3416,0.34301,True
200,RIOK2,26,0.41667,0.43881,0.10497,0.3651,0.34292,True
201,KIF18B,25,0.4,0.57683,0.03186,0.29342,0.34212,True
202,KCND2,25,0.4,0.42539,0.05036,0.4123,0.34199,True
203,PTPN1,25,0.4,0.44185,0.15303,0.33703,0.34112,True
204,MS4A1,28,0.45,0.44363,0.03169,0.38302,0.34098,True
205,BAK1,25,0.4,0.54133,0.07648,0.29488,0.3409,True
206,NFATC1,26,0.41667,0.49988,0.06991,0.32376,0.33976,True
207,CEP120,18,0.28333,0.65703,0.02533,0.27062,0.33939,True
208,ALOX5,25,0.4,0.58762,0.02146,0.28222,0.33936,True
209,USP8,25,0.4,0.51193,0.06638,0.32059,0.33906,True
210,BTK,28,0.45,0.41282,0.07287,0.3803,0.33902,True
211,ROR2,17,0.26667,0.5798,0.02698,0.34088,0.33865,True
212,CD4,33,0.53333,0.38006,0.09663,0.3538,0.33717,False
213,BCL2L11,25,0.4,0.52434,0.05407,0.30941,0.33641,True
214,TNFSF11,26,0.41667,0.46118,0.11114,0.32312,0.33617,True
215,NR5A2,25,0.4,0.55891,0.04473,0.28432,0.33613,True
216,SNRPC,25,0.4,0.49288,0.0436,0.34135,0.33606,True
217,NOC3L,25,0.4,0.53282,0.05445,0.30034,0.33586,True
218,KCNAB1,24,0.38333,0.33183,0.01704,0.50093,0.33578,False
219,CTLA4,30,0.48333,0.40535,0.03548,0.38254,0.33509,True
220,ELMO1,25,0.4,0.544,0.02115,0.3053,0.33429,True
221,CDKN1A,28,0.45,0.44292,0.03376,0.36319,0.33424,True
222,DHX15,25,0.4,0.47682,0.09806,0.31849,0.33413,True
223,ITGA4,26,0.41667,0.4685,0.01376,0.36599,0.3339,True
224,EOMES,27,0.43333,0.46796,0.08332,0.31904,0.33371,True
225,PPARD,25,0.4,0.5214,0.09496,0.27956,0.33326,True
226,KCNQ2,26,0.41667,0.41814,0.01204,0.40539,0.33224,True
227,PLRG1,25,0.4,0.50049,0.05096,0.31936,0.33212,True
228,PIP5K1A,25,0.4,0.42539,0.05425,0.38166,0.33205,True
229,FKBP1A,25,0.4,0.49275,0.0342,0.33428,0.33166,True
230,GABBR2,26,0.41667,0.44885,0.04186,0.35822,0.3309,True
231,DGKQ,25,0.4,0.48626,0.14344,0.27462,0.33068,True
232,EP300,27,0.43333,0.43737,0.13175,0.30552,0.32949,False
233,IMPDH1,25,0.4,0.55422,0.02667,0.27874,0.32916,True
234,EPS15L1,25,0.4,0.47428,0.05914,0.32681,0.32849,True
235,GRIN2A,26,0.41667,0.44304,0.04145,0.35553,0.32814,True
236,MAF,25,0.4,0.43178,0.15117,0.3087,0.32781,True
237,GABBR1,25,0.4,0.4351,0.10258,0.33318,0.32766,True
238,PRPS2,21,0.33333,0.61126,0.03059,0.25072,0.32725,True
239,RGS4,24,0.38333,0.41243,0.19352,0.30648,0.3272,True
240,RYR1,25,0.4,0.46083,0.01904,0.35492,0.32628,True
241,CDC25B,25,0.4,0.46798,0.06423,0.32292,0.32626,True
242,COPB1,26,0.41667,0.46335,0.0149,0.34711,0.32598,True
243,AP3D1,25,0.4,0.51352,0.03029,0.30239,0.32595,True
244,EEF2,26,0.41667,0.46141,0.04002,0.33402,0.32583,True
245,SSPN,18,0.28333,0.60242,0.05561,0.26036,0.32547,True
246,IL2RA,32,0.51667,0.33394,0.03612,0.40067,0.32514,True
247,GRIN3A,25,0.4,0.48221,0.03628,0.32342,0.32512,True
248,ITGB7,25,0.4,0.46754,0.02619,0.34102,0.32485,True
249,NR3C1,26,0.41667,0.45907,0.03916,0.3323,0.32436,True
250,C5,25,0.4,0.48006,0.07588,0.30001,0.3242,True
251,PGR,26,0.41667,0.40324,0.12334,0.33095,0.32397,True
252,SMG7,22,0.35,0.49957,0.08661,0.29718,0.3237,True
253,CFH,26,0.41667,0.47987,0.02163,0.32215,0.32354,True
254,CSF2,31,0.5,0.37257,0.01791,0.38027,0.32345,True
255,KCND3,25,0.4,0.36704,0.04184,0.41371,0.32328,True
256,TPH2,23,0.36667,0.51545,0.06986,0.28089,0.32192,True
257,AXL,26,0.41667,0.3688,0.18039,0.31934,0.32099,True
258,KCNAB2,23,0.36667,0.32033,0.01528,0.47626,0.32085,False
259,MIF,22,0.35,0.39941,0.28202,0.26215,0.32048,True
260,STAT4,29,0.46667,0.32769,0.11791,0.36732,0.32045,True
261,NACA2,25,0.4,0.4667,0.07234,0.30235,0.3203,True
262,C4A,26,0.41667,0.44086,0.03015,0.34068,0.32003,True
263,SKP2,25,0.4,0.42848,0.08165,0.32546,0.31879,True
264,STAM2,25,0.4,0.47735,0.04881,0.30223,0.31875,True
265,COPB2,25,0.4,0.44499,0.0523,0.32571,0.31796,True
266,BTF3,25,0.4,0.49467,0.01192,0.30621,0.31796,True
267,KCNQ5,25,0.4,0.40459,0.0596,0.35152,0.31633,True
268,LSM6,25,0.4,0.47101,0.02884,0.3112,0.31599,True
269,NOS2,25,0.4,0.41783,0.08613,0.32242,0.31542,True
270,CCL21,28,0.45,0.41999,0.01544,0.33924,0.31532,True
271,COPG1,25,0.4,0.40201,0.12904,0.31005,0.31493,True
272,KCNA5,23,0.36667,0.32241,0.17233,0.36741,0.31478,True
273,PTGER3,25,0.4,0.43193,0.10085,0.30007,0.31477,True
274,RIPK1,29,0.46667,0.38569,0.00586,0.36492,0.3146,True
275,COPA,25,0.4,0.435,0.06024,0.32014,0.3146,True
276,IL6R,30,0.48333,0.33746,0.06123,0.36721,0.31451,True
277,GATA3,27,0.43333,0.388,0.05573,0.3482,0.31442,True
278,TRAF1,28,0.45,0.3738,0.05404,0.35277,0.31392,True
279,HDAC7,25,0.4,0.45789,0.06168,0.29747,0.31382,True
280,NRIP1,25,0.4,0.46103,0.0316,0.31119,0.31354,True
281,MDN1,25,0.4,0.46561,0.0876,0.27224,0.31249,True
282,IRF1,26,0.41667,0.38394,0.11544,0.31913,0.31246,True
283,PDGFRA,25,0.4,0.41774,0.05766,0.3298,0.31229,True
284,PRKCD,25,0.4,0.41193,0.07373,0.32538,0.31221,True
285,ESR2,25,0.4,0.42773,0.05735,0.31954,0.31163,True
286,RPS10,26,0.41667,0.46207,0.00789,0.31066,0.31143,True
287,RUNX3,25,0.4,0.39768,0.07018,0.33661,0.31115,True
288,ATP6V1A,25,0.4,0.44314,0.04015,0.31459,0.31108,True
289,PDE3A,26,0.41667,0.44975,0.0238,0.31053,0.31087,True
290,PDE4B,25,0.4,0.44036,0.07155,0.29743,0.31052,True
291,ATP6V1B2,25,0.4,0.4479,0.03079,0.31399,0.31043,True
292,KIT,27,0.43333,0.38892,0.02605,0.3529,0.3104,True
293,CD22,26,0.41667,0.39604,0.04774,0.34012,0.3099,True
294,TNPO3,21,0.33333,0.47567,0.12372,0.26269,0.30939,True
295,TSPO,19,0.3,0.53644,0.02738,0.27953,0.30924,True
296,PPAN,25,0.4,0.48525,0.01509,0.2826,0.3075,True
297,ATP6V1C1,25,0.4,0.44143,0.02655,0.31354,0.30747,True
298,OAS1,25,0.4,0.46063,0.01066,0.30476,0.30699,True
299,SOCS1,27,0.43333,0.3948,0.03618,0.33216,0.30693,True
300,IL1R1,27,0.43333,0.39359,0.01314,0.34499,0.30645,True
301,USP18,25,0.4,0.44413,0.0384,0.30143,0.30642,True
302,NDUFS8,35,0.56667,0.26462,0.0293,0.38867,0.30628,True
303,C1QB,25,0.4,0.41073,0.0553,0.3191,0.30596,True
304,RRP15,25,0.4,0.46489,0.01352,0.29604,0.30578,True
305,RPLP1,25,0.4,0.44015,0.02103,0.31266,0.30568,True
306,IRAK1,27,0.43333,0.3845,0.01077,0.35098,0.30535,True
307,PDE2A,25,0.4,0.47211,0.0086,0.29128,0.3053,True
308,KCNQ3,25,0.4,0.35034,0.04181,0.37619,0.30513,True
309,BMS1,30,0.48333,0.38789,0.01786,0.32146,0.30495,True
310,PTPN22,25,0.4,0.34225,0.06422,0.36928,0.30477,True
311,TLR7,27,0.43333,0.3304,0.0601,0.36619,0.30431,True
312,BCL10,26,0.41667,0.37952,0.06879,0.32413,0.30356,True
313,BATF,25,0.4,0.3381,0.14219,0.32393,0.30324,True
314,GRIN2C,25,0.4,0.41975,0.02467,0.32096,0.3032,True
315,CBLB,25,0.4,0.39187,0.03938,0.33623,0.30312,True
316,PDCD5,25,0.4,0.41472,0.13335,0.26241,0.30293,True
317,SUOX,19,0.3,0.54735,0.03802,0.24404,0.30222,True
318,CYP27B1,23,0.36667,0.46326,0.2406,0.17139,0.30209,False
319,GRIN1,25,0.4,0.40207,0.00904,0.34168,0.30202,True
320,CDK4,25,0.4,0.41349,0.01381,0.3283,0.30171,True
321,JAK3,29,0.46667,0.32687,0.00261,0.37989,0.30155,True
322,PDE4D,25,0.4,0.43023,0.01859,0.31056,0.30148,True
323,KCNAB3,20,0.31667,0.28628,0.08513,0.43129,0.30136,False
324,FDX2,25,0.4,0.44902,0.04529,0.27775,0.30098,True
325,C1QA,25,0.4,0.41232,0.01251,0.32716,0.30071,True
326,TNFSF13B,26,0.41667,0.32409,0.10358,0.34289,0.30045,True
327,CDKN1C,25,0.4,0.39527,0.04084,0.32412,0.30019,True
328,LZTFL1,13,0.2,0.58756,0.02153,0.25564,0.30005,True
329,MICB,21,0.33333,0.4365,0.03123,0.31975,0.29911,True
330,CCR1,28,0.45,0.37708,0.00873,0.33213,0.29862,True
331,FCGR2B,25,0.4,0.37492,0.04642,0.33386,0.29861,True
332,PDE4A,25,0.4,0.409,0.02948,0.31402,0.2985,True
333,C4B,25,0.4,0.40701,0.01436,0.32419,0.29844,True
334,CD40LG,28,0.45,0.33366,0.01137,0.36719,0.29839,True
335,NUP160,25,0.4,0.43783,0.0205,0.29263,0.29787,True
336,IL23R,29,0.46667,0.29458,0.04748,0.36885,0.29697,True
337,SAT1,18,0.28333,0.53482,0.03595,0.24729,0.29669,True
338,RIPOR2,17,0.26667,0.46625,0.09064,0.2813,0.29646,True
339,NDUFA8,34,0.55,0.25097,0.02683,0.38062,0.29638,True
340,NUP205,25,0.4,0.436,0.01162,0.29482,0.29631,True
341,IL7R,29,0.46667,0.3141,0.02009,0.36519,0.29607,True
342,NUP93,25,0.4,0.4412,0.00197,0.29438,0.29579,True
343,RASGRP1,22,0.35,0.40872,0.08842,0.29368,0.29559,True
344,TNFRSF14,27,0.43333,0.36049,0.01489,0.3409,0.29544,True
345,C1S,25,0.4,0.38935,0.04238,0.3144,0.29532,True
346,CCL20,25,0.4,0.3643,0.07735,0.31491,0.29498,True
347,FLT3,26,0.41667,0.3676,0.0317,0.33083,0.29491,True
348,NDUFB9,35,0.56667,0.2439,0.00328,0.38816,0.29468,True
349,NOC4L,29,0.46667,0.37137,0.01531,0.31357,0.29422,True
350,PPP1R15B,13,0.2,0.45821,0.04277,0.33698,0.29396,True
351,B3GALT5,19,0.3,0.46728,0.02516,0.29626,0.29391,True
352,IL2RB,27,0.43333,0.31696,0.05695,0.34956,0.29382,True
353,REL,26,0.41667,0.35413,0.05282,0.32706,0.29377,True
354,IKBKE,25,0.4,0.38267,0.01905,0.32739,0.2932,True
355,IL6ST,27,0.43333,0.34568,0.01159,0.34786,0.29278,True
356,NFKBIA,25,0.4,0.37129,0.02975,0.32977,0.29276,True
357,NDUFS2,33,0.53333,0.25467,0.02894,0.37285,0.29269,True
358,FASLG,25,0.4,0.37481,0.02597,0.32769,0.29233,True
359,CD80,27,0.43333,0.33774,0.00439,0.35734,0.29227,True
360,CR2,25,0.4,0.33596,0.09892,0.31861,0.29208,True
361,TLR1,25,0.4,0.35226,0.09511,0.30675,0.29206,True
362,DGKB,22,0.35,0.40034,0.15389,0.2519,0.29155,True
363,MLN,19,0.3,0.5155,0.01766,0.24971,0.29058,True
364,FCGR2A,25,0.4,0.35524,0.06002,0.31966,0.29046,True
365,NR1H2,22,0.35,0.42716,0.07525,0.27071,0.29044,True
366,CDKN2B,25,0.4,0.36959,0.07262,0.29774,0.28961,True
367,CCR6,26,0.41667,0.37454,0.02074,0.31545,0.28942,True
368,ETS1,25,0.4,0.36319,0.04006,0.31981,0.2889,True
369,PTGER4,23,0.36667,0.37231,0.09225,0.29594,0.28872,True
370,BLOC1S5,16,0.25,0.50427,0.04946,0.25655,0.28846,True
371,PRDM1,25,0.4,0.32781,0.0922,0.31881,0.28837,True
372,GFI1,21,0.33333,0.4195,0.05177,0.29153,0.28824,True
373,LTV1,25,0.4,0.39157,0.00923,0.31041,0.28796,True
374,IRF8,25,0.4,0.29316,0.1837,0.2942,0.28766,True
375,FAS,25,0.4,0.36037,0.03843,0.31865,0.28732,True
376,GABRB1,22,0.35,0.39893,0.02654,0.31375,0.2873,True
377,IRF7,26,0.41667,0.34197,0.01706,0.33809,0.28683,True
378,DCLRE1B,19,0.3,0.47315,0.04515,0.25745,0.28609,True
379,ELMO2,21,0.33333,0.44992,0.04214,0.26463,0.28602,True
380,CD5,25,0.4,0.34907,0.01225,0.33882,0.28576,True
381,CD86,27,0.43333,0.32114,0.00733,0.35104,0.28567,True
382,TESPA1,17,0.26667,0.43802,0.05767,0.29236,0.28527,True
383,KALRN,20,0.31667,0.4348,0.0676,0.26804,0.28527,True
384,TRAPPC11,19,0.3,0.51233,0.00368,0.24352,0.28467,True
385,CARD9,25,0.4,0.35594,0.03133,0.31791,0.28432,True
386,IMP3,26,0.41667,0.36788,0.03996,0.29471,0.28401,True
387,TRAF6,27,0.43333,0.34215,0.04414,0.30726,0.28401,False
388,BLK,19,0.3,0.29739,0.09474,0.3735,0.28389,True
389,EPM2A,16,0.25,0.50186,0.06957,0.23091,0.28279,True
390,IFNAR2,26,0.41667,0.33184,0.03039,0.32676,0.2825,True
391,PTDSS1,20,0.31667,0.48228,0.00833,0.25307,0.28242,True
392,TLR9,26,0.41667,0.32325,0.02517,0.33192,0.28068,True
393,EDEM3,15,0.23333,0.40691,0.05722,0.31906,0.28019,True
394,RXRG,22,0.35,0.40093,0.07519,0.26271,0.27976,True
395,FCF1,27,0.43333,0.36233,0.00656,0.29859,0.27952,True
396,NDUFV1,32,0.51667,0.24029,0.00881,0.36442,0.2789,True
397,LTA,26,0.41667,0.28285,0.07259,0.33284,0.27837,True
398,GTF2IRD1,16,0.25,0.46648,0.08799,0.23768,0.27823,True
399,IL4R,28,0.45,0.29656,0.00433,0.34521,0.27816,True
400,EGFR,20,0.31667,0.314,0.19881,0.27628,0.27816,False
401,PRKCQ,25,0.4,0.33673,0.03143,0.31636,0.27803,True
402,PAPPA,14,0.21667,0.4496,0.02731,0.2993,0.2776,True
403,SH2B3,18,0.28333,0.36566,0.09643,0.30207,0.27721,True
404,CXCL13,26,0.41667,0.34229,0.01333,0.31243,0.27721,True
405,CCR3,26,0.41667,0.34308,0.01116,0.31185,0.2768,True
406,UBAC2,13,0.2,0.51147,0.01875,0.25484,0.27639,True
407,HEATR1,27,0.43333,0.35331,0.01726,0.29085,0.27624,True
408,DIMT1,25,0.4,0.32435,0.09258,0.28689,0.27623,True
409,FOSL2,23,0.36667,0.36217,0.04594,0.29519,0.27616,True
410,XCR1,25,0.4,0.33438,0.0909,0.27762,0.27566,True
411,C1R,23,0.36667,0.35044,0.05862,0.29601,0.27546,True
412,TNFSF4,26,0.41667,0.29043,0.02152,0.3469,0.27535,True
413,NDUFB10,33,0.53333,0.21938,0.00131,0.36895,0.27521,True
414,TNFRSF13C,25,0.4,0.30289,0.04308,0.32958,0.27484,True
415,HDAC1,21,0.33333,0.3562,0.11144,0.27315,0.27475,False
416,IL21R,29,0.46667,0.27544,0.01005,0.34241,0.27448,True
417,IPO7,18,0.28333,0.38588,0.11316,0.26725,0.27443,True
418,KCNC1,19,0.3,0.30499,0.02052,0.37936,0.27338,True
419,UQCRB,26,0.41667,0.30459,0.04378,0.3151,0.27292,True
420,RYR3,20,0.31667,0.33722,0.02399,0.33752,0.2716,True
421,ASIP,16,0.25,0.4153,0.06202,0.27624,0.27118,True
422,CCL22,25,0.4,0.34096,0.0224,0.29558,0.27022,True
423,IRF4,25,0.4,0.31986,0.02121,0.3141,0.27014,True
424,CBFA2T3,20,0.31667,0.40371,0.02101,0.27747,0.26993,True
425,PRICKLE1,14,0.21667,0.46321,0.05329,0.24898,0.26926,True
426,CD6,22,0.35,0.35476,0.05489,0.28268,0.26884,True
427,TP63,19,0.3,0.43281,0.02856,0.2516,0.26861,True
428,IFNGR2,25,0.4,0.25887,0.14495,0.29098,0.26849,True
429,COPZ1,23,0.36667,0.36103,0.00557,0.29651,0.2682,True
430,LHX2,15,0.23333,0.44347,0.01642,0.27594,0.2679,True
431,CLK2,14,0.21667,0.36801,0.04556,0.32812,0.26685,True
432,UQCRC1,26,0.41667,0.259,0.0842,0.31311,0.26663,True
433,NDUFB6,32,0.51667,0.20835,0.00019,0.36037,0.26617,True
434,IFNLR1,26,0.41667,0.30184,0.01752,0.31176,0.26567,True
435,IL17RA,25,0.4,0.31935,0.01268,0.30573,0.26535,True
436,CD83,25,0.4,0.31412,0.03741,0.29598,0.26531,True
437,JAZF1,18,0.28333,0.43448,0.03866,0.24175,0.26519,True
438,COL15A1,18,0.28333,0.43521,0.01377,0.25355,0.26456,True
439,IL17A,26,0.41667,0.27934,0.00073,0.33617,0.26411,True
440,FBN2,15,0.23333,0.36053,0.08963,0.29212,0.26333,True
441,NDUFS1,30,0.48333,0.22126,0.02268,0.3416,0.26298,True
442,STAT1,26,0.41667,0.31043,0.03548,0.28609,0.26286,False
443,IL17F,26,0.41667,0.28392,0.01501,0.31955,0.26252,True
444,CLK3,14,0.21667,0.36396,0.05609,0.31282,0.26239,True
445,KCNA4,18,0.28333,0.26683,0.07645,0.35276,0.2613,True
446,IL2RG,25,0.4,0.27571,0.00383,0.33469,0.26062,True
447,SOX5,14,0.21667,0.44008,0.04597,0.24806,0.26054,True
448,DHX37,25,0.4,0.33424,0.01995,0.27479,0.26044,True
449,PTPN12,20,0.31667,0.33624,0.05114,0.29048,0.26027,True
450,CSF2RB,25,0.4,0.29726,0.02074,0.30446,0.25988,True
451,KCNA3,19,0.3,0.25736,0.08315,0.34463,0.25946,True
452,OSMR,25,0.4,0.29471,0.03153,0.29596,0.25831,True
453,NDUFS5,30,0.48333,0.22029,0.00308,0.34018,0.25827,True
454,NDUFAB1,30,0.48333,0.20982,0.00381,0.33937,0.25498,True
455,NDUFV2,30,0.48333,0.20401,0.00164,0.34371,0.25433,True
456,IL12RB2,26,0.41667,0.25403,0.00509,0.3239,0.25309,True
457,NDUFA9,30,0.48333,0.20183,0.00053,0.34156,0.2527,True
458,NDUFB4,30,0.48333,0.19913,0.00017,0.34243,0.25212,True
459,CD8A,24,0.38333,0.28763,0.07971,0.26353,0.25197,False
460,MSX2,14,0.21667,0.40006,0.0877,0.2315,0.25108,True
461,KCNMB2,16,0.25,0.3751,0.05333,0.25547,0.25011,True
462,IL19,25,0.4,0.28326,0.01277,0.29204,0.24975,True
463,FHIT,12,0.18333,0.31702,0.06884,0.32074,0.24863,True
464,GDA,18,0.28333,0.36796,0.06817,0.23448,0.24859,True
465,UBE2H,12,0.18333,0.4282,0.04973,0.23506,0.24818,True
466,ZC3H11A,18,0.28333,0.33443,0.03066,0.28065,0.24719,True
467,NDUFA5,29,0.46667,0.20102,0.00016,0.33217,0.2466,True
468,C2,21,0.33333,0.32937,0.01166,0.27147,0.24616,True
469,KCNQ4,19,0.3,0.29335,0.02705,0.30617,0.24558,True
470,NDUFA6,29,0.46667,0.19397,0.00012,0.33185,0.24436,True
471,CTNNB1,17,0.26667,0.33571,0.11817,0.22629,0.24355,False
472,IRF5,23,0.36667,0.24377,0.06531,0.29047,0.24286,True
473,NDUFB7,29,0.46667,0.18572,7e-05,0.33338,0.24241,True
474,JUN,22,0.35,0.31361,0.04892,0.24353,0.2416,False
475,HHEX,16,0.25,0.34756,0.08782,0.23255,0.24072,True
476,DLG4,17,0.26667,0.29734,0.11645,0.25135,0.24046,False
477,DNAJC24,11,0.16667,0.43117,0.01794,0.23534,0.24031,True
478,CAMLG,15,0.23333,0.32969,0.09579,0.24698,0.23951,True
479,IL23A,25,0.4,0.23321,0.00798,0.30639,0.23879,True
480,S1PR1,20,0.31667,0.27781,0.05559,0.27609,0.23859,True
481,KCNB1,15,0.23333,0.2364,0.01895,0.36774,0.23842,True
482,TIMMDC1,25,0.4,0.22874,0.01237,0.29298,0.23364,True
483,SLIT1,12,0.18333,0.35803,0.01899,0.26346,0.23092,True
484,MSRA,10,0.15,0.38848,0.04767,0.23198,0.22977,True
485,UNC5A,14,0.21667,0.29825,0.06391,0.27143,0.22976,True
486,IL4,25,0.4,0.25113,0.00371,0.26718,0.2296,False
487,NDUFC2,27,0.43333,0.17671,0.00012,0.31576,0.22855,True
488,DST,15,0.23333,0.3317,0.04744,0.23371,0.2258,True
489,SMG8,15,0.23333,0.36262,0.00574,0.23088,0.22574,True
490,NEU1,12,0.18333,0.36676,0.04907,0.22376,0.22566,True
491,SCN3A,15,0.23333,0.31485,0.02067,0.26259,0.22549,True
492,PTPN2,19,0.3,0.21649,0.04631,0.3008,0.22449,True
493,NFKBIE,19,0.3,0.28962,0.01774,0.25163,0.2235,True
494,CALM3,17,0.26667,0.27298,0.05158,0.25898,0.22285,False
495,PADI4,15,0.23333,0.28384,0.07318,0.25123,0.22272,True
496,RGS1,17,0.26667,0.28349,0.01719,0.26835,0.22241,True
497,GBF1,17,0.26667,0.27227,0.05505,0.25473,0.22185,True
498,MAGI3,11,0.16667,0.31294,0.03261,0.27443,0.22145,True
499,GRB2,18,0.28333,0.27202,0.08136,0.23086,0.22118,False
500,MMEL1,14,0.21667,0.35214,0.03179,0.21788,0.22076,True
501,IL18R1,19,0.3,0.25486,0.03839,0.25484,0.21833,True
502,PRKACA,18,0.28333,0.2984,0.04469,0.21475,0.21612,False
503,IL12B,22,0.35,0.20875,0.0329,0.26959,0.21606,True
504,MTMR3,17,0.26667,0.25709,0.00537,0.27797,0.21549,True
505,TAOK1,13,0.2,0.32928,0.04897,0.21892,0.2152,True
506,S1PR2,16,0.25,0.27741,0.02455,0.25443,0.21468,True
507,MGAT5,12,0.18333,0.34614,0.03492,0.21736,0.2144,True
508,PRKACB,18,0.28333,0.29268,0.04682,0.21196,0.21386,False
509,B3GNT2,15,0.23333,0.32432,0.00356,0.23086,0.21381,True
510,PANK1,11,0.16667,0.35355,0.01642,0.2261,0.21348,True
511,SEMA6A,10,0.15,0.3334,0.07745,0.21269,0.21245,True
512,NDUFC1,25,0.4,0.15911,0.00091,0.29632,0.21162,True
513,PACSIN1,12,0.18333,0.34432,0.0156,0.22139,0.2114,True
514,MTMR14,16,0.25,0.24776,0.00558,0.28062,0.21116,True
515,PRKACG,17,0.26667,0.27437,0.08915,0.2,0.21014,False
516,PPP1R10,10,0.15,0.32408,0.0258,0.23714,0.20788,True
517,SON,12,0.18333,0.31564,0.04415,0.21646,0.20678,True
518,HAPLN1,9,0.13333,0.33001,0.04448,0.22047,0.20507,True
519,MTMR6,15,0.23333,0.22506,0.01247,0.28503,0.20477,True
520,FOXK1,11,0.16667,0.28448,0.01057,0.26192,0.20413,True
521,RHOA,13,0.2,0.20504,0.15494,0.22989,0.20296,False
522,KLF2,17,0.26667,0.2259,0.08343,0.22424,0.20294,True
523,HSP90AA1,16,0.25,0.26162,0.10238,0.18363,0.20073,False
524,PLCL1,14,0.21667,0.26965,0.00181,0.24553,0.19969,True
525,GNAI1,16,0.25,0.25764,0.03439,0.21772,0.19787,False
526,ATP4B,13,0.2,0.29788,0.02,0.21101,0.19722,True
527,HSP90AB1,14,0.21667,0.23814,0.18662,0.15819,0.19663,False
528,IKBKG,19,0.3,0.23634,0.01653,0.21939,0.19599,False
529,IL1F10,14,0.21667,0.278,0.01495,0.21178,0.19301,True
530,TNFRSF13B,17,0.26667,0.19928,0.02019,0.2519,0.19199,True
531,KCNK2,11,0.16667,0.27951,0.04663,0.2102,0.19175,True
532,MAPK3,16,0.25,0.26784,0.06187,0.17415,0.19118,False
533,TNFSF14,18,0.28333,0.20397,0.01522,0.24099,0.19108,True
534,SLC24A5,10,0.15,0.26218,0.0413,0.2329,0.19093,True
535,LRRC18,1,0.0,0.07846,0.0,0.47669,0.19038,True
536,WDFY4,1,0.0,0.07846,0.0,0.47669,0.19038,True
537,ZFP36L1,11,0.16667,0.24674,0.09828,0.20212,0.18942,True
538,RASGRP3,14,0.21667,0.25245,0.01924,0.21833,0.1885,True
539,CARMIL1,8,0.11667,0.29639,0.01077,0.22827,0.18847,True
540,RAP2B,13,0.2,0.23776,0.04286,0.21742,0.186,True
541,AKT1,15,0.23333,0.24693,0.07162,0.1766,0.18521,False
542,MASTL,13,0.2,0.26376,0.02572,0.20232,0.18508,True
543,GLIS3,8,0.11667,0.28235,0.01159,0.22965,0.1849,True
544,PTPN11,17,0.26667,0.21602,0.05014,0.19938,0.18461,False
545,PSTPIP1,13,0.2,0.24433,0.02242,0.21916,0.18449,True
546,ELF3,9,0.13333,0.29932,0.0136,0.20465,0.18414,True
547,IL2,20,0.31667,0.19924,0.00311,0.21648,0.18366,False
548,HIP1,14,0.21667,0.23106,0.04456,0.20774,0.18344,True
549,FAM8A1,9,0.13333,0.28099,0.01542,0.21724,0.18341,True
550,MAPK1,15,0.23333,0.2458,0.0813,0.16184,0.18165,False
551,S1PR3,14,0.21667,0.22011,0.00276,0.23438,0.18112,True
552,NRG3,13,0.2,0.24971,0.01054,0.20687,0.17943,True
553,TEAD3,11,0.16667,0.24509,0.01612,0.22171,0.17935,True
554,HELZ,6,0.08333,0.2565,0.04231,0.23178,0.17904,True
555,RNASET2,5,0.06667,0.2592,2e-05,0.25767,0.17795,True
556,SNRK,5,0.06667,0.2592,2e-05,0.25767,0.17795,True
557,ANXA11,5,0.06667,0.2592,2e-05,0.25767,0.17795,True
558,ANKRD55,5,0.06667,0.2592,2e-05,0.25767,0.17795,True
559,FAM98B,5,0.06667,0.2592,0.0,0.25767,0.17794,True
560,CTSH,11,0.16667,0.24564,0.01948,0.2143,0.17759,True
561,CHRNG,6,0.08333,0.25948,0.04231,0.22427,0.1773,True
562,MST1,7,0.1,0.27064,0.01077,0.22101,0.1757,True
563,KCNG1,10,0.15,0.22293,0.03743,0.21992,0.17384,True
564,PLCG1,14,0.21667,0.2038,0.09734,0.17085,0.17291,False
565,ADAMTS2,11,0.16667,0.24257,0.01864,0.19701,0.17045,True
566,DUSP22,10,0.15,0.25051,0.01667,0.19551,0.16941,True
567,IL12A,17,0.26667,0.16492,0.01328,0.22054,0.16932,True
568,CALML6,14,0.21667,0.20799,0.04397,0.18427,0.16819,False
569,RELA,15,0.23333,0.20714,0.04437,0.17712,0.16801,False
570,AKAP11,11,0.16667,0.24152,0.01733,0.18923,0.16715,True
571,TET3,11,0.16667,0.22703,0.0086,0.20562,0.1668,True
572,CALML4,14,0.21667,0.20799,0.03614,0.18421,0.1666,False
573,BACH2,13,0.2,0.20583,0.00674,0.20842,0.16604,True
574,BRCA1,10,0.15,0.1949,0.22077,0.11605,0.16574,False
575,SLC29A3,6,0.08333,0.24421,0.00897,0.2229,0.16557,True
576,CXCL8,17,0.26667,0.19138,0.03197,0.17351,0.16454,False
577,FAM20B,4,0.05,0.21401,0.0,0.25767,0.16189,True
578,CALML3,14,0.21667,0.20998,0.00254,0.18632,0.16121,False
579,TREX1,8,0.11667,0.22092,0.05733,0.18828,0.16114,True
580,CALML5,14,0.21667,0.21,0.00209,0.18635,0.16114,False
581,ACOXL,5,0.06667,0.21748,0.00718,0.24123,0.16111,True
582,ELOVL2,10,0.15,0.23269,0.00846,0.18733,0.15956,True
583,CHUK,16,0.25,0.19386,0.00151,0.17837,0.15839,False
584,LYST,9,0.13333,0.22204,0.00506,0.20073,0.15788,True
585,TNFSF18,14,0.21667,0.16696,0.01161,0.20819,0.15778,True
586,LMO4,9,0.13333,0.22567,0.02656,0.1841,0.15744,True
587,TPD52,5,0.06667,0.2289,0.00718,0.22056,0.1573,True
588,PIK3CA,15,0.23333,0.20016,0.01577,0.16845,0.15716,False
589,TREH,7,0.1,0.22453,0.04182,0.18965,0.1571,True
590,RACK1,11,0.16667,0.17809,0.1153,0.15873,0.15704,False
591,TNIP1,13,0.2,0.17743,0.00595,0.20718,0.15693,True
592,PTEN,10,0.15,0.17307,0.16972,0.13694,0.15629,False
593,GNAI3,13,0.2,0.20395,0.0188,0.17522,0.15627,False
594,ARID5B,7,0.1,0.20677,0.04641,0.19865,0.15584,True
595,NCOR1,13,0.2,0.22304,0.01572,0.15781,0.15529,False
596,FADS2,10,0.15,0.20634,0.03719,0.18045,0.155,True
597,MTMR10,6,0.08333,0.20687,0.00777,0.22424,0.1546,True
598,NDFIP1,10,0.15,0.21208,0.0101,0.18713,0.15364,True
599,GNAI2,13,0.2,0.20395,0.00567,0.17516,0.15362,False
600,ANXA6,8,0.11667,0.18631,0.04488,0.20244,0.15322,True
601,DLC1,10,0.15,0.1975,0.01266,0.19688,0.15319,True
602,MYD88,15,0.23333,0.18373,0.0034,0.17321,0.15142,False
603,BANK1,11,0.16667,0.14177,0.02321,0.2219,0.14984,True
604,LAT2,11,0.16667,0.15762,0.02049,0.20876,0.14945,True
605,MMP25,10,0.15,0.19957,0.01131,0.18477,0.1493,True
606,ERAP1,8,0.11667,0.15886,0.04212,0.2159,0.14915,True
607,ERG,9,0.13333,0.17503,0.03654,0.19681,0.1487,True
608,KCNC3,10,0.15,0.13922,0.0187,0.22642,0.14725,True
609,CREBBP,13,0.2,0.19556,0.04419,0.1421,0.14724,False
610,MANBA,5,0.06667,0.20277,0.00718,0.21417,0.14723,True
611,AFF3,10,0.15,0.20353,0.01081,0.17427,0.14671,True
612,TRAF3IP2,14,0.21667,0.1405,0.01077,0.19953,0.14664,True
613,LYN,13,0.2,0.18276,0.01768,0.16521,0.14619,False
614,TPCN2,8,0.11667,0.18796,0.02454,0.19246,0.14616,True
615,CD58,13,0.2,0.14229,0.0184,0.19886,0.14597,True
616,KANK2,3,0.03333,0.16883,0.0,0.25767,0.14583,True
617,LRRC4C,5,0.06667,0.17112,0.07386,0.19822,0.14548,True
618,GNB1,12,0.18333,0.19926,0.00653,0.16142,0.14508,False
619,DKKL1,6,0.08333,0.20213,0.00735,0.19985,0.14456,True
620,STAT5B,15,0.23333,0.16188,0.00589,0.16833,0.14366,False
621,COL13A1,7,0.1,0.20631,0.00718,0.18509,0.14311,True
622,KCNH1,10,0.15,0.13611,0.04706,0.19918,0.14246,True
623,MTMR9,6,0.08333,0.12985,0.00574,0.25631,0.14231,True
624,STAT5A,15,0.23333,0.16011,0.00182,0.1682,0.14227,False
625,FN1,11,0.16667,0.18829,0.05355,0.14241,0.14204,False
626,KCNC4,10,0.15,0.1262,0.00731,0.22806,0.14164,True
627,PPHLN1,6,0.08333,0.18189,0.03999,0.18975,0.14148,True
628,TNFSF15,10,0.15,0.16795,0.01222,0.18677,0.1407,True
629,CLEC4C,10,0.15,0.17019,0.01599,0.18008,0.13979,True
630,RBFOX1,7,0.1,0.19832,0.00839,0.17881,0.13876,True
631,TRIB2,8,0.11667,0.19055,0.00646,0.1792,0.13868,True
632,UBC,10,0.15,0.16057,0.11747,0.12494,0.13789,False
633,KCNA6,9,0.13333,0.12429,0.00788,0.22436,0.13739,True
634,GM2A,5,0.06667,0.17424,0.01435,0.20445,0.1367,True
635,TCTE1,8,0.11667,0.39475,0.0,0.0,0.13593,False
636,TNFSF13,10,0.15,0.13648,0.04321,0.18142,0.13558,True
637,TEC,11,0.16667,0.14637,0.00458,0.18765,0.13551,True
638,S1PR4,10,0.15,0.1472,0.0023,0.19452,0.1352,True
639,SPRED2,6,0.08333,0.18494,0.00846,0.18454,0.13426,True
640,HDAC2,11,0.16667,0.1868,0.03164,0.1339,0.13423,False
641,STAT2,14,0.21667,0.15572,0.00441,0.15418,0.13406,False
642,FLRT2,8,0.11667,0.15273,0.02631,0.18699,0.13403,True
643,C3,11,0.16667,0.17749,0.05581,0.12491,0.13313,False
644,BMP2K,9,0.13333,0.1741,0.00589,0.17057,0.1331,True
645,GNG2,11,0.16667,0.17078,0.04266,0.1367,0.13261,False
646,RANBP3,9,0.13333,0.16291,0.01647,0.1717,0.13226,True
647,S1PR5,10,0.15,0.1439,0.00458,0.18737,0.13216,True
648,KCND1,9,0.13333,0.12047,0.00753,0.20946,0.13096,True
649,CCND1,12,0.18333,0.1788,0.00827,0.13748,0.13091,False
650,WDR37,2,0.01667,0.12364,0.0,0.25767,0.12978,True
651,PTPRN2,2,0.01667,0.12364,1e-05,0.25767,0.12978,True
652,GRHL2,2,0.01667,0.12364,0.0,0.25767,0.12978,True
653,KCNH8,2,0.01667,0.12364,0.0,0.25767,0.12978,True
654,PLAC8,2,0.01667,0.12364,0.0,0.25767,0.12978,True
655,GPR78,2,0.01667,0.12364,0.0,0.25767,0.12978,True
656,NAGPA,2,0.01667,0.12364,0.0,0.25767,0.12978,True
657,KCNB2,8,0.11667,0.10798,0.00303,0.2263,0.12971,True
658,ARF1,10,0.15,0.15239,0.0621,0.1395,0.12946,False
659,PIK3R2,12,0.18333,0.16353,0.02452,0.13649,0.12923,False
660,LPP,4,0.05,0.13744,0.00502,0.22532,0.1286,True
661,KCNV2,4,0.05,0.12079,0.04408,0.21521,0.12788,True
662,TRAF2,13,0.2,0.15028,0.00103,0.14805,0.12711,False
663,SHTN1,3,0.03333,0.13143,0.00358,0.23369,0.12693,True
664,SHC1,12,0.18333,0.15548,0.01884,0.13798,0.12621,False
665,CTBP1,8,0.11667,0.14694,0.00182,0.18276,0.12591,False
666,ZNF207,7,0.1,0.16724,0.00835,0.16714,0.12534,True
667,KCNA7,8,0.11667,0.1191,0.0031,0.20422,0.12533,True
668,HSPA4,10,0.15,0.16733,0.04437,0.11786,0.12282,False
669,CXCR4,11,0.16667,0.15813,0.04261,0.11954,0.1228,False
670,CD38,10,0.15,0.1464,0.06857,0.12032,0.12225,False
671,IL1A,13,0.2,0.14095,0.00269,0.14005,0.12184,False
672,NR2F1,6,0.08333,0.15625,0.00718,0.17375,0.12162,True
673,IL12RB1,13,0.2,0.12873,0.01018,0.14531,0.12151,False
674,CD28,12,0.18333,0.14067,0.00766,0.14195,0.12092,False
675,NAB1,4,0.05,0.14422,0.00538,0.19537,0.12022,True
676,SYTL2,4,0.05,0.14265,0.00421,0.19684,0.12003,True
677,FAM167A,4,0.05,0.07696,0.00303,0.25232,0.1195,True
678,TECTA,4,0.05,0.12719,0.00536,0.20341,0.11792,True
679,KCNF1,7,0.1,0.10112,0.03804,0.18301,0.117,True
680,KRAS,10,0.15,0.15243,0.01786,0.12887,0.1169,False
681,GABRP,8,0.11667,0.12903,0.0152,0.16262,0.11617,True
682,IL5,13,0.2,0.12548,0.00345,0.13541,0.11573,False
683,NCOR2,10,0.15,0.16759,0.02017,0.11072,0.11556,False
684,PIK3CD,11,0.16667,0.14969,0.00832,0.12474,0.11523,False
685,NRSN1,3,0.03333,0.11686,0.03694,0.19323,0.11508,True
686,MAPK8,11,0.16667,0.15323,0.01254,0.11821,0.11485,False
687,AHNAK2,3,0.03333,0.12309,0.00359,0.20586,0.11469,True
688,UQCC2,4,0.05,0.13167,0.00536,0.18949,0.1144,True
689,IFNA1,12,0.18333,0.129,0.0165,0.12755,0.11414,False
690,CLEC16A,6,0.08333,0.13304,0.00836,0.17092,0.11391,True
691,TAFA4,1,0.0,0.07846,0.0,0.25767,0.11372,True
692,LRIT2,1,0.0,0.07846,0.0,0.25767,0.11372,True
693,CCDC91,1,0.0,0.07846,0.0,0.25767,0.11372,True
694,CMC1,1,0.0,0.07846,0.0,0.25767,0.11372,True
695,PGBD5,1,0.0,0.07846,0.0,0.25767,0.11372,True
696,DNASE1,1,0.0,0.07846,0.0,0.25767,0.11372,True
697,ARHGAP15,1,0.0,0.07846,0.0,0.25767,0.11372,True
698,SWAP70,1,0.0,0.07846,0.0,0.25767,0.11372,True
699,FRG2C,1,0.0,0.07846,0.0,0.25767,0.11372,True
700,MFSD6,1,0.0,0.07846,0.0,0.25767,0.11372,True
701,DMRT2,1,0.0,0.07846,0.0,0.25767,0.11372,True
702,DAP,1,0.0,0.07846,0.0,0.25767,0.11372,True
703,CEMIP2,1,0.0,0.07846,0.0,0.25767,0.11372,True
704,ETV3,1,0.0,0.07846,0.0,0.25767,0.11372,True
705,NXPE1,1,0.0,0.07846,0.0,0.25767,0.11372,True
706,VWC2,1,0.0,0.07846,0.0,0.25767,0.11372,True
707,TOX2,1,0.0,0.07846,0.0,0.25767,0.11372,True
708,ZC2HC1A,1,0.0,0.07846,0.0,0.25767,0.11372,True
709,SPIN3,1,0.0,0.07846,0.0,0.25767,0.11372,True
710,NELL2,3,0.03333,0.12681,0.00359,0.1994,0.11355,True
711,STAT6,12,0.18333,0.12705,0.00131,0.13582,0.11342,False
712,INAVA,3,0.03333,0.10982,0.00359,0.21313,0.11326,True
713,HRH1,8,0.11667,0.11545,0.02446,0.15844,0.11248,True
714,DDX58,11,0.16667,0.14552,0.00961,0.1197,0.11247,False
715,CCNA2,10,0.15,0.16017,0.0031,0.11547,0.11158,False
716,HIVEP3,5,0.06667,0.1368,0.0059,0.16943,0.11152,True
717,GNAQ,9,0.13333,0.14587,0.02002,0.12418,0.11123,False
718,ENPP3,9,0.13333,0.16525,0.02831,0.10223,0.11102,False
719,KCNG4,6,0.08333,0.08503,0.03585,0.18806,0.111,True
720,ADGRF5,3,0.03333,0.11834,0.00359,0.19772,0.11042,True
721,RUNX2,8,0.11667,0.14589,0.03137,0.12159,0.1101,False
722,SPI1,10,0.15,0.14535,0.00549,0.12221,0.10998,False
723,VPS13C,6,0.08333,0.12649,0.03656,0.1475,0.10938,True
724,NDUFS3,14,0.21667,0.09675,0.00097,0.13569,0.10921,False
725,CDC5L,7,0.1,0.1371,0.06051,0.11663,0.10905,False
726,NCOA1,10,0.15,0.16526,0.00168,0.10438,0.10895,False
727,KIF11,7,0.1,0.14221,0.0359,0.12468,0.10848,False
728,NDUFA12,14,0.21667,0.09307,0.0,0.13725,0.10846,False
729,ERBB2,10,0.15,0.1432,0.01293,0.11436,0.10807,False
730,CBL,9,0.13333,0.1431,0.02293,0.11582,0.10805,False
731,CCR7,11,0.16667,0.12409,0.02303,0.11653,0.10762,False
732,CASP8,10,0.15,0.13181,0.03086,0.11232,0.10753,False
733,PLCG2,10,0.15,0.13608,0.00552,0.12291,0.10745,False
734,DSE,4,0.05,0.12192,0.03947,0.15794,0.10725,True
735,NDUFS7,14,0.21667,0.08892,0.0,0.13645,0.10693,False
736,ENPP1,9,0.13333,0.16575,0.0052,0.10252,0.10664,False
737,IL7,12,0.18333,0.11182,5e-05,0.12988,0.10651,False
738,NDUFS4,14,0.21667,0.08852,0.0,0.13557,0.1065,False
739,BYSL,9,0.13333,0.11249,0.10594,0.08997,0.10643,False
740,NDUFA10,14,0.21667,0.08654,0.00022,0.13655,0.1063,False
741,RPL23A,8,0.11667,0.12424,0.10688,0.08572,0.10615,False
742,MYNN,4,0.05,0.11997,0.00538,0.17545,0.10598,True
743,AP2B1,9,0.13333,0.14174,0.03037,0.10575,0.10561,False
744,NDUFA3,14,0.21667,0.08406,0.0,0.13561,0.10518,False
745,NDUFA7,14,0.21667,0.08395,0.0,0.13531,0.10504,False
746,NDUFA1,14,0.21667,0.08387,0.0,0.13532,0.10502,False
747,NDUFA11,14,0.21667,0.08406,0.0,0.13493,0.10494,False
748,TBX21,11,0.16667,0.12337,0.00396,0.12028,0.1049,False
749,CD52,8,0.11667,0.10488,0.00418,0.15699,0.10474,True
750,MDM2,9,0.13333,0.14049,0.01993,0.10935,0.1044,False
751,CD27,11,0.16667,0.11736,0.00359,0.12373,0.10423,False
752,ICOS,11,0.16667,0.11331,0.00458,0.12362,0.10318,False
753,SLC26A8,3,0.03333,0.10969,0.00359,0.18272,0.10258,True
754,CCNB1,8,0.11667,0.14638,0.03893,0.09529,0.10255,False
755,L3MBTL3,4,0.05,0.11339,0.01073,0.16621,0.10184,True
756,SBF1,5,0.06667,0.10788,0.00516,0.16535,0.10127,True
757,IL15,11,0.16667,0.10889,0.00603,0.11976,0.10079,False
758,CCN4,4,0.05,0.11414,0.00367,0.16512,0.10027,True
759,CALM2,9,0.13333,0.12759,0.01047,0.1139,0.10024,False
760,DAPK1,1,0.0,0.07846,0.0,0.21902,0.10019,False
761,CHRD,1,0.0,0.07846,0.0,0.21902,0.10019,False
762,DNASE2,1,0.0,0.07846,0.0,0.21902,0.10019,False
763,PHACTR3,1,0.0,0.07846,0.0,0.21902,0.10019,False
764,ZNF461,1,0.0,0.07846,0.0,0.21902,0.10019,False
765,GTDC1,1,0.0,0.07846,0.0,0.21902,0.10019,False
766,THAP9,1,0.0,0.07846,0.0,0.21902,0.10019,False
767,LRRTM2,1,0.0,0.07846,0.0,0.21902,0.10019,False
768,SRY,1,0.0,0.07846,0.0,0.21902,0.10019,False
769,GGA1,1,0.0,0.07846,0.0,0.21902,0.10019,False
770,LRIT1,1,0.0,0.07846,0.0,0.21902,0.10019,False
771,DDX20,1,0.0,0.07846,0.0,0.21902,0.10019,False
772,CASTOR1,1,0.0,0.07846,0.0,0.21902,0.10019,False
773,MFSD9,1,0.0,0.07846,0.0,0.21902,0.10019,False
774,SPINDOC,1,0.0,0.07846,0.0,0.21902,0.10019,False
775,BRK1,1,0.0,0.07846,0.0,0.21902,0.10019,False
776,COA3,1,0.0,0.07846,0.0,0.21902,0.10019,False
777,ZNF354A,1,0.0,0.07846,0.0,0.21902,0.10019,False
778,NXPE4,1,0.0,0.07846,0.0,0.21902,0.10019,False
779,HRH2,6,0.08333,0.11031,0.01716,0.14453,0.09961,True
780,ITGAL,9,0.13333,0.1285,0.0176,0.10639,0.0993,False
781,UQCRFS1,12,0.18333,0.09483,0.00964,0.11676,0.09874,False
782,IGHV3-43D,10,0.15,0.11087,0.00338,0.12021,0.09851,False
783,DCAF4L1,4,0.05,0.10913,0.00367,0.16338,0.09816,True
784,GNA13,8,0.11667,0.12032,0.02761,0.11067,0.09785,False
785,IRS1,9,0.13333,0.12123,0.03049,0.10046,0.09763,False
786,CAV1,8,0.11667,0.11944,0.04782,0.09923,0.09763,False
787,KCNS3,6,0.08333,0.0723,0.0,0.18053,0.09738,True
788,EVI5,4,0.05,0.10579,0.00664,0.16088,0.09687,True
789,MICA,6,0.08333,0.10557,0.00178,0.14923,0.09676,True
790,CDC20,8,0.11667,0.1499,0.00615,0.09438,0.09673,False
791,FOXP3,10,0.15,0.11571,0.00361,0.11032,0.09654,False
792,SP140,3,0.03333,0.10782,0.00179,0.16735,0.09628,True
793,EPRS1,6,0.08333,0.13432,0.10739,0.06274,0.09623,False
794,NT5E,7,0.1,0.13129,0.0858,0.06961,0.09591,False
795,NOP16,7,0.1,0.10381,0.01197,0.13446,0.0956,True
796,LCK,9,0.13333,0.11508,0.01888,0.10658,0.0956,False
797,IL9,11,0.16667,0.10076,0.00017,0.11521,0.09559,False
798,CCL5,10,0.15,0.12149,0.00286,0.10205,0.09524,False
799,IFNB1,10,0.15,0.11501,0.00393,0.10653,0.09507,False
800,CDK2,9,0.13333,0.12988,0.00106,0.10218,0.09494,False
801,KCNH6,5,0.06667,0.08681,0.01776,0.15612,0.09424,True
802,KCNS1,5,0.06667,0.07214,0.00188,0.1766,0.09383,True
803,KCNC2,6,0.08333,0.07,1e-05,0.17211,0.09374,True
804,DENND1B,4,0.05,0.09817,0.00914,0.15617,0.09344,True
805,RPL11,8,0.11667,0.13332,0.00771,0.09808,0.09337,False
806,ICAM1,9,0.13333,0.11519,0.00283,0.1091,0.09331,False
807,MT-ND1,12,0.18333,0.08343,0.0,0.11594,0.09311,False
808,LOC102723407,8,0.11667,0.10708,0.05239,0.09417,0.09306,False
809,UBASH3A,6,0.08333,0.08723,0.02129,0.14301,0.09298,True
810,FLNA,7,0.1,0.12499,0.01634,0.10537,0.09265,False
811,SNRPA1,8,0.11667,0.13095,0.00124,0.1015,0.09256,False
812,LCP2,8,0.11667,0.10893,0.01805,0.11035,0.09241,False
813,GNB5,8,0.11667,0.12506,0.01737,0.09558,0.09195,False
814,SLC22A4,5,0.06667,0.09059,0.01599,0.14633,0.09159,True
815,RAC3,7,0.1,0.14608,0.01466,0.08173,0.09036,False
816,NDUFV3,12,0.18333,0.07257,0.0,0.11654,0.09006,False
817,PTPN6,9,0.13333,0.10623,0.01017,0.10212,0.08964,False
818,NDUFA2,12,0.18333,0.0703,0.0,0.11652,0.08937,False
819,HEATR3,5,0.06667,0.09839,0.00372,0.13853,0.08875,True
820,AP2A1,8,0.11667,0.12823,0.00358,0.09154,0.08872,False
821,MAP3K7,9,0.13333,0.10849,0.00722,0.09841,0.08843,False
822,PDE4C,4,0.05,0.0936,0.00359,0.1479,0.08806,True
823,CYTH1,3,0.03333,0.08865,0.00897,0.15581,0.08792,False
824,CDC42,7,0.1,0.11085,0.00822,0.10859,0.0879,False
825,MTMR2,4,0.05,0.09969,0.00753,0.13947,0.08773,False
826,H3C13,6,0.08333,0.12949,0.00172,0.10264,0.08761,False
827,GLDN,4,0.05,0.08537,0.00185,0.15463,0.0876,True
828,TBK1,9,0.13333,0.10627,0.00029,0.10173,0.08754,False
829,HMGA2,3,0.03333,0.08995,0.00289,0.157,0.08751,False
830,H3C12,6,0.08333,0.12815,0.00463,0.10166,0.08745,False
831,SNRPG,8,0.11667,0.12927,0.0017,0.08728,0.08717,False
832,FBN1,6,0.08333,0.11229,0.014,0.10896,0.08712,False
833,SIRPG,5,0.06667,0.08878,0.00882,0.13817,0.08676,True
834,FYN,7,0.1,0.10785,0.05139,0.08165,0.08621,False
835,CREB1,8,0.11667,0.12643,0.00232,0.0864,0.08613,False
836,CD79A,8,0.11667,0.10637,0.00073,0.10445,0.08612,False
837,CCNA1,8,0.11667,0.11733,0.00746,0.09066,0.08592,False
838,BIRC2,9,0.13333,0.10053,7e-05,0.10212,0.08592,False
839,ETV6,4,0.05,0.08216,0.00406,0.15107,0.08583,False
840,PAX5,8,0.11667,0.10324,0.0083,0.10197,0.08582,False
841,KCNE1,8,0.11667,0.09777,0.0061,0.10761,0.08572,False
842,VDAC1,7,0.1,0.13254,0.01613,0.07873,0.08555,False
843,HIF1A,7,0.1,0.10754,0.05957,0.07524,0.08551,False
844,ANKS1A,3,0.03333,0.08068,0.00359,0.1588,0.0855,True
845,IRAK4,9,0.13333,0.1025,0.0,0.09902,0.08541,False
846,ADCY5,7,0.1,0.11253,0.02144,0.09217,0.08531,False
847,NISCH,5,0.06667,0.0875,0.01128,0.13365,0.08529,True
848,FCRL3,6,0.08333,0.07546,0.00458,0.14062,0.08527,True
849,BOD1L2,2,0.01667,0.07639,0.00179,0.16978,0.0852,True
850,PIK3R3,8,0.11667,0.10712,0.01262,0.09247,0.08452,False
851,TENM2,4,0.05,0.08537,0.0,0.14675,0.08447,True
852,MBL2,8,0.11667,0.11612,0.0019,0.0905,0.08439,False
853,PHTF1,3,0.03333,0.08009,0.00278,0.15636,0.08431,True
854,NSRP1,3,0.03333,0.08399,0.00359,0.15217,0.08417,True
855,CXCL10,9,0.13333,0.10224,0.00603,0.09094,0.08371,False
856,ITGB2,8,0.11667,0.10581,0.01093,0.09179,0.08356,False
857,SOCS3,9,0.13333,0.09222,0.01436,0.09428,0.08354,False
858,IRF3,7,0.1,0.09535,0.04739,0.087,0.08354,False
859,NFKBIL1,4,0.05,0.06401,0.05558,0.12976,0.08323,True
860,DLG1,7,0.1,0.10463,0.01549,0.0961,0.08312,False
861,IGLL5,8,0.11667,0.09081,0.02786,0.09271,0.08276,False
862,GMPS,7,0.1,0.1371,0.01171,0.0688,0.08255,False
863,RAC2,7,0.1,0.12842,0.00637,0.07925,0.08254,False
864,IFNGR1,9,0.13333,0.09395,0.00068,0.0977,0.08251,False
865,FRMD4A,2,0.01667,0.06519,0.00179,0.17026,0.08201,True
866,TAGAP,4,0.05,0.07928,0.00991,0.13876,0.08183,True
867,NCBP1,6,0.08333,0.11359,0.05876,0.06711,0.08182,False
868,SYNGR1,4,0.05,0.08191,0.01935,0.12956,0.08129,True
869,EXO1,6,0.08333,0.13173,0.02657,0.06838,0.08127,False
870,ARAP1,5,0.06667,0.07273,0.01726,0.13135,0.08125,True
871,ATP2C1,3,0.03333,0.08398,0.00238,0.14391,0.08104,True
872,MAVS,8,0.11667,0.10381,0.00308,0.09079,0.08104,False
873,RXRA,7,0.1,0.12902,0.01115,0.07101,0.08079,False
874,RORC,8,0.11667,0.1064,0.00779,0.08477,0.08064,False
875,MRTO4,7,0.1,0.11057,0.02953,0.07576,0.08059,False
876,CEP57,3,0.03333,0.08375,0.00518,0.14077,0.08043,True
877,BTRC,7,0.1,0.11035,0.01379,0.08423,0.08034,False
878,COL3A1,6,0.08333,0.12471,0.01137,0.07809,0.07952,False
879,ZNF704,3,0.03333,0.06509,0.0057,0.1532,0.07929,True
880,CACNA1C,7,0.1,0.08667,0.045,0.08253,0.07889,False
881,ADSL,7,0.1,0.11786,0.01712,0.07125,0.07872,False
882,RPS27A,7,0.1,0.10953,0.01148,0.08041,0.0783,False
883,TGFB1,7,0.1,0.10967,0.01361,0.07864,0.07814,False
884,SMAD2,7,0.1,0.10991,0.00723,0.0815,0.07794,False
885,IL22,9,0.13333,0.08178,0.0,0.09452,0.07761,False
886,ACAP1,4,0.05,0.06363,0.00355,0.14255,0.07719,True
887,RPL35,7,0.1,0.11126,0.01593,0.07286,0.07707,False
888,GPR19,2,0.01667,0.05491,0.00179,0.16329,0.07648,True
889,RUVBL1,6,0.08333,0.11449,0.03048,0.06678,0.07631,False
890,SCUBE3,4,0.05,0.07568,0.00363,0.12954,0.07627,True
891,PCP4,5,0.06667,0.06663,0.0,0.13184,0.07613,True
892,UTP3,8,0.11667,0.09412,0.01755,0.07654,0.07604,False
893,SNRPF,7,0.1,0.11364,0.0,0.07643,0.07585,False
894,GNAS,6,0.08333,0.11334,0.00286,0.08127,0.07552,False
895,C1QC,7,0.1,0.10378,0.0,0.08393,0.07551,False
896,CRP,7,0.1,0.10182,0.01167,0.07861,0.07539,False
897,BCL2,6,0.08333,0.11097,0.01779,0.07398,0.07524,False
898,ARHGAP24,4,0.05,0.0682,0.00397,0.13274,0.07521,True
899,BCL2L1,6,0.08333,0.11316,0.01316,0.07437,0.07511,False
900,SART1,5,0.06667,0.09548,0.04127,0.08051,0.07508,False
901,EGF,7,0.1,0.09113,0.0276,0.07773,0.07506,False
902,THBS1,6,0.08333,0.11271,0.01634,0.07235,0.0749,False
903,GRIA1,7,0.1,0.10579,0.00436,0.07794,0.07489,False
904,SNW1,5,0.06667,0.08242,0.11058,0.05134,0.07481,False
905,NDUFB8,10,0.15,0.06052,0.0,0.09738,0.07474,False
906,CCNL2,7,0.1,0.10204,0.00189,0.08137,0.07447,False
907,CD79B,7,0.1,0.09171,0.00028,0.09106,0.07444,False
908,KCNV1,4,0.05,0.04809,0.0,0.14952,0.07426,True
909,KCNIP2,6,0.08333,0.08439,0.00016,0.10398,0.07424,False
910,NDUFB3,10,0.15,0.05887,0.0,0.09733,0.07422,False
911,TFCP2L1,2,0.01667,0.06295,0.00179,0.1499,0.07421,True
912,TNRC18,2,0.01667,0.05888,0.00179,0.15282,0.07401,True
913,KIF20A,5,0.06667,0.10643,0.06162,0.05578,0.07377,False
914,NCOA3,7,0.1,0.11132,0.0,0.07233,0.07371,False
915,MT-ND2,10,0.15,0.05823,0.0,0.09636,0.07369,False
916,ARF6,4,0.05,0.07441,0.00366,0.12299,0.0736,False
917,IL3,8,0.11667,0.08414,0.00096,0.08694,0.07336,False
918,CAMTA1,3,0.03333,0.06392,0.00764,0.13608,0.07333,True
919,SCN1B,6,0.08333,0.07987,0.00041,0.10497,0.07328,False
920,NRAS,7,0.1,0.09639,0.00166,0.08296,0.07328,False
921,CXCL12,7,0.1,0.08472,0.03792,0.07153,0.07303,False
922,CD74,5,0.06667,0.08192,0.09692,0.05449,0.07303,False
923,GPATCH11,4,0.05,0.06847,0.00299,0.1268,0.07302,True
924,ITGA5,6,0.08333,0.10116,0.00707,0.08161,0.07282,False
925,GNA12,6,0.08333,0.09157,0.00291,0.09209,0.07279,False
926,RAC1,6,0.08333,0.11135,0.02034,0.06492,0.0727,False
927,ATIC,6,0.08333,0.12508,0.0107,0.05789,0.07243,False
928,SPHK1,6,0.08333,0.09323,0.00658,0.08719,0.0723,False
929,BUB1B,6,0.08333,0.11407,0.00139,0.07193,0.07217,False
930,FCER1G,7,0.1,0.08879,0.01054,0.08047,0.07191,False
931,PRKG2,5,0.06667,0.11558,0.02421,0.06364,0.07179,False
932,BECN1,6,0.08333,0.10375,0.03034,0.06309,0.07177,False
933,LTBR,6,0.08333,0.07646,0.0539,0.07225,0.0715,False
934,IGF2,5,0.06667,0.07879,0.03366,0.08863,0.07139,False
935,DAXX,6,0.08333,0.09208,0.00482,0.0864,0.07133,False
936,RREB1,4,0.05,0.06242,0.00157,0.12743,0.07114,True
937,CCNT1,5,0.06667,0.09359,0.06089,0.05968,0.07114,False
938,RPL5,6,0.08333,0.10201,0.0,0.08011,0.07114,False
939,PSD4,2,0.01667,0.05179,0.00179,0.15065,0.07112,True
940,PRAG1,2,0.01667,0.05323,0.00179,0.14864,0.07085,True
941,KCNH3,2,0.01667,0.0415,0.03515,0.13956,0.07083,True
942,BUB1,6,0.08333,0.1111,0.00429,0.06876,0.07075,False
943,HSPA9,5,0.06667,0.09428,0.0596,0.05863,0.07072,False
944,NUDT2,3,0.03333,0.07287,0.0057,0.122,0.0707,False
945,SQSTM1,6,0.08333,0.11386,0.00828,0.06376,0.07063,False
946,RANBP2,6,0.08333,0.09858,0.00988,0.07535,0.07042,False
947,TLR2,7,0.1,0.09082,0.00123,0.07965,0.07037,False
948,KCNA10,4,0.05,0.04499,0.0,0.14075,0.07026,True
949,PXK,4,0.05,0.05072,0.00326,0.13344,0.07007,True
950,MT-ND4,9,0.13333,0.06437,0.0,0.0872,0.06983,False
951,RPS6,7,0.1,0.0949,0.00435,0.07192,0.06951,False
952,MAPK9,7,0.1,0.09235,0.00168,0.07549,0.06946,False
953,CCNB2,6,0.08333,0.10672,0.00337,0.06915,0.06939,False
954,KCNN4,6,0.08333,0.07828,0.01968,0.0823,0.06873,False
955,TAL1,6,0.08333,0.09091,0.01943,0.0714,0.06865,False
956,PTK2,6,0.08333,0.09751,0.00046,0.07621,0.06852,False
957,PPARGC1A,6,0.08333,0.10733,0.00088,0.06686,0.06828,False
958,STX1A,5,0.06667,0.09594,0.01426,0.07531,0.06799,False
959,DLG2,6,0.08333,0.0864,0.01145,0.07781,0.06794,False
960,PADI2,3,0.03333,0.06173,0.00179,0.1259,0.06794,True
961,KAT5,5,0.06667,0.09142,0.05555,0.05519,0.06785,False
962,EDEM2,2,0.01667,0.06664,0.00179,0.1284,0.06779,False
963,NCK1,2,0.01667,0.06715,0.00179,0.12789,0.06776,False
964,FANCM,5,0.06667,0.12565,0.00321,0.0552,0.06766,False
965,NFKB2,7,0.1,0.08211,0.00223,0.07871,0.06763,False
966,RPF2,6,0.08333,0.09851,0.00066,0.07212,0.06743,False
967,PRKG1,5,0.06667,0.11628,0.0,0.06399,0.06728,False
968,NDUFB5,9,0.13333,0.05441,0.0,0.08782,0.06706,False
969,VCAM1,6,0.08333,0.09593,0.00601,0.06993,0.06696,False
970,SUPT5H,5,0.06667,0.10984,0.01805,0.05798,0.06685,False
971,WWOX,2,0.01667,0.06132,0.00179,0.1294,0.06654,False
972,RBX1,6,0.08333,0.09495,0.01055,0.0669,0.06651,False
973,TRADD,7,0.1,0.08026,6e-05,0.07813,0.06644,False
974,KRR1,7,0.1,0.08699,0.00428,0.06983,0.06639,False
975,NDUFS6,9,0.13333,0.052,0.0,0.08743,0.0662,False
976,CCR5,7,0.1,0.08417,0.0021,0.0729,0.06619,False
977,DLG3,6,0.08333,0.09137,0.00307,0.07317,0.06613,False
978,SMAD4,6,0.08333,0.09725,0.00029,0.06963,0.0661,False
979,CASP3,6,0.08333,0.08201,0.02061,0.07063,0.06595,False
980,LAT,3,0.03333,0.06224,0.0025,0.11933,0.06594,False
981,GRIN2D,6,0.08333,0.09325,0.0,0.07263,0.0659,False
982,COPG2,6,0.08333,0.09191,0.0,0.07324,0.06571,False
983,SIN3A,5,0.06667,0.0894,0.00665,0.07852,0.06563,False
984,MMP9,5,0.06667,0.09261,0.00904,0.07437,0.06562,False
985,PDYN,6,0.08333,0.09515,0.00277,0.06819,0.06547,False
986,HTT,5,0.06667,0.09533,0.02506,0.06221,0.06538,False
987,H3-3B,5,0.06667,0.10318,0.0076,0.06507,0.06525,False
988,GPR35,2,0.01667,0.04672,0.00179,0.13729,0.06493,True
989,NIP7,6,0.08333,0.09315,0.00718,0.06577,0.0649,False
990,IRF9,7,0.1,0.07439,0.01122,0.07231,0.06487,False
991,KCNJ2,6,0.08333,0.08054,0.0,0.08024,0.06474,False
992,APRT,6,0.08333,0.09644,0.00061,0.06608,0.06468,False
993,RAB1A,4,0.05,0.07932,0.08223,0.04821,0.06462,False
994,UBB,6,0.08333,0.0901,0.00096,0.07094,0.06455,False
995,DDB1,4,0.05,0.08713,0.00976,0.08227,0.06439,False
996,CXCR3,7,0.1,0.08034,0.0,0.07211,0.06434,False
997,KIF21B,2,0.01667,0.04831,0.00179,0.13426,0.06434,True
998,CAMK2A,6,0.08333,0.0901,0.00624,0.06692,0.0642,False
999,SNCA,5,0.06667,0.10451,0.01249,0.05805,0.06417,False
1000,CXCL9,7,0.1,0.0803,0.0,0.07137,0.06407,False
1001,COL1A2,5,0.06667,0.09906,0.01394,0.06144,0.06401,False
1002,KCNIP3,5,0.06667,0.07527,0.00385,0.08753,0.06399,False
1003,SF3A3,5,0.06667,0.08565,0.00353,0.07858,0.06391,False
1004,AP2A2,6,0.08333,0.08901,0.00399,0.06823,0.06388,False
1005,PRPF8,6,0.08333,0.09539,2e-05,0.06488,0.06383,False
1006,ACTN2,5,0.06667,0.08682,0.03282,0.06044,0.06376,False
1007,PIK3C2B,6,0.08333,0.0762,0.00045,0.08071,0.0637,False
1008,CCL3,7,0.1,0.07766,0.00068,0.07216,0.06369,False
1009,SYP,4,0.05,0.08708,0.04867,0.05777,0.06358,False
1010,SNRPD1,6,0.08333,0.0938,0.00032,0.0653,0.06356,False
1011,TNFRSF1B,7,0.1,0.07116,0.0,0.07747,0.06346,False
1012,CD34,6,0.08333,0.08164,0.02141,0.06313,0.06337,False
1013,UQCR10,8,0.11667,0.05724,0.00479,0.07924,0.06336,False
1014,NLGN2,2,0.01667,0.04965,0.03515,0.11116,0.06333,False
1015,HRAS,6,0.08333,0.08416,0.00079,0.07259,0.06331,False
1016,KLRB1,4,0.05,0.0739,0.02114,0.08393,0.06328,False
1017,PTPRN,1,0.0,0.0648,0.0,0.12512,0.06323,False
1018,RPL23,6,0.08333,0.09497,0.00034,0.06327,0.0632,False
1019,OPCML,2,0.01667,0.0433,0.00179,0.13526,0.06319,True
1020,KCNH7,2,0.01667,0.0437,0.00179,0.13434,0.06299,True
1021,NCBP2,5,0.06667,0.08929,0.03164,0.05611,0.06275,False
1022,ESPL1,5,0.06667,0.10349,0.00191,0.06076,0.0627,False
1023,SIN3B,3,0.03333,0.06894,0.00455,0.10276,0.06256,False
1024,CDK6,6,0.08333,0.08373,0.0,0.0708,0.0624,False
1025,SIRT1,5,0.06667,0.08458,0.04377,0.05197,0.06232,False
1026,NCL,3,0.03333,0.06154,0.00567,0.10725,0.06213,False
1027,ALDH7A1,5,0.06667,0.08417,0.0,0.07644,0.062,False
1028,MPHOSPH10,7,0.1,0.07904,0.00057,0.06616,0.06198,False
1029,CCND2,6,0.08333,0.08299,0.0,0.07022,0.06197,False
1030,CXCL1,7,0.1,0.07465,0.00061,0.06972,0.06192,False
1031,CCND3,6,0.08333,0.08246,0.0,0.06981,0.06167,False
1032,FOXO3,6,0.08333,0.08408,0.00383,0.06616,0.06164,False
1033,CACNA1A,5,0.06667,0.07696,0.02593,0.06642,0.06152,False
1034,SLC9A8,2,0.01667,0.04293,0.00179,0.13073,0.06149,True
1035,LNX1,2,0.01667,0.05765,0.03872,0.09699,0.06148,False
1036,ETV7,2,0.01667,0.03927,1e-05,0.13395,0.06116,True
1037,IL10RB,7,0.1,0.06604,0.00011,0.07481,0.06102,False
1038,ARFGAP2,6,0.08333,0.08343,0.0,0.06698,0.06097,False
1039,CSF1R,6,0.08333,0.07501,0.01464,0.06567,0.06092,False
1040,FCGR3A,6,0.08333,0.07825,0.00056,0.07062,0.0608,False
1041,SKP1,6,0.08333,0.08172,0.00014,0.06723,0.06057,False
1042,MAOB,5,0.06667,0.10064,0.00904,0.05293,0.06052,False
1043,YAP1,5,0.06667,0.08851,0.00598,0.06483,0.06044,False
1044,PTGES3,5,0.06667,0.08714,0.02794,0.053,0.06028,False
1045,WWTR1,3,0.03333,0.07649,0.00998,0.08666,0.06027,False
1046,NIPBL,2,0.01667,0.06557,0.00179,0.1077,0.06023,False
1047,NCAM1,3,0.03333,0.0503,0.00179,0.11362,0.06022,False
1048,PIP4K2A,5,0.06667,0.07341,0.00987,0.0748,0.06018,False
1049,CXCL17,4,0.05,0.0634,0.00359,0.09399,0.06013,False
1050,LDB1,4,0.05,0.08793,0.01805,0.06454,0.06008,False
1051,TAB1,5,0.06667,0.07026,0.02055,0.07102,0.06004,False
1052,VAV1,6,0.08333,0.07058,0.00367,0.07251,0.05979,False
1053,RAN,5,0.06667,0.09191,0.00044,0.06296,0.05969,False
1054,ARFGAP3,6,0.08333,0.08102,0.00037,0.06516,0.05969,False
1055,RBBP6,4,0.05,0.09094,0.0108,0.06474,0.0596,False
1056,MT-CYB,4,0.05,0.06069,0.05047,0.06787,0.05955,False
1057,ERAP2,2,0.01667,0.03998,4e-05,0.12853,0.05949,True
1058,NDUFA13,8,0.11667,0.04826,0.0,0.07775,0.05919,False
1059,CSF3,7,0.1,0.06423,0.00033,0.07054,0.05902,False
1060,ITPR1,5,0.06667,0.08484,0.0,0.06731,0.05901,False
1061,CDIPT,5,0.06667,0.07149,0.0,0.07845,0.05891,False
1062,SMURF2,5,0.06667,0.0887,0.00374,0.06144,0.05886,False
1063,CYLD,5,0.06667,0.06428,0.04717,0.05725,0.05875,False
1064,IL13RA1,7,0.1,0.06126,0.00094,0.0712,0.05849,False
1065,FADD,6,0.08333,0.07499,0.00132,0.06625,0.05845,False
1066,DISC1,5,0.06667,0.07556,0.03441,0.05393,0.05842,False
1067,NDUFB11,8,0.11667,0.04585,0.0,0.07735,0.05833,False
1068,MTMR12,2,0.01667,0.03962,0.0,0.12543,0.05829,True
1069,ZAP70,5,0.06667,0.06588,0.00086,0.08096,0.05827,False
1070,CYC1,7,0.1,0.06288,0.0,0.06962,0.05823,False
1071,CAV3,4,0.05,0.07497,0.02795,0.06449,0.05815,False
1072,CFB,6,0.08333,0.08022,0.00044,0.06131,0.05811,False
1073,ELK4,1,0.0,0.05914,0.0,0.11524,0.05808,False
1074,SRSF1,4,0.05,0.09498,0.01545,0.05422,0.05806,False
1075,CYP11A1,3,0.03333,0.07471,0.00571,0.0843,0.05806,False
1076,WWP1,4,0.05,0.07762,0.01301,0.07031,0.058,False
1077,ANK1,5,0.06667,0.08024,0.00847,0.06325,0.0579,False
1078,LPAR1,1,0.0,0.05891,0.0,0.11483,0.05786,False
1079,TIRAP,6,0.08333,0.07274,0.00073,0.06675,0.05783,False
1080,ITGAX,6,0.08333,0.06987,0.00193,0.06817,0.05771,False
1081,HIPK1,3,0.03333,0.04442,0.00071,0.11186,0.05762,True
1082,TRIM28,2,0.01667,0.05023,0.00179,0.11322,0.05755,False
1083,NUP98,5,0.06667,0.08018,0.0271,0.05149,0.0575,False
1084,POMGNT1,3,0.03333,0.05328,0.11982,0.03576,0.05746,False
1085,SF3A2,5,0.06667,0.08316,0.00077,0.06337,0.05728,False
1086,BIRC5,5,0.06667,0.09175,0.0,0.05612,0.05717,False
1087,ANK3,5,0.06667,0.07655,0.01731,0.05927,0.05717,False
1088,C12orf57,1,0.0,0.05806,0.0,0.11334,0.05709,False
1089,ESRP1,1,0.0,0.05801,0.0,0.11326,0.05705,False
1090,KCNE3,5,0.06667,0.06546,0.0,0.07731,0.0567,False
1091,GATA1,5,0.06667,0.07837,0.00019,0.06601,0.05665,False
1092,BIRC3,6,0.08333,0.06721,0.00024,0.06795,0.05649,False
1093,TNFRSF4,6,0.08333,0.06289,0.0,0.07161,0.05643,False
1094,PACS1,1,0.0,0.05731,0.0,0.11203,0.0564,False
1095,OGT,4,0.05,0.08272,0.01174,0.06199,0.05636,False
1096,SPHK2,5,0.06667,0.06769,1e-05,0.07405,0.05623,False
1097,AP4M1,5,0.06667,0.07799,0.0152,0.05648,0.05621,False
1098,CBFB,5,0.06667,0.0732,0.00474,0.06641,0.05615,False
1099,TRAF5,6,0.08333,0.06399,0.0,0.06945,0.05601,False
1100,MTMR7,3,0.03333,0.0508,0.00055,0.1018,0.05598,False
1101,TNFRSF9,6,0.08333,0.06216,2e-05,0.07065,0.05588,False
1102,ATP6V0A2,5,0.06667,0.07747,0.01327,0.05704,0.05586,False
1103,GABRA1,5,0.06667,0.0746,8e-05,0.06688,0.05581,False
1104,PIK3C3,5,0.06667,0.0666,0.0,0.0734,0.05567,False
1105,ITPA,5,0.06667,0.08968,0.00228,0.05227,0.05565,False
1106,PPARA,5,0.06667,0.08817,0.01175,0.04814,0.05565,False
1107,SCN2A,5,0.06667,0.06861,0.0,0.0715,0.05561,False
1108,RPA1,4,0.05,0.07982,0.04703,0.0421,0.05559,False
1109,UTP20,6,0.08333,0.06826,0.01672,0.05504,0.05559,False
1110,MBOAT2,5,0.06667,0.09276,0.0,0.05071,0.05558,False
1111,RSRP1,2,0.01667,0.04431,0.0,0.11357,0.05554,True
1112,LOC102723996,6,0.08333,0.06155,0.00023,0.06996,0.0555,False
1113,CXorf21,2,0.01667,0.03921,0.00179,0.11668,0.05546,False
1114,GNPTG,1,0.0,0.05618,0.0,0.11007,0.05538,False
1115,ITGA1,5,0.06667,0.08273,0.0,0.05861,0.05533,False
1116,CCR2,6,0.08333,0.06916,0.0,0.06289,0.05526,False
1117,ARCN1,5,0.06667,0.07874,0.0,0.06179,0.05525,False
1118,HPRT1,5,0.06667,0.08875,0.00059,0.05286,0.05525,False
1119,COPE,5,0.06667,0.07869,0.0,0.06176,0.05522,False
1120,ELAVL1,4,0.05,0.07185,0.04637,0.04782,0.05507,False
1121,ITGAV,5,0.06667,0.08181,0.0,0.05813,0.05489,False
1122,GNPTAB,1,0.0,0.05554,0.0,0.10895,0.0548,False
1123,CCL4,6,0.08333,0.06585,0.0025,0.06285,0.05475,False
1124,NUP153,5,0.06667,0.0816,0.00643,0.05421,0.05474,False
1125,STC2,2,0.01667,0.06673,0.00359,0.08989,0.0547,False
1126,GRIN3B,5,0.06667,0.07747,0.0,0.06126,0.05468,False
1127,CCL19,6,0.08333,0.06908,0.00048,0.06103,0.05468,False
1128,PLCB3,5,0.06667,0.07032,0.02108,0.05516,0.05462,False
1129,NCKAP5,1,0.0,0.03196,0.0,0.12813,0.05443,True
1130,PRPF19,5,0.06667,0.07671,0.01292,0.05355,0.05434,False
1131,RTF1,4,0.05,0.07594,0.04118,0.0452,0.05434,False
1132,COPZ2,5,0.06667,0.07694,0.0,0.06045,0.05424,False
1133,ATP6V1G2,4,0.05,0.06253,0.0267,0.06444,0.05415,False
1134,YWHAE,4,0.05,0.06927,0.01983,0.06227,0.05404,False
1135,CSK,3,0.03333,0.05474,0.00362,0.09112,0.05404,False
1136,EPS15,5,0.06667,0.07885,0.00383,0.05592,0.05399,False
1137,PACS2,1,0.0,0.05442,0.0,0.10699,0.05377,False
1138,MET,4,0.05,0.07623,0.01329,0.05922,0.05376,False
1139,RPL21,4,0.05,0.06083,0.01306,0.07245,0.05372,False
1140,WDR12,5,0.06667,0.07819,0.00243,0.05631,0.05365,False
1141,PICALM,5,0.06667,0.07384,0.00381,0.05925,0.05365,False
1142,VPS35,3,0.03333,0.08799,0.02052,0.0518,0.05363,False
1143,AAMP,2,0.01667,0.04151,0.00179,0.10948,0.05363,False
1144,CD276,6,0.08333,0.05835,1e-05,0.06745,0.05361,False
1145,RAB35,3,0.03333,0.06233,0.00643,0.08178,0.05361,False
1146,NANOG,5,0.06667,0.06997,0.01287,0.0569,0.05348,False
1147,TXNDC11,1,0.0,0.03066,0.0,0.1263,0.0534,True
1148,ROBO3,2,0.01667,0.07012,0.00538,0.08219,0.05338,False
1149,TNPO1,4,0.05,0.0895,0.00877,0.04928,0.05336,False
1150,NUP214,5,0.06667,0.0722,0.01028,0.05611,0.05336,False
1151,KCNE2,5,0.06667,0.06445,0.0,0.06861,0.05335,False
1152,H3-4,4,0.05,0.08114,0.01083,0.05506,0.05328,False
1153,NCF4,5,0.06667,0.06707,0.01736,0.05605,0.05321,False
1154,CLTA,5,0.06667,0.0748,0.0,0.05916,0.05314,False
1155,OVOL2,1,0.0,0.05372,0.0,0.10576,0.05313,False
1156,TRRAP,4,0.05,0.07942,0.02733,0.04663,0.05311,False
1157,UBA52,5,0.06667,0.0762,0.00182,0.05677,0.0531,False
1158,POLR3H,1,0.0,0.05367,0.0,0.10568,0.05309,False
1159,H3-5,4,0.05,0.08251,0.00877,0.05441,0.05305,False
1160,PKM,4,0.05,0.09449,0.01568,0.03965,0.05286,False
1161,CDKAL1,4,0.05,0.07607,0.0354,0.04404,0.05282,False
1162,KCNJ12,5,0.06667,0.06533,0.0,0.06621,0.05277,False
1163,KCNJ4,5,0.06667,0.06527,0.0,0.06619,0.05275,False
1164,TINF2,4,0.05,0.08662,0.01657,0.04543,0.0527,False
1165,IFNA2,6,0.08333,0.06126,0.00052,0.06204,0.0527,False
1166,EFTUD2,5,0.06667,0.07862,0.0,0.05431,0.05259,False
1167,KCNG2,2,0.01667,0.02971,0.00109,0.11691,0.05255,True
1168,HLA-C,3,0.03333,0.05779,0.00184,0.08522,0.05253,False
1169,TPI1,4,0.05,0.06319,0.0382,0.05256,0.05249,False
1170,TERF1,4,0.05,0.08765,0.01332,0.04576,0.05247,False
1171,ATF6,1,0.0,0.05282,0.0,0.10419,0.05231,False
1172,RPS5,5,0.06667,0.06616,0.0128,0.05674,0.05227,False
1173,CD81,5,0.06667,0.07062,0.00155,0.0593,0.05225,False
1174,RPS2,5,0.06667,0.0737,0.00603,0.0541,0.05225,False
1175,ELK3,1,0.0,0.05259,0.0,0.10378,0.0521,False
1176,PRKAB2,4,0.05,0.08866,0.02384,0.03777,0.05208,False
1177,PIK3C2G,5,0.06667,0.06251,0.00046,0.06634,0.05206,False
1178,CD3E,5,0.06667,0.06288,0.0,0.06605,0.05198,False
1179,RRP9,6,0.08333,0.06535,0.0,0.05648,0.05187,False
1180,SCN1A,5,0.06667,0.06005,0.00693,0.06411,0.05184,False
1181,WDR46,6,0.08333,0.06554,0.0,0.05609,0.05179,False
1182,CLEC2D,2,0.01667,0.03584,0.0005,0.10961,0.05172,True
1183,SCYL1,5,0.06667,0.07234,0.0,0.05715,0.0517,False
1184,ADK,5,0.06667,0.07593,0.0,0.05392,0.05165,False
1185,SYNJ1,4,0.05,0.07109,0.01018,0.05921,0.05158,False
1186,FASN,4,0.05,0.07531,0.02788,0.04522,0.0515,False
1187,NOL6,6,0.08333,0.06442,0.0,0.05613,0.05147,False
1188,GTPBP4,5,0.06667,0.0793,0.00037,0.0498,0.05129,False
1189,UTP18,6,0.08333,0.06405,0.0,0.05584,0.05126,False
1190,STX5,4,0.05,0.07337,0.03676,0.04107,0.05124,False
1191,RPS15,5,0.06667,0.07399,0.0,0.05424,0.05118,False
1192,VANGL2,3,0.03333,0.08198,0.01489,0.05316,0.05118,False
1193,DCK,5,0.06667,0.07504,0.0,0.05334,0.05118,False
1194,RPL8,5,0.06667,0.07586,0.00024,0.05237,0.05114,False
1195,SLC17A7,4,0.05,0.07316,0.01442,0.05371,0.05113,False
1196,RPL7A,5,0.06667,0.07562,0.0,0.05259,0.05109,False
1197,IL10RA,6,0.08333,0.05395,0.0,0.06396,0.05107,False
1198,RPL4,5,0.06667,0.07556,0.00056,0.05219,0.05105,False
1199,ETFA,2,0.01667,0.06791,0.00897,0.07538,0.05105,False
1200,CEBPA,5,0.06667,0.06802,0.00088,0.05842,0.05103,False
1201,PES1,5,0.06667,0.07845,0.00127,0.04926,0.05103,False
1202,AK3,5,0.06667,0.0747,0.0,0.05311,0.051,False
1203,KCNIP1,4,0.05,0.05825,0.0,0.07433,0.05099,False
1204,SLC15A4,1,0.0,0.02198,0.0,0.12657,0.05089,True
1205,TMED10,5,0.06667,0.07058,0.0,0.05585,0.05072,False
1206,RANGAP1,4,0.05,0.06701,0.00334,0.06388,0.05063,False
1207,MTM1,3,0.03333,0.05138,0.00159,0.08498,0.05048,False
1208,COL1A1,4,0.05,0.0839,0.0,0.05086,0.05047,False
1209,CDK9,4,0.05,0.0802,0.0,0.05333,0.05022,False
1210,ADAMTS17,2,0.01667,0.03613,0.0,0.10526,0.05018,True
1211,GLA,3,0.03333,0.07706,0.00897,0.05789,0.05017,False
1212,SPTBN4,4,0.05,0.05827,0.0083,0.06723,0.05017,False
1213,POLR2A,4,0.05,0.08773,0.0,0.04669,0.05016,False
1214,MME,5,0.06667,0.06515,0.00443,0.05603,0.05004,False
1215,ANXA2,2,0.01667,0.0589,0.00538,0.08215,0.05,False
1216,CCNE1,5,0.06667,0.06715,0.0,0.05651,0.04993,False
1217,ZBED6,2,0.01667,0.02959,0.01426,0.10178,0.04985,True
1218,RNF31,5,0.06667,0.06325,0.00425,0.05712,0.04982,False
1219,KCNIP4,4,0.05,0.05634,0.0,0.07248,0.04977,False
1220,GLDC,4,0.05,0.08575,0.01656,0.03768,0.04973,False
1221,TMEM207,1,0.0,0.02468,0.0,0.12074,0.04966,True
1222,CFL1,3,0.03333,0.06469,0.00949,0.06653,0.04959,False
1223,CCNE2,5,0.06667,0.06647,5e-05,0.05602,0.04956,False
1224,CYCS,4,0.05,0.07373,0.02321,0.04358,0.04951,False
1225,DHCR7,4,0.05,0.0767,0.03538,0.03387,0.04944,False
1226,NFE2L2,4,0.05,0.07965,0.00928,0.04619,0.04942,False
1227,STUB1,4,0.05,0.07164,0.02879,0.04192,0.04942,False
1228,ISG15,5,0.06667,0.06477,0.00478,0.0541,0.04932,False
1229,TH,4,0.05,0.07982,0.01443,0.04202,0.04904,False
1230,CD69,5,0.06667,0.05753,0.00603,0.05846,0.04893,False
1231,CD247,5,0.06667,0.05915,0.00018,0.06042,0.04893,False
1232,SELL,5,0.06667,0.0633,0.00195,0.05578,0.0489,False
1233,CLEC7A,5,0.06667,0.06061,0.00363,0.05701,0.04886,False
1234,TMED7,5,0.06667,0.06714,0.0,0.05341,0.04884,False
1235,DTNBP1,3,0.03333,0.05841,0.06636,0.0369,0.04871,False
1236,ATP6V1C2,4,0.05,0.05625,0.02568,0.05485,0.04871,False
1237,NFKBIB,5,0.06667,0.06126,0.0,0.05798,0.04867,False
1238,CYP2C9,4,0.05,0.08,0.01706,0.03867,0.04844,False
1239,MBOAT1,4,0.05,0.07482,0.02177,0.04022,0.04838,False
1240,YWHAZ,4,0.05,0.06927,0.02315,0.04403,0.04832,False
1241,FUT1,4,0.05,0.07781,0.0,0.04945,0.04815,False
1242,KIF2C,4,0.05,0.07862,0.0,0.04866,0.04812,False
1243,RRAS,4,0.05,0.05972,0.03517,0.04471,0.0481,False
1244,CHEK1,4,0.05,0.07907,0.01415,0.03997,0.04804,False
1245,MAOA,4,0.05,0.08273,0.00289,0.04325,0.04804,False
1246,MRPS9,2,0.01667,0.04947,0.11628,0.02103,0.04796,False
1247,LHFPL6,1,0.0,0.02443,0.0,0.11602,0.04794,True
1248,TYMS,4,0.05,0.07932,0.01291,0.04006,0.0479,False
1249,ZNF395,2,0.01667,0.0206,0.01429,0.10357,0.04779,True
1250,SREBF1,4,0.05,0.08298,0.00256,0.04241,0.04775,False
1251,SMURF1,4,0.05,0.07166,0.00476,0.05074,0.04771,False
1252,SMG6,4,0.05,0.07749,0.00386,0.0462,0.04769,False
1253,FIG4,4,0.05,0.05675,0.0,0.06603,0.04764,False
1254,ADGRL3,3,0.03333,0.0581,0.0,0.07181,0.04756,False
1255,TLR3,5,0.06667,0.0583,5e-05,0.0573,0.04755,False
1256,TCF7L2,4,0.05,0.06737,0.0047,0.05396,0.04754,False
1257,COL5A1,4,0.05,0.07351,0.00301,0.04949,0.04748,False
1258,COL5A2,4,0.05,0.07321,0.00364,0.04922,0.04742,False
1259,CDC73,4,0.05,0.07815,0.00057,0.04671,0.04741,False
1260,ATM,4,0.05,0.07825,0.00074,0.04641,0.04737,False
1261,RPS7,5,0.06667,0.06336,0.00131,0.05168,0.04736,False
1262,ZFP90,1,0.0,0.02163,0.0,0.11644,0.04724,True
1263,CARD11,5,0.06667,0.05855,0.00136,0.05526,0.04718,False
1264,DRD2,4,0.05,0.07351,0.01282,0.04271,0.04706,False
1265,C3AR1,5,0.06667,0.06417,0.0008,0.0504,0.04705,False
1266,IGSF9B,1,0.0,0.02158,0.0,0.11577,0.04699,True
1267,SNRPN,4,0.05,0.06391,0.02503,0.04372,0.04698,False
1268,CPE,1,0.0,0.04693,0.0,0.0939,0.04694,False
1269,PRKCA,4,0.05,0.06455,0.00687,0.05328,0.04689,False
1270,EGR1,3,0.03333,0.05856,0.00718,0.06509,0.04678,False
1271,APOE,4,0.05,0.06558,0.01953,0.04475,0.04674,False
1272,KCNS2,2,0.01667,0.01954,7e-05,0.1095,0.0467,True
1273,INPP4A,4,0.05,0.05525,0.0,0.06454,0.04667,False
1274,IMP4,5,0.06667,0.05607,0.00477,0.05377,0.0466,False
1275,SUPT4H1,4,0.05,0.07662,0.0,0.04565,0.04646,False
1276,MTHFD1L,4,0.05,0.07575,0.01682,0.03665,0.04642,False
1277,LEO1,4,0.05,0.0765,0.0,0.04558,0.0464,False
1278,INPP4B,4,0.05,0.05476,0.0,0.06404,0.04634,False
1279,MYO1C,3,0.03333,0.0707,0.00989,0.05175,0.0463,False
1280,KCNJ5,4,0.05,0.05914,0.0258,0.04517,0.04621,False
1281,BID,4,0.05,0.06853,0.00298,0.05009,0.04619,False
1282,HPGDS,3,0.03333,0.05927,0.06621,0.02899,0.04617,False
1283,RRM1,2,0.01667,0.04918,0.03872,0.06045,0.04616,False
1284,GART,4,0.05,0.08238,0.00256,0.03836,0.04615,False
1285,RANBP1,4,0.05,0.06728,0.00395,0.05047,0.04614,False
1286,PF4,5,0.06667,0.05694,0.00286,0.05279,0.04613,False
1287,KCNJ3,4,0.05,0.04951,0.03269,0.04914,0.04609,False
1288,ITGA6,4,0.05,0.07234,0.00122,0.04757,0.04609,False
1289,MALT1,5,0.06667,0.05694,0.00024,0.05413,0.04608,False
1290,RACGAP1,2,0.01667,0.0568,0.00538,0.0725,0.04599,False
1291,TNFSF12,5,0.06667,0.04945,0.00048,0.05996,0.04592,False
1292,RORA,4,0.05,0.06926,0.01348,0.04247,0.04584,False
1293,RPS18,4,0.05,0.06355,0.01099,0.04876,0.04583,False
1294,TICAM1,5,0.06667,0.05491,1e-05,0.05526,0.04581,False
1295,DHFR2,4,0.05,0.08096,0.00043,0.03974,0.04578,False
1296,CHRNA1,2,0.01667,0.06133,0.04406,0.0459,0.04578,False
1297,NAALADL2,1,0.0,0.02414,0.0,0.11008,0.04577,True
1298,SHMT2,4,0.05,0.08124,0.00154,0.03878,0.04575,False
1299,LUC7L,3,0.03333,0.04957,0.03199,0.05554,0.04571,False
1300,ADGRL1,3,0.03333,0.05531,0.0,0.0688,0.04567,False
1301,ARF5,4,0.05,0.05289,0.00068,0.06326,0.04564,False
1302,XKR6,1,0.0,0.01205,0.0,0.11975,0.04553,True
1303,TAB2,5,0.06667,0.05407,0.0,0.05512,0.04551,False
1304,EZH2,4,0.05,0.05846,0.0161,0.04922,0.04549,False
1305,PPIF,4,0.05,0.06753,0.02433,0.03664,0.04545,False
1306,SLC39A7,2,0.01667,0.0668,0.03409,0.04588,0.04542,False
1307,HBEGF,4,0.05,0.06157,0.00359,0.05327,0.04533,False
1308,THBD,4,0.05,0.06277,0.01417,0.0461,0.0453,False
1309,GABARAP,4,0.05,0.0664,0.00929,0.04574,0.04529,False
1310,SIGMAR1,3,0.03333,0.0535,0.02022,0.05766,0.04527,False
1311,DDC,4,0.05,0.07613,0.00098,0.04207,0.04526,False
1312,DNAJC5,3,0.03333,0.07843,0.02199,0.03516,0.04524,False
1313,CYP2C19,4,0.05,0.06825,0.01318,0.04169,0.0452,False
1314,KLRC1,3,0.03333,0.05341,0.00117,0.068,0.04506,False
1315,NCS1,4,0.05,0.05213,0.00672,0.05858,0.04499,False
1316,ICOSLG,5,0.06667,0.04927,0.0,0.05771,0.04498,False
1317,INPP5F,4,0.05,0.0536,0.0,0.06115,0.04498,False
1318,AEN,1,0.0,0.01746,0.0,0.1135,0.04496,True
1319,KPNA4,4,0.05,0.06245,0.00722,0.04938,0.04496,False
1320,BGN,3,0.03333,0.05888,0.00248,0.06225,0.04495,False
1321,PDCD1,5,0.06667,0.05139,0.0018,0.05473,0.04493,False
1322,SREBF2,4,0.05,0.0766,0.00593,0.03781,0.0449,False
1323,TPP2,2,0.01667,0.04241,0.0,0.08441,0.04477,False
1324,PDGFRB,4,0.05,0.05917,0.02152,0.04328,0.0447,False
1325,NRP1,3,0.03333,0.0691,0.01171,0.04742,0.04467,False
1326,CD274,5,0.06667,0.04997,0.00055,0.05586,0.04465,False
1327,KIF21A,1,0.0,0.05434,0.0,0.08095,0.04464,False
1328,IGKV1-33,2,0.01667,0.06295,0.00179,0.06538,0.04463,False
1329,IGKV1D-33,2,0.01667,0.06295,0.00179,0.06538,0.04463,False
1330,SFTPB,2,0.01667,0.05251,0.00538,0.07197,0.04452,False
1331,AP3S1,4,0.05,0.0686,0.0,0.04691,0.0445,False
1332,TYROBP,4,0.05,0.05515,0.00045,0.05803,0.04445,False
1333,AXIN1,4,0.05,0.06764,0.00079,0.04706,0.04442,False
1334,AXIN2,4,0.05,0.06786,0.0,0.04721,0.04438,False
1335,SLC45A2,3,0.03333,0.06338,0.00475,0.0553,0.04432,False
1336,MAP3K14,5,0.06667,0.05097,0.0006,0.05399,0.04431,False
1337,CAMP,4,0.05,0.06358,0.01781,0.04041,0.04428,False
1338,WAS,4,0.05,0.0592,0.0042,0.05174,0.04421,False
1339,PLD2,4,0.05,0.0723,0.00304,0.04103,0.04416,False
1340,SNIP1,3,0.03333,0.06416,0.01183,0.05008,0.04414,False
1341,CCL17,5,0.06667,0.05381,0.00017,0.05134,0.04414,False
1342,UTP11,5,0.06667,0.05766,0.00117,0.04721,0.04406,False
1343,PXN,4,0.05,0.06219,0.00257,0.04925,0.04391,False
1344,CNOT1,2,0.01667,0.05292,0.04406,0.04755,0.04383,False
1345,CD48,4,0.05,0.05225,0.00075,0.05852,0.04381,False
1346,DHX9,3,0.03333,0.07222,0.00407,0.04664,0.0438,False
1347,PLA2G4A,4,0.05,0.06631,0.00563,0.04362,0.04379,False
1348,BCAR1,4,0.05,0.06536,0.0012,0.04671,0.0437,False
1349,CCL11,5,0.06667,0.05094,0.0,0.05247,0.04365,False
1350,LTB,5,0.06667,0.04771,6e-05,0.05513,0.04362,False
1351,DVL1,3,0.03333,0.06561,0.02424,0.04008,0.04356,False
1352,RXRB,4,0.05,0.06839,0.0,0.04441,0.04356,False
1353,CXCR5,5,0.06667,0.04959,0.00419,0.05066,0.04345,False
1354,HNRNPK,3,0.03333,0.05831,0.0104,0.0539,0.04344,False
1355,RSAD2,4,0.05,0.06576,0.00559,0.04299,0.04339,False
1356,CD2AP,3,0.03333,0.06186,0.00793,0.05202,0.04335,False
1357,KCNE4,4,0.05,0.04968,0.00058,0.05939,0.04331,False
1358,OCA2,3,0.03333,0.0634,0.0,0.05505,0.04329,False
1359,ANK2,4,0.05,0.06371,0.00903,0.04242,0.04327,False
1360,RYR2,4,0.05,0.05993,0.0,0.05059,0.04318,False
1361,NCF1,4,0.05,0.06093,0.0,0.04967,0.04316,False
1362,PI4KA,4,0.05,0.05276,0.0,0.05645,0.04309,False
1363,NIFK,4,0.05,0.062,0.0,0.04827,0.043,False
1364,ATG12,4,0.05,0.06355,0.0,0.04684,0.04296,False
1365,IGHV3-16,3,0.03333,0.0571,0.01498,0.05052,0.04281,False
1366,RAB5A,2,0.01667,0.04268,0.08983,0.02726,0.04281,False
1367,MT-ND5,6,0.08333,0.03348,0.0,0.05784,0.04279,False
1368,GNB3,4,0.05,0.06234,0.0,0.04734,0.04277,False
1369,PI4K2B,4,0.05,0.05292,0.0,0.05533,0.04274,False
1370,CTSD,3,0.03333,0.07026,0.01677,0.038,0.04273,False
1371,LDB2,3,0.03333,0.06672,0.00503,0.0477,0.04272,False
1372,AP4B1,4,0.05,0.06224,0.0,0.04721,0.04269,False
1373,GNPAT,4,0.05,0.07035,0.0,0.04012,0.04265,False
1374,ITGA3,4,0.05,0.06233,0.0,0.04698,0.04264,False
1375,RAB3A,3,0.03333,0.07402,0.02002,0.03252,0.04259,False
1376,AP4E1,4,0.05,0.06142,0.00088,0.0471,0.04259,False
1377,UBA7,3,0.03333,0.06099,0.03153,0.03705,0.04257,False
1378,GALC,3,0.03333,0.07931,0.0,0.03933,0.04256,False
1379,GABRE,4,0.05,0.05527,0.0,0.05275,0.04254,False
1380,GOSR2,4,0.05,0.06848,0.0052,0.03814,0.04244,False
1381,NKX2-3,2,0.01667,0.01774,0.00047,0.09865,0.04244,True
1382,CLTB,4,0.05,0.06078,0.0,0.04765,0.04241,False
1383,RBM17,3,0.03333,0.05451,0.01156,0.05346,0.04238,False
1384,GNB4,4,0.05,0.06152,0.0,0.04687,0.04236,False
1385,UTP6,5,0.06667,0.0531,0.0,0.04682,0.04232,False
1386,PPARG,4,0.05,0.06687,8e-05,0.04212,0.04232,False
1387,ARRB1,4,0.05,0.0567,0.01156,0.04426,0.04231,False
1388,WDR36,5,0.06667,0.05284,0.0,0.04693,0.04228,False
1389,SCARB2,4,0.05,0.05965,0.00866,0.04327,0.04227,False
1390,EMG1,5,0.06667,0.05257,0.0,0.04685,0.04217,False
1391,NDUFB1,6,0.08333,0.03123,0.0,0.058,0.04217,False
1392,ITGA2,4,0.05,0.06123,0.0,0.04627,0.04206,False
1393,GNB2,4,0.05,0.06093,0.0,0.04643,0.04203,False
1394,WDR3,5,0.06667,0.05219,0.0,0.04672,0.04201,False
1395,ALOX12,4,0.05,0.06445,0.00605,0.03982,0.04198,False
1396,STAM,4,0.05,0.0649,3e-05,0.04276,0.04194,False
1397,GMPR,4,0.05,0.06614,0.00383,0.03953,0.04194,False
1398,RPS14,4,0.05,0.05178,0.02029,0.0423,0.0419,False
1399,SERPING1,4,0.05,0.05742,0.0,0.04895,0.04186,False
1400,KAT2B,4,0.05,0.0623,0.0011,0.04403,0.04182,False
1401,PTS,4,0.05,0.05323,0.0006,0.05207,0.04181,False
1402,SPP1,4,0.05,0.05887,0.0028,0.04585,0.04177,False
1403,DNAJC6,3,0.03333,0.05619,0.02165,0.04446,0.04175,False
1404,MED23,3,0.03333,0.07452,0.0001,0.0409,0.04169,False
1405,SNRPB2,4,0.05,0.0618,0.001,0.04408,0.04167,False
1406,POMC,3,0.03333,0.06853,0.00989,0.04004,0.04155,False
1407,CALM1,4,0.05,0.05821,0.0,0.04735,0.04154,False
1408,MADCAM1,3,0.03333,0.04412,4e-05,0.06653,0.04153,False
1409,PLA2G6,3,0.03333,0.05518,0.01533,0.04827,0.04151,False
1410,LAMP1,3,0.03333,0.06236,0.02579,0.03607,0.04149,False
1411,FDXR,3,0.03333,0.05863,0.01644,0.04451,0.04146,False
1412,SCN5A,4,0.05,0.0493,0.0,0.05475,0.04145,False
1413,GABRA5,4,0.05,0.05619,0.00042,0.0485,0.04141,False
1414,KDM1A,3,0.03333,0.05687,0.0,0.05518,0.04137,False
1415,KMT2A,3,0.03333,0.06059,0.00506,0.04886,0.04129,False
1416,TNFRSF17,4,0.05,0.0461,0.0,0.05701,0.04128,False
1417,RAB27A,2,0.01667,0.05424,0.00022,0.06414,0.04127,False
1418,MRC1,3,0.03333,0.05501,0.04657,0.0296,0.04118,False
1419,SOX2,4,0.05,0.06137,0.00171,0.04252,0.04113,False
1420,KCNJ14,4,0.05,0.05027,0.0,0.05297,0.04112,False
1421,CLTCL1,4,0.05,0.05862,0.0,0.04582,0.04112,False
1422,CD36,4,0.05,0.06074,0.0,0.044,0.04112,False
1423,PRPF6,4,0.05,0.0611,0.00012,0.04345,0.04106,False
1424,ATF2,4,0.05,0.06097,0.00168,0.04265,0.04105,False
1425,FOXA1,4,0.05,0.05779,0.0,0.04629,0.04104,False
1426,ATP6V1B1,4,0.05,0.06033,0.0,0.04412,0.04104,False
1427,KCNJ18,4,0.05,0.05009,0.0,0.05283,0.04102,False
1428,KLRD1,4,0.05,0.05185,0.00444,0.04869,0.04099,False
1429,RPLP0,3,0.03333,0.04064,0.07066,0.02748,0.04094,False
1430,ATP6V0A4,4,0.05,0.06009,0.0,0.04398,0.04092,False
1431,PLCB1,4,0.05,0.056,0.01446,0.03921,0.04091,False
1432,SNRNP200,4,0.05,0.06109,0.0,0.04301,0.04088,False
1433,GRAP2,4,0.05,0.05056,0.01085,0.04583,0.04088,False
1434,SNRPB,4,0.05,0.05961,0.00015,0.04394,0.04079,False
1435,MAK16,4,0.05,0.06324,0.0,0.04089,0.04078,False
1436,ATP6V0A1,4,0.05,0.05978,0.0,0.04378,0.04076,False
1437,INS,4,0.05,0.05587,0.00674,0.04323,0.04074,False
1438,TCIRG1,4,0.05,0.05961,0.0,0.04363,0.04065,False
1439,CPSF6,3,0.03333,0.05946,0.0335,0.0316,0.0406,False
1440,CLNK,1,0.0,0.01523,0.0,0.10291,0.04059,True
1441,AP4S1,4,0.05,0.0608,6e-05,0.04232,0.04056,False
1442,NUDT3,1,0.0,0.01649,0.0,0.10172,0.04055,True
1443,ATP13A2,3,0.03333,0.05454,0.0194,0.04353,0.04048,False
1444,BRIX1,4,0.05,0.06259,0.0,0.04054,0.04047,False
1445,RPS3,4,0.05,0.05931,0.0,0.04335,0.04047,False
1446,BUD31,4,0.05,0.05985,0.0,0.04287,0.04046,False
1447,ST8SIA4,1,0.0,0.01369,0.0,0.10387,0.04046,True
1448,CDC40,4,0.05,0.05943,0.0,0.0431,0.04042,False
1449,ATP6V0C,4,0.05,0.05911,0.0,0.04336,0.04041,False
1450,TSLP,5,0.06667,0.0412,8e-05,0.0514,0.04036,False
1451,SCN8A,4,0.05,0.04634,0.0,0.05414,0.04035,False
1452,CRNKL1,4,0.05,0.05925,0.0,0.04298,0.04032,False
1453,IL22RA1,5,0.06667,0.04227,9e-05,0.05032,0.04031,False
1454,LGALS3,3,0.03333,0.04901,0.0332,0.03988,0.0403,False
1455,NDUFAF3,5,0.06667,0.03569,0.01178,0.04921,0.04029,False
1456,GNA15,4,0.05,0.04649,0.0032,0.05195,0.04027,False
1457,PIP5K1C,3,0.03333,0.04549,0.03736,0.0404,0.04026,False
1458,EBNA1BP2,4,0.05,0.06322,0.0,0.03938,0.04025,False
1459,BOP1,4,0.05,0.06323,0.0,0.03935,0.04024,False
1460,ATP6V1D,4,0.05,0.05848,0.00074,0.04298,0.04023,False
1461,GABRD,4,0.05,0.05411,0.0,0.04696,0.04017,False
1462,RPL18,4,0.05,0.0595,0.0,0.04232,0.04016,False
1463,IL27RA,5,0.06667,0.03965,0.0,0.05209,0.04013,False
1464,NUP88,4,0.05,0.05979,0.0,0.04196,0.04012,False
1465,RPL19,4,0.05,0.0593,0.0,0.0422,0.04006,False
1466,NR1H4,4,0.05,0.05457,0.01415,0.03802,0.04001,False
1467,HAP1,3,0.03333,0.06218,0.00696,0.04275,0.04001,False
1468,MRPS2,2,0.01667,0.06893,0.00897,0.04294,0.04,False
1469,PLCB2,4,0.05,0.05805,0.0,0.04269,0.03986,False
1470,NUP107,4,0.05,0.06124,0.0,0.03991,0.03984,False
1471,SEH1L,4,0.05,0.06124,0.0,0.03991,0.03984,False
1472,NUP85,4,0.05,0.06122,0.0,0.0399,0.03983,False
1473,NUP133,4,0.05,0.06119,0.0,0.03988,0.03981,False
1474,RNF41,3,0.03333,0.05518,0.00042,0.05186,0.03979,False
1475,NUP155,4,0.05,0.06109,0.0,0.03983,0.03977,False
1476,NUP43,4,0.05,0.06109,0.0,0.03982,0.03976,False
1477,FZR1,3,0.03333,0.05102,0.00555,0.05237,0.03975,False
1478,LSM7,4,0.05,0.0576,0.0,0.04269,0.03972,False
1479,AP1S1,4,0.05,0.05679,0.0,0.04338,0.03972,False
1480,CFI,4,0.05,0.05511,0.0,0.0447,0.03968,False
1481,PTGES,4,0.05,0.05879,0.0,0.04156,0.03968,False
1482,RPS19,4,0.05,0.05648,0.00038,0.04327,0.03967,False
1483,RPL30,4,0.05,0.05904,0.0,0.04123,0.03964,False
1484,HPS3,3,0.03333,0.06421,0.0,0.04391,0.03963,False
1485,AHCTF1,4,0.05,0.06083,0.0,0.03964,0.03962,False
1486,NUP37,4,0.05,0.06081,0.0,0.03963,0.03962,False
1487,MASP2,4,0.05,0.0539,0.0,0.04558,0.03962,False
1488,C5orf30,2,0.01667,0.12364,0.0,0.0,0.03959,False
1489,ARHGDIA,1,0.0,0.04772,0.0,0.07219,0.03958,False
1490,HSP90B1,3,0.03333,0.0572,0.01093,0.04354,0.03958,False
1491,PGK1,3,0.03333,0.05887,0.03901,0.02582,0.0395,False
1492,IGF1R,4,0.05,0.05231,0.0,0.04647,0.03946,False
1493,CD3D,4,0.05,0.04751,0.00066,0.05015,0.03944,False
1494,IL1RAP,4,0.05,0.05055,0.0,0.0479,0.03943,False
1495,JUNB,4,0.05,0.05242,0.0,0.04622,0.0394,False
1496,HPS5,3,0.03333,0.06117,0.00617,0.0423,0.03939,False
1497,TARDBP,3,0.03333,0.06594,0.0108,0.03552,0.03938,False
1498,HCFC1,3,0.03333,0.05948,0.00106,0.04646,0.03932,False
1499,BLNK,4,0.05,0.04644,0.00039,0.05087,0.03931,False
1500,UMPS,3,0.03333,0.06844,0.01406,0.03126,0.03929,False
1501,CSTB,3,0.03333,0.05391,0.02163,0.03926,0.03924,False
1502,KLRK1,3,0.03333,0.05403,0.0,0.05151,0.03924,False
1503,RPL34,4,0.05,0.05791,0.00015,0.04091,0.03922,False
1504,AOX1,3,0.03333,0.06973,0.01172,0.03121,0.03919,False
1505,RPS20,4,0.05,0.05451,0.0,0.04374,0.03916,False
1506,CEP63,2,0.01667,0.05575,0.002,0.0558,0.03915,False
1507,ATP12A,3,0.03333,0.05622,0.00012,0.04929,0.03914,False
1508,IDI2,3,0.03333,0.06523,0.00699,0.03763,0.03914,False
1509,PPP1CC,2,0.01667,0.06471,0.0,0.04875,0.03898,False
1510,P2RX3,4,0.05,0.05281,0.00078,0.04416,0.03895,False
1511,ITPR2,3,0.03333,0.05743,0.02434,0.03377,0.03892,False
1512,RIPK2,4,0.05,0.04706,0.0,0.04932,0.03888,False
1513,IFIT1,4,0.05,0.05337,0.0,0.04386,0.03886,False
1514,F7,2,0.01667,0.05481,0.00041,0.05656,0.03882,False
1515,FYCO1,2,0.01667,0.06777,0.02333,0.03232,0.03881,False
1516,H3-2,3,0.03333,0.06104,0.00236,0.04283,0.03877,False
1517,HMGB1,4,0.05,0.05093,0.00165,0.04465,0.03874,False
1518,WASL,3,0.03333,0.05596,0.00999,0.04247,0.03865,False
1519,SP7,3,0.03333,0.05859,0.01589,0.0366,0.03857,False
1520,CUL1,4,0.05,0.05095,0.0,0.04505,0.03855,False
1521,ATG3,3,0.03333,0.05745,0.01316,0.03907,0.03854,False
1522,CDT1,3,0.03333,0.05135,0.03623,0.03091,0.03847,False
1523,BMP2,3,0.03333,0.04845,0.03803,0.03234,0.03846,False
1524,PRPF3,3,0.03333,0.0447,0.04578,0.03114,0.03846,False
1525,ARRB2,4,0.05,0.04911,0.00511,0.04333,0.03842,False
1526,RELB,4,0.05,0.04827,0.0,0.0469,0.0384,False
1527,HLA-B,3,0.03333,0.05298,0.001,0.04934,0.03836,False
1528,GRIA2,4,0.05,0.0524,0.0,0.04317,0.03833,False
1529,HDGFL1,1,0.0,0.01358,0.0,0.09784,0.03832,True
1530,ABL1,3,0.03333,0.05691,0.01378,0.03847,0.03829,False
1531,SULT1E1,3,0.03333,0.05712,0.02252,0.03307,0.03822,False
1532,MMP2,3,0.03333,0.04921,0.00614,0.04919,0.03821,False
1533,PLAAT3,3,0.03333,0.05878,0.01014,0.03869,0.03821,False
1534,CNTNAP1,3,0.03333,0.04086,0.00193,0.05831,0.03805,False
1535,VAPA,3,0.03333,0.03935,0.00581,0.05737,0.03805,False
1536,NMD3,3,0.03333,0.04404,0.04506,0.03085,0.03802,False
1537,FADS1,3,0.03333,0.06357,0.0,0.0398,0.038,False
1538,DIPK2A,4,0.05,0.0518,0.0,0.04246,0.0379,False
1539,MT-ND3,5,0.06667,0.03671,0.0,0.04811,0.03785,False
1540,LGALS9,4,0.05,0.04859,0.0015,0.04406,0.0378,False
1541,FGF2,4,0.05,0.04915,0.00142,0.04354,0.03777,False
1542,RPS28,4,0.05,0.05381,9e-05,0.04026,0.03775,False
1543,KCNMA1,3,0.03333,0.04265,0.00304,0.05526,0.03775,False
1544,TBC1D2,1,0.0,0.02517,0.0,0.08628,0.03775,True
1545,PPP2CA,3,0.03333,0.05737,0.02127,0.03225,0.03775,False
1546,PPP1CB,2,0.01667,0.06239,0.0,0.04715,0.03772,False
1547,PKLR,3,0.03333,0.06982,0.00329,0.03161,0.03767,False
1548,HACD2,3,0.03333,0.06306,0.0,0.03923,0.03765,False
1549,ARF4,4,0.05,0.04961,0.0,0.04348,0.0376,False
1550,TECR,3,0.03333,0.06299,0.0,0.03909,0.03758,False
1551,CXCR2,4,0.05,0.04963,0.0,0.04337,0.03757,False
1552,HACD1,3,0.03333,0.06282,0.0,0.03911,0.03754,False
1553,BOD1,1,0.0,0.0372,0.0,0.07533,0.03753,False
1554,TET2,3,0.03333,0.05339,0.00098,0.0466,0.03752,False
1555,RPS24,4,0.05,0.05349,0.00011,0.03983,0.03751,False
1556,HACD3,3,0.03333,0.06268,0.0,0.03898,0.03745,False
1557,L1CAM,1,0.0,0.04085,0.0,0.07194,0.03743,False
1558,CYP3A4,3,0.03333,0.06396,0.01421,0.02967,0.03742,False
1559,GAST,3,0.03333,0.05652,0.00179,0.04303,0.03737,False
1560,MEAF6,3,0.03333,0.06511,0.0,0.03665,0.03736,False
1561,CTTN,3,0.03333,0.04757,0.01504,0.04305,0.03735,False
1562,HACD4,3,0.03333,0.06241,0.0,0.03884,0.03732,False
1563,POLE2,3,0.03333,0.07362,0.00076,0.02875,0.0373,False
1564,SELP,4,0.05,0.04697,6e-05,0.04482,0.03729,False
1565,GIP,3,0.03333,0.0627,0.00771,0.0341,0.03729,False
1566,ADCY8,4,0.05,0.05368,0.0,0.03905,0.03727,False
1567,TNIP2,4,0.05,0.04317,0.0,0.04797,0.03724,False
1568,MFN1,3,0.03333,0.05787,0.02313,0.02892,0.03711,False
1569,HEXA,2,0.01667,0.0486,0.01615,0.04799,0.03711,False
1570,ADCY9,4,0.05,0.0496,0.00181,0.04102,0.0371,False
1571,GC,3,0.03333,0.06732,0.01105,0.02761,0.03707,False
1572,COL4A5,3,0.03333,0.05784,0.00475,0.03933,0.03706,False
1573,DLAT,3,0.03333,0.06903,0.00578,0.02908,0.03704,False
1574,ASXL1,3,0.03333,0.05064,0.00118,0.04745,0.03704,False
1575,UPF1,3,0.03333,0.0576,0.0027,0.0406,0.03703,False
1576,CHPT1,3,0.03333,0.05256,0.02772,0.03043,0.03696,False
1577,ADCY3,4,0.05,0.05274,0.0008,0.03843,0.03693,False
1578,MAPK11,4,0.05,0.04772,0.00281,0.04151,0.03691,False
1579,CYB5R3,3,0.03333,0.06369,0.00858,0.03164,0.03689,False
1580,RUFY3,1,0.0,0.04016,0.0,0.07091,0.03687,False
1581,ITCH,3,0.03333,0.05851,0.00093,0.0403,0.03684,False
1582,DEFB103A,3,0.03333,0.04167,0.0352,0.03502,0.0368,False
1583,COL17A1,3,0.03333,0.06002,0.0,0.03941,0.0368,False
1584,PLCD1,3,0.03333,0.04563,0.01615,0.04235,0.03674,False
1585,PRKDC,3,0.03333,0.06155,0.01102,0.03152,0.0367,False
1586,BCL6,4,0.05,0.04461,0.0046,0.04251,0.03668,False
1587,CFLAR,4,0.05,0.04513,0.0,0.04467,0.03667,False
1588,MLLT1,3,0.03333,0.05942,0.0,0.03948,0.03664,False
1589,GCG,3,0.03333,0.06455,0.0,0.03497,0.03661,False
1590,CAD,3,0.03333,0.06904,0.0,0.0311,0.0366,False
1591,FANCD2,3,0.03333,0.05591,0.01593,0.03318,0.03657,False
1592,VIM,3,0.03333,0.05987,0.01172,0.03212,0.03655,False
1593,MAPK13,4,0.05,0.0475,0.00163,0.04131,0.03653,False
1594,CYB5R2,3,0.03333,0.0637,0.00661,0.03166,0.03651,False
1595,MASP1,4,0.05,0.04801,0.0,0.04174,0.03651,False
1596,GPI,3,0.03333,0.07251,0.0,0.02767,0.03644,False
1597,MAPK12,4,0.05,0.0479,0.0,0.04163,0.03644,False
1598,NHP2,3,0.03333,0.05282,0.01056,0.03852,0.03644,False
1599,RAB1B,3,0.03333,0.04843,0.02369,0.03465,0.03639,False
1600,VIP,3,0.03333,0.0648,0.0,0.03383,0.03628,False
1601,TNFRSF10B,4,0.05,0.04398,0.0,0.04441,0.03624,False
1602,BGLAP,3,0.03333,0.05087,0.0181,0.03533,0.03624,False
1603,MUS81,3,0.03333,0.06494,0.0,0.03357,0.03623,False
1604,CD151,3,0.03333,0.05892,0.0,0.03874,0.03623,False
1605,ADCY7,4,0.05,0.05053,0.00025,0.03845,0.03617,False
1606,IL18,4,0.05,0.04233,0.0,0.04556,0.03615,False
1607,MTR,3,0.03333,0.06747,0.00253,0.02971,0.03615,False
1608,FDFT1,3,0.03333,0.06752,0.0,0.03101,0.03611,False
1609,SNAP25,3,0.03333,0.05081,0.00798,0.04069,0.03608,False
1610,BCLAF1,2,0.01667,0.04495,0.00617,0.05385,0.03607,False
1611,PPP1CA,2,0.01667,0.05813,0.00319,0.04421,0.03605,False
1612,ADCY6,4,0.05,0.05033,0.00012,0.03836,0.03605,False
1613,COL2A1,2,0.01667,0.05576,0.02082,0.03608,0.03602,False
1614,GLS2,3,0.03333,0.05361,0.02342,0.02931,0.03602,False
1615,RPS9,4,0.05,0.04679,0.0,0.04133,0.036,False
1616,ULBP1,3,0.03333,0.04918,0.0,0.04638,0.03599,False
1617,GZMB,4,0.05,0.04475,0.0,0.04299,0.03597,False
1618,YEATS4,3,0.03333,0.06219,0.0,0.03512,0.03595,False
1619,PPFIBP1,1,0.0,0.04294,0.0,0.06587,0.03594,False
1620,ELOVL6,3,0.03333,0.05887,0.00138,0.03701,0.03589,False
1621,HDC,3,0.03333,0.04301,0.01186,0.04455,0.03587,False
1622,GPAM,3,0.03333,0.05435,0.02046,0.02988,0.03585,False
1623,BRD8,3,0.03333,0.06196,0.0,0.03504,0.03585,False
1624,VPS53,3,0.03333,0.0587,0.01685,0.02813,0.03583,False
1625,MAFB,4,0.05,0.04431,0.00404,0.04057,0.0358,False
1626,F2,3,0.03333,0.06027,0.00487,0.03351,0.03578,False
1627,MCM7,3,0.03333,0.06732,0.0,0.03023,0.03578,False
1628,PLPP3,3,0.03333,0.06113,0.01237,0.02842,0.03576,False
1629,CASP1,4,0.05,0.04296,0.00116,0.04317,0.03573,False
1630,FDPS,3,0.03333,0.06661,0.0,0.03065,0.03571,False
1631,U2AF2,3,0.03333,0.06139,0.00125,0.03429,0.03567,False
1632,FUT3,3,0.03333,0.05704,0.0,0.03862,0.03563,False
1633,IL17RC,4,0.05,0.03809,0.0,0.0476,0.03558,False
1634,KCNG3,1,0.0,0.00871,0.0,0.09412,0.03556,True
1635,MTNR1B,3,0.03333,0.04656,0.02496,0.03311,0.03555,False
1636,PCNA,3,0.03333,0.05315,0.01779,0.03152,0.03554,False
1637,CLSPN,3,0.03333,0.06673,0.0,0.02999,0.03552,False
1638,ENHO,1,0.0,0.0292,0.0,0.07647,0.03552,False
1639,ULBP2,3,0.03333,0.04783,0.00063,0.04577,0.03549,False
1640,NEDD4L,3,0.03333,0.05449,0.00109,0.03975,0.03548,False
1641,ALDH18A1,3,0.03333,0.06306,0.01048,0.02692,0.03544,False
1642,NSF,3,0.03333,0.043,0.0136,0.04231,0.03543,False
1643,EPC1,3,0.03333,0.06014,0.00223,0.03407,0.03541,False
1644,ATXN3,3,0.03333,0.05935,0.00157,0.03508,0.0354,False
1645,LPL,3,0.03333,0.0543,0.00836,0.03545,0.03537,False
1646,RAD51,3,0.03333,0.06438,0.00027,0.03138,0.03535,False
1647,TXN2,2,0.01667,0.04218,0.04935,0.02952,0.03535,False
1648,CYB5R1,3,0.03333,0.06401,0.0,0.03178,0.03533,False
1649,B4GALT1,3,0.03333,0.05637,0.0,0.03833,0.03533,False
1650,IDI1,3,0.03333,0.06577,0.0,0.03029,0.03533,False
1651,COG3,3,0.03333,0.06311,0.0,0.03232,0.03524,False
1652,HEXB,2,0.01667,0.05067,0.0,0.05011,0.03524,False
1653,CXCL11,4,0.05,0.04381,0.0,0.04159,0.0352,False
1654,PSEN1,3,0.03333,0.05058,0.00664,0.03909,0.03518,False
1655,BATF2,2,0.01667,0.03121,0.00133,0.06581,0.03516,False
1656,SMG5,3,0.03333,0.05756,0.0,0.03675,0.03513,False
1657,MARS2,3,0.03333,0.06591,0.00503,0.02671,0.03513,False
1658,TRIM72,2,0.01667,0.04886,0.02175,0.03889,0.03512,False
1659,B4GALT4,3,0.03333,0.0559,0.0,0.03805,0.03509,False
1660,B3GALT1,3,0.03333,0.05792,0.0,0.03618,0.03504,False
1661,MPHOSPH8,2,0.01667,0.04808,0.00914,0.04645,0.03501,False
1662,VASP,2,0.01667,0.04158,0.00612,0.05374,0.035,False
1663,CCL8,4,0.05,0.04315,0.0,0.04149,0.03497,False
1664,BATF3,4,0.05,0.04069,0.00012,0.04351,0.03496,False
1665,COPS5,3,0.03333,0.04975,0.00881,0.03793,0.03496,False
1666,TAC1,3,0.03333,0.05724,0.00539,0.03324,0.03488,False
1667,DPYSL2,3,0.03333,0.05104,0.01795,0.03135,0.03488,False
1668,YWHAB,3,0.03333,0.04872,0.01048,0.03759,0.03487,False
1669,HMGCS1,3,0.03333,0.06471,0.0,0.02984,0.03486,False
1670,CYP2B6,3,0.03333,0.063,0.00534,0.02809,0.0348,False
1671,TNFRSF8,4,0.05,0.03888,0.0,0.04464,0.03479,False
1672,CCL26,4,0.05,0.04293,0.0,0.04115,0.03478,False
1673,RHOG,3,0.03333,0.05722,0.0,0.03589,0.03473,False
1674,B3GALT2,3,0.03333,0.05727,0.0,0.03583,0.03472,False
1675,SARNP,3,0.03333,0.05348,0.0,0.03901,0.0347,False
1676,FUT6,3,0.03333,0.05643,0.0,0.03646,0.03469,False
1677,B4GALT3,3,0.03333,0.05511,0.0,0.03757,0.03468,False
1678,ACAN,2,0.01667,0.06092,0.0,0.03967,0.03466,False
1679,POLR2B,3,0.03333,0.06293,0.0,0.03072,0.03463,False
1680,PRKAG2,3,0.03333,0.06402,0.0049,0.02696,0.03462,False
1681,FUT9,3,0.03333,0.05619,0.0,0.03634,0.03458,False
1682,PPP1R9B,2,0.01667,0.0457,0.02789,0.03638,0.03452,False
1683,PDCD1LG2,4,0.05,0.03794,0.0,0.04467,0.03452,False
1684,TNFRSF18,4,0.05,0.03642,0.00038,0.04576,0.03452,False
1685,P4HB,4,0.05,0.0377,0.00308,0.04309,0.03451,False
1686,FUT4,3,0.03333,0.05606,0.0,0.03626,0.03451,False
1687,AGXT,3,0.03333,0.05931,0.00941,0.02805,0.03449,False
1688,B3GNT3,3,0.03333,0.05592,0.0,0.03617,0.03444,False
1689,IGF2BP2,3,0.03333,0.05786,0.0,0.03447,0.03443,False
1690,EIF4A3,3,0.03333,0.05143,0.00364,0.03788,0.03442,False
1691,WRN,3,0.03333,0.06068,0.00128,0.0313,0.03442,False
1692,PRKAA1,3,0.03333,0.06567,0.0,0.02761,0.03437,False
1693,CDC6,3,0.03333,0.05574,0.00916,0.03088,0.03437,False
1694,NDUFB2,5,0.06667,0.02481,0.0,0.04837,0.03437,False
1695,LAG3,4,0.05,0.03883,0.0,0.04342,0.03435,False
1696,CTR9,3,0.03333,0.05863,0.0,0.03356,0.03434,False
1697,ST3GAL6,3,0.03333,0.05565,0.0,0.03606,0.03432,False
1698,NOTCH1,3,0.03333,0.05183,0.00486,0.03654,0.03431,False
1699,SEL1L,2,0.01667,0.05441,0.0,0.04417,0.03428,False
1700,POLR2F,3,0.03333,0.06101,0.00246,0.02992,0.03427,False
1701,DPP6,3,0.03333,0.04034,0.0,0.04905,0.03427,False
1702,PTH,3,0.03333,0.05373,0.01923,0.02659,0.03427,False
1703,TOPBP1,3,0.03333,0.06337,0.0,0.02928,0.03426,False
1704,RBM8A,3,0.03333,0.05551,0.00014,0.03576,0.0342,False
1705,XYLT1,1,0.0,0.04701,0.0,0.05735,0.03418,False
1706,AMT,3,0.03333,0.06201,0.00173,0.02918,0.03416,False
1707,THOC1,3,0.03333,0.05254,0.0,0.03822,0.03414,False
1708,HCLS1,3,0.03333,0.04681,0.0019,0.04196,0.03411,False
1709,ASPH,3,0.03333,0.05091,0.00402,0.03722,0.0341,False
1710,CENPA,3,0.03333,0.05413,0.0,0.03669,0.03408,False
1711,RUVBL2,3,0.03333,0.0578,0.0,0.03351,0.03407,False
1712,OS9,2,0.01667,0.05404,0.0,0.04388,0.03407,False
1713,GLB1,2,0.01667,0.04671,0.03587,0.02943,0.03399,False
1714,TCF7L1,3,0.03333,0.05076,0.0,0.03924,0.03396,False
1715,B3GNT4,3,0.03333,0.05499,0.0,0.03562,0.03396,False
1716,PRKAB1,3,0.03333,0.06471,0.0,0.02723,0.03394,False
1717,DNA2,3,0.03333,0.0628,0.00061,0.02847,0.03393,False
1718,ZNF366,1,0.0,0.00924,0.0,0.08899,0.03392,True
1719,RPTOR,3,0.03333,0.05776,0.0,0.03309,0.03391,False
1720,FAN1,2,0.01667,0.04981,0.00254,0.04554,0.03389,False
1721,CHTOP,3,0.03333,0.05203,0.0,0.03785,0.03386,False
1722,SCN4A,3,0.03333,0.03786,0.0022,0.04872,0.03385,False
1723,THOC5,3,0.03333,0.05203,0.0,0.03781,0.03384,False
1724,RAB11A,2,0.01667,0.03955,0.00648,0.05191,0.03383,False
1725,DPP10,3,0.03333,0.03968,0.0,0.04828,0.0338,False
1726,EZR,3,0.03333,0.04625,0.01396,0.03461,0.03378,False
1727,SST,3,0.03333,0.05474,0.00519,0.03215,0.03371,False
1728,HLA-DQA1,3,0.03333,0.04666,0.00178,0.04099,0.0337,False
1729,SI,2,0.01667,0.04299,0.03368,0.03305,0.0337,False
1730,MVK,3,0.03333,0.06207,0.0,0.02877,0.03369,False
1731,SNRNP70,3,0.03333,0.05518,0.00143,0.03375,0.03365,False
1732,KIF23,3,0.03333,0.05413,6e-05,0.03533,0.03362,False
1733,QDPR,3,0.03333,0.05328,0.00458,0.03344,0.0336,False
1734,RAP1A,3,0.03333,0.04879,0.00163,0.03894,0.03359,False
1735,TPH1,3,0.03333,0.05817,0.0,0.03181,0.03359,False
1736,TGFB3,3,0.03333,0.05223,0.0,0.03666,0.0335,False
1737,CD70,4,0.05,0.03455,1e-05,0.04462,0.03348,False
1738,HMGCS2,3,0.03333,0.06159,0.0,0.02855,0.03347,False
1739,IL17RB,4,0.05,0.03506,0.0,0.04414,0.03347,False
1740,LUM,3,0.03333,0.04546,0.00846,0.03748,0.03345,False
1741,PIP4P2,3,0.03333,0.03857,0.0,0.04817,0.03343,False
1742,NR0B1,3,0.03333,0.05176,0.01025,0.03095,0.03341,False
1743,PIP4P1,3,0.03333,0.03849,0.0,0.04807,0.03337,False
1744,PSEN2,3,0.03333,0.04587,0.00511,0.03858,0.03329,False
1745,HNF1A,2,0.01667,0.03376,0.00176,0.05798,0.03327,False
1746,SAP30,2,0.01667,0.03496,0.00322,0.05607,0.03326,False
1747,ULK1,3,0.03333,0.05379,0.00371,0.03247,0.03324,False
1748,EHMT2,3,0.03333,0.04714,0.0,0.04018,0.03321,False
1749,MTHFD1,3,0.03333,0.05973,0.0,0.02934,0.03319,False
1750,MLST8,3,0.03333,0.05598,0.00029,0.03235,0.03318,False
1751,CYP7A1,3,0.03333,0.05288,0.01029,0.02928,0.03317,False
1752,PPP3R1,3,0.03333,0.05217,0.00119,0.03504,0.03315,False
1753,HLA-E,3,0.03333,0.04806,0.0062,0.03566,0.03314,False
1754,AP3S2,3,0.03333,0.05202,0.0,0.03565,0.03309,False
1755,NOP58,4,0.05,0.04159,0.0,0.03736,0.03306,False
1756,VPS26A,2,0.01667,0.06667,0.0,0.03014,0.03305,False
1757,PPEF2,1,0.0,0.03803,0.0,0.06178,0.03303,False
1758,CDCA8,3,0.03333,0.05427,0.0,0.03354,0.03302,False
1759,UBE2C,3,0.03333,0.05526,0.0,0.03262,0.033,False
1760,PPP3CA,3,0.03333,0.05111,0.00317,0.03435,0.03299,False
1761,SMARCA4,3,0.03333,0.04906,0.00288,0.03603,0.0329,False
1762,AMER1,3,0.03333,0.05276,0.0023,0.03318,0.0329,False
1763,TNFRSF6B,3,0.03333,0.04025,0.0,0.04521,0.0329,False
1764,IKZF2,1,0.0,0.00913,0.0,0.08617,0.0329,True
1765,DCAF13,4,0.05,0.04062,0.0,0.0376,0.03285,False
1766,MAP1LC3B,3,0.03333,0.05232,0.00638,0.03104,0.03284,False
1767,WDR75,4,0.05,0.04101,0.0,0.03715,0.03281,False
1768,RCL1,4,0.05,0.04061,0.0,0.03751,0.03281,False
1769,KCNJ11,3,0.03333,0.04456,0.00931,0.03587,0.03278,False
1770,BAX,3,0.03333,0.05437,0.00085,0.03222,0.03276,False
1771,GABARAPL1,3,0.03333,0.04775,0.00977,0.03281,0.03276,False
1772,THBS2,3,0.03333,0.05024,0.00372,0.03409,0.03275,False
1773,THOC6,3,0.03333,0.05004,0.0,0.03625,0.0327,False
1774,UBE2I,3,0.03333,0.04306,0.00621,0.03864,0.03268,False
1775,UBAP2,1,0.0,0.01127,0.0,0.08367,0.03266,True
1776,STIP1,3,0.03333,0.04832,0.00963,0.03189,0.03259,False
1777,THOC3,3,0.03333,0.04984,0.0,0.03609,0.03258,False
1778,GABRB3,3,0.03333,0.04485,0.0,0.04036,0.03258,False
1779,GNLY,3,0.03333,0.04761,0.00838,0.03317,0.03257,False
1780,WDR43,4,0.05,0.04003,0.0,0.03729,0.03256,False
1781,DLGAP5,3,0.03333,0.05433,0.0,0.03215,0.03255,False
1782,ATP6V0E2,3,0.03333,0.04079,0.02192,0.03124,0.03255,False
1783,APC,3,0.03333,0.04998,0.0008,0.03537,0.03253,False
1784,CYP2R1,3,0.03333,0.06033,0.0,0.02678,0.03247,False
1785,HGS,3,0.03333,0.0547,0.0,0.03151,0.03244,False
1786,PDCD11,4,0.05,0.04025,0.0,0.03676,0.03244,False
1787,THOC7,3,0.03333,0.04954,0.0,0.03586,0.03241,False
1788,ERLEC1,2,0.01667,0.04962,0.00379,0.04069,0.03239,False
1789,PI4K2A,3,0.03333,0.04112,0.0,0.04302,0.03239,False
1790,GASK1A,1,0.0,0.04435,0.0,0.05453,0.03239,False
1791,UTP4,4,0.05,0.04016,0.0,0.0367,0.03239,False
1792,ESRRB,1,0.0,0.03085,0.0,0.06606,0.03238,False
1793,PLPP5,3,0.03333,0.05389,0.00542,0.02885,0.03235,False
1794,CBLIF,3,0.03333,0.04123,0.01776,0.03264,0.03235,False
1795,MYO5A,2,0.01667,0.03871,0.00578,0.04864,0.03229,False
1796,SYVN1,2,0.01667,0.05578,0.0,0.03728,0.03228,False
1797,CACNA1D,3,0.03333,0.04532,0.01385,0.03115,0.03227,False
1798,FYTTD1,3,0.03333,0.04906,0.0,0.03582,0.03226,False
1799,FOXM1,3,0.03333,0.04959,0.00323,0.03347,0.03223,False
1800,DDX39A,3,0.03333,0.04899,0.0,0.03565,0.03218,False
1801,GRM1,3,0.03333,0.04507,0.00409,0.0366,0.03215,False
1802,S100A6,1,0.0,0.049,0.0,0.04977,0.03212,False
1803,AMFR,2,0.01667,0.05622,0.01383,0.02846,0.03209,False
1804,CRK,3,0.03333,0.05024,0.00014,0.03426,0.03209,False
1805,ITGA9,3,0.03333,0.04939,0.00463,0.03235,0.03207,False
1806,CD63,2,0.01667,0.04523,0.01077,0.03954,0.03206,False
1807,ACTB,3,0.03333,0.04657,0.00763,0.03304,0.03206,False
1808,PLD1,3,0.03333,0.05448,0.0,0.03063,0.03206,False
1809,GULP1,3,0.03333,0.05131,0.00028,0.03304,0.03202,False
1810,SOS1,3,0.03333,0.04172,7e-05,0.04128,0.03198,False
1811,ACTA1,2,0.01667,0.05128,0.01481,0.0318,0.03198,False
1812,ANP32A,3,0.03333,0.04359,0.00612,0.03614,0.03195,False
1813,CHMP1B,3,0.03333,0.05183,0.00482,0.02982,0.03195,False
1814,CYTH2,1,0.0,0.03248,0.0,0.06338,0.03193,False
1815,AKAP1,3,0.03333,0.04593,0.0,0.03726,0.03182,False
1816,ROBO2,2,0.01667,0.05298,0.0,0.03833,0.03181,False
1817,EXTL2,1,0.0,0.04349,0.0,0.05361,0.03181,False
1818,COMP,2,0.01667,0.04463,0.02546,0.03086,0.03178,False
1819,B3GALT6,1,0.0,0.04342,0.0,0.05353,0.03176,False
1820,ROBO1,2,0.01667,0.05226,0.0016,0.0379,0.03176,False
1821,LHX9,2,0.01667,0.04197,0.00573,0.04432,0.03175,False
1822,KDR,3,0.03333,0.04765,0.00372,0.03345,0.03175,False
1823,ALYREF,3,0.03333,0.04836,0.0,0.03493,0.03174,False
1824,WDR82,2,0.01667,0.05032,0.00935,0.03495,0.0317,False
1825,GABRB2,3,0.03333,0.04308,0.0,0.03903,0.03158,False
1826,ASS1,3,0.03333,0.04223,0.01546,0.03092,0.03158,False
1827,SHPK,3,0.03333,0.03182,0.0,0.04854,0.03154,False
1828,VSNL1,3,0.03333,0.0313,0.0097,0.04328,0.03148,False
1829,NBR1,2,0.01667,0.05239,0.00042,0.03755,0.03144,False
1830,XPOT,3,0.03333,0.04908,0.0,0.03344,0.03143,False
1831,ACVR1,3,0.03333,0.04792,0.00176,0.03315,0.03133,False
1832,SFTPC,1,0.0,0.03543,0.0,0.05901,0.03128,False
1833,GNAO1,3,0.03333,0.04574,0.0,0.03587,0.03128,False
1834,MAP2K1,3,0.03333,0.05041,0.0,0.03185,0.03127,False
1835,PLPP4,3,0.03333,0.05391,0.0,0.02886,0.03127,False
1836,CTSS,3,0.03333,0.04593,0.01145,0.02903,0.03123,False
1837,SYNGAP1,3,0.03333,0.04347,0.00794,0.03289,0.03114,False
1838,CDC25C,3,0.03333,0.04622,0.0,0.03506,0.03114,False
1839,AP1G1,3,0.03333,0.04706,0.0,0.03432,0.03113,False
1840,HDAC3,3,0.03333,0.04835,0.00241,0.03172,0.03109,False
1841,FKBP5,3,0.03333,0.04237,0.01152,0.03146,0.03102,False
1842,CNTFR,4,0.05,0.03231,0.0,0.03944,0.031,False
1843,RPS6KB1,3,0.03333,0.04694,0.00194,0.03293,0.03099,False
1844,ITGB5,3,0.03333,0.04583,0.0,0.03492,0.03097,False
1845,ABR,1,0.0,0.00528,0.0,0.08386,0.03094,True
1846,TRDN,3,0.03333,0.0424,0.0,0.03776,0.03094,False
1847,WEE1,3,0.03333,0.04568,0.0,0.0347,0.03085,False
1848,NT5C1A,3,0.03333,0.05093,0.00371,0.02804,0.03083,False
1849,GABRA6,3,0.03333,0.0388,7e-05,0.04032,0.03076,False
1850,MED16,3,0.03333,0.05367,0.0,0.02758,0.03075,False
1851,IMMT,2,0.01667,0.05083,0.0124,0.03005,0.03075,False
1852,CRKL,3,0.03333,0.04661,0.00052,0.03327,0.03073,False
1853,CHD4,3,0.03333,0.04106,0.00106,0.03762,0.0307,False
1854,PABPN1,2,0.01667,0.04911,0.01045,0.0325,0.0307,False
1855,ITGB3,3,0.03333,0.04361,0.00651,0.03231,0.03069,False
1856,DUSP5,1,0.0,0.04662,0.0,0.04764,0.03066,False
1857,UBA1,2,0.01667,0.05601,0.0,0.03243,0.03065,False
1858,ANPEP,3,0.03333,0.04614,0.00353,0.03165,0.03062,False
1859,S100A10,1,0.0,0.03432,0.0,0.05798,0.03059,False
1860,NT5C,3,0.03333,0.05196,0.0,0.02854,0.03057,False
1861,CNIH3,2,0.01667,0.02881,0.00098,0.05495,0.03057,False
1862,GUCY1B1,3,0.03333,0.04787,0.0,0.03199,0.03056,False
1863,CDS2,3,0.03333,0.05108,0.0,0.02922,0.03055,False
1864,PPL,2,0.01667,0.04061,0.01023,0.03948,0.03055,False
1865,IRGM,3,0.03333,0.04604,0.0,0.03349,0.03053,False
1866,MDM4,3,0.03333,0.04386,0.0,0.03535,0.03053,False
1867,NT5C2,3,0.03333,0.05166,0.0,0.02839,0.03043,False
1868,AHNAK,1,0.0,0.03411,0.0,0.05767,0.03042,False
1869,SF3B2,3,0.03333,0.04578,0.0,0.03333,0.0304,False
1870,ITGB8,3,0.03333,0.04445,0.00058,0.03413,0.0304,False
1871,MEF2A,3,0.03333,0.04627,0.00059,0.03259,0.0304,False
1872,ANO6,1,0.0,0.03561,0.0,0.05615,0.03034,False
1873,CSF3R,4,0.05,0.03026,0.0,0.03931,0.03034,False
1874,FZD4,2,0.01667,0.04875,0.0,0.03763,0.03029,False
1875,RARA,3,0.03333,0.04548,0.0,0.03328,0.03029,False
1876,PIK3C2A,3,0.03333,0.03654,0.0,0.04087,0.03027,False
1877,BMP1,3,0.03333,0.04273,0.00136,0.03478,0.03026,False
1878,HNRNPM,2,0.01667,0.04938,0.0,0.03693,0.03024,False
1879,LRP5,2,0.01667,0.0431,0.00486,0.03947,0.03022,False
1880,CTBP2,3,0.03333,0.04432,0.00028,0.03376,0.03017,False
1881,B2M,3,0.03333,0.0408,0.00078,0.03635,0.03012,False
1882,RPS11,3,0.03333,0.04263,0.0085,0.03034,0.03011,False
1883,PIP4K2B,3,0.03333,0.03639,0.0,0.04051,0.0301,False
1884,OLIG3,1,0.0,0.00394,0.0,0.08256,0.03008,True
1885,NPY,3,0.03333,0.04539,0.00381,0.03057,0.03008,False
1886,ALOX15,3,0.03333,0.04875,0.0,0.02963,0.03,False
1887,CYTH4,1,0.0,0.02578,0.0,0.06357,0.02998,False
1888,CAB39,1,0.0,0.04547,0.0,0.04662,0.02996,False
1889,PLCB4,3,0.03333,0.03997,0.0139,0.02901,0.02992,False
1890,HLA-DRA,3,0.03333,0.04378,0.0,0.03359,0.02989,False
1891,ARL14,1,0.0,0.02465,0.0,0.06422,0.02987,False
1892,ANXA7,1,0.0,0.04532,0.0,0.04648,0.02986,False
1893,SF3B5,3,0.03333,0.04433,0.0,0.03289,0.02981,False
1894,AP1B1,3,0.03333,0.04447,0.0,0.03277,0.02981,False
1895,GOT1L1,2,0.01667,0.03799,0.04376,0.0203,0.02975,False
1896,FGFR1OP,1,0.0,0.04508,0.0,0.04627,0.02972,False
1897,AGPAT3,3,0.03333,0.04969,0.0,0.02799,0.0297,False
1898,SINHCAF,1,0.0,0.02618,0.0,0.06222,0.02963,False
1899,EBF1,2,0.01667,0.04262,0.01014,0.03519,0.02963,False
1900,ALOX15B,3,0.03333,0.048,0.0,0.0292,0.02962,False
1901,RNASE6,1,0.0,0.0449,0.0,0.04612,0.02961,False
1902,DCN,2,0.01667,0.03772,0.00365,0.04302,0.0296,False
1903,CYP4F3,3,0.03333,0.04798,0.0,0.02916,0.0296,False
1904,RRAS2,3,0.03333,0.03886,0.0059,0.03362,0.0296,False
1905,GNA11,3,0.03333,0.03286,0.00115,0.04143,0.02959,False
1906,RPF1,3,0.03333,0.04668,0.0,0.03022,0.02958,False
1907,AGPAT1,3,0.03333,0.04721,0.00215,0.0285,0.02957,False
1908,GCA,1,0.0,0.02423,0.0,0.06372,0.02957,False
1909,KCTD7,2,0.01667,0.05799,0.00284,0.02595,0.02955,False
1910,AGPAT2,3,0.03333,0.04805,0.0,0.02897,0.02955,False
1911,CYP2C8,3,0.03333,0.04784,0.0,0.0291,0.02954,False
1912,NR1H3,3,0.03333,0.04423,0.00095,0.03166,0.02954,False
1913,ARHGEF1,3,0.03333,0.04136,0.00321,0.03284,0.02954,False
1914,CYP4F2,3,0.03333,0.04784,0.0,0.02909,0.02953,False
1915,NFASC,2,0.01667,0.03238,0.0,0.04944,0.02952,False
1916,CYP2E1,3,0.03333,0.04777,0.0,0.02907,0.02951,False
1917,TCF3,3,0.03333,0.03968,0.0,0.03591,0.02947,False
1918,PROS1,3,0.03333,0.03742,0.00663,0.03405,0.02947,False
1919,MC1R,2,0.01667,0.04583,0.0,0.03764,0.02942,False
1920,ITSN1,3,0.03333,0.04262,0.0,0.03318,0.0294,False
1921,GNL2,3,0.03333,0.04559,0.0,0.0306,0.02939,False
1922,NOC2L,3,0.03333,0.04633,0.0,0.02996,0.02938,False
1923,SNRPA,3,0.03333,0.04278,0.0,0.0329,0.02935,False
1924,RSPH3,2,0.01667,0.03751,0.00298,0.04272,0.0293,False
1925,MT-ND4L,4,0.05,0.02872,0.0,0.03766,0.0293,False
1926,LASP1,1,0.0,0.03283,0.0,0.05544,0.02925,False
1927,ITK,3,0.03333,0.03575,0.005,0.03575,0.02924,False
1928,MX1,3,0.03333,0.04204,0.0,0.03321,0.02924,False
1929,PYCARD,3,0.03333,0.03794,0.00594,0.03332,0.02923,False
1930,TERF2,2,0.01667,0.04654,0.00848,0.03152,0.02919,False
1931,HCK,3,0.03333,0.04104,0.0,0.03394,0.02919,False
1932,E2F1,3,0.03333,0.04016,0.0,0.0347,0.02919,False
1933,WDR74,3,0.03333,0.04559,0.0,0.02992,0.02915,False
1934,GLRX3,3,0.03333,0.03343,0.01887,0.02956,0.02915,False
1935,JUND,3,0.03333,0.0381,0.0,0.03628,0.02913,False
1936,CD7,3,0.03333,0.03668,0.0,0.03746,0.02911,False
1937,MTAP,3,0.03333,0.03706,0.00921,0.03173,0.02907,False
1938,DERL2,2,0.01667,0.04739,0.00699,0.03124,0.02905,False
1939,BUB3,2,0.01667,0.04156,0.00477,0.03737,0.029,False
1940,IL3RA,3,0.03333,0.0342,0.00049,0.03892,0.02898,False
1941,RPL10,3,0.03333,0.04308,0.00083,0.0311,0.02897,False
1942,IFT52,1,0.0,0.04384,0.0,0.04517,0.02896,False
1943,FOSL1,3,0.03333,0.03973,0.0,0.03439,0.02895,False
1944,GABRA2,3,0.03333,0.03959,0.0,0.03448,0.02895,False
1945,CD55,3,0.03333,0.03924,0.0,0.03478,0.02895,False
1946,GABRG2,3,0.03333,0.03955,0.0,0.0344,0.0289,False
1947,TLR6,3,0.03333,0.03984,0.0,0.03409,0.02888,False
1948,C5AR1,3,0.03333,0.04113,0.0,0.03287,0.02884,False
1949,CYBB,3,0.03333,0.03768,0.00519,0.03285,0.02884,False
1950,NDE1,2,0.01667,0.04271,0.0338,0.01931,0.02883,False
1951,NECAP2,3,0.03333,0.04151,0.0,0.03248,0.02882,False
1952,RND2,1,0.0,0.02428,0.0,0.0615,0.02881,False
1953,HNF4A,3,0.03333,0.04076,0.0,0.0331,0.02881,False
1954,FTSJ3,3,0.03333,0.04464,0.0,0.02975,0.0288,False
1955,CKS1B,3,0.03333,0.0397,0.0,0.03398,0.0288,False
1956,YTHDC1,2,0.01667,0.04485,0.0124,0.0296,0.02879,False
1957,RPL6,3,0.03333,0.04278,0.0,0.03129,0.02879,False
1958,PDCD6,1,0.0,0.04356,0.0,0.04492,0.02879,False
1959,IFI44,3,0.03333,0.04111,0.0,0.03259,0.02874,False
1960,CEP290,2,0.01667,0.06029,0.0,0.02329,0.02874,False
1961,RPL15,3,0.03333,0.04131,0.00034,0.03215,0.02871,False
1962,MSX1,2,0.01667,0.04903,0.00235,0.03152,0.02871,False
1963,RPL36,3,0.03333,0.04262,0.0,0.03119,0.0287,False
1964,CDC25A,3,0.03333,0.04051,8e-05,0.03292,0.02869,False
1965,LSM3,3,0.03333,0.04187,0.0,0.03178,0.02868,False
1966,RPL17,3,0.03333,0.04318,2e-05,0.03064,0.02868,False
1967,PIP4K2C,3,0.03333,0.03272,0.0,0.03958,0.02867,False
1968,IFT46,1,0.0,0.04336,0.0,0.04474,0.02867,False
1969,ERCC3,2,0.01667,0.03746,0.02718,0.02706,0.02865,False
1970,RPL9,3,0.03333,0.04167,0.0,0.03183,0.02864,False
1971,ATP6V1H,3,0.03333,0.0412,0.0,0.0322,0.02863,False
1972,ATP6V0B,3,0.03333,0.0412,0.0,0.0322,0.02863,False
1973,ATP6V1F,3,0.03333,0.0412,0.0,0.0322,0.02863,False
1974,ATP6V1E1,3,0.03333,0.0412,0.0,0.0322,0.02863,False
1975,ATP6V1G1,3,0.03333,0.04118,0.0,0.03218,0.02862,False
1976,OAS2,3,0.03333,0.04001,0.0,0.03318,0.02862,False
1977,ATP6V0D1,3,0.03333,0.04118,0.0,0.03218,0.02862,False
1978,RB1,3,0.03333,0.03971,0.0,0.03341,0.0286,False
1979,FOSB,3,0.03333,0.03907,0.0,0.03395,0.0286,False
1980,LSM4,3,0.03333,0.04135,0.0,0.03194,0.02859,False
1981,LSM5,3,0.03333,0.04135,0.0,0.03194,0.02859,False
1982,LSM2,3,0.03333,0.04135,0.0,0.03194,0.02859,False
1983,LSM8,3,0.03333,0.04135,0.0,0.03194,0.02859,False
1984,ATP6AP2,3,0.03333,0.0411,0.0,0.03213,0.02858,False
1985,VAV2,3,0.03333,0.03268,0.0,0.03929,0.02856,False
1986,ATP6AP1,3,0.03333,0.04104,0.0,0.03209,0.02854,False
1987,ATP6V0E1,3,0.03333,0.04104,0.0,0.03209,0.02854,False
1988,NRP2,2,0.01667,0.05077,0.0,0.03085,0.02853,False
1989,RNASEK,3,0.03333,0.04101,0.0,0.03207,0.02853,False
1990,EIF6,3,0.03333,0.04406,0.0,0.02944,0.02852,False
1991,MAL2,1,0.0,0.0442,0.0,0.04357,0.02851,False
1992,CKAP5,2,0.01667,0.04915,0.01225,0.02518,0.02851,False
1993,RPL13,3,0.03333,0.04192,0.0,0.03121,0.0285,False
1994,NIBAN3,3,0.03333,0.03026,0.0,0.04121,0.0285,False
1995,ATP6V1E2,3,0.03333,0.04094,0.0,0.03202,0.02849,False
1996,ATP6V0D2,3,0.03333,0.04093,0.0,0.03201,0.02848,False
1997,NTM,1,0.0,0.02284,0.0,0.06172,0.02846,False
1998,IFIT3,3,0.03333,0.04052,0.0,0.03225,0.02844,False
1999,RAB11B,2,0.01667,0.0378,0.00428,0.0392,0.02841,False
2000,INSR,3,0.03333,0.03754,0.00062,0.03429,0.02839,False
2001,CEBPB,3,0.03333,0.03877,0.00549,0.03022,0.02831,False
2002,PIK3CG,3,0.03333,0.03607,0.0,0.03556,0.02827,False
2003,SSBP3,2,0.01667,0.04172,0.00997,0.03217,0.02827,False
2004,UGT8,2,0.01667,0.05242,0.00324,0.02681,0.02826,False
2005,SRSF8,2,0.01667,0.04045,0.0,0.03883,0.02823,False
2006,LMO2,3,0.03333,0.0372,0.00016,0.0343,0.0282,False
2007,DDX1,1,0.0,0.04259,0.0,0.04405,0.02819,False
2008,IFT74,1,0.0,0.04257,0.0,0.04404,0.02819,False
2009,RTCB,1,0.0,0.04259,0.0,0.04405,0.02819,False
2010,RTRAF,1,0.0,0.04259,0.0,0.04405,0.02819,False
2011,C2orf49,1,0.0,0.04254,0.0,0.04401,0.02816,False
2012,AKAP9,3,0.03333,0.03502,0.00284,0.03451,0.02815,False
2013,RPS12,3,0.03333,0.03839,0.0,0.03322,0.02815,False
2014,FCGR3B,3,0.03333,0.03745,0.0,0.03403,0.02814,False
2015,CCP110,2,0.01667,0.05209,0.01401,0.02059,0.02814,False
2016,TRIM3,1,0.0,0.02439,0.0,0.05947,0.02813,False
2017,RPS21,3,0.03333,0.03832,0.0,0.03317,0.0281,False
2018,ANO5,1,0.0,0.03268,0.0,0.05227,0.0281,False
2019,CD3G,3,0.03333,0.03489,0.0,0.03604,0.02808,False
2020,MTMR1,2,0.01667,0.03205,0.0016,0.0446,0.02805,False
2021,RRP1B,3,0.03333,0.04338,0.0,0.02869,0.02805,False
2022,CUL4A,2,0.01667,0.03333,0.00157,0.04343,0.02801,False
2023,VAMP7,3,0.03333,0.02684,0.02308,0.02947,0.02798,False
2024,AP5M1,3,0.03333,0.04082,0.0,0.03049,0.02792,False
2025,CYTH3,1,0.0,0.02783,0.0,0.0559,0.02791,False
2026,AK9,1,0.0,0.03147,0.0,0.05276,0.02791,False
2027,IRS2,3,0.03333,0.03643,0.0,0.03413,0.02788,False
2028,RPSA,3,0.03333,0.03892,3e-05,0.032,0.02788,False
2029,TRA2A,2,0.01667,0.03982,0.0,0.0383,0.02785,False
2030,SRSF10,2,0.01667,0.03527,0.00857,0.03727,0.02784,False
2031,TELO2,2,0.01667,0.03731,0.01913,0.02938,0.0278,False
2032,RPL31,3,0.03333,0.04087,0.00163,0.02914,0.02779,False
2033,IFITM1,3,0.03333,0.03375,0.0,0.03614,0.02777,False
2034,DCC,2,0.01667,0.03997,0.00452,0.03529,0.02775,False
2035,MGAM,2,0.01667,0.04435,0.0,0.0341,0.02774,False
2036,P2RX1,3,0.03333,0.03687,0.0,0.03336,0.02774,False
2037,ANG,1,0.0,0.04179,0.0,0.04334,0.02771,False
2038,P2RX4,3,0.03333,0.03677,0.0,0.0333,0.02769,False
2039,MECP2,2,0.01667,0.04068,0.00069,0.03669,0.02768,False
2040,DUSP2,1,0.0,0.04171,0.0,0.04327,0.02766,False
2041,IRS4,3,0.03333,0.03572,0.00297,0.03242,0.02766,False
2042,NUP188,3,0.03333,0.04038,0.0,0.0301,0.02765,False
2043,HTR3A,3,0.03333,0.03939,0.00469,0.0282,0.02763,False
2044,TTC30A,1,0.0,0.04167,0.0,0.04323,0.02763,False
2045,RAPGEF2,2,0.01667,0.0386,0.00246,0.03729,0.02762,False
2046,KITLG,3,0.03333,0.03531,0.0,0.03437,0.02762,False
2047,PTX3,3,0.03333,0.03811,0.0,0.0319,0.0276,False
2048,NUP35,3,0.03333,0.04028,0.0,0.03004,0.0276,False
2049,FOXO1,3,0.03333,0.03627,0.0,0.03341,0.02757,False
2050,NUP62,3,0.03333,0.04024,0.0,0.03001,0.02757,False
2051,NUP54,3,0.03333,0.04024,0.0,0.03001,0.02757,False
2052,NUP58,3,0.03333,0.04009,0.0,0.02992,0.0275,False
2053,FBXW11,3,0.03333,0.03689,0.00095,0.03212,0.0275,False
2054,CD46,3,0.03333,0.03667,0.0,0.03279,0.02748,False
2055,NUP210,3,0.03333,0.04005,0.0,0.02989,0.02748,False
2056,NTN1,2,0.01667,0.04091,0.0,0.03619,0.02744,False
2057,MC4R,2,0.01667,0.04619,0.01107,0.02532,0.02743,False
2058,CD59,3,0.03333,0.03691,0.00147,0.03157,0.02742,False
2059,RNASE2,1,0.0,0.04126,0.0,0.04287,0.02739,False
2060,ZBTB8OS,1,0.0,0.04125,0.0,0.04286,0.02738,False
2061,TYRP1,2,0.01667,0.04171,0.0,0.03526,0.02736,False
2062,NDC1,3,0.03333,0.03981,0.0,0.02974,0.02735,False
2063,CR1,3,0.03333,0.03582,0.00017,0.03297,0.02732,False
2064,TXN,2,0.01667,0.04553,0.0,0.03155,0.0272,False
2065,SHC2,3,0.03333,0.03509,7e-05,0.0332,0.02716,False
2066,RPS8,3,0.03333,0.03784,9e-05,0.03074,0.02713,False
2067,BTNL2,1,0.0,0.04083,0.0,0.04249,0.02712,False
2068,TYR,2,0.01667,0.04121,0.0,0.03499,0.02711,False
2069,FZD3,2,0.01667,0.04712,0.00206,0.0287,0.02709,False
2070,AAAS,3,0.03333,0.0393,0.0,0.02942,0.02709,False
2071,CD72,3,0.03333,0.03341,0.0,0.03442,0.02707,False
2072,NFATC2,3,0.03333,0.03618,0.00015,0.03192,0.02706,False
2073,PLOD3,2,0.01667,0.04135,0.0,0.03449,0.02698,False
2074,RAMP2,1,0.0,0.02998,0.0,0.0514,0.02698,False
2075,UNC5D,2,0.01667,0.03649,0.0,0.03859,0.02695,False
2076,BTLA,3,0.03333,0.03163,0.00032,0.03542,0.02695,False
2077,IGKV2D-28,3,0.03333,0.03457,0.00045,0.03273,0.02692,False
2078,COLGALT2,2,0.01667,0.04127,0.0,0.03426,0.02687,False
2079,C1QBP,3,0.03333,0.03304,0.00128,0.03345,0.02687,False
2080,TSR1,3,0.03333,0.03471,0.0,0.03265,0.02684,False
2081,SP1,3,0.03333,0.03534,0.00046,0.03184,0.02684,False
2082,FZD6,2,0.01667,0.04743,0.0,0.02886,0.02683,False
2083,ECI2,1,0.0,0.03783,0.0,0.04422,0.02683,False
2084,FLRT3,2,0.01667,0.03269,0.0,0.04149,0.02683,False
2085,MAN2B1,1,0.0,0.03909,0.0,0.04308,0.02681,False
2086,SLC9B2,1,0.0,0.02192,0.0,0.05776,0.02679,False
2087,ACKR1,3,0.03333,0.03093,0.00011,0.03536,0.02667,False
2088,TTC30B,1,0.0,0.0401,0.0,0.04184,0.02667,False
2089,ARSA,2,0.01667,0.04735,0.0,0.02838,0.02664,False
2090,PNO1,3,0.03333,0.03433,0.0,0.03234,0.02662,False
2091,TPD52L1,1,0.0,0.04103,0.0,0.04086,0.02661,False
2092,ANP32E,2,0.01667,0.04353,0.00308,0.02977,0.0266,False
2093,GZMA,3,0.03333,0.0325,0.00071,0.03343,0.02659,False
2094,CASP10,3,0.03333,0.03271,0.0,0.03358,0.02657,False
2095,ELK1,1,0.0,0.01992,0.0,0.05882,0.02657,False
2096,ESPN,2,0.01667,0.04047,0.00267,0.03251,0.02655,False
2097,XCL2,3,0.03333,0.03418,0.0,0.03225,0.02654,False
2098,TANK,3,0.03333,0.03203,0.0,0.03402,0.02652,False
2099,PDE6H,1,0.0,0.02777,0.0,0.05186,0.02648,False
2100,TLR5,3,0.03333,0.03311,0.0,0.0329,0.02645,False
2101,SH2B1,2,0.01667,0.04176,0.01135,0.02616,0.02645,False
2102,FZD9,2,0.01667,0.0446,0.00554,0.02697,0.02643,False
2103,ARF3,3,0.03333,0.03397,0.0,0.03204,0.0264,False
2104,SPN,3,0.03333,0.03189,0.0,0.03376,0.02638,False
2105,GBA,2,0.01667,0.05203,0.0,0.02361,0.02637,False
2106,PCBP1,2,0.01667,0.04123,0.00398,0.03039,0.0263,False
2107,PRF1,3,0.03333,0.03309,0.0,0.03242,0.02627,False
2108,MAD2L2,2,0.01667,0.04624,0.01454,0.01987,0.02623,False
2109,RASSF5,2,0.01667,0.02773,4e-05,0.04395,0.02621,False
2110,SRSF3,2,0.01667,0.04152,0.00311,0.03032,0.02619,False
2111,SRSF12,2,0.01667,0.03685,0.0,0.03593,0.02613,False
2112,SLC24A4,2,0.01667,0.0379,0.0,0.03499,0.02611,False
2113,UQCC1,1,0.0,0.03172,0.0,0.04736,0.02609,False
2114,CSF1,3,0.03333,0.03276,0.0003,0.03194,0.02607,False
2115,TACC3,2,0.01667,0.04913,0.0,0.02525,0.02607,False
2116,SFRP4,1,0.0,0.03903,0.0,0.04089,0.02602,False
2117,PMPCB,2,0.01667,0.02597,0.02315,0.03135,0.02589,False
2118,DTNA,2,0.01667,0.04682,0.00535,0.02359,0.02587,False
2119,SP140L,1,0.0,0.03069,0.0,0.04752,0.02584,False
2120,FLT3LG,3,0.03333,0.03069,0.0,0.03321,0.02583,False
2121,RIPK3,3,0.03333,0.02912,0.0,0.03457,0.02583,False
2122,ADAMTS12,1,0.0,0.03871,0.0,0.0406,0.02582,False
2123,HSDL2,1,0.0,0.03626,0.0,0.04266,0.02581,False
2124,SPEN,2,0.01667,0.04193,0.00447,0.02804,0.02579,False
2125,IL33,3,0.03333,0.02975,0.0,0.03387,0.02578,False
2126,IRAK2,3,0.03333,0.03017,5e-05,0.03341,0.02575,False
2127,SERPINA1,2,0.01667,0.04027,0.00417,0.02949,0.02574,False
2128,RNASE1,1,0.0,0.03851,0.0,0.04042,0.0257,False
2129,SIRPA,2,0.01667,0.03437,0.0,0.03671,0.02566,False
2130,DMD,2,0.01667,0.04862,0.0,0.02444,0.02564,False
2131,SDHA,3,0.03333,0.03555,0.0,0.02851,0.02564,False
2132,ANLN,1,0.0,0.02853,0.0,0.04878,0.02563,False
2133,MYH9,2,0.01667,0.04656,0.00143,0.0253,0.02561,False
2134,ZBP1,3,0.03333,0.03047,0.0,0.03263,0.02556,False
2135,ELN,2,0.01667,0.0393,0.00363,0.03006,0.02554,False
2136,PF4V1,3,0.03333,0.03183,0.0,0.03138,0.02553,False
2137,PA2G4,2,0.01667,0.026,0.03937,0.02098,0.02552,False
2138,COLEC11,3,0.03333,0.03277,0.0,0.03054,0.02552,False
2139,CDKN2C,3,0.03333,0.03294,0.0,0.03033,0.0255,False
2140,BLOC1S3,2,0.01667,0.04473,0.0,0.02725,0.02546,False
2141,ASAH1,2,0.01667,0.04996,0.0,0.02268,0.02543,False
2142,SMYD3,1,0.0,0.03997,0.0,0.03832,0.0254,False
2143,PIAS2,2,0.01667,0.03664,0.0197,0.02273,0.02539,False
2144,PHRF1,2,0.01667,0.02177,0.0,0.04667,0.02536,False
2145,TST,2,0.01667,0.05049,0.0,0.02202,0.02535,False
2146,PLXNA1,2,0.01667,0.04388,0.0,0.02765,0.02534,False
2147,MPST,2,0.01667,0.05043,0.0,0.02199,0.02533,False
2148,IFNA17,3,0.03333,0.03093,0.002,0.03043,0.02533,False
2149,CFHR1,3,0.03333,0.03383,0.0,0.02907,0.02532,False
2150,FMR1,2,0.01667,0.03779,0.00253,0.03134,0.02531,False
2151,IL11,3,0.03333,0.02819,0.0,0.03385,0.0253,False
2152,IFT122,2,0.01667,0.03808,0.02227,0.01974,0.02529,False
2153,TNFSF9,3,0.03333,0.02584,0.0,0.03579,0.02528,False
2154,SRGAP3,2,0.01667,0.03704,0.0122,0.02626,0.02524,False
2155,CDCA5,2,0.01667,0.0452,0.00047,0.02593,0.02523,False
2156,XBP1,3,0.03333,0.02904,0.0,0.03282,0.0252,False
2157,MRPS16,2,0.01667,0.05085,0.0,0.02127,0.0252,False
2158,CAPN10,1,0.0,0.02041,0.0,0.0545,0.0252,False
2159,CCL13,3,0.03333,0.03115,0.0,0.03099,0.02519,False
2160,CCL4L2,3,0.03333,0.02863,0.0,0.03306,0.02516,False
2161,AHCY,2,0.01667,0.04389,0.00585,0.02372,0.02514,False
2162,ACKR4,3,0.03333,0.0311,0.0,0.03078,0.0251,False
2163,CCRL2,3,0.03333,0.02991,0.0,0.0317,0.02507,False
2164,CFP,3,0.03333,0.0331,0.0,0.02895,0.02506,False
2165,MGAT5B,2,0.01667,0.04285,0.0,0.02771,0.02505,False
2166,H3C1,2,0.01667,0.04105,0.00409,0.02689,0.02504,False
2167,DAG1,2,0.01667,0.04732,0.0,0.02381,0.02503,False
2168,EDA2R,2,0.01667,0.02688,0.02256,0.02841,0.02502,False
2169,TAPBP,2,0.01667,0.03183,0.0012,0.03624,0.02498,False
2170,CNTF,3,0.03333,0.02766,0.0,0.03334,0.02497,False
2171,RAD52,2,0.01667,0.04888,0.0018,0.02102,0.02488,False
2172,SETDB1,2,0.01667,0.03358,0.00135,0.03435,0.02487,False
2173,CCL15,3,0.03333,0.02986,0.0,0.03116,0.02486,False
2174,IFNE,3,0.03333,0.02965,0.0,0.03132,0.02486,False
2175,BLOC1S6,2,0.01667,0.04357,0.0,0.02655,0.02486,False
2176,UNC5C,2,0.01667,0.03337,0.0,0.03527,0.02485,False
2177,PGF,2,0.01667,0.03922,0.00427,0.02775,0.02483,False
2178,MAN2A1,2,0.01667,0.03524,0.00552,0.03043,0.02483,False
2179,FUS,2,0.01667,0.04355,0.00494,0.02363,0.02482,False
2180,NEDD4,2,0.01667,0.03915,0.0,0.03019,0.02481,False
2181,GYS1,2,0.01667,0.04466,0.0,0.02547,0.02481,False
2182,IFNK,3,0.03333,0.02956,0.0,0.03123,0.0248,False
2183,CTCF,2,0.01667,0.041,0.01249,0.0214,0.02479,False
2184,CSTF3,2,0.01667,0.04749,0.00369,0.02079,0.02476,False
2185,PPP2R3A,1,0.0,0.02711,0.0,0.04744,0.02474,False
2186,FCN2,3,0.03333,0.03135,0.0,0.02948,0.02472,False
2187,IL15RA,3,0.03333,0.02498,0.0,0.03474,0.02465,False
2188,GGCX,2,0.01667,0.03484,0.01243,0.02626,0.02463,False
2189,PLS1,2,0.01667,0.03681,0.00861,0.02674,0.02462,False
2190,SGSH,1,0.0,0.03556,0.0,0.03977,0.02459,False
2191,ACOX2,1,0.0,0.03436,0.0,0.04079,0.02459,False
2192,ATF5,2,0.01667,0.01835,0.04724,0.02029,0.02455,False
2193,TPD52L2,1,0.0,0.03758,0.0,0.03792,0.02454,False
2194,MGAT1,2,0.01667,0.03924,0.0,0.02934,0.02454,False
2195,BRCA2,2,0.01667,0.04047,0.00391,0.02599,0.02452,False
2196,POLE,2,0.01667,0.05068,0.0,0.01936,0.02448,False
2197,GCLM,2,0.01667,0.03852,0.01909,0.01888,0.02448,False
2198,STAR,2,0.01667,0.04392,0.0,0.02506,0.02445,False
2199,SYMPK,2,0.01667,0.04432,0.00222,0.02336,0.02441,False
2200,SNTA1,2,0.01667,0.04087,0.00477,0.0247,0.02436,False
2201,IFNL1,3,0.03333,0.02636,0.00057,0.03236,0.02435,False
2202,CCL1,3,0.03333,0.02999,0.0,0.02953,0.02433,False
2203,CXCR1,3,0.03333,0.02901,0.0,0.03029,0.0243,False
2204,CCL7,3,0.03333,0.0295,0.0,0.02985,0.0243,False
2205,OTOA,1,0.0,0.02712,0.0,0.04617,0.02429,False
2206,CYP3A5,2,0.01667,0.04851,0.00096,0.02007,0.02427,False
2207,CYP1A1,2,0.01667,0.04856,0.00091,0.02006,0.02427,False
2208,MAPRE1,2,0.01667,0.03773,0.00715,0.02569,0.02424,False
2209,SDC1,3,0.03333,0.02693,0.00221,0.03061,0.02423,False
2210,TKTL2,2,0.01667,0.04651,0.00363,0.02014,0.02423,False
2211,MLLT3,2,0.01667,0.03839,0.0,0.02904,0.02418,False
2212,APP,2,0.01667,0.03991,0.0,0.02772,0.02417,False
2213,SEC22B,3,0.03333,0.03128,0.0,0.02789,0.02415,False
2214,RCOR1,2,0.01667,0.02861,0.0001,0.03725,0.02414,False
2215,CFTR,1,0.0,0.02659,0.0,0.04611,0.02412,False
2216,POLA1,2,0.01667,0.04942,0.00067,0.019,0.02411,False
2217,TLR8,3,0.03333,0.02591,0.0005,0.03203,0.02408,False
2218,CLIP2,2,0.01667,0.04328,0.0,0.02456,0.02408,False
2219,ACBD3,2,0.01667,0.03793,0.00126,0.02831,0.02404,False
2220,COG4,2,0.01667,0.04725,0.0,0.02101,0.02403,False
2221,COG1,2,0.01667,0.04725,0.0,0.02101,0.02403,False
2222,COG2,2,0.01667,0.04725,0.0,0.02101,0.02403,False
2223,COG7,2,0.01667,0.04725,0.0,0.02101,0.02403,False
2224,COG5,2,0.01667,0.04725,0.0,0.02101,0.02403,False
2225,TIMELESS,2,0.01667,0.04354,0.00895,0.01901,0.02401,False
2226,ZC3H13,2,0.01667,0.04508,0.00527,0.01976,0.02399,False
2227,WWP2,2,0.01667,0.03749,0.0,0.0292,0.02397,False
2228,RAB27B,1,0.0,0.02952,0.0,0.0432,0.02397,False
2229,MAP2K6,2,0.01667,0.0369,0.00488,0.02688,0.02395,False
2230,SLC29A2,1,0.0,0.03727,0.0,0.03642,0.02393,False
2231,RSBN1,1,0.0,0.02405,0.0,0.04769,0.02391,False
2232,FABP5,2,0.01667,0.04215,0.0069,0.02105,0.02389,False
2233,SLC30A8,2,0.01667,0.0429,0.0,0.02431,0.02388,False
2234,COX20,1,0.0,0.02868,0.0,0.04362,0.02387,False
2235,DNMT1,2,0.01667,0.03432,0.0,0.03161,0.02386,False
2236,CCL27,3,0.03333,0.02848,1e-05,0.02946,0.02386,False
2237,RRP7A,3,0.03333,0.02991,0.0,0.02821,0.02385,False
2238,RBBP8,2,0.01667,0.03932,0.0,0.0273,0.02385,False
2239,UTP14A,3,0.03333,0.02939,0.0,0.02866,0.02385,False
2240,TRAPPC8,2,0.01667,0.04491,0.0,0.02242,0.02382,False
2241,DPYSL3,2,0.01667,0.03831,0.00246,0.02667,0.02382,False
2242,MLPH,1,0.0,0.02929,0.0,0.04292,0.02381,False
2243,TRAPPC2L,2,0.01667,0.04489,0.0,0.02241,0.02381,False
2244,EGR2,1,0.0,0.02959,0.0,0.04264,0.0238,False
2245,IL13RA2,3,0.03333,0.02463,0.0,0.03259,0.02379,False
2246,NGDN,3,0.03333,0.02964,0.0,0.02826,0.02379,False
2247,SMG1,2,0.01667,0.03945,0.0,0.02701,0.02379,False
2248,TRAPPC2,2,0.01667,0.04484,0.0,0.02238,0.02378,False
2249,TRAPPC1,2,0.01667,0.04481,0.0,0.02237,0.02377,False
2250,TRAPPC6B,2,0.01667,0.04478,0.0,0.02236,0.02376,False
2251,SLC29A1,1,0.0,0.03699,0.0,0.03618,0.02376,False
2252,TMED3,3,0.03333,0.03052,0.0,0.02744,0.02376,False
2253,TRAPPC12,2,0.01667,0.04478,0.0,0.02236,0.02376,False
2254,GAD2,2,0.01667,0.04346,0.00447,0.02091,0.02375,False
2255,TRAPPC3,2,0.01667,0.04476,0.0,0.02235,0.02375,False
2256,TRAPPC4,2,0.01667,0.04471,0.0,0.02233,0.02373,False
2257,SH3KBP1,2,0.01667,0.02662,0.0,0.03775,0.0237,False
2258,MAPKAPK2,2,0.01667,0.03615,0.0,0.02953,0.02368,False
2259,BPGM,2,0.01667,0.04287,0.00653,0.02004,0.02368,False
2260,RAPSN,1,0.0,0.03801,0.0,0.03504,0.02367,False
2261,PPIB,2,0.01667,0.03538,0.00122,0.02939,0.02364,False
2262,CX3CL1,3,0.03333,0.0274,0.0012,0.02906,0.02363,False
2263,GPR37,2,0.01667,0.04046,0.00372,0.02358,0.02363,False
2264,TRAPPC13,2,0.01667,0.04447,0.0,0.02223,0.02362,False
2265,CBS,2,0.01667,0.04552,0.00283,0.01972,0.02362,False
2266,LAMTOR1,2,0.01667,0.03417,0.01773,0.02091,0.02361,False
2267,CANX,2,0.01667,0.03521,0.0,0.03011,0.0236,False
2268,DNM1,2,0.01667,0.03774,0.00046,0.02759,0.02357,False
2269,CEACAM16,1,0.0,0.02617,0.0,0.04488,0.02356,False
2270,CRBN,2,0.01667,0.03262,0.00343,0.03016,0.02353,False
2271,TKT,2,0.01667,0.04657,0.0,0.02016,0.02353,False
2272,TKTL1,2,0.01667,0.04654,0.0,0.02015,0.02351,False
2273,RAD51D,2,0.01667,0.0397,0.0,0.02578,0.02344,False
2274,TRAPPC6A,2,0.01667,0.04404,0.0,0.02202,0.02342,False
2275,PTK6,2,0.01667,0.02713,0.0,0.0365,0.02341,False
2276,PABPC1,2,0.01667,0.03903,0.00283,0.02467,0.02341,False
2277,HPS4,2,0.01667,0.04025,0.0,0.02514,0.02337,False
2278,SRRM2,2,0.01667,0.03275,0.00544,0.02844,0.02337,False
2279,VAPB,2,0.01667,0.02008,0.0,0.04238,0.02336,False
2280,FANCA,2,0.01667,0.04435,0.0,0.02155,0.02335,False
2281,TRAPPC9,2,0.01667,0.04386,0.0,0.02194,0.02334,False
2282,CYP19A1,2,0.01667,0.03266,0.01721,0.02172,0.02334,False
2283,EAF1,2,0.01667,0.03688,0.0,0.02789,0.02333,False
2284,POT1,2,0.01667,0.03826,0.00534,0.02367,0.02333,False
2285,PRPS1,2,0.01667,0.04436,0.0,0.02143,0.02331,False
2286,TALDO1,2,0.01667,0.04598,0.00187,0.01896,0.0233,False
2287,VAMP2,2,0.01667,0.04176,0.0,0.02363,0.0233,False
2288,PALB2,2,0.01667,0.04025,0.00407,0.02259,0.0233,False
2289,NOP14,3,0.03333,0.02859,0.0,0.02775,0.02329,False
2290,TRAPPC10,2,0.01667,0.04373,0.0,0.02188,0.02328,False
2291,UPF2,2,0.01667,0.03844,0.0,0.02642,0.02328,False
2292,MOCS1,2,0.01667,0.04105,0.00231,0.02277,0.02325,False
2293,FIP1L1,2,0.01667,0.03622,0.00994,0.02253,0.02324,False
2294,SMG9,2,0.01667,0.03831,0.0,0.02636,0.02322,False
2295,SRGAP2,2,0.01667,0.03788,0.0,0.02673,0.02322,False
2296,IL4I1,2,0.01667,0.03113,0.01921,0.02154,0.02322,False
2297,FXYD2,2,0.01667,0.0396,0.0,0.0252,0.0232,False
2298,ACE,2,0.01667,0.03471,0.00802,0.02481,0.0232,False
2299,SLC32A1,2,0.01667,0.04153,0.0,0.02353,0.02319,False
2300,NFU1,2,0.01667,0.03937,0.00495,0.02255,0.02319,False
2301,BLM,2,0.01667,0.04315,0.0,0.0221,0.02318,False
2302,FUT8,2,0.01667,0.03911,0.0,0.02549,0.02316,False
2303,CCNT2,2,0.01667,0.0378,0.0,0.02659,0.02315,False
2304,EGR3,1,0.0,0.02862,0.0,0.0415,0.02311,False
2305,MTHFR,2,0.01667,0.04563,0.0,0.01978,0.02311,False
2306,H4C6,2,0.01667,0.03784,0.00073,0.02598,0.02309,False
2307,TBL3,3,0.03333,0.02822,0.0,0.02751,0.02309,False
2308,NOL10,3,0.03333,0.02821,0.0,0.0275,0.02309,False
2309,GPX6,2,0.01667,0.04612,0.00098,0.01875,0.02309,False
2310,UTP15,3,0.03333,0.02822,0.0,0.02751,0.02309,False
2311,MAP2K3,2,0.01667,0.0371,0.0,0.02701,0.02308,False
2312,AR,2,0.01667,0.03101,0.00094,0.03166,0.02307,False
2313,IRX3,2,0.01667,0.03805,0.00577,0.02287,0.02307,False
2314,STON2,2,0.01667,0.03752,0.00351,0.02457,0.02306,False
2315,RIN1,1,0.0,0.023,0.0,0.0461,0.02304,False
2316,UQCRQ,3,0.03333,0.02349,0.0,0.0314,0.02304,False
2317,HSPB1,2,0.01667,0.04022,0.00235,0.02276,0.023,False
2318,ETFB,1,0.0,0.0319,0.0,0.03835,0.02299,False
2319,IL21,3,0.03333,0.02208,0.0,0.03245,0.02298,False
2320,HPS6,2,0.01667,0.03959,0.0,0.02459,0.02298,False
2321,GLUL,2,0.01667,0.04435,0.0,0.02048,0.02297,False
2322,GPX8,2,0.01667,0.04628,0.0,0.0188,0.02297,False
2323,UPF3A,2,0.01667,0.03784,0.0,0.02605,0.02297,False
2324,COL4A3,2,0.01667,0.0385,0.0,0.02546,0.02296,False
2325,UQCRC2,3,0.03333,0.02337,0.0,0.03128,0.02296,False
2326,DARS2,2,0.01667,0.04548,0.0,0.01945,0.02295,False
2327,GPX7,2,0.01667,0.04625,0.0,0.01879,0.02295,False
2328,GPX3,2,0.01667,0.04622,0.0,0.01879,0.02294,False
2329,GPX2,2,0.01667,0.04619,0.0,0.01878,0.02293,False
2330,MBTD1,2,0.01667,0.03941,0.0,0.02458,0.02292,False
2331,GPX5,2,0.01667,0.04615,0.0,0.01876,0.02291,False
2332,CSNK1D,2,0.01667,0.04225,0.0,0.02208,0.02291,False
2333,MORF4L1,2,0.01667,0.04032,0.0,0.02367,0.02288,False
2334,PPA1,2,0.01667,0.03591,0.0,0.02746,0.02288,False
2335,PGAM1,2,0.01667,0.04399,0.0,0.02052,0.02288,False
2336,NPPA,2,0.01667,0.03792,0.00341,0.02376,0.02287,False
2337,MYLK,2,0.01667,0.03953,0.00432,0.02186,0.02287,False
2338,HNRNPU,2,0.01667,0.04023,0.0045,0.02115,0.02287,False
2339,BSG,2,0.01667,0.03727,0.00523,0.0232,0.02285,False
2340,DMAP1,2,0.01667,0.04024,0.0,0.02364,0.02285,False
2341,LDHA,2,0.01667,0.04659,0.0,0.01821,0.02285,False
2342,RASA1,2,0.01667,0.02973,0.00138,0.03178,0.02282,False
2343,SLX4,2,0.01667,0.04147,0.0,0.02247,0.02281,False
2344,UNC13D,2,0.01667,0.03338,0.0,0.02933,0.02278,False
2345,SGTA,2,0.01667,0.03595,0.00353,0.02507,0.02277,False
2346,TRPM4,2,0.01667,0.02561,0.00012,0.0359,0.02277,False
2347,ACTL6A,2,0.01667,0.04005,0.0,0.02354,0.02276,False
2348,FHL2,2,0.01667,0.03956,0.00256,0.02247,0.02274,False
2349,TLN1,2,0.01667,0.03218,0.0,0.03017,0.02272,False
2350,PPP2R1A,2,0.01667,0.04078,0.0,0.02281,0.02272,False
2351,SHANK1,2,0.01667,0.03649,0.00101,0.02592,0.02272,False
2352,FURIN,2,0.01667,0.03518,0.00399,0.02533,0.02272,False
2353,BCKDHA,2,0.01667,0.0446,0.0,0.01944,0.02268,False
2354,TRAPPC3L,2,0.01667,0.04242,0.0,0.0213,0.02268,False
2355,PDHA1,2,0.01667,0.0446,0.0,0.01944,0.02268,False
2356,PDHX,2,0.01667,0.0446,0.0,0.01944,0.02268,False
2357,PDHA2,2,0.01667,0.04457,0.0,0.01943,0.02267,False
2358,FKBP6,2,0.01667,0.04027,0.0,0.02309,0.02266,False
2359,TRAPPC2B,2,0.01667,0.04233,0.0,0.02127,0.02265,False
2360,STX11,2,0.01667,0.03316,0.0,0.02912,0.02264,False
2361,NTS,2,0.01667,0.04119,0.0,0.02222,0.02263,False
2362,LARS2,2,0.01667,0.04432,0.0,0.01949,0.02262,False
2363,GATB,2,0.01667,0.0436,0.0,0.02004,0.02259,False
2364,PDIA4,2,0.01667,0.03336,0.0,0.02877,0.02258,False
2365,MSL3,2,0.01667,0.03972,0.0,0.0233,0.02257,False
2366,XRN1,2,0.01667,0.03198,0.00713,0.02587,0.02257,False
2367,ST6GAL1,2,0.01667,0.0379,0.0,0.02479,0.02255,False
2368,ADPRM,2,0.01667,0.03877,0.00766,0.01967,0.02255,False
2369,PGAM2,2,0.01667,0.04328,0.0,0.02019,0.02255,False
2370,DNMT3B,2,0.01667,0.03207,0.0,0.02976,0.02254,False
2371,VDAC2,2,0.01667,0.0394,0.0,0.02343,0.02252,False
2372,SUCLG1,2,0.01667,0.0305,0.02059,0.0193,0.02252,False
2373,ANAPC4,2,0.01667,0.03206,0.0173,0.01984,0.02252,False
2374,FKBP10,2,0.01667,0.03996,0.0,0.02294,0.02252,False
2375,NUDC,2,0.01667,0.03547,0.0,0.0268,0.02252,False
2376,HSD17B7,2,0.01667,0.04038,0.00369,0.02046,0.02251,False
2377,AFF4,2,0.01667,0.03544,0.0,0.02678,0.02251,False
2378,RHAG,2,0.01667,0.03812,0.00344,0.02247,0.02249,False
2379,ELL,2,0.01667,0.03542,0.0,0.02676,0.02249,False
2380,COL4A1,2,0.01667,0.03747,0.0,0.02499,0.02249,False
2381,CCAR2,2,0.01667,0.03408,0.00012,0.02782,0.02248,False
2382,PGAM4,2,0.01667,0.04305,0.0,0.02013,0.02246,False
2383,CCK,2,0.01667,0.04078,0.0,0.02204,0.02245,False
2384,XDH,2,0.01667,0.03608,0.00702,0.02205,0.02244,False
2385,DAB2IP,1,0.0,0.02228,0.0,0.04499,0.02243,False
2386,RIC1,2,0.01667,0.04009,0.00669,0.01877,0.02243,False
2387,PPA2,2,0.01667,0.03501,0.0,0.02689,0.02241,False
2388,DLST,2,0.01667,0.04392,0.0,0.0192,0.0224,False
2389,SEMA4D,2,0.01667,0.03259,0.00983,0.02328,0.02239,False
2390,COQ2,2,0.01667,0.03062,0.02098,0.0186,0.02239,False
2391,B3GNT5,2,0.01667,0.03727,0.0,0.0248,0.02236,False
2392,HPX,2,0.01667,0.03268,0.00115,0.02803,0.02234,False
2393,CSNK1E,2,0.01667,0.03998,0.00167,0.02146,0.02234,False
2394,AP3M1,2,0.01667,0.03665,0.0,0.02525,0.02233,False
2395,LHPP,2,0.01667,0.03481,0.0,0.02677,0.02231,False
2396,RBM25,2,0.01667,0.03464,0.0,0.0269,0.02231,False
2397,CYP51A1,2,0.01667,0.04219,0.0,0.02041,0.0223,False
2398,TRAK2,2,0.01667,0.02844,0.0,0.03218,0.02229,False
2399,JAM3,2,0.01667,0.03109,0.00367,0.02777,0.02228,False
2400,PRPS1L1,2,0.01667,0.04201,0.0,0.0205,0.02228,False
2401,AP3M2,2,0.01667,0.03652,0.0,0.02518,0.02227,False
2402,NPC1L1,2,0.01667,0.03272,0.01445,0.02017,0.02226,False
2403,CNTNAP2,2,0.01667,0.02532,0.0,0.0347,0.02224,False
2404,STXBP2,2,0.01667,0.03246,0.0,0.02854,0.02223,False
2405,TFG,1,0.0,0.03284,0.0,0.03537,0.02223,False
2406,SCD5,2,0.01667,0.03966,0.0,0.02236,0.02222,False
2407,KCNN2,2,0.01667,0.03135,0.00065,0.02906,0.02221,False
2408,DBT,2,0.01667,0.04345,0.0,0.01904,0.0222,False
2409,EPC2,2,0.01667,0.03785,0.0,0.02377,0.02218,False
2410,CDC45,2,0.01667,0.04264,0.0,0.01965,0.02217,False
2411,MVD,2,0.01667,0.04198,0.0,0.02023,0.02217,False
2412,MCM4,2,0.01667,0.04264,0.0,0.01965,0.02217,False
2413,MCM3,2,0.01667,0.04264,0.0,0.01965,0.02217,False
2414,MCM6,2,0.01667,0.04262,0.0,0.01964,0.02216,False
2415,MCM5,2,0.01667,0.04259,0.0,0.01963,0.02215,False
2416,IL27,3,0.03333,0.02139,0.0,0.03064,0.02214,False
2417,SLC18A3,2,0.01667,0.03929,0.0,0.02244,0.02214,False
2418,MCM2,2,0.01667,0.04257,0.0,0.01962,0.02214,False
2419,EWSR1,2,0.01667,0.02765,0.00662,0.02862,0.02214,False
2420,ATP1A3,2,0.01667,0.03738,0.0,0.024,0.02211,False
2421,CA2,2,0.01667,0.03314,0.01518,0.01891,0.0221,False
2422,OGDH,2,0.01667,0.04318,0.0,0.01894,0.02208,False
2423,UBE3A,2,0.01667,0.03313,0.00735,0.02334,0.02208,False
2424,ATXN1L,2,0.01667,0.03612,0.0,0.02486,0.02204,False
2425,ST3GAL1,2,0.01667,0.0361,0.0,0.02486,0.02203,False
2426,UBE2E1,2,0.01667,0.03115,0.00179,0.02802,0.02201,False
2427,GFPT1,2,0.01667,0.04216,0.0,0.01962,0.02201,False
2428,ATP1A2,2,0.01667,0.03714,0.0,0.0239,0.02201,False
2429,ST3GAL2,2,0.01667,0.03604,0.0,0.02483,0.022,False
2430,B3GALNT1,2,0.01667,0.03656,0.0,0.02438,0.022,False
2431,RDX,2,0.01667,0.03538,0.0,0.02536,0.02199,False
2432,ST3GAL4,2,0.01667,0.03598,0.0,0.02478,0.02197,False
2433,PLPP2,2,0.01667,0.04218,0.0,0.01946,0.02196,False
2434,PRTN3,2,0.01667,0.03413,0.0,0.02635,0.02196,False
2435,MARS1,2,0.01667,0.04368,0.0,0.01814,0.02195,False
2436,GFPT2,2,0.01667,0.04198,0.0,0.01955,0.02194,False
2437,NCR3,2,0.01667,0.0329,0.0,0.02731,0.02193,False
2438,PRKAG3,2,0.01667,0.03983,0.00394,0.01907,0.02191,False
2439,NTNG2,1,0.0,0.02958,0.0,0.03718,0.02189,False
2440,NTNG1,1,0.0,0.02958,0.0,0.03718,0.02189,False
2441,MST1R,1,0.0,0.03581,0.0,0.03179,0.02187,False
2442,NCR1,2,0.01667,0.03272,0.0,0.02719,0.02183,False
2443,ELL2,2,0.01667,0.03423,0.0,0.02585,0.02182,False
2444,STING1,2,0.01667,0.02954,0.00228,0.02853,0.0218,False
2445,RRAGB,2,0.01667,0.03948,0.0,0.02125,0.02178,False
2446,RRAGC,2,0.01667,0.03948,0.0,0.02125,0.02178,False
2447,AARS1,2,0.01667,0.04238,0.0,0.01875,0.02178,False
2448,RRAGA,2,0.01667,0.03948,0.0,0.02125,0.02178,False
2449,GINS1,2,0.01667,0.04174,0.0,0.01928,0.02177,False
2450,MPO,2,0.01667,0.03377,0.0,0.02604,0.02175,False
2451,CPS1,2,0.01667,0.04194,0.0,0.01901,0.02174,False
2452,COIL,2,0.01667,0.03423,0.00817,0.02097,0.02174,False
2453,DKC1,2,0.01667,0.03778,0.0,0.02254,0.02172,False
2454,NOP10,2,0.01667,0.03778,0.0,0.02254,0.02172,False
2455,TNS2,2,0.01667,0.0283,0.00038,0.0304,0.02171,False
2456,MSN,2,0.01667,0.0348,0.0,0.02502,0.0217,False
2457,GINS4,2,0.01667,0.04157,0.0,0.01921,0.02169,False
2458,VARS2,2,0.01667,0.04215,0.0,0.01867,0.02168,False
2459,TREM2,2,0.01667,0.02516,0.00037,0.03299,0.02167,False
2460,FUT5,2,0.01667,0.03461,0.0,0.02512,0.02167,False
2461,VARS1,2,0.01667,0.04213,0.0,0.01866,0.02167,False
2462,PC,2,0.01667,0.0409,0.0046,0.01708,0.02167,False
2463,LTF,2,0.01667,0.03604,0.0,0.02385,0.02166,False
2464,RCC1,2,0.01667,0.03031,0.0,0.0287,0.02164,False
2465,PLA2G10,2,0.01667,0.02685,0.01328,0.02405,0.02163,False
2466,DRD4,2,0.01667,0.0375,0.0,0.0225,0.02162,False
2467,POLR2E,2,0.01667,0.04066,0.0,0.01977,0.02162,False
2468,GCNT2,2,0.01667,0.03442,0.0,0.02513,0.02162,False
2469,PDK3,2,0.01667,0.04213,0.0,0.0185,0.02161,False
2470,IARS2,2,0.01667,0.042,0.0,0.01861,0.02161,False
2471,ATXN7-2,2,0.01667,0.0368,0.0,0.02305,0.02161,False
2472,CDO1,2,0.01667,0.04207,0.0,0.01849,0.02159,False
2473,ATP1A4,2,0.01667,0.03621,0.0,0.02347,0.02158,False
2474,STX16,2,0.01667,0.04159,0.0,0.01881,0.02156,False
2475,ATXN7,2,0.01667,0.03671,0.0,0.023,0.02156,False
2476,PRKAA2,2,0.01667,0.04081,0.0,0.01946,0.02155,False
2477,NKX2-8,1,0.0,0.0334,0.0,0.03294,0.02155,False
2478,UQCRH,3,0.03333,0.01967,0.0,0.03041,0.02154,False
2479,ATP1B1,2,0.01667,0.03463,0.00583,0.02139,0.02154,False
2480,PISD,2,0.01667,0.03804,0.0,0.02177,0.02153,False
2481,PRKAG1,2,0.01667,0.04073,0.0,0.01943,0.02152,False
2482,ING2,1,0.0,0.01891,0.0,0.04521,0.0215,False
2483,EP400,2,0.01667,0.03646,0.0,0.02304,0.0215,False
2484,LSS,2,0.01667,0.04043,0.0,0.01957,0.02148,False
2485,SIGLEC10,2,0.01667,0.02826,0.0,0.02997,0.02147,False
2486,TNFRSF25,2,0.01667,0.02694,0.0,0.03104,0.02145,False
2487,GOT1,2,0.01667,0.03897,0.0,0.02067,0.02143,False
2488,GAR1,2,0.01667,0.03717,0.0,0.02222,0.02143,False
2489,SLC5A2,2,0.01667,0.03425,0.00364,0.02262,0.02142,False
2490,SUPT16H,2,0.01667,0.03708,0.0,0.02226,0.02142,False
2491,EARS2,2,0.01667,0.04156,0.0,0.01845,0.02142,False
2492,STX6,2,0.01667,0.04125,0.0,0.01867,0.02141,False
2493,SERPINH1,2,0.01667,0.03531,0.0,0.02374,0.0214,False
2494,CYB5R4,2,0.01667,0.03845,0.0,0.02103,0.0214,False
2495,DGAT2,2,0.01667,0.03351,0.00017,0.02509,0.02137,False
2496,CDC123,2,0.01667,0.03248,0.00638,0.02242,0.02137,False
2497,DRD5,2,0.01667,0.032,0.01155,0.01988,0.02137,False
2498,EGR4,1,0.0,0.02616,0.0,0.03863,0.02137,False
2499,GOT2,2,0.01667,0.03877,0.0,0.02068,0.02137,False
2500,LRRC34,1,0.0,0.02504,0.0,0.03953,0.02135,False
2501,BORA,2,0.01667,0.03422,0.0,0.02454,0.02135,False
2502,GCSH,2,0.01667,0.04029,0.0,0.01931,0.02134,False
2503,PINK1,2,0.01667,0.03543,0.0,0.02346,0.02134,False
2504,YARS1,2,0.01667,0.04134,0.0,0.01836,0.02133,False
2505,GHRL,2,0.01667,0.03427,0.0044,0.02192,0.02133,False
2506,TLN2,2,0.01667,0.02972,0.00061,0.02798,0.02133,False
2507,INCENP,2,0.01667,0.03466,0.0,0.02405,0.02131,False
2508,MCM9,2,0.01667,0.04064,0.0,0.01885,0.02129,False
2509,STK40,2,0.01667,0.02879,0.0,0.029,0.02129,False
2510,SSRP1,2,0.01667,0.0368,0.0,0.02212,0.02128,False
2511,POLR2K,2,0.01667,0.03978,0.00033,0.01935,0.02127,False
2512,CEPT1,2,0.01667,0.03749,0.0,0.02149,0.02127,False
2513,HLA-A,2,0.01667,0.0329,0.0,0.02541,0.02126,False
2514,TARS3,2,0.01667,0.04118,0.0,0.01829,0.02126,False
2515,CTSL,2,0.01667,0.03231,0.00201,0.02473,0.02125,False
2516,DOCK1,2,0.01667,0.03545,0.0,0.02318,0.02125,False
2517,FANCI,2,0.01667,0.03804,0.0,0.02095,0.02124,False
2518,ERBB4,2,0.01667,0.0303,0.0,0.02756,0.02124,False
2519,WDR61,2,0.01667,0.03652,0.0,0.02217,0.02121,False
2520,PEMT,2,0.01667,0.03737,0.0,0.02143,0.02121,False
2521,TRIB1,2,0.01667,0.0284,0.00067,0.02868,0.02119,False
2522,NR3C2,2,0.01667,0.03251,0.00182,0.02449,0.02119,False
2523,FCHO1,2,0.01667,0.03252,0.00154,0.02466,0.02119,False
2524,TRIM21,2,0.01667,0.02655,0.00259,0.02913,0.02118,False
2525,CHRND,1,0.0,0.03368,0.0,0.03165,0.02118,False
2526,PSPH,2,0.01667,0.03892,0.0,0.01998,0.02117,False
2527,GRP,2,0.01667,0.03775,0.00062,0.02063,0.02117,False
2528,RAP1B,2,0.01667,0.03029,0.0,0.02734,0.02116,False
2529,MED12,2,0.01667,0.03995,0.0,0.01905,0.02115,False
2530,CDK19,2,0.01667,0.03995,0.0,0.01905,0.02115,False
2531,MED28,2,0.01667,0.03995,0.0,0.01905,0.02115,False
2532,MED18,2,0.01667,0.03995,0.0,0.01905,0.02115,False
2533,MED14,2,0.01667,0.03995,0.0,0.01905,0.02115,False
2534,CCNC,2,0.01667,0.03995,0.0,0.01905,0.02115,False
2535,CDK8,2,0.01667,0.03993,0.0,0.01904,0.02114,False
2536,POLR2C,2,0.01667,0.03651,0.0,0.02197,0.02114,False
2537,MED19,2,0.01667,0.0399,0.0,0.01903,0.02113,False
2538,NMU,2,0.01667,0.03791,0.0,0.02072,0.02113,False
2539,FLRT1,2,0.01667,0.02931,0.0,0.02806,0.02112,False
2540,MED29,2,0.01667,0.03988,0.0,0.01902,0.02112,False
2541,MED17,2,0.01667,0.03988,0.0,0.01902,0.02112,False
2542,SPOP,2,0.01667,0.02992,0.00253,0.02608,0.02111,False
2543,MED4,2,0.01667,0.03983,0.0,0.019,0.0211,False
2544,MED26,2,0.01667,0.03983,0.0,0.019,0.0211,False
2545,LRRK2,2,0.01667,0.03493,0.0,0.02318,0.02109,False
2546,TEP1,2,0.01667,0.03641,0.0,0.02189,0.02109,False
2547,PARS2,2,0.01667,0.04079,0.0,0.01815,0.02109,False
2548,CNTN2,2,0.01667,0.02362,0.0,0.03283,0.02108,False
2549,MED6,2,0.01667,0.03978,0.0,0.01898,0.02108,False
2550,MED15,2,0.01667,0.03975,0.0,0.01897,0.02107,False
2551,MED30,2,0.01667,0.03975,0.0,0.01897,0.02107,False
2552,AP3B2,2,0.01667,0.03409,0.0,0.02374,0.02104,False
2553,MAN2C1,1,0.0,0.02991,0.0,0.03448,0.02104,False
2554,HSPB2,2,0.01667,0.03489,0.00139,0.02226,0.02104,False
2555,PROCR,2,0.01667,0.03221,0.00556,0.02215,0.02103,False
2556,POLDIP3,2,0.01667,0.03189,0.0,0.02559,0.02103,False
2557,NRG4,2,0.01667,0.02991,0.0,0.02728,0.02102,False
2558,TARS1,2,0.01667,0.04064,0.0,0.01809,0.02102,False
2559,NXF1,2,0.01667,0.03185,0.00261,0.02413,0.02102,False
2560,ERBIN,2,0.01667,0.02841,0.0035,0.02658,0.02102,False
2561,UPF3B,2,0.01667,0.03394,0.0,0.02376,0.021,False
2562,ACLY,2,0.01667,0.03825,0.0,0.02002,0.02098,False
2563,OPLAH,2,0.01667,0.03796,0.00483,0.01747,0.02097,False
2564,VPS52,2,0.01667,0.04019,0.0,0.01826,0.02095,False
2565,WDR35,2,0.01667,0.03484,0.0,0.02284,0.02094,False
2566,CDK5,2,0.01667,0.03111,0.00936,0.02066,0.02094,False
2567,SPR,2,0.01667,0.03663,0.0,0.02121,0.02091,False
2568,PTDSS2,2,0.01667,0.03671,0.0,0.0211,0.0209,False
2569,EME1,2,0.01667,0.03611,0.00324,0.01977,0.0209,False
2570,SCN4B,2,0.01667,0.02737,0.00085,0.02862,0.0209,False
2571,GABRA4,2,0.01667,0.02856,0.0,0.02804,0.02088,False
2572,TPD52L3,1,0.0,0.03144,0.0,0.03268,0.02087,False
2573,STXBP1,2,0.01667,0.03155,0.00203,0.02429,0.02087,False
2574,GNAL,2,0.01667,0.02307,0.00742,0.02842,0.02085,False
2575,ELMO3,2,0.01667,0.03462,0.0,0.02272,0.02084,False
2576,HMMR,2,0.01667,0.03145,0.00484,0.02265,0.02083,False
2577,YARS2,2,0.01667,0.0402,0.0,0.01792,0.02083,False
2578,MPDZ,1,0.0,0.0209,0.0,0.04157,0.02082,False
2579,ACVRL1,2,0.01667,0.0323,0.0,0.02462,0.02081,False
2580,TCEA1,2,0.01667,0.0358,0.0,0.02162,0.02081,False
2581,GOLGA5,2,0.01667,0.03986,0.0,0.01814,0.02081,False
2582,YY1,2,0.01667,0.02643,0.00229,0.02827,0.02078,False
2583,COMT,2,0.01667,0.03572,0.0,0.0216,0.02077,False
2584,LPCAT3,2,0.01667,0.03644,0.0,0.02096,0.02077,False
2585,LCAT,2,0.01667,0.03644,0.0,0.02097,0.02077,False
2586,ELL3,2,0.01667,0.03235,0.0,0.02442,0.02075,False
2587,POLR2G,2,0.01667,0.03569,0.0,0.02156,0.02075,False
2588,FLNB,2,0.01667,0.02586,0.00875,0.02496,0.02074,False
2589,COL6A2,2,0.01667,0.034,0.0,0.02298,0.02074,False
2590,NARS2,2,0.01667,0.04,0.0,0.01784,0.02074,False
2591,NRG2,2,0.01667,0.0294,0.0,0.02688,0.02073,False
2592,HLA-F,2,0.01667,0.03191,0.0,0.02473,0.02073,False
2593,CYB5RL,2,0.01667,0.03703,0.0,0.02032,0.02072,False
2594,CTSG,2,0.01667,0.03202,0.0,0.02461,0.02072,False
2595,TRPM1,1,0.0,0.02877,0.0,0.03452,0.02071,False
2596,GAPDH,2,0.01667,0.03393,0.00509,0.02004,0.02071,False
2597,TGFB2,2,0.01667,0.03148,0.0,0.02499,0.02069,False
2598,ALB,2,0.01667,0.02578,0.01668,0.02033,0.02068,False
2599,IARS1,2,0.01667,0.03986,0.0,0.01779,0.02068,False
2600,MEFV,2,0.01667,0.0306,0.0,0.0257,0.02067,False
2601,TCEA2,2,0.01667,0.03531,0.00015,0.02156,0.02067,False
2602,PNRC2,2,0.01667,0.03327,0.0,0.02338,0.02067,False
2603,GABRG1,2,0.01667,0.02817,0.0,0.02776,0.02067,False
2604,LPCAT1,2,0.01667,0.03621,0.0,0.02085,0.02066,False
2605,KRT14,2,0.01667,0.0337,0.00374,0.02085,0.02066,False
2606,HARS2,2,0.01667,0.03977,0.0,0.01776,0.02065,False
2607,ENO1,2,0.01667,0.0333,0.00145,0.02249,0.02065,False
2608,SMAD7,2,0.01667,0.0314,0.0,0.02494,0.02065,False
2609,LPCAT2,2,0.01667,0.03616,0.0,0.02083,0.02064,False
2610,SLX1A,2,0.01667,0.0369,0.0,0.0202,0.02064,False
2611,FTCD,2,0.01667,0.03814,0.00157,0.01818,0.02062,False
2612,PLD3,2,0.01667,0.03611,0.0,0.0208,0.02061,False
2613,CCDC155,1,0.0,0.03031,0.0,0.03291,0.02061,False
2614,ADA,2,0.01667,0.03264,0.00338,0.02184,0.02061,False
2615,CRY1,2,0.01667,0.03624,0.0,0.02066,0.0206,False
2616,TSG101,2,0.01667,0.03639,0.0,0.02044,0.02057,False
2617,ACAT1,2,0.01667,0.03698,0.00383,0.01775,0.02057,False
2618,TSPAN8,2,0.01667,0.02953,0.00269,0.02474,0.02056,False
2619,CRH,2,0.01667,0.03369,0.00504,0.01986,0.02056,False
2620,SAMD1,1,0.0,0.02413,0.0,0.03805,0.02056,False
2621,MAP11,2,0.01667,0.03772,0.0,0.01923,0.02055,False
2622,IL1RL2,2,0.01667,0.02882,0.0,0.02684,0.02054,False
2623,CTNNBL1,1,0.0,0.02134,0.0,0.04041,0.02054,False
2624,LPCAT4,2,0.01667,0.03594,0.0,0.02072,0.02054,False
2625,RABIF,2,0.01667,0.02933,0.00645,0.02268,0.02053,False
2626,HARS1,2,0.01667,0.03948,0.0,0.01765,0.02052,False
2627,NRG1,2,0.01667,0.02901,0.0,0.02658,0.02051,False
2628,MRPL21,2,0.01667,0.02793,0.01378,0.0196,0.0205,False
2629,GOSR1,2,0.01667,0.03913,0.0,0.01785,0.02049,False
2630,COL6A1,2,0.01667,0.03346,0.0,0.02268,0.02048,False
2631,RPA3,2,0.01667,0.03787,0.0,0.01885,0.02046,False
2632,GSC,2,0.01667,0.03077,0.0071,0.02087,0.02046,False
2633,ADGRB1,2,0.01667,0.03382,0.0,0.02229,0.02045,False
2634,FABP2,1,0.0,0.02897,0.0,0.03359,0.02045,False
2635,RC3H2,1,0.0,0.0315,0.0,0.03139,0.02044,False
2636,GARS1,2,0.01667,0.03928,0.0,0.01758,0.02044,False
2637,PHF3,1,0.0,0.03145,0.0,0.03135,0.02041,False
2638,MUSK,1,0.0,0.03233,0.0,0.0306,0.02041,False
2639,ALDH1L2,2,0.01667,0.03728,0.0,0.01923,0.02041,False
2640,POLR2L,2,0.01667,0.03492,0.0,0.02117,0.02038,False
2641,UPP1,2,0.01667,0.03014,0.01174,0.01852,0.02037,False
2642,TKFC,2,0.01667,0.02957,0.00652,0.02199,0.02037,False
2643,CYP21A2,2,0.01667,0.03145,0.00307,0.02231,0.02036,False
2644,TGFBR3,2,0.01667,0.03082,0.0,0.02457,0.02035,False
2645,BCAS2,2,0.01667,0.03384,0.0,0.02201,0.02035,False
2646,MCL1,2,0.01667,0.03382,0.0,0.02201,0.02035,False
2647,GAK,2,0.01667,0.02835,0.0101,0.02092,0.02035,False
2648,AKR1B1,2,0.01667,0.03543,0.0,0.0206,0.02034,False
2649,NCR2,2,0.01667,0.02992,0.0,0.02529,0.02033,False
2650,HMGA1,2,0.01667,0.02494,0.02068,0.01773,0.02032,False
2651,IPO9,2,0.01667,0.03226,0.0,0.02323,0.02031,False
2652,NUMBL,2,0.01667,0.02763,0.00143,0.02635,0.0203,False
2653,TIA1,2,0.01667,0.03267,0.0,0.02282,0.02029,False
2654,ACACB,2,0.01667,0.03755,0.0,0.0186,0.02027,False
2655,FDX1,2,0.01667,0.03118,0.01158,0.01738,0.02025,False
2656,TCL1A,2,0.01667,0.02765,0.00136,0.02622,0.02025,False
2657,DOCK4,2,0.01667,0.03343,0.0,0.02208,0.02025,False
2658,SOS2,2,0.01667,0.02864,0.0,0.02613,0.02024,False
2659,GATA2,2,0.01667,0.02839,0.0,0.02636,0.02024,False
2660,KAT2A,2,0.01667,0.03088,0.0,0.02415,0.02022,False
2661,ALDH1L1,2,0.01667,0.03684,0.0,0.01904,0.02022,False
2662,BCL2A1,2,0.01667,0.0335,0.0,0.02185,0.0202,False
2663,NCBP3,2,0.01667,0.02947,0.0,0.02526,0.02018,False
2664,IDO2,2,0.01667,0.02608,0.00771,0.02377,0.02018,False
2665,MAGOH,2,0.01667,0.03036,0.0,0.02445,0.02016,False
2666,CLINT1,2,0.01667,0.02794,0.00042,0.02629,0.02016,False
2667,NVL,2,0.01667,0.03441,0.0,0.02087,0.02013,False
2668,CDS1,2,0.01667,0.03548,0.0,0.01995,0.02013,False
2669,QPRT,2,0.01667,0.03457,0.0,0.02073,0.02013,False
2670,LAMA3,2,0.01667,0.03033,0.0,0.02434,0.02012,False
2671,COCH,1,0.0,0.02171,0.0,0.03882,0.0201,False
2672,SIRT3,2,0.01667,0.03445,0.0,0.02067,0.02007,False
2673,SGO1,2,0.01667,0.03006,0.00055,0.02409,0.02006,False
2674,VPS54,2,0.01667,0.03815,0.0,0.01747,0.02006,False
2675,GPR55,2,0.01667,0.03491,0.0,0.02021,0.02005,False
2676,HLA-DQB1,2,0.01667,0.02407,0.00383,0.02728,0.02004,False
2677,TMEM109,2,0.01667,0.03632,0.00288,0.01733,0.02004,False
2678,PRMT5,2,0.01667,0.02582,0.0,0.028,0.02004,False
2679,CHMP3,2,0.01667,0.03528,0.0,0.01985,0.02003,False
2680,LGI1,2,0.01667,0.02211,0.0,0.03111,0.02002,False
2681,SUV39H1,2,0.01667,0.02797,0.0,0.02609,0.02002,False
2682,TTK,2,0.01667,0.03073,0.00095,0.02308,0.01999,False
2683,BCL2L2,2,0.01667,0.03299,0.0,0.02158,0.01995,False
2684,CD200R1,2,0.01667,0.02953,0.00028,0.02437,0.01994,False
2685,LOX,2,0.01667,0.02959,0.0,0.02448,0.01994,False
2686,MS4A3,2,0.01667,0.02951,0.00136,0.02376,0.01994,False
2687,NMNAT1,2,0.01667,0.03413,0.0,0.02051,0.01992,False
2688,SUFU,1,0.0,0.03225,0.0,0.02922,0.0199,False
2689,NUDT12,2,0.01667,0.03406,0.0,0.02047,0.01988,False
2690,WIPI2,2,0.01667,0.03271,0.0,0.0216,0.01987,False
2691,PKMYT1,2,0.01667,0.02968,0.0,0.0242,0.01987,False
2692,MVB12A,2,0.01667,0.035,0.0,0.0196,0.01986,False
2693,ATG7,2,0.01667,0.03266,0.0,0.02158,0.01985,False
2694,CD9,2,0.01667,0.0318,0.0,0.02232,0.01985,False
2695,MKI67,2,0.01667,0.03356,0.0,0.02078,0.01984,False
2696,VPS36,2,0.01667,0.03496,0.0,0.01958,0.01984,False
2697,FKBP1B,2,0.01667,0.0259,0.0,0.02726,0.01981,False
2698,FLNC,2,0.01667,0.02719,0.0,0.02615,0.01981,False
2699,TRIM5,2,0.01667,0.0331,0.0,0.02108,0.01981,False
2700,GABARAPL2,2,0.01667,0.03256,0.0,0.02152,0.0198,False
2701,RAE1,2,0.01667,0.03159,0.0,0.02232,0.01979,False
2702,GUCY1A1,2,0.01667,0.03211,0.0,0.02185,0.01978,False
2703,CHMP6,2,0.01667,0.03479,0.0,0.01949,0.01976,False
2704,ADSS2,2,0.01667,0.03449,0.0,0.01974,0.01976,False
2705,VTI1A,2,0.01667,0.03745,0.0,0.0172,0.01976,False
2706,IKZF3,2,0.01667,0.02511,0.0,0.02775,0.01975,False
2707,NOD1,2,0.01667,0.02929,0.0,0.02413,0.01973,False
2708,MAGEC1,1,0.0,0.0253,0.0,0.03469,0.01973,False
2709,DOCK5,2,0.01667,0.03237,0.0,0.02146,0.01972,False
2710,VPS25,2,0.01667,0.03472,0.0,0.01944,0.01972,False
2711,LPIN2,2,0.01667,0.02588,0.01122,0.02053,0.01969,False
2712,NT5C3A,2,0.01667,0.03485,0.00214,0.01802,0.01969,False
2713,ALCAM,2,0.01667,0.02902,0.00124,0.02346,0.01967,False
2714,AKR1B10,2,0.01667,0.03397,0.0,0.01994,0.01967,False
2715,NLK,2,0.01667,0.02919,0.0,0.02405,0.01967,False
2716,NFE2L1,2,0.01667,0.03154,0.0,0.022,0.01966,False
2717,JUP,2,0.01667,0.02917,0.0,0.02404,0.01966,False
2718,CAMK2B,2,0.01667,0.02934,0.00417,0.02146,0.01965,False
2719,NID1,2,0.01667,0.03068,0.0,0.02271,0.01965,False
2720,RGPD2,2,0.01667,0.03276,0.0,0.0209,0.01964,False
2721,SIRT5,2,0.01667,0.03354,0.0,0.02021,0.01964,False
2722,RICTOR,2,0.01667,0.03144,0.0,0.02198,0.01963,False
2723,HTR1B,2,0.01667,0.03338,0.0,0.02029,0.01962,False
2724,PTMA,2,0.01667,0.03338,0.0,0.02029,0.01962,False
2725,ATG10,2,0.01667,0.03219,0.0,0.02133,0.01962,False
2726,NADK2,2,0.01667,0.03348,0.0,0.02019,0.01961,False
2727,GPD1,2,0.01667,0.03413,0.0,0.0196,0.0196,False
2728,SIRT4,2,0.01667,0.03347,0.0,0.02018,0.0196,False
2729,HLA-DMA,2,0.01667,0.03166,0.0,0.0217,0.01959,False
2730,DHX16,2,0.01667,0.03032,0.00127,0.0221,0.01959,False
2731,ADSS1,2,0.01667,0.03414,0.0,0.01957,0.01959,False
2732,WHRN,1,0.0,0.02608,0.0,0.03361,0.01959,False
2733,SIRT6,2,0.01667,0.03345,0.0,0.02017,0.01959,False
2734,ABCG8,2,0.01667,0.03055,0.00528,0.01958,0.01958,False
2735,BDNF,2,0.01667,0.03038,0.00148,0.02191,0.01958,False
2736,ACVR2A,2,0.01667,0.03109,0.0,0.02214,0.01958,False
2737,SIRT2,2,0.01667,0.03341,0.0,0.02015,0.01957,False
2738,PTF1A,2,0.01667,0.03168,0.00031,0.02146,0.01957,False
2739,SIRT7,2,0.01667,0.03339,0.0,0.02014,0.01956,False
2740,EIF4EBP1,2,0.01667,0.03126,0.0,0.02187,0.01953,False
2741,CASQ1,2,0.01667,0.02541,0.0,0.02685,0.01952,False
2742,EPN2,2,0.01667,0.02926,0.0,0.02354,0.01952,False
2743,UBAP1,2,0.01667,0.03433,0.0,0.0192,0.01952,False
2744,FPGS,2,0.01667,0.03464,0.0,0.0189,0.01951,False
2745,BST1,2,0.01667,0.03318,0.0,0.02004,0.01947,False
2746,PDE5A,2,0.01667,0.03137,0.0,0.02157,0.01946,False
2747,RPS6KA5,2,0.01667,0.03212,0.00052,0.02064,0.01946,False
2748,SF3B4,2,0.01667,0.0299,0.0,0.02283,0.01946,False
2749,HTR2A,2,0.01667,0.03304,0.0,0.02009,0.01945,False
2750,MYLIP,2,0.01667,0.02739,0.01196,0.01806,0.01943,False
2751,SNF8,2,0.01667,0.03411,0.0,0.01911,0.01942,False
2752,EPN3,2,0.01667,0.02905,0.0,0.02341,0.01941,False
2753,AMPD2,2,0.01667,0.03376,0.0,0.01939,0.01941,False
2754,OGA,1,0.0,0.02566,0.0,0.03347,0.01941,False
2755,DCP1A,2,0.01667,0.03077,0.0,0.02192,0.0194,False
2756,CD1C,2,0.01667,0.02374,0.0,0.02791,0.01939,False
2757,YWHAH,2,0.01667,0.02667,0.00971,0.01983,0.01938,False
2758,ABCA1,2,0.01667,0.03,0.0,0.0225,0.01938,False
2759,RC3H1,1,0.0,0.0297,0.0,0.02991,0.01938,False
2760,CASQ2,2,0.01667,0.02514,0.0,0.02667,0.01938,False
2761,AMPD3,2,0.01667,0.0337,0.0,0.01936,0.01938,False
2762,CHMP2A,2,0.01667,0.03399,0.0,0.01908,0.01937,False
2763,LAMTOR2,2,0.01667,0.03342,0.00188,0.01846,0.01936,False
2764,AMPD1,2,0.01667,0.03365,0.0,0.01934,0.01936,False
2765,EFCAB5,1,0.0,0.01983,0.0,0.03824,0.01934,False
2766,HLA-DOA,2,0.01667,0.03118,0.0,0.02138,0.01934,False
2767,DCAF4,1,0.0,0.02227,0.0,0.03614,0.01933,False
2768,BBC3,2,0.01667,0.03168,0.0,0.02087,0.01931,False
2769,TBC1D14,2,0.01667,0.0349,0.0,0.0181,0.01931,False
2770,TASOR,1,0.0,0.02735,0.0,0.03169,0.0193,False
2771,SLC28A3,1,0.0,0.0294,0.0,0.02992,0.01929,False
2772,PMVK,2,0.01667,0.03525,0.0,0.01773,0.01928,False
2773,GPAT2,2,0.01667,0.03342,0.0,0.01925,0.01926,False
2774,GADD45A,2,0.01667,0.0298,6e-05,0.02232,0.01926,False
2775,OCRL,2,0.01667,0.02567,0.00301,0.02412,0.01925,False
2776,FCRLA,2,0.01667,0.02201,0.0,0.029,0.01925,False
2777,NR0B2,2,0.01667,0.03189,0.0,0.02053,0.01925,False
2778,KCNJ6,2,0.01667,0.02674,0.0,0.0249,0.01924,False
2779,PIP5KL1,2,0.01667,0.02448,0.0,0.02684,0.01924,False
2780,PIP5K1B,2,0.01667,0.02445,0.0,0.02683,0.01923,False
2781,GPAT3,2,0.01667,0.03331,0.0,0.01919,0.01921,False
2782,MAP2K2,2,0.01667,0.03043,0.00262,0.02018,0.01921,False
2783,GALR2,2,0.01667,0.03045,0.0,0.02164,0.01921,False
2784,LRRIQ4,1,0.0,0.02209,0.0,0.03587,0.01918,False
2785,KLK4,2,0.01667,0.02461,0.00224,0.02525,0.01917,False
2786,GALR1,2,0.01667,0.03039,0.0,0.02159,0.01917,False
2787,DDX3X,2,0.01667,0.02655,0.003,0.02316,0.01917,False
2788,SEC24C,2,0.01667,0.02798,0.0063,0.02003,0.01916,False
2789,FBXO5,1,0.0,0.02175,0.0,0.03607,0.01915,False
2790,ACTRT3,1,0.0,0.02205,0.0,0.03582,0.01915,False
2791,GABRG3,2,0.01667,0.02548,0.0,0.02574,0.01915,False
2792,NNT,2,0.01667,0.0325,0.0,0.0197,0.01914,False
2793,TPMT,2,0.01667,0.03315,0.0,0.0191,0.01913,False
2794,NR5A1,2,0.01667,0.02964,0.00288,0.02044,0.01913,False
2795,PVR,2,0.01667,0.02585,0.00098,0.0248,0.01913,False
2796,GABRA3,2,0.01667,0.02539,0.0,0.02567,0.0191,False
2797,DCAF5,1,0.0,0.02213,0.0,0.0356,0.0191,False
2798,FFAR3,2,0.01667,0.02729,0.00615,0.02048,0.01909,False
2799,LRP6,2,0.01667,0.02974,0.0,0.0219,0.01908,False
2800,SLC28A1,1,0.0,0.02902,0.0,0.02961,0.01907,False
2801,SLC28A2,1,0.0,0.02902,0.0,0.02961,0.01907,False
2802,CHRNB1,1,0.0,0.02999,0.0,0.02877,0.01907,False
2803,MTMR8,1,0.0,0.01683,0.0,0.04002,0.01906,False
2804,AGPAT5,2,0.01667,0.03297,0.0,0.01902,0.01905,False
2805,LAMA4,2,0.01667,0.0294,0.0,0.02209,0.01905,False
2806,HLA-DMB,2,0.01667,0.02983,0.0017,0.02073,0.01904,False
2807,RBCK1,2,0.01667,0.02725,0.00175,0.02281,0.01901,False
2808,DOCK3,2,0.01667,0.03089,0.0,0.02066,0.019,False
2809,SCN3B,2,0.01667,0.02337,0.00048,0.0268,0.01899,False
2810,NAPRT,2,0.01667,0.03217,0.0,0.01953,0.01898,False
2811,FGF13,2,0.01667,0.02219,0.00599,0.02461,0.01897,False
2812,TMOD4,1,0.0,0.03153,0.0,0.02714,0.01896,False
2813,CEP152,1,0.0,0.02069,0.0,0.03645,0.01896,False
2814,NECTIN1,2,0.01667,0.02589,0.0,0.02481,0.01895,False
2815,GPAT4,2,0.01667,0.03274,0.0,0.01892,0.01894,False
2816,GNL3L,2,0.01667,0.03183,0.0,0.01962,0.01892,False
2817,LCLAT1,2,0.01667,0.03069,0.00293,0.01884,0.01889,False
2818,SOX17,2,0.01667,0.02773,0.0,0.02307,0.01889,False
2819,RAPGEF1,2,0.01667,0.02398,0.00148,0.0254,0.01888,False
2820,KCNJ9,2,0.01667,0.02611,0.0,0.02443,0.01888,False
2821,CHRNE,1,0.0,0.02964,0.0,0.0285,0.01887,False
2822,SOD1,2,0.01667,0.02943,0.0,0.02147,0.01884,False
2823,CAPZA2,1,0.0,0.03129,0.0,0.02698,0.01883,False
2824,NOX4,2,0.01667,0.02678,0.00091,0.02318,0.01883,False
2825,DYNLL1,2,0.01667,0.02833,0.0,0.02233,0.01882,False
2826,OXT,2,0.01667,0.02927,0.0034,0.01961,0.01882,False
2827,ELOC,2,0.01667,0.02859,0.00284,0.02049,0.01881,False
2828,FADS6,2,0.01667,0.02951,0.0057,0.01804,0.01881,False
2829,IDO1,2,0.01667,0.02633,0.0,0.02403,0.01881,False
2830,HTR2C,2,0.01667,0.03171,0.0,0.01943,0.01881,False
2831,NT5M,2,0.01667,0.03239,0.0,0.01874,0.01878,False
2832,MFAP1,2,0.01667,0.0286,0.0,0.02198,0.01877,False
2833,SEC16A,2,0.01667,0.02703,0.00376,0.0211,0.01875,False
2834,GPD1L,2,0.01667,0.03231,0.0,0.01872,0.01874,False
2835,CACNA1G,2,0.01667,0.02383,0.00539,0.02286,0.01873,False
2836,POU2AF1,2,0.01667,0.02153,0.0,0.0279,0.01872,False
2837,CYP2J2,2,0.01667,0.03189,0.0,0.01902,0.01872,False
2838,KLRC2,2,0.01667,0.02695,0.0,0.0232,0.01871,False
2839,CACNA1S,2,0.01667,0.02686,0.0,0.02329,0.01871,False
2840,GPR156,2,0.01667,0.02578,0.0,0.02418,0.0187,False
2841,TNFSF8,2,0.01667,0.02075,0.0,0.02845,0.01868,False
2842,NECTIN2,2,0.01667,0.02513,0.00096,0.0241,0.01867,False
2843,MAX,2,0.01667,0.02801,0.0,0.0222,0.01867,False
2844,VAMP4,2,0.01667,0.03496,0.0,0.01623,0.01867,False
2845,DRD1,2,0.01667,0.03124,0.0,0.01939,0.01866,False
2846,FGF23,2,0.01667,0.0359,0.0,0.01538,0.01865,False
2847,ABCG5,2,0.01667,0.03082,0.0,0.01974,0.01865,False
2848,VSIG4,2,0.01667,0.02557,0.0,0.02416,0.01863,False
2849,ITGA8,2,0.01667,0.02776,0.0,0.02228,0.01863,False
2850,ITGA7,2,0.01667,0.02774,7e-05,0.02227,0.01863,False
2851,NRCAM,1,0.0,0.01891,0.0,0.03703,0.01863,False
2852,SUCLG2,2,0.01667,0.02476,0.0,0.02483,0.01862,False
2853,PRKCG,2,0.01667,0.02834,0.0,0.02172,0.01861,False
2854,CYP4A11,2,0.01667,0.03161,0.0,0.0189,0.0186,False
2855,CD53,2,0.01667,0.01999,0.0,0.02883,0.01859,False
2856,THY1,2,0.01667,0.02753,0.0,0.02231,0.01857,False
2857,XPR1,2,0.01667,0.02862,0.0025,0.01983,0.01853,False
2858,ACP5,2,0.01667,0.0276,0.0,0.02215,0.01853,False
2859,RUNX1T1,2,0.01667,0.02527,0.0,0.02414,0.01853,False
2860,PMAIP1,2,0.01667,0.03002,0.0,0.02003,0.01852,False
2861,PTGIS,2,0.01667,0.02916,0.0,0.02074,0.01851,False
2862,SYF2,2,0.01667,0.02782,0.00047,0.02162,0.01851,False
2863,TMC1,2,0.01667,0.02496,0.00565,0.02113,0.01851,False
2864,HIP1R,2,0.01667,0.02567,0.0,0.02365,0.01848,False
2865,XAB2,2,0.01667,0.02792,0.0,0.02168,0.01846,False
2866,TPR,2,0.01667,0.02632,0.00414,0.02064,0.01845,False
2867,CTNND2,2,0.01667,0.02688,0.0,0.02251,0.01844,False
2868,HLA-DPA1,2,0.01667,0.02535,0.0,0.02377,0.01842,False
2869,MFN2,2,0.01667,0.03021,0.0,0.0196,0.01842,False
2870,UQCC3,1,0.0,0.02118,0.0,0.03443,0.0184,False
2871,NT5C1B,2,0.01667,0.03157,0.0,0.01835,0.01839,False
2872,NT5C1B-RDH14,2,0.01667,0.03157,0.0,0.01835,0.01839,False
2873,HAX1,2,0.01667,0.02887,0.0,0.02061,0.01837,False
2874,NDRG1,1,0.0,0.02135,0.0,0.03412,0.01835,False
2875,UPP2,2,0.01667,0.03068,0.0,0.01887,0.01831,False
2876,AP1M1,2,0.01667,0.02773,0.0,0.02141,0.01831,False
2877,ITGB6,2,0.01667,0.02549,0.0,0.02327,0.01829,False
2878,WNT1,1,0.0,0.02125,0.0,0.03399,0.01827,False
2879,ENTPD6,2,0.01667,0.03128,0.0,0.01821,0.01826,False
2880,ENTPD5,2,0.01667,0.03124,0.0,0.01819,0.01824,False
2881,AAK1,2,0.01667,0.02626,0.0,0.02246,0.01824,False
2882,STAMBP,2,0.01667,0.028,0.0,0.02096,0.01824,False
2883,CX3CR1,2,0.01667,0.02548,0.00188,0.02206,0.01824,False
2884,SPINT1,1,0.0,0.02932,0.0,0.02695,0.01823,False
2885,RSL1D1,2,0.01667,0.02938,0.0,0.01976,0.01823,False
2886,PDE6G,2,0.01667,0.02889,0.0,0.02015,0.01822,False
2887,C8A,2,0.01667,0.02671,0.0,0.02202,0.01822,False
2888,SPRED1,1,0.0,0.02641,0.0,0.02943,0.01822,False
2889,RRP12,2,0.01667,0.02596,0.0,0.02267,0.01822,False
2890,CAPZB,1,0.0,0.03015,0.0,0.02617,0.0182,False
2891,NT5C3B,2,0.01667,0.03111,0.0,0.01812,0.01818,False
2892,NPC2,1,0.0,0.0238,0.0,0.03155,0.01818,False
2893,TMEM165,1,0.0,0.01936,0.0,0.03536,0.01818,False
2894,C5AR2,2,0.01667,0.02661,0.0,0.02198,0.01818,False
2895,PTGES2,2,0.01667,0.02852,0.0,0.02036,0.01818,False
2896,CREB5,2,0.01667,0.02828,0.0,0.02049,0.01816,False
2897,MAP3K5,2,0.01667,0.0257,0.00103,0.0221,0.01815,False
2898,FOXH1,2,0.01667,0.02674,0.0,0.02172,0.01813,False
2899,NSA2,2,0.01667,0.02783,0.0,0.02076,0.01812,False
2900,VAV3,2,0.01667,0.02017,0.0,0.02731,0.01811,False
2901,FHL1,2,0.01667,0.02416,0.00068,0.02351,0.01811,False
2902,ACTG1,2,0.01667,0.02612,3e-05,0.02213,0.01809,False
2903,CAPZA1,1,0.0,0.02995,0.0,0.02603,0.01809,False
2904,TRPC1,2,0.01667,0.02547,0.0,0.02271,0.01809,False
2905,BBS9,1,0.0,0.03857,0.0,0.01847,0.01804,False
2906,RPL18A,2,0.01667,0.02764,0.0,0.02072,0.01804,False
2907,NF1,1,0.0,0.02611,0.0,0.02917,0.01804,False
2908,ZBTB17,2,0.01667,0.02525,0.00241,0.02137,0.01804,False
2909,BTC,2,0.01667,0.0246,0.0,0.02325,0.01802,False
2910,FCHO2,2,0.01667,0.02604,0.0,0.02202,0.01802,False
2911,FBXW7,2,0.01667,0.0255,0.0,0.02247,0.01801,False
2912,VTN,2,0.01667,0.02715,0.0,0.02105,0.01801,False
2913,RPL32,2,0.01667,0.02758,0.0,0.02068,0.01801,False
2914,BBS2,1,0.0,0.03848,0.0,0.01844,0.018,False
2915,BIK,2,0.01667,0.02897,0.0,0.01946,0.018,False
2916,APEH,1,0.0,0.02889,0.0,0.02664,0.01799,False
2917,EREG,2,0.01667,0.02452,0.0,0.02318,0.01797,False
2918,BBS7,1,0.0,0.03839,0.0,0.0184,0.01796,False
2919,HPCA,2,0.01667,0.01852,9e-05,0.02826,0.01796,False
2920,PDE3B,2,0.01667,0.02759,0.0,0.02051,0.01795,False
2921,STAC3,2,0.01667,0.02546,0.0,0.02233,0.01795,False
2922,GSDMD,2,0.01667,0.02633,0.00208,0.0204,0.01795,False
2923,C4BPA,2,0.01667,0.02433,0.0,0.02325,0.01794,False
2924,ARG1,2,0.01667,0.02468,0.0,0.02291,0.01792,False
2925,SFN,2,0.01667,0.02708,0.0,0.02084,0.01792,False
2926,ARG2,2,0.01667,0.02465,0.0,0.02289,0.01791,False
2927,PTGDS,2,0.01667,0.02795,0.0,0.02003,0.0179,False
2928,BCL11B,1,0.0,0.02427,0.0,0.03031,0.01789,False
2929,C4BPB,2,0.01667,0.02424,0.0,0.02318,0.01788,False
2930,PHF2,1,0.0,0.0262,0.0,0.02857,0.01786,False
2931,ATF3,2,0.01667,0.02507,0.0,0.02236,0.01785,False
2932,DDX60,2,0.01667,0.02511,0.0,0.02234,0.01785,False
2933,IFIT2,2,0.01667,0.02511,0.0,0.02231,0.01784,False
2934,GUK1,2,0.01667,0.02691,0.0,0.02078,0.01784,False
2935,SURF6,2,0.01667,0.02773,0.0,0.02002,0.01783,False
2936,BBS4,1,0.0,0.03811,0.0,0.01829,0.01783,False
2937,BCL2L10,2,0.01667,0.0286,0.0,0.01929,0.01783,False
2938,AKAP6,2,0.01667,0.02507,0.0,0.02232,0.01783,False
2939,VPREB3,2,0.01667,0.01991,0.0,0.0267,0.01782,False
2940,PRPF31,2,0.01667,0.02619,0.0,0.02133,0.01782,False
2941,PRPF4,2,0.01667,0.02619,0.0,0.02133,0.01782,False
2942,BBS5,1,0.0,0.03807,0.0,0.01827,0.01781,False
2943,RPL7,2,0.01667,0.02642,0.00037,0.02088,0.01781,False
2944,RRS1,2,0.01667,0.02768,0.0,0.01997,0.01779,False
2945,MAFK,2,0.01667,0.02203,0.00014,0.02469,0.01778,False
2946,RPL24,2,0.01667,0.02688,0.0,0.02062,0.01778,False
2947,PPP1R13L,2,0.01667,0.02677,0.0,0.02067,0.01776,False
2948,DHX58,2,0.01667,0.02477,0.0,0.02238,0.01776,False
2949,HPN,1,0.0,0.02847,0.0,0.02632,0.01775,False
2950,BBS1,1,0.0,0.03793,0.0,0.01821,0.01775,False
2951,ASL,2,0.01667,0.02434,0.0,0.02266,0.01773,False
2952,CKS2,2,0.01667,0.02484,0.0,0.02222,0.01773,False
2953,TTC8,1,0.0,0.03784,0.0,0.01818,0.01771,False
2954,CD1D,2,0.01667,0.02589,0.00117,0.02056,0.0177,False
2955,ERVW-1,2,0.01667,0.02355,0.00063,0.02286,0.01769,False
2956,TAX1BP1,2,0.01667,0.01923,0.0,0.0269,0.01768,False
2957,NLRC4,2,0.01667,0.02204,0.00178,0.02343,0.01767,False
2958,OTUD7A,1,0.0,0.024,0.0,0.02989,0.01766,False
2959,UNC119,1,0.0,0.05888,0.0,0.0,0.01766,False
2960,CD160,2,0.01667,0.01996,0.0,0.02618,0.01765,False
2961,CARM1,2,0.01667,0.02514,0.0,0.0216,0.0176,False
2962,EIF2AK2,2,0.01667,0.02464,0.0,0.02198,0.01759,False
2963,NPM1,2,0.01667,0.02199,0.0,0.02415,0.01755,False
2964,SPINT2,1,0.0,0.02808,0.0,0.02603,0.01754,False
2965,RPS16,2,0.01667,0.02495,0.0,0.02157,0.01753,False
2966,MEF2D,2,0.01667,0.02609,0.00033,0.02036,0.01752,False
2967,CYP4F8,2,0.01667,0.02715,0.0,0.0196,0.01751,False
2968,SAV1,1,0.0,0.02804,0.0,0.026,0.01751,False
2969,ITIH4,2,0.01667,0.02052,0.00034,0.02507,0.0175,False
2970,OAS3,2,0.01667,0.02575,0.0,0.0208,0.0175,False
2971,SNAI1,2,0.01667,0.02554,0.0,0.02095,0.01749,False
2972,PLCE1,2,0.01667,0.02742,0.0,0.01932,0.01749,False
2973,FKBP4,2,0.01667,0.02379,0.0,0.02235,0.01746,False
2974,AFTPH,2,0.01667,0.02336,0.0,0.02268,0.01745,False
2975,RRP1,2,0.01667,0.02697,0.0,0.01958,0.01744,False
2976,SLC34A1,2,0.01667,0.033,0.0,0.01434,0.01742,False
2977,MSRB3,1,0.0,0.03243,0.0,0.02184,0.01737,False
2978,GRIA4,2,0.01667,0.02465,0.0,0.02136,0.01737,False
2979,AZIN2,2,0.01667,0.02364,0.0,0.02215,0.01735,False
2980,KNG1,2,0.01667,0.0213,0.00705,0.02009,0.01733,False
2981,FCER1A,2,0.01667,0.02048,0.00141,0.02401,0.01733,False
2982,ATF7,2,0.01667,0.02285,0.0,0.02279,0.01733,False
2983,RPL26,2,0.01667,0.02559,0.00019,0.02029,0.01732,False
2984,CASR,2,0.01667,0.02328,0.0,0.02231,0.01729,False
2985,PML,2,0.01667,0.02328,0.0,0.0223,0.01729,False
2986,PLEK,2,0.01667,0.02025,0.00207,0.02368,0.01728,False
2987,NOB1,2,0.01667,0.02269,0.0,0.02271,0.01726,False
2988,RPL27A,2,0.01667,0.02493,0.0,0.02079,0.01726,False
2989,FAF2,1,0.0,0.03475,0.0,0.01945,0.01723,False
2990,NLRC5,2,0.01667,0.02195,0.0,0.02322,0.01721,False
2991,GOLPH3,2,0.01667,0.02376,0.0,0.02165,0.01721,False
2992,CHST14,1,0.0,0.02153,0.0,0.03063,0.01718,False
2993,PAX6,2,0.01667,0.02438,0.00042,0.0208,0.01718,False
2994,POFUT2,1,0.0,0.01652,0.0,0.03486,0.01716,False
2995,IFI44L,2,0.01667,0.02509,0.0,0.02039,0.01716,False
2996,GNGT1,2,0.01667,0.02481,9e-05,0.02053,0.01715,False
2997,RPS13,2,0.01667,0.02252,0.0,0.02257,0.01715,False
2998,UFD1,1,0.0,0.03458,0.0,0.01937,0.01715,False
2999,NPLOC4,1,0.0,0.03458,0.0,0.01937,0.01715,False
3000,MSRB2,1,0.0,0.03195,0.0,0.02158,0.01714,False
3001,RIOK1,2,0.01667,0.02248,0.0,0.02254,0.01713,False
3002,IFI6,2,0.01667,0.02501,0.0,0.02033,0.01712,False
3003,RAPGEF3,2,0.01667,0.02375,0.0,0.02139,0.01711,False
3004,THRB,2,0.01667,0.02508,0.0,0.02026,0.01711,False
3005,SRF,2,0.01667,0.02346,0.0,0.0216,0.0171,False
3006,ELF4,1,0.0,0.02989,0.0,0.02321,0.01709,False
3007,AKT2,2,0.01667,0.02267,0.0,0.02222,0.01708,False
3008,MX2,2,0.01667,0.02493,0.0,0.02029,0.01708,False
3009,P2RX6,2,0.01667,0.02245,0.0,0.02236,0.01706,False
3010,ZNF593,2,0.01667,0.02567,0.0,0.01956,0.01705,False
3011,USO1,2,0.01667,0.02201,0.0,0.02271,0.01705,False
3012,CACNG2,2,0.01667,0.02401,0.0,0.02094,0.01703,False
3013,SLC34A3,2,0.01667,0.03203,0.0,0.01401,0.01701,False
3014,TFE3,1,0.0,0.01549,0.0,0.03525,0.01698,False
3015,UBE2D2,2,0.01667,0.0212,0.0,0.02309,0.01694,False
3016,MRAS,2,0.01667,0.02269,0.0,0.02175,0.01692,False
3017,GRK2,2,0.01667,0.02135,0.00127,0.0221,0.0169,False
3018,GPR152,1,0.0,0.02691,0.0,0.02522,0.0169,False
3019,DENND1A,1,0.0,0.01834,0.0,0.03254,0.01689,False
3020,P2RX5,2,0.01667,0.02212,0.0,0.02211,0.01688,False
3021,P2RX7,2,0.01667,0.02212,0.0,0.02211,0.01688,False
3022,PKD2,1,0.0,0.01859,0.0,0.03228,0.01687,False
3023,KCNE5,2,0.01667,0.01847,0.0,0.02502,0.0168,False
3024,PRKCE,2,0.01667,0.02179,0.00065,0.02179,0.0168,False
3025,WNT2B,1,0.0,0.02402,0.0,0.02735,0.01678,False
3026,CAGE1,1,0.0,0.02398,0.0,0.02731,0.01675,False
3027,DKK1,1,0.0,0.02398,0.0,0.02731,0.01675,False
3028,CUL4B,1,0.0,0.01876,0.0,0.03178,0.01675,False
3029,AKT3,2,0.01667,0.02178,0.00077,0.02156,0.01673,False
3030,OASL,2,0.01667,0.02425,0.0,0.01986,0.01673,False
3031,C8G,2,0.01667,0.02353,0.0,0.02035,0.01668,False
3032,UBE2D1,2,0.01667,0.01912,0.0,0.02414,0.01668,False
3033,ODF2,1,0.0,0.01841,0.0,0.03185,0.01667,False
3034,ARHGEF11,2,0.01667,0.02138,0.0,0.02216,0.01667,False
3035,ARMS2,2,0.01667,0.02297,0.0,0.02079,0.01667,False
3036,COL9A1,1,0.0,0.02944,0.0,0.02241,0.01667,False
3037,SYNPR,1,0.0,0.01857,0.0,0.03168,0.01666,False
3038,CEBPE,1,0.0,0.0242,0.0,0.02684,0.01665,False
3039,TNFSF10,2,0.01667,0.02059,0.0,0.02275,0.01664,False
3040,LY96,2,0.01667,0.02103,0.0,0.02227,0.01661,False
3041,TNFRSF10A,2,0.01667,0.02053,0.0,0.0227,0.0166,False
3042,SHOC2,1,0.0,0.02761,0.0,0.02374,0.01659,False
3043,IFT80,1,0.0,0.02228,0.0,0.02823,0.01656,False
3044,SLC39A9,1,0.0,0.03839,0.0,0.01436,0.01654,False
3045,SIGIRR,2,0.01667,0.01942,0.0,0.02347,0.01654,False
3046,RMDN3,2,0.01667,0.01897,0.0,0.02369,0.01648,False
3047,RP1L1,1,0.0,0.0306,0.0,0.02083,0.01647,False
3048,ZW10,2,0.01667,0.02254,0.0,0.02053,0.01645,False
3049,GAB2,2,0.01667,0.02044,0.0,0.0223,0.01644,False
3050,CHRNA4,2,0.01667,0.01833,0.0,0.02412,0.01644,False
3051,GRIA3,2,0.01667,0.02287,0.0,0.02019,0.01643,False
3052,CDKN2D,2,0.01667,0.02129,0.0,0.02149,0.01641,False
3053,NPR2,2,0.01667,0.02405,0.0,0.01906,0.01639,False
3054,SGIP1,2,0.01667,0.0219,0.0,0.02086,0.01637,False
3055,PPP1R15A,1,0.0,0.02712,0.0,0.02339,0.01632,False
3056,GPBAR1,2,0.01667,0.01836,0.00554,0.02053,0.0163,False
3057,XCL1,2,0.01667,0.02084,0.0,0.02139,0.01624,False
3058,KCNJ8,2,0.01667,0.01571,0.00309,0.02397,0.01622,False
3059,TOLLIP,2,0.01667,0.01953,0.0,0.02234,0.01618,False
3060,KDELR1,2,0.01667,0.02128,0.0,0.02078,0.01616,False
3061,CLEC4E,2,0.01667,0.019,0.0,0.02271,0.01615,False
3062,CACNG3,2,0.01667,0.02235,0.0,0.01984,0.01615,False
3063,ADCY4,2,0.01667,0.02327,0.0012,0.01834,0.01614,False
3064,ELP4,1,0.0,0.03103,0.0,0.01951,0.01614,False
3065,EBI3,2,0.01667,0.01637,0.0,0.0247,0.01606,False
3066,UNC93B1,2,0.01667,0.01716,0.0,0.02405,0.01606,False
3067,COL11A1,1,0.0,0.02822,0.0,0.02166,0.01605,False
3068,TSGA13,2,0.01667,0.02177,0.0,0.01999,0.01603,False
3069,GALM,1,0.0,0.02506,0.0,0.0243,0.01602,False
3070,CDCP2,1,0.0,0.02003,0.0,0.02858,0.01601,False
3071,EIF2S1,1,0.0,0.02655,0.0,0.023,0.01601,False
3072,RPS23,2,0.01667,0.01934,0.00769,0.01763,0.01601,False
3073,POU5F1,2,0.01667,0.02053,0.0,0.0209,0.01597,False
3074,CLEC6A,2,0.01667,0.01937,0.00033,0.02163,0.01595,False
3075,IFNW1,2,0.01667,0.01959,0.0,0.02164,0.01595,False
3076,CARD10,2,0.01667,0.01919,0.0,0.02193,0.01593,False
3077,BCL3,2,0.01667,0.01853,0.0,0.02246,0.01592,False
3078,GNE,1,0.0,0.02486,0.0,0.02415,0.01591,False
3079,CFHR3,2,0.01667,0.02151,0.0,0.01984,0.0159,False
3080,FCGR1A,2,0.01667,0.01911,0.0,0.0219,0.0159,False
3081,PRG2,1,0.0,0.02767,0.0,0.02172,0.0159,False
3082,AICDA,2,0.01667,0.01806,0.0,0.02274,0.01588,False
3083,IL1R2,2,0.01667,0.01856,0.0,0.02227,0.01587,False
3084,SPDEF,1,0.0,0.05285,0.0,0.0,0.01586,False
3085,IMMP1L,1,0.0,0.03043,0.0,0.0192,0.01585,False
3086,CACNG4,2,0.01667,0.0218,0.0,0.01947,0.01585,False
3087,TICAM2,2,0.01667,0.01876,0.0,0.02203,0.01584,False
3088,DCDC1,1,0.0,0.03039,0.0,0.01918,0.01583,False
3089,OSM,2,0.01667,0.0176,0.0,0.02299,0.01583,False
3090,F2RL1,2,0.01667,0.01736,0.00073,0.02272,0.01581,False
3091,MSRB1,1,0.0,0.02925,0.0,0.02008,0.0158,False
3092,KLF13,1,0.0,0.02106,0.0,0.02704,0.01578,False
3093,IL17RE,2,0.01667,0.01719,0.0,0.02317,0.01577,False
3094,PDPK1,2,0.01667,0.01907,0.00036,0.02133,0.01576,False
3095,KDELR2,2,0.01667,0.02056,0.0,0.02026,0.01576,False
3096,FCGRT,2,0.01667,0.01886,0.0,0.02168,0.01575,False
3097,SPICE1,1,0.0,0.03388,0.0,0.01595,0.01575,False
3098,NEUROD1,1,0.0,0.0248,0.0,0.02365,0.01572,False
3099,CARD14,2,0.01667,0.01882,0.0,0.02162,0.01571,False
3100,RPS17,2,0.01667,0.0224,0.00078,0.0181,0.01571,False
3101,IL25,2,0.01667,0.01709,0.0,0.02306,0.0157,False
3102,NEUROG3,1,0.0,0.02476,0.0,0.02362,0.01569,False
3103,DPH2,1,0.0,0.03003,0.0,0.01899,0.01566,False
3104,WNT5A,1,0.0,0.02889,0.0,0.01989,0.01563,False
3105,TOX4,1,0.0,0.02616,0.0,0.02221,0.01562,False
3106,CXCL2,2,0.01667,0.01947,0.0,0.0208,0.01562,False
3107,INHA,1,0.0,0.02459,0.0,0.02349,0.0156,False
3108,SCIN,1,0.0,0.02537,0.0,0.02279,0.01559,False
3109,CAT,1,0.0,0.0242,0.0,0.02365,0.01554,False
3110,GLRX,1,0.0,0.0287,0.0,0.01977,0.01553,False
3111,SLC6A20,1,0.0,0.03291,0.0,0.01617,0.01553,False
3112,SLC39A1,1,0.0,0.03588,0.0,0.01356,0.01551,False
3113,IGFBP5,1,0.0,0.02691,0.0,0.02124,0.01551,False
3114,EMILIN1,1,0.0,0.01283,0.0,0.03326,0.01549,False
3115,IGFBP4,1,0.0,0.02687,0.0,0.02122,0.01549,False
3116,CCL28,2,0.01667,0.01893,0.0,0.02088,0.01549,False
3117,IGLV10-54,2,0.01667,0.01751,0.0,0.02206,0.01548,False
3118,CCR8,2,0.01667,0.01877,0.0,0.02087,0.01544,False
3119,COL9A2,1,0.0,0.02701,0.0,0.02091,0.01542,False
3120,CCL24,2,0.01667,0.01884,0.0,0.02076,0.01542,False
3121,SOCS2,2,0.01667,0.01859,9e-05,0.02089,0.01541,False
3122,IRAK3,2,0.01667,0.01821,0.0,0.02125,0.0154,False
3123,CCL23,2,0.01667,0.01894,0.0,0.02058,0.01538,False
3124,CSF2RA,2,0.01667,0.01664,0.0,0.02251,0.01537,False
3125,P4HA1,1,0.0,0.02299,0.0,0.02418,0.01536,False
3126,SLC30A9,1,0.0,0.03551,0.0,0.01344,0.01536,False
3127,CLEC9A,2,0.01667,0.01432,0.01132,0.01799,0.01536,False
3128,C16orf87,1,0.0,0.022,0.0,0.02494,0.01533,False
3129,SPIB,2,0.01667,0.017,0.0,0.02209,0.01533,False
3130,BUD23,2,0.01667,0.01904,0.0,0.0203,0.01532,False
3131,SLC30A7,1,0.0,0.0354,0.0,0.01341,0.01532,False
3132,CTF1,2,0.01667,0.01678,0.0,0.02222,0.01531,False
3133,LIF,2,0.01667,0.01678,0.0,0.02223,0.01531,False
3134,EPOR,2,0.01667,0.01667,0.0,0.02231,0.01531,False
3135,SLC39A13,1,0.0,0.0353,0.0,0.01338,0.01527,False
3136,ROBO4,1,0.0,0.02522,0.0,0.02201,0.01527,False
3137,ITGA2B,2,0.01667,0.01747,0.0,0.02146,0.01525,False
3138,CCL14,2,0.01667,0.01827,0.0,0.02067,0.01522,False
3139,MYO15A,1,0.0,0.0194,0.0,0.0268,0.0152,False
3140,MS4A4A,2,0.01667,0.01944,0.0,0.01959,0.01519,False
3141,RILP,1,0.0,0.03052,0.0,0.01724,0.01519,False
3142,ENPP4,1,0.0,0.02051,0.0,0.02578,0.01517,False
3143,IFNA8,2,0.01667,0.0183,0.0,0.02047,0.01516,False
3144,IL5RA,2,0.01667,0.01631,0.0,0.0222,0.01516,False
3145,LIFR,2,0.01667,0.01652,0.0,0.02198,0.01515,False
3146,PLXNA4,1,0.0,0.02693,0.0,0.02018,0.01514,False
3147,FCN1,2,0.01667,0.01882,0.0,0.02,0.01514,False
3148,ACKR2,2,0.01667,0.01791,0.0,0.02073,0.01513,False
3149,CD209,2,0.01667,0.01822,0.0,0.02041,0.01511,False
3150,HAVCR2,2,0.01667,0.01556,0.0,0.0226,0.01508,False
3151,SHARPIN,2,0.01667,0.01613,0.0,0.02211,0.01507,False
3152,GAB1,2,0.01667,0.01687,0.0,0.02145,0.01507,False
3153,DPH3,1,0.0,0.02871,0.0,0.01831,0.01502,False
3154,NIT1,1,0.0,0.02026,0.0,0.02555,0.01502,False
3155,USP24,1,0.0,0.01854,0.0,0.02699,0.01501,False
3156,FCN3,2,0.01667,0.01855,0.0,0.01978,0.01499,False
3157,MPPED2,1,0.0,0.02863,0.0,0.01827,0.01499,False
3158,MLKL,2,0.01667,0.01642,0.0,0.02157,0.01498,False
3159,IFNA5,2,0.01667,0.01797,0.0,0.0202,0.01496,False
3160,SLC1A1,1,0.0,0.02345,0.0,0.02264,0.01496,False
3161,CCL3L1,2,0.01667,0.01751,0.0,0.02052,0.01494,False
3162,SHC4,2,0.01667,0.01661,0.0,0.02124,0.01492,False
3163,OSBPL1A,1,0.0,0.02992,0.0,0.01696,0.01491,False
3164,SOX7,1,0.0,0.02739,0.0,0.01904,0.01488,False
3165,SHC3,2,0.01667,0.01653,0.0,0.02117,0.01487,False
3166,EMC3,1,0.0,0.02963,0.0,0.01705,0.01486,False
3167,VPS29,1,0.0,0.0326,0.0,0.01446,0.01484,False
3168,KCNK15,1,0.0,0.0108,0.0,0.03314,0.01484,False
3169,PDE4C-2,1,0.0,0.01584,0.0,0.0288,0.01483,False
3170,SOX6,1,0.0,0.02788,0.0,0.01846,0.01482,False
3171,CXCL5,2,0.01667,0.01797,0.0,0.0198,0.01482,False
3172,EMC1,1,0.0,0.02946,0.0,0.01698,0.01478,False
3173,TBC1D15,1,0.0,0.02958,0.0,0.01681,0.01476,False
3174,SLC39A12,1,0.0,0.03404,0.0,0.01298,0.01476,False
3175,UBA3,1,0.0,0.0281,0.0,0.01804,0.01474,False
3176,SLC39A3,1,0.0,0.03394,0.0,0.01295,0.01471,False
3177,GSN,1,0.0,0.02375,0.0,0.02164,0.0147,False
3178,USP33,1,0.0,0.02374,0.0,0.02162,0.01469,False
3179,SNX6,1,0.0,0.03224,0.0,0.01433,0.01469,False
3180,BBIP1,1,0.0,0.03097,0.0,0.01538,0.01468,False
3181,DPH1,1,0.0,0.02796,0.0,0.01792,0.01466,False
3182,RBM24,1,0.0,0.0217,0.0,0.02322,0.01464,False
3183,IFNL2,2,0.01667,0.01566,0.0,0.02125,0.01464,False
3184,SLC39A6,1,0.0,0.03373,0.0,0.01288,0.01463,False
3185,WDR26,1,0.0,0.02782,0.0,0.01789,0.01461,False
3186,VANGL1,1,0.0,0.02807,0.0,0.01762,0.01459,False
3187,SLC39A10,1,0.0,0.03362,0.0,0.01285,0.01458,False
3188,SAMHD1,1,0.0,0.02238,0.0,0.02248,0.01458,False
3189,SLC39A5,1,0.0,0.03357,0.0,0.01283,0.01456,False
3190,MARCHF8,1,0.0,0.02762,0.0,0.01779,0.01451,False
3191,SLC30A6,1,0.0,0.03341,0.0,0.01278,0.0145,False
3192,PRKCI,1,0.0,0.02489,0.0,0.02006,0.01449,False
3193,CCL16,2,0.01667,0.01728,0.0,0.01944,0.01449,False
3194,EIF1,1,0.0,0.02357,0.0,0.02095,0.0144,False
3195,SMARCB1,1,0.0,0.02044,0.0,0.02359,0.01439,False
3196,DVL2,1,0.0,0.02762,0.0,0.01739,0.01437,False
3197,MGAM2,1,0.0,0.02213,0.0,0.02207,0.01436,False
3198,PLXNA3,1,0.0,0.02537,0.0,0.01925,0.01435,False
3199,DVL3,1,0.0,0.02755,0.0,0.01735,0.01434,False
3200,ROR1,1,0.0,0.02628,0.0,0.01844,0.01434,False
3201,EMC2,1,0.0,0.02842,0.0,0.01649,0.0143,False
3202,CHM,1,0.0,0.02857,0.0,0.01634,0.01429,False
3203,IL24,2,0.01667,0.01492,0.0,0.02091,0.01429,False
3204,CLN3,1,0.0,0.03286,0.0,0.01263,0.01428,False
3205,IL17RD,2,0.01667,0.01495,0.0,0.02086,0.01428,False
3206,FGFRL1,1,0.0,0.01992,0.0,0.02369,0.01427,False
3207,MAGI1,1,0.0,0.02109,0.0,0.02267,0.01426,False
3208,VPS26B,1,0.0,0.03121,0.0,0.01395,0.01425,False
3209,LEPR,2,0.01667,0.01382,0.0,0.02167,0.01423,False
3210,MAGI2,1,0.0,0.02103,0.0,0.02262,0.01423,False
3211,PWP2,2,0.01667,0.0169,0.0,0.01903,0.01423,False
3212,PPCDC,1,0.0,0.02515,0.0,0.01906,0.01422,False
3213,PPCS,1,0.0,0.02515,0.0,0.01906,0.01422,False
3214,SNX5,1,0.0,0.03113,0.0,0.01392,0.01421,False
3215,COASY,1,0.0,0.02509,0.0,0.01902,0.01418,False
3216,SLC6A8,1,0.0,0.02459,0.0,0.01942,0.01417,False
3217,CLN5,1,0.0,0.03258,0.0,0.01254,0.01416,False
3218,SLC39A14,1,0.0,0.03258,0.0,0.01251,0.01415,False
3219,CLN6,1,0.0,0.0325,0.0,0.01251,0.01413,False
3220,SLC39A2,1,0.0,0.03247,0.0,0.01248,0.01411,False
3221,SLC30A1,1,0.0,0.03237,0.0,0.01245,0.01407,False
3222,VTA1,1,0.0,0.02061,0.0,0.02249,0.01406,False
3223,SPRY4,1,0.0,0.01958,0.0,0.02339,0.01406,False
3224,CASP5,1,0.0,0.01896,0.0,0.02392,0.01406,False
3225,TBC1D17,1,0.0,0.02801,0.0,0.01608,0.01403,False
3226,SNX12,1,0.0,0.03069,0.0,0.01376,0.01402,False
3227,CLN8,1,0.0,0.03222,0.0,0.01242,0.01401,False
3228,SLC30A5,1,0.0,0.03216,0.0,0.01238,0.01398,False
3229,FZD1,1,0.0,0.02556,0.0,0.01804,0.01398,False
3230,RNASEH2C,1,0.0,0.02127,0.0,0.02163,0.01395,False
3231,SPRR2A,1,0.0,0.02384,0.0,0.01939,0.01394,False
3232,IGF1,1,0.0,0.0239,0.0,0.01935,0.01394,False
3233,RNASEH2A,1,0.0,0.02124,0.0,0.0216,0.01393,False
3234,SPRR2B,1,0.0,0.02381,0.0,0.01937,0.01392,False
3235,SLC30A4,1,0.0,0.032,0.0,0.01233,0.01392,False
3236,TUBA1A,1,0.0,0.03318,0.0,0.01134,0.01392,False
3237,BCL11A,1,0.0,0.01805,0.0,0.02426,0.01391,False
3238,GPN1,1,0.0,0.01641,0.0,0.02567,0.01391,False
3239,NOP56,2,0.01667,0.01665,0.0,0.0183,0.0139,False
3240,NAT10,2,0.01667,0.01665,0.0,0.0183,0.0139,False
3241,EXOC8,1,0.0,0.02261,0.0,0.02029,0.01389,False
3242,ERLIN1,1,0.0,0.02754,0.0,0.01608,0.01389,False
3243,RUBCN,1,0.0,0.02771,0.0,0.01594,0.01389,False
3244,TPP1,1,0.0,0.03185,0.0,0.01231,0.01386,False
3245,MRPS15,1,0.0,0.0332,0.0,0.01113,0.01386,False
3246,EBP,1,0.0,0.01296,0.0,0.02849,0.01386,False
3247,PDZD8,1,0.0,0.0276,0.0,0.01589,0.01384,False
3248,EDIL3,1,0.0,0.02394,0.0,0.01901,0.01384,False
3249,GDI1,1,0.0,0.02752,0.0,0.01586,0.01381,False
3250,MRPS31,1,0.0,0.03306,0.0,0.01109,0.0138,False
3251,GDI2,1,0.0,0.02749,0.0,0.01584,0.01379,False
3252,KIAA0586,1,0.0,0.02937,0.0,0.01418,0.01378,False
3253,RAB7B,1,0.0,0.02745,0.0,0.01582,0.01377,False
3254,CTSA,1,0.0,0.02485,0.0,0.01804,0.01377,False
3255,NFKBIZ,2,0.01667,0.01558,0.0,0.0188,0.01376,False
3256,LPAR2,1,0.0,0.02023,0.0,0.02197,0.01376,False
3257,BICC1,1,0.0,0.01845,0.0,0.02344,0.01374,False
3258,RNASEH2B,1,0.0,0.02086,0.0,0.02131,0.01372,False
3259,TPCN1,1,0.0,0.01855,0.0,0.02329,0.01372,False
3260,CCZ1,1,0.0,0.02734,0.0,0.01577,0.01372,False
3261,LGALS13,1,0.0,0.02345,0.0,0.01907,0.01371,False
3262,RAPGEF6,1,0.0,0.02011,0.0,0.02188,0.01369,False
3263,COX5B,2,0.01667,0.01313,0.0,0.02067,0.01368,False
3264,COX5A,2,0.01667,0.01313,0.0,0.02067,0.01368,False
3265,UQCR11,2,0.01667,0.01313,0.0,0.02067,0.01368,False
3266,COX4I1,2,0.01667,0.01311,0.0,0.02065,0.01366,False
3267,DPH5,1,0.0,0.02584,0.0,0.01683,0.01364,False
3268,CCZ1B,1,0.0,0.02711,0.0,0.01567,0.01362,False
3269,IL26,2,0.01667,0.01385,0.0,0.01988,0.01361,False
3270,COL11A2,1,0.0,0.02351,0.0,0.01875,0.01361,False
3271,MRPS28,1,0.0,0.03253,0.0,0.01094,0.01359,False
3272,COL16A1,1,0.0,0.01991,0.0,0.02169,0.01357,False
3273,TUBB2B,1,0.0,0.03231,0.0,0.01109,0.01357,False
3274,ERLIN2,1,0.0,0.02683,0.0,0.01575,0.01356,False
3275,BAP1,1,0.0,0.01922,0.0,0.02217,0.01353,False
3276,EDEM1,1,0.0,0.02106,0.0,0.0206,0.01353,False
3277,GLRX2,1,0.0,0.02465,0.0,0.01752,0.01353,False
3278,SNX27,1,0.0,0.02953,0.0,0.01334,0.01353,False
3279,ELAVL4,1,0.0,0.01631,0.0,0.02463,0.01352,False
3280,KIAA1109,1,0.0,0.0131,0.0,0.02738,0.01351,False
3281,SLC39A8,1,0.0,0.031,0.0,0.01202,0.01351,False
3282,MON1A,1,0.0,0.02689,0.0,0.01557,0.01351,False
3283,COL27A1,1,0.0,0.0198,0.0,0.0216,0.0135,False
3284,WLS,1,0.0,0.02945,0.0,0.01331,0.01349,False
3285,DPH7,1,0.0,0.02548,0.0,0.01665,0.01347,False
3286,PPT2,1,0.0,0.03089,0.0,0.012,0.01346,False
3287,SOX9,1,0.0,0.02508,0.0,0.01697,0.01346,False
3288,PCNT,1,0.0,0.02864,0.0,0.01389,0.01345,False
3289,COL5A3,1,0.0,0.01972,0.0,0.02153,0.01345,False
3290,DEXI,1,0.0,0.01568,0.0,0.02487,0.01341,False
3291,WNT11,1,0.0,0.02434,0.0,0.01736,0.01338,False
3292,MRPS18B,1,0.0,0.03195,0.0,0.01078,0.01336,False
3293,VNN1,1,0.0,0.02342,0.0,0.01803,0.01334,False
3294,VNN2,1,0.0,0.02342,0.0,0.01803,0.01334,False
3295,EVL,1,0.0,0.02331,0.0,0.01802,0.0133,False
3296,COQ7,1,0.0,0.01953,0.0,0.02127,0.0133,False
3297,IFT27,1,0.0,0.02779,0.0,0.01409,0.01327,False
3298,DYNC1H1,1,0.0,0.02629,0.0,0.01529,0.01324,False
3299,TBC1D5,1,0.0,0.02881,0.0,0.01308,0.01322,False
3300,ASXL2,1,0.0,0.01869,0.0,0.02172,0.01321,False
3301,NUCB2,1,0.0,0.01443,0.0,0.02536,0.01321,False
3302,MRPS25,1,0.0,0.03152,0.0,0.01066,0.01319,False
3303,NHLRC1,1,0.0,0.02677,0.0,0.01472,0.01319,False
3304,MECR,1,0.0,0.0302,0.0,0.01178,0.01318,False
3305,DYNC1LI1,1,0.0,0.02614,0.0,0.01522,0.01317,False
3306,SLC39A4,1,0.0,0.03017,0.0,0.01175,0.01316,False
3307,VCP,1,0.0,0.02596,0.0,0.01534,0.01316,False
3308,MRPS27,1,0.0,0.03138,0.0,0.01062,0.01313,False
3309,PBRM1,1,0.0,0.01834,0.0,0.02178,0.01312,False
3310,MFSD8,1,0.0,0.03004,0.0,0.01173,0.01312,False
3311,MRPS11,1,0.0,0.03128,0.0,0.0106,0.01309,False
3312,PPP1R12A,1,0.0,0.02143,0.0,0.01903,0.01309,False
3313,BBS12,1,0.0,0.02728,0.0,0.01388,0.01304,False
3314,ARMC8,1,0.0,0.02455,0.0,0.0162,0.01304,False
3315,PRRC2C,1,0.0,0.02198,0.0,0.01842,0.01304,False
3316,RBM39,1,0.0,0.02198,0.0,0.01842,0.01304,False
3317,ZRSR2,1,0.0,0.01225,0.0,0.02674,0.01304,False
3318,RIBC2,1,0.0,0.01851,0.0,0.02134,0.01302,False
3319,ESX1,1,0.0,0.02208,0.0,0.01828,0.01302,False
3320,BBS10,1,0.0,0.02719,0.0,0.01385,0.013,False
3321,PPP1R3C,1,0.0,0.02637,0.0,0.01455,0.013,False
3322,EIF2AK3,1,0.0,0.02097,0.0,0.01916,0.013,False
3323,PANK2,1,0.0,0.02274,0.0,0.01762,0.01299,False
3324,MGAT4B,1,0.0,0.02291,0.0,0.01747,0.01299,False
3325,PANK3,1,0.0,0.02274,0.0,0.01762,0.01299,False
3326,DYNC1LI2,1,0.0,0.02573,0.0,0.01503,0.01298,False
3327,MGAT4A,1,0.0,0.02288,0.0,0.01745,0.01297,False
3328,TACC1,1,0.0,0.02749,0.0,0.01344,0.01295,False
3329,FZD2,1,0.0,0.02348,0.0,0.01688,0.01295,False
3330,MRPS14,1,0.0,0.0309,0.0,0.01049,0.01294,False
3331,RBPMS,1,0.0,0.01877,0.0,0.02084,0.01293,False
3332,PLEKHM1,1,0.0,0.02558,0.0,0.01496,0.01291,False
3333,MARCHF4,1,0.0,0.02427,0.0,0.01606,0.0129,False
3334,MRPS33,1,0.0,0.03075,0.0,0.01045,0.01288,False
3335,IL22RA2,2,0.01667,0.0118,0.0,0.01955,0.01288,False
3336,MRPS23,1,0.0,0.03065,0.0,0.01042,0.01284,False
3337,MRPS21,1,0.0,0.03065,0.0,0.01042,0.01284,False
3338,CHML,1,0.0,0.02535,0.0,0.01486,0.01281,False
3339,SMC1A,1,0.0,0.02613,0.0,0.01417,0.0128,False
3340,SMC3,1,0.0,0.02613,0.0,0.01417,0.0128,False
3341,RAD21,1,0.0,0.02613,0.0,0.01417,0.0128,False
3342,WAPL,1,0.0,0.02613,0.0,0.01417,0.0128,False
3343,CITED2,1,0.0,0.02255,0.0,0.01725,0.0128,False
3344,PDS5A,1,0.0,0.02613,0.0,0.01417,0.0128,False
3345,MRPS10,1,0.0,0.03051,0.0,0.01038,0.01279,False
3346,NRF1,1,0.0,0.02059,0.0,0.0189,0.01279,False
3347,SMC1B,1,0.0,0.02609,0.0,0.01415,0.01278,False
3348,DYSF,1,0.0,0.01639,0.0,0.02248,0.01278,False
3349,ETNK1,1,0.0,0.02366,0.0,0.01622,0.01277,False
3350,PACSIN3,1,0.0,0.0222,0.0,0.01747,0.01277,False
3351,STAG2,1,0.0,0.02603,0.0,0.01412,0.01275,False
3352,MRPS26,1,0.0,0.03041,0.0,0.01036,0.01275,False
3353,MARCHF1,1,0.0,0.02395,0.0,0.01589,0.01275,False
3354,REC8,1,0.0,0.02596,0.0,0.01409,0.01272,False
3355,PDS5B,1,0.0,0.02583,0.0,0.01404,0.01266,False
3356,PACSIN2,1,0.0,0.02198,0.0,0.01734,0.01266,False
3357,TRA2B,1,0.0,0.01841,0.0,0.02036,0.01265,False
3358,MFAP2,1,0.0,0.019,0.0,0.01971,0.0126,False
3359,SRGAP1,1,0.0,0.02028,0.0,0.01862,0.0126,False
3360,CLK1,1,0.0,0.01785,0.0,0.02069,0.0126,False
3361,SNX1,1,0.0,0.02726,0.0,0.01251,0.01256,False
3362,DRC7,1,0.0,0.04188,0.0,0.0,0.01256,False
3363,EDAR,1,0.0,0.01806,0.0,0.0204,0.01256,False
3364,APOO,1,0.0,0.02813,0.0,0.01176,0.01255,False
3365,CHCHD3,1,0.0,0.02813,0.0,0.01176,0.01255,False
3366,APOOL,1,0.0,0.02813,0.0,0.01176,0.01255,False
3367,TCTE3,1,0.0,0.04182,0.0,0.0,0.01255,False
3368,DPH6,1,0.0,0.02356,0.0,0.01566,0.01255,False
3369,MICOS13,1,0.0,0.0281,0.0,0.01175,0.01254,False
3370,CENPJ,1,0.0,0.02655,0.0,0.01307,0.01254,False
3371,BLOC1S1,1,0.0,0.02421,0.0,0.01502,0.01252,False
3372,SNX2,1,0.0,0.02718,0.0,0.01248,0.01252,False
3373,MICOS10,1,0.0,0.02803,0.0,0.01172,0.01251,False
3374,SNAPIN,1,0.0,0.02418,0.0,0.01501,0.01251,False
3375,CC2D2A,1,0.0,0.02889,0.0,0.01098,0.01251,False
3376,ISL1,1,0.0,0.01585,0.0,0.02212,0.0125,False
3377,SGCA,1,0.0,0.02587,0.0,0.01351,0.01249,False
3378,FZD5,1,0.0,0.02255,0.0,0.01637,0.01249,False
3379,SGCD,1,0.0,0.02587,0.0,0.01351,0.01249,False
3380,BLOC1S2,1,0.0,0.02412,0.0,0.01498,0.01248,False
3381,SCUBE1,1,0.0,0.01217,0.0,0.02523,0.01248,False
3382,TMEM67,1,0.0,0.02879,0.0,0.01095,0.01247,False
3383,NPHP1,1,0.0,0.02879,0.0,0.01095,0.01247,False
3384,NOA1,1,0.0,0.02969,0.0,0.01015,0.01246,False
3385,UBXN8,1,0.0,0.02446,0.0,0.01464,0.01246,False
3386,BLOC1S4,1,0.0,0.02409,0.0,0.01496,0.01246,False
3387,MARCHF9,1,0.0,0.0233,0.0,0.01556,0.01244,False
3388,TCP10,1,0.0,0.04147,0.0,0.0,0.01244,False
3389,MGAT4C,1,0.0,0.0218,0.0,0.01682,0.01243,False
3390,TRMT5,1,0.0,0.0296,0.0,0.01013,0.01242,False
3391,GAL3ST1,1,0.0,0.02212,0.0,0.01648,0.01241,False
3392,AUP1,1,0.0,0.01957,0.0,0.01867,0.01241,False
3393,KDM1B,1,0.0,0.01734,0.0,0.02057,0.0124,False
3394,MTX2,1,0.0,0.02774,0.0,0.01163,0.01239,False
3395,COP1,1,0.0,0.01743,0.0,0.02044,0.01238,False
3396,MGAT3,1,0.0,0.02168,0.0,0.01675,0.01237,False
3397,SGCG,1,0.0,0.02561,0.0,0.01341,0.01237,False
3398,CHCHD10,1,0.0,0.02764,0.0,0.01159,0.01235,False
3399,TMEM216,1,0.0,0.0285,0.0,0.01086,0.01235,False
3400,POU2F3,1,0.0,0.02077,0.0,0.01745,0.01234,False
3401,CNTLN,1,0.0,0.02605,0.0,0.01288,0.01232,False
3402,SGCE,1,0.0,0.02544,0.0,0.01334,0.0123,False
3403,RAD21L1,1,0.0,0.025,0.0,0.01368,0.01229,False
3404,TFB1M,1,0.0,0.01404,0.0,0.02305,0.01228,False
3405,KCNK1,1,0.0,0.01954,0.0,0.01831,0.01227,False
3406,GTF2B,1,0.0,0.01551,0.0,0.02178,0.01227,False
3407,TCTN1,1,0.0,0.02828,0.0,0.01079,0.01226,False
3408,USP10,1,0.0,0.02658,0.0,0.01226,0.01226,False
3409,FZD7,1,0.0,0.02209,0.0,0.01611,0.01226,False
3410,STAG3,1,0.0,0.02491,0.0,0.01364,0.01225,False
3411,B9D1,1,0.0,0.02818,0.0,0.01076,0.01222,False
3412,KLC2,1,0.0,0.02889,0.0,0.01012,0.01221,False
3413,FZD8,1,0.0,0.02198,0.0,0.01605,0.01221,False
3414,GRWD1,1,0.0,0.01349,0.0,0.02326,0.01219,False
3415,RAB21,1,0.0,0.01233,0.0,0.02427,0.01219,False
3416,PAFAH1B3,1,0.0,0.01717,0.0,0.02011,0.01219,False
3417,MFAP5,1,0.0,0.01826,0.0,0.01914,0.01218,False
3418,KCNK10,1,0.0,0.01935,0.0,0.01818,0.01217,False
3419,EPM2AIP1,1,0.0,0.02452,0.0,0.01374,0.01216,False
3420,SAMM50,1,0.0,0.02718,0.0,0.01144,0.01216,False
3421,SERPINE2,1,0.0,0.02634,0.0,0.01217,0.01216,False
3422,DAP3,1,0.0,0.02892,0.0,0.00994,0.01216,False
3423,ACSL1,1,0.0,0.0277,0.0,0.01099,0.01215,False
3424,MRPS34,1,0.0,0.02888,0.0,0.00993,0.01214,False
3425,HNRNPAB,1,0.0,0.01743,0.0,0.01974,0.01214,False
3426,MRPS5,1,0.0,0.02888,0.0,0.00993,0.01214,False
3427,ACSL5,1,0.0,0.02762,0.0,0.01096,0.01212,False
3428,ANKRD6,1,0.0,0.0229,0.0,0.01501,0.01212,False
3429,B9D2,1,0.0,0.02789,0.0,0.01067,0.0121,False
3430,ESCO1,1,0.0,0.02458,0.0,0.0135,0.0121,False
3431,MRPS18C,1,0.0,0.02878,0.0,0.0099,0.0121,False
3432,KIF1B,1,0.0,0.02859,0.0,0.01004,0.01209,False
3433,ACSBG2,1,0.0,0.0275,0.0,0.01092,0.01207,False
3434,UTRN,1,0.0,0.02492,0.0,0.01312,0.01207,False
3435,MKS1,1,0.0,0.02778,0.0,0.01064,0.01206,False
3436,HINT1,1,0.0,0.01551,0.0,0.02107,0.01203,False
3437,GLE1,1,0.0,0.02005,0.0,0.01718,0.01203,False
3438,TCTN2,1,0.0,0.02771,0.0,0.01062,0.01203,False
3439,CSTA,1,0.0,0.01749,0.0,0.01932,0.01201,False
3440,CEP135,1,0.0,0.02532,0.0,0.01259,0.012,False
3441,TBP,1,0.0,0.02013,0.0,0.01704,0.012,False
3442,TCTN3,1,0.0,0.02764,0.0,0.01059,0.012,False
3443,MGAT4D,1,0.0,0.02093,0.0,0.01631,0.01199,False
3444,NME8,1,0.0,0.02155,0.0,0.0158,0.01199,False
3445,ACSL6,1,0.0,0.0273,0.0,0.01086,0.01199,False
3446,ALKBH5,1,0.0,0.0258,0.0,0.0121,0.01198,False
3447,TMEM231,1,0.0,0.0276,0.0,0.01058,0.01198,False
3448,SOX13,1,0.0,0.02203,0.0,0.01535,0.01198,False
3449,PLXND1,1,0.0,0.0207,0.0,0.01646,0.01197,False
3450,PPP1R8,1,0.0,0.01933,0.0,0.01762,0.01197,False
3451,ACSL4,1,0.0,0.02722,0.0,0.01083,0.01196,False
3452,RAB8A,1,0.0,0.02753,0.0,0.01056,0.01196,False
3453,PLXNC1,1,0.0,0.02064,0.0,0.01642,0.01194,False
3454,COBL,1,0.0,0.02054,0.0,0.01647,0.01192,False
3455,TWIST1,1,0.0,0.02163,0.0,0.01553,0.01192,False
3456,NDUFAF1,2,0.01667,0.00853,0.0,0.01961,0.01192,False
3457,DLX5,1,0.0,0.0216,0.0,0.01551,0.01191,False
3458,ACSL3,1,0.0,0.02705,0.0,0.01078,0.01189,False
3459,FLI1,1,0.0,0.02705,0.0,0.01078,0.01189,False
3460,TMPRSS2,1,0.0,0.01464,0.0,0.0214,0.01188,False
3461,SGO2,1,0.0,0.02408,0.0,0.01329,0.01187,False
3462,STBD1,1,0.0,0.02384,0.0,0.01344,0.01186,False
3463,PTCD3,1,0.0,0.02811,0.0,0.00971,0.01183,False
3464,LST1,1,0.0,0.00994,0.0,0.02529,0.01183,False
3465,PPFIA1,1,0.0,0.02793,0.0,0.00985,0.01183,False
3466,MTX1,1,0.0,0.02638,0.0,0.01117,0.01182,False
3467,ACSBG1,1,0.0,0.02689,0.0,0.01073,0.01182,False
3468,SLC47A1,1,0.0,0.01146,0.0,0.02389,0.0118,False
3469,RMND5B,1,0.0,0.02197,0.0,0.01487,0.0118,False
3470,CCDC65,1,0.0,0.03932,0.0,0.0,0.0118,False
3471,ACIN1,1,0.0,0.01648,0.0,0.01954,0.01178,False
3472,ANXA1,1,0.0,0.01478,0.0,0.02092,0.01176,False
3473,SCN10A,1,0.0,0.0101,0.0,0.02489,0.01174,False
3474,KIF1C,1,0.0,0.02768,0.0,0.00978,0.01173,False
3475,CEP85,1,0.0,0.0215,0.0,0.01507,0.01172,False
3476,RPGRIP1L,1,0.0,0.02692,0.0,0.01037,0.01171,False
3477,NOVA1,1,0.0,0.01667,0.0,0.01913,0.0117,False
3478,SNX8,1,0.0,0.02523,0.0,0.01176,0.01168,False
3479,PTPRG,1,0.0,0.01496,0.0,0.02055,0.01168,False
3480,RASSF1,1,0.0,0.01496,0.0,0.02055,0.01168,False
3481,NIT2,1,0.0,0.0149,0.0,0.0205,0.01164,False
3482,DYNLT1,1,0.0,0.0388,0.0,0.0,0.01164,False
3483,WDR4,1,0.0,0.02762,0.0,0.00958,0.01164,False
3484,SGCB,1,0.0,0.02397,0.0,0.01273,0.01164,False
3485,CEP164,1,0.0,0.02446,0.0,0.01226,0.01163,False
3486,IDE,1,0.0,0.02034,0.0,0.01578,0.01163,False
3487,PAOX,1,0.0,0.02321,0.0,0.01326,0.0116,False
3488,GAS8,1,0.0,0.03868,0.0,0.0,0.0116,False
3489,CNTROB,1,0.0,0.02437,0.0,0.01222,0.01159,False
3490,ODC1,1,0.0,0.02315,0.0,0.01323,0.01158,False
3491,KLC1,1,0.0,0.02726,0.0,0.00966,0.01156,False
3492,SSBP2,1,0.0,0.01758,0.0,0.01797,0.01156,False
3493,SSBP4,1,0.0,0.01755,0.0,0.01795,0.01155,False
3494,FXR2,1,0.0,0.01535,0.0,0.01982,0.01154,False
3495,MARCHF2,1,0.0,0.02141,0.0,0.01458,0.01153,False
3496,ALKBH1,1,0.0,0.02475,0.0,0.01171,0.01152,False
3497,SAT2,1,0.0,0.023,0.0,0.01317,0.01151,False
3498,SMPD2,1,0.0,0.02545,0.0,0.01105,0.0115,False
3499,SRSF11,1,0.0,0.01904,0.0,0.01654,0.0115,False
3500,MAU2,1,0.0,0.02322,0.0,0.01292,0.01149,False
3501,POC5,1,0.0,0.02405,0.0,0.0121,0.01145,False
3502,SMPD3,1,0.0,0.02529,0.0,0.011,0.01144,False
3503,VGLL4,1,0.0,0.01603,0.0,0.01895,0.01144,False
3504,SRM,1,0.0,0.02275,0.0,0.01306,0.0114,False
3505,TSPOAP1,1,0.0,0.02152,0.0,0.01409,0.01139,False
3506,SLC47A2,1,0.0,0.01091,0.0,0.02318,0.01139,False
3507,DNAJC11,1,0.0,0.02533,0.0,0.01082,0.01138,False
3508,TAOK3,1,0.0,0.0191,0.0,0.01613,0.01138,False
3509,FZD10,1,0.0,0.02026,0.0,0.01509,0.01136,False
3510,TAOK2,1,0.0,0.01908,0.0,0.01612,0.01136,False
3511,AGL,1,0.0,0.02263,0.0,0.01291,0.01131,False
3512,IGFBP3,1,0.0,0.01882,0.0,0.01616,0.0113,False
3513,AFP,1,0.0,0.01882,0.0,0.01616,0.0113,False
3514,BCAS4,1,0.0,0.0216,0.0,0.01376,0.01129,False
3515,ARL13B,1,0.0,0.02584,0.0,0.01004,0.01127,False
3516,LUC7L2,1,0.0,0.01561,0.0,0.01881,0.01126,False
3517,KIF5C,1,0.0,0.02651,0.0,0.00945,0.01126,False
3518,METTL14,1,0.0,0.02412,0.0,0.01148,0.01125,False
3519,SGMS1,1,0.0,0.02483,0.0,0.01084,0.01124,False
3520,COBLL1,1,0.0,0.01918,0.0,0.01565,0.01123,False
3521,POLD2,1,0.0,0.02599,0.0,0.00977,0.01122,False
3522,REV1,1,0.0,0.02599,0.0,0.00977,0.01122,False
3523,KRT76,1,0.0,0.01759,0.0,0.01695,0.01121,False
3524,CRX,1,0.0,0.00765,0.0,0.02546,0.0112,False
3525,MLNR,1,0.0,0.0219,0.0,0.01322,0.0112,False
3526,SGMS2,1,0.0,0.02474,0.0,0.01081,0.0112,False
3527,SUMO1,1,0.0,0.01139,0.0,0.02222,0.01119,False
3528,POLD3,1,0.0,0.02593,0.0,0.00975,0.01119,False
3529,GRXCR2,1,0.0,0.0196,0.0,0.01513,0.01118,False
3530,CELSR1,1,0.0,0.02089,0.0,0.014,0.01117,False
3531,UGCG,1,0.0,0.02464,0.0,0.01077,0.01116,False
3532,SMPD4,1,0.0,0.02464,0.0,0.01077,0.01116,False
3533,PFKM,1,0.0,0.02505,0.0,0.01039,0.01115,False
3534,CERS2,1,0.0,0.02461,0.0,0.01076,0.01115,False
3535,F3,1,0.0,0.02245,0.0,0.01262,0.01115,False
3536,TFPI,1,0.0,0.02245,0.0,0.01262,0.01115,False
3537,CERS6,1,0.0,0.02461,0.0,0.01076,0.01115,False
3538,CERK,1,0.0,0.02461,0.0,0.01076,0.01115,False
3539,MYH11,1,0.0,0.02337,0.0,0.0118,0.01114,False
3540,SERPINC1,1,0.0,0.02242,0.0,0.01261,0.01114,False
3541,SNX17,1,0.0,0.02395,0.0,0.01129,0.01114,False
3542,FEZF2,1,0.0,0.02029,0.0,0.01443,0.01114,False
3543,DNAJC13,1,0.0,0.01358,0.0,0.02016,0.01113,False
3544,F8,1,0.0,0.0224,0.0,0.0126,0.01113,False
3545,ENPP7,1,0.0,0.02451,0.0,0.01073,0.01111,False
3546,KLC3,1,0.0,0.02613,0.0,0.00934,0.01111,False
3547,F5,1,0.0,0.02234,0.0,0.01257,0.0111,False
3548,CERS5,1,0.0,0.02448,0.0,0.01072,0.01109,False
3549,MAST3,1,0.0,0.01566,0.0,0.01826,0.01109,False
3550,AGMAT,1,0.0,0.02208,0.0,0.01276,0.01109,False
3551,GALNS,1,0.0,0.01949,0.0,0.01498,0.01109,False
3552,RDH12,1,0.0,0.02579,0.0,0.00956,0.01108,False
3553,RDH10,1,0.0,0.02579,0.0,0.00956,0.01108,False
3554,CERS4,1,0.0,0.02441,0.0,0.0107,0.01107,False
3555,CYP26A1,1,0.0,0.02576,0.0,0.00955,0.01107,False
3556,C2CD3,1,0.0,0.02314,0.0,0.01174,0.01105,False
3557,POLH,1,0.0,0.02557,0.0,0.00965,0.01105,False
3558,ESCO2,1,0.0,0.02223,0.0,0.01249,0.01104,False
3559,PCBP2,1,0.0,0.01451,0.0,0.01907,0.01103,False
3560,POLA2,1,0.0,0.02553,0.0,0.00964,0.01103,False
3561,CERS3,1,0.0,0.02431,0.0,0.01066,0.01103,False
3562,ACTG2,1,0.0,0.0231,0.0,0.0117,0.01102,False
3563,POLD1,1,0.0,0.0255,0.0,0.00963,0.01102,False
3564,CYP26B1,1,0.0,0.02562,0.0,0.00951,0.01102,False
3565,DHRS4,1,0.0,0.02559,0.0,0.0095,0.011,False
3566,DCP2,1,0.0,0.01639,0.0,0.01739,0.011,False
3567,XRCC2,1,0.0,0.02111,0.0,0.01331,0.01099,False
3568,RAD51D-2,1,0.0,0.02111,0.0,0.01331,0.01099,False
3569,RAD51C,1,0.0,0.02111,0.0,0.01331,0.01099,False
3570,PRIM2,1,0.0,0.02537,0.0,0.00959,0.01097,False
3571,CDCA2,1,0.0,0.01748,0.0,0.01637,0.01097,False
3572,ADH1A,1,0.0,0.02545,0.0,0.00946,0.01095,False
3573,VDAC3,1,0.0,0.0206,0.0,0.01364,0.01095,False
3574,DERL1,1,0.0,0.01689,0.0,0.01678,0.01094,False
3575,DEGS1,1,0.0,0.02412,0.0,0.0106,0.01094,False
3576,PFKFB2,1,0.0,0.02453,0.0,0.01023,0.01094,False
3577,KIF5B,1,0.0,0.02572,0.0,0.00922,0.01094,False
3578,PDLIM4,1,0.0,0.0168,0.0,0.01685,0.01094,False
3579,AOC1,1,0.0,0.02175,0.0,0.01262,0.01094,False
3580,FBP2,1,0.0,0.0245,0.0,0.01022,0.01093,False
3581,CGAS,1,0.0,0.01594,0.0,0.01753,0.01092,False
3582,CHCHD2,1,0.0,0.02421,0.0,0.01044,0.01092,False
3583,GSTP1,1,0.0,0.02557,0.0,0.00929,0.01092,False
3584,GPX4,1,0.0,0.02557,0.0,0.00929,0.01092,False
3585,WTAP,1,0.0,0.02333,0.0,0.01118,0.01091,False
3586,TNNI3,1,0.0,0.01806,0.0,0.01568,0.0109,False
3587,POLE3,1,0.0,0.02517,0.0,0.00953,0.01089,False
3588,ARHGAP21,1,0.0,0.02029,0.0,0.0137,0.01088,False
3589,INTS1,1,0.0,0.02417,0.0,0.01038,0.01088,False
3590,INTS11,1,0.0,0.02417,0.0,0.01038,0.01088,False
3591,INTS5,1,0.0,0.02417,0.0,0.01038,0.01088,False
3592,INTS9,1,0.0,0.02417,0.0,0.01038,0.01088,False
3593,INTS3,1,0.0,0.02417,0.0,0.01038,0.01088,False
3594,VWF,1,0.0,0.02184,0.0,0.01236,0.01088,False
3595,INTS6,1,0.0,0.02417,0.0,0.01038,0.01088,False
3596,FXR1,1,0.0,0.01426,0.0,0.01884,0.01087,False
3597,TPRN,1,0.0,0.01898,0.0,0.01478,0.01087,False
3598,CYP26C1,1,0.0,0.02525,0.0,0.0094,0.01087,False
3599,PRIM1,1,0.0,0.02511,0.0,0.00951,0.01086,False
3600,PFKP,1,0.0,0.02431,0.0,0.01015,0.01085,False
3601,INTS2,1,0.0,0.02408,0.0,0.01035,0.01084,False
3602,SGPP1,1,0.0,0.02386,0.0,0.01051,0.01084,False
3603,DHRS3,1,0.0,0.02518,0.0,0.00938,0.01084,False
3604,RDH11,1,0.0,0.02518,0.0,0.00938,0.01084,False
3605,INTS7,1,0.0,0.02408,0.0,0.01035,0.01084,False
3606,CEP192,1,0.0,0.02265,0.0,0.01155,0.01084,False
3607,ZFP36L2,1,0.0,0.01609,0.0,0.01716,0.01083,False
3608,PFKL,1,0.0,0.02428,0.0,0.01014,0.01083,False
3609,TIGAR,1,0.0,0.02428,0.0,0.01014,0.01083,False
3610,MBD5,1,0.0,0.01471,0.0,0.01833,0.01083,False
3611,INTS8,1,0.0,0.02401,0.0,0.01032,0.01082,False
3612,XRCC3,1,0.0,0.02072,0.0,0.01312,0.01081,False
3613,ADH4,1,0.0,0.02512,0.0,0.00936,0.01081,False
3614,ADH1B,1,0.0,0.02512,0.0,0.00936,0.01081,False
3615,GSR,1,0.0,0.02527,0.0,0.00921,0.0108,False
3616,SLC25A6,1,0.0,0.02026,0.0,0.01347,0.01079,False
3617,NKX6-2,1,0.0,0.01693,0.0,0.01632,0.01079,False
3618,MYL9,1,0.0,0.02255,0.0,0.01148,0.01079,False
3619,SCN2B,1,0.0,0.01559,0.0,0.01747,0.01079,False
3620,TMEM17,1,0.0,0.02466,0.0,0.00968,0.01078,False
3621,GBA2,1,0.0,0.02373,0.0,0.01046,0.01078,False
3622,DEGS2,1,0.0,0.02373,0.0,0.01046,0.01078,False
3623,GET3,1,0.0,0.01669,0.0,0.0165,0.01078,False
3624,GET1,1,0.0,0.01669,0.0,0.0165,0.01078,False
3625,BCO1,1,0.0,0.02502,0.0,0.00933,0.01077,False
3626,NKX6-1,1,0.0,0.0169,0.0,0.0163,0.01077,False
3627,TMEM18,1,0.0,0.023,0.0,0.01106,0.01077,False
3628,RAD1,1,0.0,0.02064,0.0,0.01308,0.01077,False
3629,FBP1,1,0.0,0.02412,0.0,0.01009,0.01077,False
3630,SGCZ,1,0.0,0.022,0.0,0.01192,0.01077,False
3631,RDH5,1,0.0,0.02498,0.0,0.00933,0.01076,False
3632,ANTXR2,1,0.0,0.01102,0.0,0.0213,0.01076,False
3633,OFD1,1,0.0,0.02459,0.0,0.00966,0.01076,False
3634,SOX11,1,0.0,0.01951,0.0,0.01401,0.01076,False
3635,DNAJC10,1,0.0,0.01609,0.0,0.01694,0.01075,False
3636,SLC25A5,1,0.0,0.02017,0.0,0.01343,0.01075,False
3637,SNTB1,1,0.0,0.02193,0.0,0.01189,0.01074,False
3638,DBI,1,0.0,0.02011,0.0,0.0134,0.01072,False
3639,DHRS9,1,0.0,0.02488,0.0,0.0093,0.01072,False
3640,GSTO1,1,0.0,0.02503,0.0,0.00914,0.01071,False
3641,BMP4,1,0.0,0.01917,0.0,0.01418,0.01071,False
3642,SEMA3A,1,0.0,0.02079,0.0,0.01277,0.01071,False
3643,INTS10,1,0.0,0.02376,0.0,0.01024,0.01071,False
3644,METTL3,1,0.0,0.02283,0.0,0.011,0.0107,False
3645,SDR16C5,1,0.0,0.02485,0.0,0.00929,0.0107,False
3646,POLE4,1,0.0,0.02468,0.0,0.00938,0.01069,False
3647,MYO3A,1,0.0,0.01635,0.0,0.01652,0.01069,False
3648,MYO1A,1,0.0,0.01635,0.0,0.01652,0.01069,False
3649,MYO6,1,0.0,0.01635,0.0,0.01652,0.01069,False
3650,ARL5B,1,0.0,0.02509,0.0,0.00905,0.01069,False
3651,SGPP2,1,0.0,0.0235,0.0,0.01038,0.01068,False
3652,PPFIA3,1,0.0,0.02505,0.0,0.00903,0.01068,False
3653,SLC25A4,1,0.0,0.02,0.0,0.01334,0.01067,False
3654,YTHDF1,1,0.0,0.02277,0.0,0.01098,0.01067,False
3655,SMC5,1,0.0,0.02137,0.0,0.01212,0.01065,False
3656,HNRNPC,1,0.0,0.02129,0.0,0.01218,0.01065,False
3657,ACTC1,1,0.0,0.02225,0.0,0.01136,0.01065,False
3658,RND1,1,0.0,0.02068,0.0,0.01272,0.01065,False
3659,RDH8,1,0.0,0.02471,0.0,0.00925,0.01065,False
3660,HNRNPH1,1,0.0,0.02126,0.0,0.01217,0.01064,False
3661,SLC25A31,1,0.0,0.01994,0.0,0.01331,0.01064,False
3662,PTBP1,1,0.0,0.02126,0.0,0.01217,0.01064,False
3663,SOBP,1,0.0,0.01802,0.0,0.01495,0.01064,False
3664,NEUROG2,1,0.0,0.01828,0.0,0.01474,0.01064,False
3665,HNRNPA2B1,1,0.0,0.02126,0.0,0.01217,0.01064,False
3666,MYH10,1,0.0,0.02222,0.0,0.01135,0.01064,False
3667,TCAP,1,0.0,0.0226,0.0,0.011,0.01063,False
3668,KIF5A,1,0.0,0.02492,0.0,0.009,0.01063,False
3669,ETHE1,1,0.0,0.0214,0.0,0.01202,0.01063,False
3670,NEB,1,0.0,0.02257,0.0,0.01099,0.01062,False
3671,OBSCN,1,0.0,0.02257,0.0,0.01099,0.01062,False
3672,TRIM63,1,0.0,0.02257,0.0,0.01099,0.01062,False
3673,POLI,1,0.0,0.02451,0.0,0.00933,0.01062,False
3674,CAPN3,1,0.0,0.02257,0.0,0.01099,0.01062,False
3675,SIX3,1,0.0,0.01821,0.0,0.0147,0.01061,False
3676,SRPK2,1,0.0,0.01489,0.0,0.01753,0.0106,False
3677,INTS13,1,0.0,0.02349,0.0,0.01015,0.0106,False
3678,YTHDF2,1,0.0,0.02257,0.0,0.0109,0.01059,False
3679,CSRP3,1,0.0,0.02248,0.0,0.01096,0.01058,False
3680,S100A8,1,0.0,0.01756,0.0,0.01518,0.01058,False
3681,CLCN6,1,0.0,0.02387,0.0,0.00977,0.01058,False
3682,HNRNPL,1,0.0,0.02112,0.0,0.01211,0.01057,False
3683,NR2C2,1,0.0,0.01926,0.0,0.01368,0.01057,False
3684,MYBPC3,1,0.0,0.02245,0.0,0.01095,0.01057,False
3685,SASS6,1,0.0,0.02204,0.0,0.01131,0.01057,False
3686,TAGLN,1,0.0,0.02207,0.0,0.01129,0.01057,False
3687,CYP1A2,1,0.0,0.02451,0.0,0.00919,0.01057,False
3688,MRAP,1,0.0,0.01994,0.0,0.01311,0.01057,False
3689,TBL2,1,0.0,0.02003,0.0,0.01301,0.01056,False
3690,ADAM12,1,0.0,0.0174,0.0,0.01526,0.01056,False
3691,PAPSS2,1,0.0,0.02123,0.0,0.01195,0.01055,False
3692,F9,1,0.0,0.0211,0.0,0.01204,0.01055,False
3693,ADH7,1,0.0,0.02444,0.0,0.00917,0.01054,False
3694,PMF1,1,0.0,0.02083,0.0,0.01221,0.01053,False
3695,NPHP4,1,0.0,0.02401,0.0,0.00948,0.01052,False
3696,HNRNPR,1,0.0,0.02101,0.0,0.01206,0.01052,False
3697,DRC3,1,0.0,0.03507,0.0,0.0,0.01052,False
3698,CLIC5,1,0.0,0.01828,0.0,0.01437,0.01051,False
3699,RDH16,1,0.0,0.02438,0.0,0.00915,0.01051,False
3700,PAPSS1,1,0.0,0.02115,0.0,0.01191,0.01051,False
3701,SYT4,1,0.0,0.02463,0.0,0.00892,0.01051,False
3702,PMF1-BGLAP,1,0.0,0.02077,0.0,0.01219,0.0105,False
3703,MTX3,1,0.0,0.02319,0.0,0.0101,0.01049,False
3704,ANKRD1,1,0.0,0.02228,0.0,0.01088,0.01049,False
3705,GSTM3,1,0.0,0.02447,0.0,0.00898,0.01048,False
3706,ATRN,1,0.0,0.01722,0.0,0.01515,0.01047,False
3707,GRXCR1,1,0.0,0.01819,0.0,0.01432,0.01047,False
3708,LRMDA,1,0.0,0.0145,0.0,0.01748,0.01047,False
3709,GSTM1,1,0.0,0.02444,0.0,0.00897,0.01047,False
3710,DAAM1,1,0.0,0.01941,0.0,0.01325,0.01046,False
3711,YTHDF3,1,0.0,0.02227,0.0,0.01079,0.01046,False
3712,VIRMA,1,0.0,0.02224,0.0,0.01078,0.01045,False
3713,HNRNPF,1,0.0,0.02084,0.0,0.01199,0.01045,False
3714,MYL6,1,0.0,0.02177,0.0,0.01117,0.01044,False
3715,CPSF1,1,0.0,0.0215,0.0,0.01141,0.01044,False
3716,POLG,1,0.0,0.02405,0.0,0.0092,0.01044,False
3717,KLC4,1,0.0,0.02442,0.0,0.00886,0.01043,False
3718,RBMX,1,0.0,0.02081,0.0,0.01197,0.01043,False
3719,INTS12,1,0.0,0.02308,0.0,0.01001,0.01043,False
3720,GNPDA2,1,0.0,0.02217,0.0,0.01076,0.01042,False
3721,AGRP,1,0.0,0.01713,0.0,0.0151,0.01042,False
3722,MOCS2,1,0.0,0.02095,0.0,0.01183,0.01042,False
3723,MATR3-2,1,0.0,0.02075,0.0,0.01195,0.01041,False
3724,HNRNPH3,1,0.0,0.02075,0.0,0.01195,0.01041,False
3725,MTREX,1,0.0,0.02141,0.0,0.01137,0.0104,False
3726,MOGS,1,0.0,0.01546,0.0,0.01647,0.0104,False
3727,ZCCHC7,1,0.0,0.02141,0.0,0.01137,0.0104,False
3728,SEMA6B,1,0.0,0.0201,0.0,0.01245,0.01039,False
3729,GSTO2,1,0.0,0.02424,0.0,0.00891,0.01039,False
3730,GSTM2,1,0.0,0.02424,0.0,0.00891,0.01039,False
3731,PHLDB2,1,0.0,0.01927,0.0,0.01318,0.01039,False
3732,GSTA3,1,0.0,0.0242,0.0,0.0089,0.01038,False
3733,PRPSAP1,1,0.0,0.02159,0.0,0.01117,0.01038,False
3734,ASCL1,1,0.0,0.01775,0.0,0.01443,0.01038,False
3735,BACE1,1,0.0,0.01785,0.0,0.01433,0.01037,False
3736,MAGED1,1,0.0,0.01397,0.0,0.01761,0.01036,False
3737,CPLX1,1,0.0,0.01965,0.0,0.01277,0.01036,False
3738,S100A13,1,0.0,0.01965,0.0,0.01277,0.01036,False
3739,KHDRBS1,1,0.0,0.02061,0.0,0.01189,0.01035,False
3740,ASB18,1,0.0,0.00855,0.0,0.02225,0.01035,False
3741,MGLL,1,0.0,0.02228,0.0,0.01047,0.01035,False
3742,CPSF3,1,0.0,0.02124,0.0,0.0113,0.01033,False
3743,MCOLN1,1,0.0,0.0131,0.0,0.01829,0.01033,False
3744,PRPSAP2,1,0.0,0.02147,0.0,0.01112,0.01033,False
3745,GSTT2B,1,0.0,0.02407,0.0,0.00886,0.01032,False
3746,GSTM5,1,0.0,0.02407,0.0,0.00886,0.01032,False
3747,CNR1,1,0.0,0.02222,0.0,0.01045,0.01032,False
3748,MGST1,1,0.0,0.02407,0.0,0.00886,0.01032,False
3749,MYL6B,1,0.0,0.02146,0.0,0.01106,0.01031,False
3750,HNRNPUL1,1,0.0,0.0135,0.0,0.01789,0.01031,False
3751,COL4A4,1,0.0,0.01821,0.0,0.01383,0.0103,False
3752,FUBP1,1,0.0,0.01348,0.0,0.01786,0.0103,False
3753,IQCG,1,0.0,0.03432,0.0,0.0,0.0103,False
3754,NANP,1,0.0,0.0179,0.0,0.01408,0.0103,False
3755,SMC6,1,0.0,0.02058,0.0,0.01178,0.0103,False
3756,CPSF2,1,0.0,0.02118,0.0,0.01128,0.0103,False
3757,INTS14,1,0.0,0.02274,0.0,0.0099,0.01029,False
3758,GHSR,1,0.0,0.01994,0.0,0.01232,0.01029,False
3759,OBSL1,1,0.0,0.02181,0.0,0.0107,0.01029,False
3760,EEF1E1,1,0.0,0.01944,0.0,0.01272,0.01028,False
3761,SFPQ,1,0.0,0.02047,0.0,0.01183,0.01028,False
3762,MYO7A,1,0.0,0.0178,0.0,0.0141,0.01028,False
3763,MADD,1,0.0,0.02405,0.0,0.00875,0.01028,False
3764,FTL,1,0.0,0.01739,0.0,0.01444,0.01027,False
3765,SNX4,1,0.0,0.02192,0.0,0.01055,0.01027,False
3766,GSTA4,1,0.0,0.0239,0.0,0.00882,0.01026,False
3767,ADAMTSL5,1,0.0,0.01487,0.0,0.01656,0.01026,False
3768,TSR2,1,0.0,0.01074,0.0,0.02012,0.01026,False
3769,TOMM40,1,0.0,0.02263,0.0,0.00991,0.01026,False
3770,ANKRD2,1,0.0,0.02172,0.0,0.01067,0.01025,False
3771,CBSL,1,0.0,0.02242,0.0,0.01008,0.01025,False
3772,SWI5,1,0.0,0.01952,0.0,0.01255,0.01025,False
3773,WDR33,1,0.0,0.02107,0.0,0.01124,0.01025,False
3774,REPS1,1,0.0,0.01347,0.0,0.01768,0.01023,False
3775,XIRP2,1,0.0,0.01771,0.0,0.01405,0.01023,False
3776,KCTD15,1,0.0,0.02171,0.0,0.01059,0.01022,False
3777,GSTM4,1,0.0,0.0238,0.0,0.00879,0.01022,False
3778,CCNK,1,0.0,0.01609,0.0,0.0154,0.01022,False
3779,SEMA3C,1,0.0,0.01974,0.0,0.01228,0.01022,False
3780,POLG2,1,0.0,0.02353,0.0,0.00904,0.01022,False
3781,MYBPC2,1,0.0,0.02166,0.0,0.01065,0.01022,False
3782,KHSRP,1,0.0,0.0203,0.0,0.01175,0.01021,False
3783,SRSF7,1,0.0,0.0203,0.0,0.01175,0.01021,False
3784,HGF,1,0.0,0.01722,0.0,0.01438,0.0102,False
3785,MYL1,1,0.0,0.0216,0.0,0.01063,0.0102,False
3786,TXNDC12,1,0.0,0.02374,0.0,0.00877,0.01019,False
3787,PFKFB1,1,0.0,0.02271,0.0,0.00963,0.01018,False
3788,TOMM22,1,0.0,0.02242,0.0,0.00984,0.01017,False
3789,GSTA5,1,0.0,0.02367,0.0,0.00875,0.01016,False
3790,SHOX,1,0.0,0.01827,0.0,0.01335,0.01016,False
3791,MDC1,1,0.0,0.02028,0.0,0.01166,0.01016,False
3792,KIFAP3,1,0.0,0.02376,0.0,0.00867,0.01016,False
3793,PIK3R4,1,0.0,0.01395,0.0,0.01703,0.01015,False
3794,COL18A1,1,0.0,0.01791,0.0,0.01366,0.01015,False
3795,GSS,1,0.0,0.02364,0.0,0.00874,0.01015,False
3796,GSTA1,1,0.0,0.0236,0.0,0.00873,0.01014,False
3797,UGGT1,1,0.0,0.01499,0.0,0.01612,0.01014,False
3798,TRIM55,1,0.0,0.02145,0.0,0.01057,0.01014,False
3799,BHMT,1,0.0,0.02216,0.0,0.00998,0.01014,False
3800,NEGR1,1,0.0,0.02151,0.0,0.01051,0.01013,False
3801,RAD18,1,0.0,0.0233,0.0,0.00897,0.01013,False
3802,CHCHD5,1,0.0,0.02232,0.0,0.00981,0.01013,False
3803,SHANK3,1,0.0,0.01614,0.0,0.01507,0.01012,False
3804,FSCN2,1,0.0,0.01748,0.0,0.01392,0.01011,False
3805,MYH7,1,0.0,0.02139,0.0,0.01055,0.01011,False
3806,FGF1,1,0.0,0.01909,0.0,0.0125,0.0101,False
3807,TERF2IP,1,0.0,0.01855,0.0,0.01297,0.0101,False
3808,TUBB2A,1,0.0,0.02359,0.0,0.00862,0.01009,False
3809,GLUD1,1,0.0,0.02165,0.0,0.01024,0.01008,False
3810,ATP1B3,1,0.0,0.01958,0.0,0.01202,0.01008,False
3811,IQGAP2,1,0.0,0.0152,0.0,0.01576,0.01008,False
3812,GPR37L1,1,0.0,0.01928,0.0,0.01229,0.01008,False
3813,FOXG1,1,0.0,0.01716,0.0,0.01409,0.01008,False
3814,ENSA,1,0.0,0.01535,0.0,0.01561,0.01007,False
3815,IQCB1,1,0.0,0.0229,0.0,0.00914,0.01007,False
3816,ARPP19,1,0.0,0.01533,0.0,0.01559,0.01006,False
3817,UBE2V2,1,0.0,0.02313,0.0,0.00892,0.01006,False
3818,VAMP3,1,0.0,0.01901,0.0,0.01246,0.01006,False
3819,SCN9A,1,0.0,0.01428,0.0,0.01646,0.01005,False
3820,CSTF2,1,0.0,0.02061,0.0,0.01105,0.01005,False
3821,POLK,1,0.0,0.02307,0.0,0.0089,0.01004,False
3822,ELOVL5,1,0.0,0.01416,0.0,0.01656,0.01004,False
3823,COPS4,1,0.0,0.0163,0.0,0.01468,0.01003,False
3824,COPS6,1,0.0,0.0163,0.0,0.01468,0.01003,False
3825,COPS7B,1,0.0,0.0163,0.0,0.01468,0.01003,False
3826,COPS8,1,0.0,0.0163,0.0,0.01468,0.01003,False
3827,COPS7A,1,0.0,0.0163,0.0,0.01468,0.01003,False
3828,GPS1,1,0.0,0.0163,0.0,0.01468,0.01003,False
3829,COPS2,1,0.0,0.0163,0.0,0.01468,0.01003,False
3830,COPS9,1,0.0,0.0163,0.0,0.01468,0.01003,False
3831,COPS3,1,0.0,0.0163,0.0,0.01468,0.01003,False
3832,RBKS,1,0.0,0.02078,0.0,0.01085,0.01003,False
3833,RPIA,1,0.0,0.02078,0.0,0.01085,0.01003,False
3834,RALY,1,0.0,0.01638,0.0,0.01462,0.01003,False
3835,SATB2,1,0.0,0.01799,0.0,0.0132,0.01002,False
3836,YTHDC2,1,0.0,0.02125,0.0,0.01041,0.01002,False
3837,TOMM70,1,0.0,0.02204,0.0,0.00971,0.01001,False
3838,BHMT2,1,0.0,0.02184,0.0,0.00987,0.01001,False
3839,RLIM,1,0.0,0.01703,0.0,0.01401,0.01001,False
3840,MPI,1,0.0,0.02229,0.0,0.0095,0.01001,False
3841,USF1,1,0.0,0.01856,0.0,0.01267,0.01,False
3842,RMI1,1,0.0,0.02027,0.0,0.01121,0.01,False
3843,TOP3A,1,0.0,0.02027,0.0,0.01121,0.01,False
3844,HK2,1,0.0,0.02226,0.0,0.00949,0.01,False
3845,VGLL1,1,0.0,0.01357,0.0,0.01691,0.00999,False
3846,H3C7,1,0.0,0.01954,0.0,0.0118,0.00999,False
3847,ARNTL,1,0.0,0.02124,0.0,0.01033,0.00999,False
3848,CLOCK,1,0.0,0.02122,0.0,0.01032,0.00998,False
3849,CRY2,1,0.0,0.02122,0.0,0.01032,0.00998,False
3850,H3C14,1,0.0,0.01951,0.0,0.01179,0.00998,False
3851,H3C4,1,0.0,0.01951,0.0,0.01179,0.00998,False
3852,H3C3,1,0.0,0.01951,0.0,0.01179,0.00998,False
3853,H3C6,1,0.0,0.01951,0.0,0.01179,0.00998,False
3854,HOMER1,1,0.0,0.01589,0.0,0.0149,0.00998,False
3855,H3C10,1,0.0,0.01951,0.0,0.01179,0.00998,False
3856,H3C8,1,0.0,0.01951,0.0,0.01179,0.00998,False
3857,H3-3A,1,0.0,0.01951,0.0,0.01179,0.00998,False
3858,H3C15,1,0.0,0.01951,0.0,0.01179,0.00998,False
3859,H3C2,1,0.0,0.01951,0.0,0.01179,0.00998,False
3860,H3C11,1,0.0,0.01951,0.0,0.01179,0.00998,False
3861,CHRAC1,1,0.0,0.0229,0.0,0.00885,0.00997,False
3862,FAAP100,1,0.0,0.02018,0.0,0.01118,0.00997,False
3863,ARNTL2,1,0.0,0.02119,0.0,0.01031,0.00996,False
3864,PFKFB4,1,0.0,0.02216,0.0,0.00945,0.00996,False
3865,ATP1B2,1,0.0,0.01931,0.0,0.0119,0.00996,False
3866,CENPS,1,0.0,0.02016,0.0,0.01117,0.00996,False
3867,MYH14,1,0.0,0.02064,0.0,0.01074,0.00995,False
3868,TMEM107,1,0.0,0.02261,0.0,0.00905,0.00995,False
3869,KCNK4,1,0.0,0.01523,0.0,0.01532,0.00993,False
3870,MYL2,1,0.0,0.02098,0.0,0.01039,0.00993,False
3871,GLUD2,1,0.0,0.02131,0.0,0.01012,0.00993,False
3872,BAZ1B,1,0.0,0.01869,0.0,0.01236,0.00993,False
3873,CALHM1,1,0.0,0.01406,0.0,0.01628,0.00992,False
3874,INVS,1,0.0,0.02254,0.0,0.00903,0.00992,False
3875,SHANK2,1,0.0,0.01577,0.0,0.01483,0.00992,False
3876,CRCP,1,0.0,0.02277,0.0,0.00882,0.00992,False
3877,SFR1,1,0.0,0.01879,0.0,0.0122,0.00991,False
3878,SETD3,1,0.0,0.02055,0.0,0.0107,0.00991,False
3879,MGAT2,1,0.0,0.01682,0.0,0.0139,0.00991,False
3880,DET1,1,0.0,0.01328,0.0,0.01694,0.00991,False
3881,AHCYL2,1,0.0,0.0216,0.0,0.00979,0.00991,False
3882,SUZ12,1,0.0,0.01786,0.0,0.01295,0.00989,False
3883,TP73,1,0.0,0.01738,0.0,0.01337,0.00989,False
3884,NEUROG1,1,0.0,0.01676,0.0,0.01386,0.00988,False
3885,AHCYL1,1,0.0,0.02154,0.0,0.00977,0.00988,False
3886,VAMP1,1,0.0,0.02305,0.0,0.00847,0.00988,False
3887,TRIM54,1,0.0,0.02086,0.0,0.01035,0.00988,False
3888,TUT1,1,0.0,0.02019,0.0,0.01088,0.00987,False
3889,PGM2,1,0.0,0.0204,0.0,0.0107,0.00987,False
3890,PPP2R2D,1,0.0,0.01497,0.0,0.01534,0.00986,False
3891,PER2,1,0.0,0.02093,0.0,0.01022,0.00986,False
3892,KIAA0513,1,0.0,0.02168,0.0,0.00955,0.00985,False
3893,CPSF4,1,0.0,0.02013,0.0,0.01086,0.00984,False
3894,MRAP2,1,0.0,0.01838,0.0,0.01235,0.00984,False
3895,ETF1,1,0.0,0.0165,0.0,0.01396,0.00984,False
3896,PAFAH1B1,1,0.0,0.02292,0.0,0.00843,0.00983,False
3897,PCF11,1,0.0,0.0201,0.0,0.01085,0.00983,False
3898,TWF1,1,0.0,0.01689,0.0,0.01358,0.00982,False
3899,NR1D1,1,0.0,0.02085,0.0,0.01019,0.00982,False
3900,KYAT1,1,0.0,0.02137,0.0,0.00971,0.00981,False
3901,NAPEPLD,1,0.0,0.021,0.0,0.01001,0.0098,False
3902,MRE11,1,0.0,0.01856,0.0,0.0121,0.0098,False
3903,EPB41L1,1,0.0,0.01683,0.0,0.01355,0.00979,False
3904,SMOX,1,0.0,0.01919,0.0,0.01149,0.00978,False
3905,MYL3,1,0.0,0.0206,0.0,0.01025,0.00977,False
3906,GCK,1,0.0,0.02168,0.0,0.0093,0.00976,False
3907,DDX6,1,0.0,0.01778,0.0,0.01262,0.00975,False
3908,CNN1,1,0.0,0.02019,0.0,0.01056,0.00975,False
3909,GYG1,1,0.0,0.01916,0.0,0.01139,0.00974,False
3910,PCK1,1,0.0,0.02081,0.0,0.00999,0.00974,False
3911,PCK2,1,0.0,0.02078,0.0,0.00998,0.00973,False
3912,CCBE1,1,0.0,0.01423,0.0,0.0156,0.00973,False
3913,DONSON,1,0.0,0.01563,0.0,0.01436,0.00972,False
3914,FES,1,0.0,0.01866,0.0,0.01178,0.00972,False
3915,PTPN21,1,0.0,0.02263,0.0,0.00835,0.00971,False
3916,RBM15,1,0.0,0.02052,0.0,0.01015,0.00971,False
3917,KYAT3,1,0.0,0.02113,0.0,0.00963,0.00971,False
3918,SYNE3,1,0.0,0.01827,0.0,0.01207,0.00971,False
3919,LGMN,1,0.0,0.0135,0.0,0.01615,0.0097,False
3920,MYH6,1,0.0,0.02045,0.0,0.0102,0.0097,False
3921,UNC13B,1,0.0,0.01824,0.0,0.01209,0.0097,False
3922,NUDT9,1,0.0,0.02,0.0,0.01054,0.00969,False
3923,SYN1,1,0.0,0.01821,0.0,0.01208,0.00969,False
3924,TENM4,1,0.0,0.01466,0.0,0.01508,0.00968,False
3925,IL1RAPL1,1,0.0,0.01459,0.0,0.01514,0.00968,False
3926,RALGDS,1,0.0,0.01297,0.0,0.01654,0.00968,False
3927,MTPAP,1,0.0,0.01976,0.0,0.01071,0.00968,False
3928,PAX9,1,0.0,0.01705,0.0,0.01303,0.00967,False
3929,CDK13,1,0.0,0.01506,0.0,0.01471,0.00967,False
3930,LSM12,1,0.0,0.01759,0.0,0.01252,0.00966,False
3931,RHOD,1,0.0,0.01852,0.0,0.01172,0.00966,False
3932,BHLHE40,1,0.0,0.02048,0.0,0.01005,0.00966,False
3933,TRIP10,1,0.0,0.01608,0.0,0.01379,0.00965,False
3934,SV2A,1,0.0,0.01811,0.0,0.01203,0.00964,False
3935,GPHN,1,0.0,0.01919,0.0,0.01108,0.00964,False
3936,THEMIS,1,0.0,0.01555,0.0,0.0142,0.00964,False
3937,BCAT1,1,0.0,0.02093,0.0,0.00956,0.00963,False
3938,BHLHE41,1,0.0,0.0204,0.0,0.01002,0.00963,False
3939,TSHB,1,0.0,0.01787,0.0,0.0121,0.0096,False
3940,GAD1,1,0.0,0.0205,0.0,0.00983,0.00959,False
3941,TENM1,1,0.0,0.01451,0.0,0.01497,0.00959,False
3942,BCAT2,1,0.0,0.02081,0.0,0.00952,0.00958,False
3943,STT3B,1,0.0,0.01398,0.0,0.01538,0.00957,False
3944,DNMT3L,1,0.0,0.01426,0.0,0.01511,0.00957,False
3945,PAM,1,0.0,0.01618,0.0,0.01345,0.00956,False
3946,KANSL1,1,0.0,0.01823,0.0,0.0117,0.00956,False
3947,TENM3,1,0.0,0.01445,0.0,0.01493,0.00956,False
3948,LIMK1,1,0.0,0.01787,0.0,0.01197,0.00955,False
3949,MSL1,1,0.0,0.0182,0.0,0.01169,0.00955,False
3950,NTN4,1,0.0,0.01262,0.0,0.01647,0.00955,False
3951,MSL2,1,0.0,0.0182,0.0,0.01169,0.00955,False
3952,ATP1B4,1,0.0,0.01841,0.0,0.01149,0.00954,False
3953,WDR5,1,0.0,0.01818,0.0,0.01168,0.00954,False
3954,TXNRD1,1,0.0,0.02069,0.0,0.00948,0.00953,False
3955,DEFB103B,1,0.0,0.01539,0.0,0.014,0.00952,False
3956,GLYCTK,1,0.0,0.02029,0.0,0.00981,0.00952,False
3957,EFEMP2,1,0.0,0.01386,0.0,0.01533,0.00952,False
3958,GALR3,1,0.0,0.01814,0.0,0.01165,0.00952,False
3959,PHF20,1,0.0,0.01812,0.0,0.01166,0.00952,False
3960,ALKBH3,1,0.0,0.02006,0.0,0.00997,0.00951,False
3961,AWAT1,1,0.0,0.01392,0.0,0.01524,0.00951,False
3962,NTRK3,1,0.0,0.01336,0.0,0.01573,0.00951,False
3963,PYGB,1,0.0,0.01866,0.0,0.01117,0.00951,False
3964,C7orf26,1,0.0,0.02085,0.0,0.00926,0.0095,False
3965,EHD1,1,0.0,0.01577,0.0,0.0136,0.00949,False
3966,KPNB1,1,0.0,0.01499,0.0,0.01428,0.00949,False
3967,F5H5P2_HUMAN,1,0.0,0.0203,0.0,0.00968,0.00948,False
3968,KCNMB4,1,0.0,0.01516,0.0,0.01409,0.00948,False
3969,CCNH,1,0.0,0.01472,0.0,0.01448,0.00948,False
3970,ELOVL1,1,0.0,0.01829,0.0,0.01141,0.00948,False
3971,NUMB,1,0.0,0.01224,0.0,0.01661,0.00948,False
3972,CSTF2T,1,0.0,0.01931,0.0,0.01053,0.00948,False
3973,FSHB,1,0.0,0.01763,0.0,0.01199,0.00948,False
3974,GYG2,1,0.0,0.01859,0.0,0.01114,0.00948,False
3975,HSD17B8,1,0.0,0.01826,0.0,0.0114,0.00947,False
3976,ZMYM3,1,0.0,0.01744,0.0,0.01212,0.00947,False
3977,ADCYAP1,1,0.0,0.01761,0.0,0.01197,0.00947,False
3978,PPY,1,0.0,0.01815,0.0,0.0115,0.00947,False
3979,HOMER3,1,0.0,0.01489,0.0,0.01425,0.00946,False
3980,AGXT2,1,0.0,0.02055,0.0,0.00943,0.00946,False
3981,MCRS1,1,0.0,0.01797,0.0,0.01159,0.00945,False
3982,KCNN1,1,0.0,0.01511,0.0,0.01406,0.00945,False
3983,MC3R,1,0.0,0.01525,0.0,0.01391,0.00944,False
3984,L7N2F9_HUMAN,1,0.0,0.01768,0.0,0.01182,0.00944,False
3985,KCNN3,1,0.0,0.01506,0.0,0.01403,0.00943,False
3986,FXYD1,1,0.0,0.01817,0.0,0.01138,0.00943,False
3987,NUDT5,1,0.0,0.01939,0.0,0.01031,0.00942,False
3988,TXNRD2,1,0.0,0.02043,0.0,0.00939,0.00942,False
3989,HECW1,1,0.0,0.01299,0.0,0.01579,0.00942,False
3990,KANSL3,1,0.0,0.01792,0.0,0.01156,0.00942,False
3991,HSD17B1,1,0.0,0.01813,0.0,0.01134,0.00941,False
3992,UNC5CL,1,0.0,0.01416,0.0,0.01473,0.00941,False
3993,KCNMB1,1,0.0,0.01502,0.0,0.014,0.0094,False
3994,PSAPL1,1,0.0,0.0178,0.0,0.0116,0.0094,False
3995,REN,1,0.0,0.0159,0.0,0.0132,0.00939,False
3996,ISL2,1,0.0,0.01368,0.0,0.01511,0.00939,False
3997,SZRD1,1,0.0,0.01414,0.0,0.01472,0.00939,False
3998,VEGFB,1,0.0,0.01414,0.0,0.01472,0.00939,False
3999,FRMD6,1,0.0,0.01412,0.0,0.0147,0.00938,False
4000,EGLN2,1,0.0,0.01819,0.0,0.0112,0.00938,False
4001,ADAMTS10,1,0.0,0.01333,0.0,0.01539,0.00938,False
4002,DAGLA,1,0.0,0.02001,0.0,0.00965,0.00938,False
4003,FGFR3,1,0.0,0.01645,0.0,0.0127,0.00938,False
4004,NTRK1,1,0.0,0.01312,0.0,0.01555,0.00938,False
4005,TXNRD3,1,0.0,0.02034,0.0,0.00936,0.00938,False
4006,ATXN3L,1,0.0,0.01699,0.0,0.01221,0.00937,False
4007,STK25,1,0.0,0.01522,0.0,0.01372,0.00937,False
4008,FGFR2,1,0.0,0.01641,0.0,0.01268,0.00936,False
4009,MSMO1,1,0.0,0.01889,0.0,0.01055,0.00936,False
4010,NR1D2,1,0.0,0.01978,0.0,0.00979,0.00936,False
4011,LARS1,1,0.0,0.01957,0.0,0.00997,0.00936,False
4012,GET4,1,0.0,0.01408,0.0,0.01467,0.00936,False
4013,EXOSC2,1,0.0,0.01344,0.0,0.01518,0.00934,False
4014,TRIM50,1,0.0,0.01742,0.0,0.01175,0.00934,False
4015,PAPOLG,1,0.0,0.01897,0.0,0.01039,0.00933,False
4016,ALDH4A1,1,0.0,0.01989,0.0,0.00961,0.00933,False
4017,BMP7,1,0.0,0.01635,0.0,0.01265,0.00933,False
4018,CYP11B1,1,0.0,0.01728,0.0,0.01181,0.00932,False
4019,CIC,1,0.0,0.01633,0.0,0.01264,0.00932,False
4020,PDK1,1,0.0,0.01992,0.0,0.00954,0.00932,False
4021,TEX35,1,0.0,0.01739,0.0,0.01172,0.00932,False
4022,ATR,1,0.0,0.01842,0.0,0.01084,0.00932,False
4023,KCNU1,1,0.0,0.01483,0.0,0.01388,0.00931,False
4024,C1GALT1,1,0.0,0.01536,0.0,0.0134,0.0093,False
4025,GYS2,1,0.0,0.01819,0.0,0.01097,0.00929,False
4026,MSMB,1,0.0,0.01908,0.0,0.01018,0.00929,False
4027,TRAT1,1,0.0,0.00812,0.0,0.01958,0.00929,False
4028,UBQLN4,1,0.0,0.01624,0.0,0.01259,0.00928,False
4029,ATXN2L,1,0.0,0.01679,0.0,0.01211,0.00928,False
4030,NLGN1,1,0.0,0.01452,0.0,0.01401,0.00926,False
4031,PPP1R3D,1,0.0,0.01812,0.0,0.01094,0.00926,False
4032,NSDHL,1,0.0,0.01863,0.0,0.01044,0.00925,False
4033,DDX5,1,0.0,0.01474,0.0,0.01379,0.00925,False
4034,MYH3,1,0.0,0.01309,0.0,0.01521,0.00925,False
4035,ANGPTL4,1,0.0,0.01439,0.0,0.01407,0.00924,False
4036,RAD9A,1,0.0,0.01824,0.0,0.01077,0.00924,False
4037,ELOVL4,1,0.0,0.01777,0.0,0.01118,0.00924,False
4038,PAPOLB,1,0.0,0.01877,0.0,0.01031,0.00924,False
4039,NTRK2,1,0.0,0.01288,0.0,0.01536,0.00924,False
4040,BCL7B,1,0.0,0.01719,0.0,0.01164,0.00923,False
4041,CNR2,1,0.0,0.01965,0.0,0.00952,0.00923,False
4042,KANSL2,1,0.0,0.01749,0.0,0.01136,0.00923,False
4043,G3BP1,1,0.0,0.01667,0.0,0.01205,0.00922,False
4044,PNP,1,0.0,0.01531,0.0,0.01323,0.00922,False
4045,SLC11A2,1,0.0,0.01264,0.0,0.01552,0.00922,False
4046,FAM189A2,1,0.0,0.01693,0.0,0.01182,0.00921,False
4047,TOMM5,1,0.0,0.02011,0.0,0.00906,0.00921,False
4048,AZU1,1,0.0,0.01664,0.0,0.01205,0.00921,False
4049,MINPP1,1,0.0,0.01956,0.0,0.00954,0.00921,False
4050,DEFA4,1,0.0,0.01664,0.0,0.01205,0.00921,False
4051,PDK2,1,0.0,0.01965,0.0,0.00945,0.0092,False
4052,UHRF1,1,0.0,0.01359,0.0,0.01463,0.0092,False
4053,CSH2,1,0.0,0.01223,0.0,0.01581,0.0092,False
4054,ALDOA,1,0.0,0.01953,0.0,0.00953,0.0092,False
4055,HCST,1,0.0,0.01385,0.0,0.01442,0.0092,False
4056,ALDOC,1,0.0,0.01953,0.0,0.00953,0.0092,False
4057,SLPI,1,0.0,0.01662,0.0,0.01204,0.0092,False
4058,CYB5B,1,0.0,0.01668,0.0,0.01198,0.0092,False
4059,SNTG1,1,0.0,0.01845,0.0,0.01045,0.00919,False
4060,KCNMB3,1,0.0,0.01459,0.0,0.01373,0.00918,False
4061,POPDC2,1,0.0,0.01385,0.0,0.01436,0.00918,False
4062,NFIL3,1,0.0,0.01933,0.0,0.00963,0.00917,False
4063,ARIH1,1,0.0,0.0165,0.0,0.01205,0.00917,False
4064,NOVA2,1,0.0,0.00686,0.0,0.02031,0.00917,False
4065,GBGT1,1,0.0,0.0151,0.0,0.01324,0.00917,False
4066,SLC17A6,1,0.0,0.01692,0.0,0.01167,0.00916,False
4067,ALDOB,1,0.0,0.01945,0.0,0.0095,0.00916,False
4068,ABHD6,1,0.0,0.0195,0.0,0.00947,0.00916,False
4069,RBBP5,1,0.0,0.01734,0.0,0.01129,0.00916,False
4070,ELOVL7,1,0.0,0.01759,0.0,0.0111,0.00916,False
4071,CYB5A,1,0.0,0.01658,0.0,0.01194,0.00915,False
4072,NSUN5,1,0.0,0.01703,0.0,0.01156,0.00915,False
4073,PRDM16,1,0.0,0.01699,0.0,0.01154,0.00914,False
4074,RORB,1,0.0,0.01922,0.0,0.00959,0.00912,False
4075,CH25H,1,0.0,0.01835,0.0,0.01033,0.00912,False
4076,BARD1,1,0.0,0.01711,0.0,0.01141,0.00912,False
4077,CHD3,1,0.0,0.01114,0.0,0.0165,0.00912,False
4078,TOMM7,1,0.0,0.0199,0.0,0.00899,0.00912,False
4079,HSPB3,1,0.0,0.01701,0.0,0.01147,0.00912,False
4080,GRM5,1,0.0,0.01425,0.0,0.01383,0.00911,False
4081,NELFB,1,0.0,0.01991,0.0,0.00895,0.00911,False
4082,RAD17,1,0.0,0.01794,0.0,0.01064,0.00911,False
4083,TM7SF2,1,0.0,0.0183,0.0,0.01031,0.0091,False
4084,GLYATL1,1,0.0,0.0177,0.0,0.01083,0.0091,False
4085,TIMP2,1,0.0,0.01202,0.0,0.01566,0.00909,False
4086,DHRS11,1,0.0,0.01743,0.0,0.01103,0.00909,False
4087,PERP,1,0.0,0.01575,0.0,0.01247,0.00909,False
4088,RPA2,1,0.0,0.01791,0.0,0.01063,0.00909,False
4089,SCT,1,0.0,0.01732,0.0,0.01112,0.00909,False
4090,MCAT,1,0.0,0.01856,0.0,0.01003,0.00908,False
4091,PRKAR1A,1,0.0,0.01339,0.0,0.01447,0.00908,False
4092,SLC17A8,1,0.0,0.01674,0.0,0.01159,0.00908,False
4093,SQOR,1,0.0,0.01796,0.0,0.01056,0.00908,False
4094,GPR39,1,0.0,0.01729,0.0,0.0111,0.00907,False
4095,SNTB2,1,0.0,0.01816,0.0,0.01033,0.00906,False
4096,HUS1,1,0.0,0.01779,0.0,0.01057,0.00904,False
4097,TPM1,1,0.0,0.01855,0.0,0.00992,0.00904,False
4098,ACE2,1,0.0,0.01615,0.0,0.012,0.00904,False
4099,MRGBP,1,0.0,0.01582,0.0,0.01224,0.00903,False
4100,NEU4,1,0.0,0.01536,0.0,0.01264,0.00903,False
4101,ACSS2,1,0.0,0.01843,0.0,0.00997,0.00902,False
4102,UBL4A,1,0.0,0.01346,0.0,0.01424,0.00902,False
4103,ELOVL3,1,0.0,0.01725,0.0,0.01095,0.00901,False
4104,MVB12B,1,0.0,0.01866,0.0,0.00975,0.00901,False
4105,VPS37B,1,0.0,0.01866,0.0,0.00975,0.00901,False
4106,VPS37C,1,0.0,0.01866,0.0,0.00975,0.00901,False
4107,VPS37A,1,0.0,0.01866,0.0,0.00975,0.00901,False
4108,CA1,1,0.0,0.019,0.0,0.00946,0.00901,False
4109,HSD17B2,1,0.0,0.01725,0.0,0.01095,0.00901,False
4110,DGLUCY,1,0.0,0.01911,0.0,0.00933,0.009,False
4111,AGT,1,0.0,0.01512,0.0,0.01275,0.009,False
4112,NCSTN,1,0.0,0.01512,0.0,0.01275,0.009,False
4113,MLLT10,1,0.0,0.01602,0.0,0.01199,0.009,False
4114,RRAGD,1,0.0,0.01807,0.0,0.01021,0.00899,False
4115,LAMTOR5,1,0.0,0.01807,0.0,0.01021,0.00899,False
4116,LAMTOR4,1,0.0,0.01807,0.0,0.01021,0.00899,False
4117,SLC38A9,1,0.0,0.01807,0.0,0.01021,0.00899,False
4118,SEMA6D,1,0.0,0.01705,0.0,0.01104,0.00898,False
4119,NUDT10,1,0.0,0.01732,0.0,0.01081,0.00898,False
4120,SYN2,1,0.0,0.0167,0.0,0.01135,0.00898,False
4121,A2M,1,0.0,0.01466,0.0,0.01308,0.00898,False
4122,BVES,1,0.0,0.01347,0.0,0.0141,0.00898,False
4123,PRKAR2B,1,0.0,0.01319,0.0,0.01433,0.00897,False
4124,MLYCD,1,0.0,0.01833,0.0,0.00993,0.00897,False
4125,LRPAP1,1,0.0,0.01464,0.0,0.01307,0.00897,False
4126,RAD54L,1,0.0,0.01677,0.0,0.01125,0.00897,False
4127,GPC4,1,0.0,0.0155,0.0,0.01233,0.00897,False
4128,SEMA3B,1,0.0,0.017,0.0,0.01102,0.00896,False
4129,DHDDS,1,0.0,0.01782,0.0,0.01033,0.00896,False
4130,SNTG2,1,0.0,0.01789,0.0,0.01022,0.00894,False
4131,ST6GAL2,1,0.0,0.01592,0.0,0.01188,0.00894,False
4132,PSAT1,1,0.0,0.01707,0.0,0.01091,0.00894,False
4133,CYP1B1,1,0.0,0.0171,0.0,0.01088,0.00894,False
4134,BPI,1,0.0,0.01607,0.0,0.01177,0.00894,False
4135,ME1,1,0.0,0.01902,0.0,0.00922,0.00894,False
4136,PER3,1,0.0,0.01877,0.0,0.00942,0.00893,False
4137,SH3GL2,1,0.0,0.01607,0.0,0.01174,0.00893,False
4138,SERPINB1,1,0.0,0.01603,0.0,0.01174,0.00892,False
4139,ME3,1,0.0,0.019,0.0,0.00921,0.00892,False
4140,NR1I2,1,0.0,0.01749,0.0,0.01049,0.00892,False
4141,HLCS,1,0.0,0.0182,0.0,0.00988,0.00892,False
4142,PER1,1,0.0,0.01874,0.0,0.00941,0.00892,False
4143,HK1,1,0.0,0.01967,0.0,0.00864,0.00892,False
4144,MORF4L2,1,0.0,0.01559,0.0,0.01211,0.00892,False
4145,CA8,1,0.0,0.0188,0.0,0.00939,0.00892,False
4146,VPS37D,1,0.0,0.01845,0.0,0.00967,0.00892,False
4147,TIPIN,1,0.0,0.01833,0.0,0.00975,0.00891,False
4148,CA5B,1,0.0,0.01877,0.0,0.00938,0.00891,False
4149,STX1B,1,0.0,0.01654,0.0,0.01127,0.00891,False
4150,ME2,1,0.0,0.01894,0.0,0.00919,0.0089,False
4151,FNTA,1,0.0,0.01769,0.0,0.01028,0.0089,False
4152,GINS3,1,0.0,0.01831,0.0,0.00974,0.0089,False
4153,TAF1,1,0.0,0.01679,0.0,0.01103,0.0089,False
4154,GINS2,1,0.0,0.01828,0.0,0.00973,0.00889,False
4155,PDSS1,1,0.0,0.01766,0.0,0.01027,0.00889,False
4156,ACAT2,1,0.0,0.01814,0.0,0.00986,0.00889,False
4157,HK3,1,0.0,0.01957,0.0,0.00861,0.00888,False
4158,GP6,1,0.0,0.01497,0.0,0.01253,0.00888,False
4159,LDHAL6B,1,0.0,0.01889,0.0,0.00917,0.00888,False
4160,FBN3,1,0.0,0.01243,0.0,0.0147,0.00887,False
4161,ENSP00000485615,1,0.0,0.01768,0.0,0.01018,0.00887,False
4162,ACSS1,1,0.0,0.01809,0.0,0.00984,0.00887,False
4163,LCP1,1,0.0,0.01369,0.0,0.0136,0.00887,False
4164,SERPINE1,1,0.0,0.01444,0.0,0.01295,0.00887,False
4165,GALP,1,0.0,0.01674,0.0,0.011,0.00887,False
4166,FAXDC2,1,0.0,0.01778,0.0,0.01009,0.00887,False
4167,INSIG1,1,0.0,0.01752,0.0,0.01032,0.00887,False
4168,FBLN5,1,0.0,0.01267,0.0,0.01445,0.00886,False
4169,PLAT,1,0.0,0.01442,0.0,0.01294,0.00886,False
4170,VAC14,1,0.0,0.01015,0.0,0.01661,0.00886,False
4171,FNTB,1,0.0,0.01759,0.0,0.01024,0.00886,False
4172,TPM2,1,0.0,0.01813,0.0,0.00975,0.00885,False
4173,UNC13A,1,0.0,0.01641,0.0,0.01121,0.00885,False
4174,PDP2,1,0.0,0.01883,0.0,0.00916,0.00885,False
4175,LDHAL6A,1,0.0,0.01883,0.0,0.00916,0.00885,False
4176,PGM5,1,0.0,0.01766,0.0,0.01013,0.00884,False
4177,SLC29A4,1,0.0,0.01625,0.0,0.01134,0.00884,False
4178,MAML2,1,0.0,0.01427,0.0,0.013,0.00883,False
4179,TIGIT,1,0.0,0.01342,0.0,0.01373,0.00883,False
4180,NAGA,1,0.0,0.01444,0.0,0.01284,0.00883,False
4181,PIGR,1,0.0,0.00665,0.0,0.01951,0.00883,False
4182,MAML3,1,0.0,0.01427,0.0,0.013,0.00883,False
4183,MAML1,1,0.0,0.01427,0.0,0.013,0.00883,False
4184,PGK2,1,0.0,0.01867,0.0,0.00922,0.00883,False
4185,SERPIND1,1,0.0,0.01729,0.0,0.0104,0.00883,False
4186,SIRPB1,1,0.0,0.01488,0.0,0.01246,0.00882,False
4187,NOTCH3,1,0.0,0.01425,0.0,0.01299,0.00882,False
4188,NOTCH2,1,0.0,0.01425,0.0,0.01299,0.00882,False
4189,IBSP,1,0.0,0.01531,0.0,0.01208,0.00882,False
4190,ARIH2,1,0.0,0.01575,0.0,0.01167,0.00881,False
4191,GYPB,1,0.0,0.01485,0.0,0.01245,0.00881,False
4192,CYP17A1,1,0.0,0.01616,0.0,0.01126,0.00879,False
4193,BAG2,1,0.0,0.01619,0.0,0.01122,0.00879,False
4194,GRN,1,0.0,0.01649,0.0,0.01098,0.00879,False
4195,EIF4H,1,0.0,0.01624,0.0,0.01118,0.00879,False
4196,BAG1,1,0.0,0.01619,0.0,0.01122,0.00879,False
4197,DNAJB1,1,0.0,0.01619,0.0,0.01122,0.00879,False
4198,ST13,1,0.0,0.01619,0.0,0.01122,0.00879,False
4199,NUS1,1,0.0,0.01743,0.0,0.01017,0.00879,False
4200,BAG3,1,0.0,0.01619,0.0,0.01122,0.00879,False
4201,DNAJA1,1,0.0,0.01617,0.0,0.01121,0.00878,False
4202,HSPBP1,1,0.0,0.01617,0.0,0.01121,0.00878,False
4203,GGT1,1,0.0,0.01859,0.0,0.00914,0.00878,False
4204,SMS,1,0.0,0.017,0.0,0.01052,0.00878,False
4205,AGTRAP,1,0.0,0.01302,0.0,0.01392,0.00878,False
4206,HSPH1,1,0.0,0.01617,0.0,0.01121,0.00878,False
4207,INSIG2,1,0.0,0.0173,0.0,0.01023,0.00877,False
4208,PDSS2,1,0.0,0.01738,0.0,0.01015,0.00877,False
4209,TDG,1,0.0,0.01156,0.0,0.01515,0.00877,False
4210,NAAA,1,0.0,0.01857,0.0,0.00914,0.00877,False
4211,COL8A1,1,0.0,0.01509,0.0,0.0121,0.00876,False
4212,HSPB8,1,0.0,0.01612,0.0,0.01119,0.00875,False
4213,HPS1,1,0.0,0.01617,0.0,0.01113,0.00875,False
4214,PQBP1,1,0.0,0.01517,0.0,0.012,0.00875,False
4215,H6PD,1,0.0,0.01849,0.0,0.00916,0.00875,False
4216,UNC5B,1,0.0,0.00917,0.0,0.01715,0.00875,False
4217,DAGLB,1,0.0,0.01851,0.0,0.00912,0.00874,False
4218,PIEZO1,1,0.0,0.01304,0.0,0.0138,0.00874,False
4219,IPO5,1,0.0,0.01356,0.0,0.01334,0.00874,False
4220,GABPB1,1,0.0,0.01502,0.0,0.01207,0.00873,False
4221,VPS4A,1,0.0,0.01802,0.0,0.0095,0.00873,False
4222,SERPINA10,1,0.0,0.01708,0.0,0.01031,0.00873,False
4223,CIR1,1,0.0,0.01406,0.0,0.01287,0.00872,False
4224,DNAJA2,1,0.0,0.01605,0.0,0.01116,0.00872,False
4225,NOTCH4,1,0.0,0.01404,0.0,0.01286,0.00871,False
4226,FANCG,1,0.0,0.01705,0.0,0.01026,0.00871,False
4227,VPS72,1,0.0,0.01516,0.0,0.01188,0.00871,False
4228,NELFCD,1,0.0,0.01895,0.0,0.00863,0.00871,False
4229,DSG3,1,0.0,0.01341,0.0,0.01337,0.0087,False
4230,ERCC6L,1,0.0,0.0136,0.0,0.01321,0.0087,False
4231,MFAP3,1,0.0,0.01211,0.0,0.01446,0.00869,False
4232,GSPT1,1,0.0,0.01424,0.0,0.01261,0.00869,False
4233,HTR1A,1,0.0,0.01593,0.0,0.01117,0.00869,False
4234,PRCP,1,0.0,0.01541,0.0,0.01161,0.00869,False
4235,AMY1B,1,0.0,0.01684,0.0,0.01038,0.00868,False
4236,CENPU,1,0.0,0.01356,0.0,0.01319,0.00868,False
4237,SC5D,1,0.0,0.01736,0.0,0.00992,0.00868,False
4238,LPGAT1,1,0.0,0.00766,0.0,0.01824,0.00868,False
4239,GLP1R,1,0.0,0.01537,0.0,0.01159,0.00867,False
4240,DNAJB6,1,0.0,0.01591,0.0,0.01109,0.00866,False
4241,ORC2,1,0.0,0.01735,0.0,0.00986,0.00866,False
4242,ZMYM2,1,0.0,0.01572,0.0,0.01126,0.00866,False
4243,SNAP29,1,0.0,0.01775,0.0,0.00949,0.00865,False
4244,CA13,1,0.0,0.01815,0.0,0.00915,0.00865,False
4245,BCKDHB,1,0.0,0.01741,0.0,0.00976,0.00864,False
4246,PCBD1,1,0.0,0.01531,0.0,0.01156,0.00864,False
4247,FBH1,1,0.0,0.01607,0.0,0.01091,0.00864,False
4248,FBXO43,1,0.0,0.01348,0.0,0.01313,0.00864,False
4249,OGDHL,1,0.0,0.01738,0.0,0.00975,0.00863,False
4250,FABP7,1,0.0,0.01824,0.0,0.00902,0.00863,False
4251,PCBD2,1,0.0,0.01529,0.0,0.01155,0.00863,False
4252,CHMP4A,1,0.0,0.01776,0.0,0.00941,0.00862,False
4253,PAICS,1,0.0,0.01647,0.0,0.01052,0.00862,False
4254,SCHIP1,1,0.0,0.01377,0.0,0.01282,0.00862,False
4255,PABPC4,1,0.0,0.01543,0.0,0.01141,0.00862,False
4256,DOT1L,1,0.0,0.01523,0.0,0.01158,0.00862,False
4257,CA14,1,0.0,0.01803,0.0,0.00911,0.0086,False
4258,RECQL4,1,0.0,0.01721,0.0,0.0098,0.00859,False
4259,MAFG,1,0.0,0.01031,0.0,0.0157,0.00859,False
4260,CA5A,1,0.0,0.01801,0.0,0.0091,0.00859,False
4261,CDC7,1,0.0,0.01721,0.0,0.0098,0.00859,False
4262,EMC4,1,0.0,0.01766,0.0,0.00937,0.00858,False
4263,IL36B,1,0.0,0.01259,0.0,0.01373,0.00858,False
4264,CYP11B2,1,0.0,0.0157,0.0,0.01104,0.00857,False
4265,PDIA3,1,0.0,0.01277,0.0,0.01355,0.00857,False
4266,TOP3B,1,0.0,0.01703,0.0,0.00988,0.00857,False
4267,CHMP7,1,0.0,0.01764,0.0,0.00936,0.00857,False
4268,MED12L,1,0.0,0.01744,0.0,0.00953,0.00857,False
4269,LALBA,1,0.0,0.01514,0.0,0.01147,0.00856,False
4270,CHTF18,1,0.0,0.01752,0.0,0.00944,0.00856,False
4271,DHTKD1,1,0.0,0.01724,0.0,0.00969,0.00856,False
4272,ACSF3,1,0.0,0.01736,0.0,0.00955,0.00855,False
4273,STN1,1,0.0,0.01739,0.0,0.00951,0.00855,False
4274,QKI,1,0.0,0.01739,0.0,0.00951,0.00855,False
4275,MED10,1,0.0,0.01739,0.0,0.00951,0.00855,False
4276,B4GALNT3,1,0.0,0.01511,0.0,0.01146,0.00855,False
4277,TRIP4,1,0.0,0.01739,0.0,0.00951,0.00855,False
4278,A4GALT,1,0.0,0.01511,0.0,0.01146,0.00855,False
4279,GTSE1,1,0.0,0.01327,0.0,0.013,0.00853,False
4280,HSPA5,1,0.0,0.01269,0.0,0.01349,0.00853,False
4281,ABHD12,1,0.0,0.018,0.0,0.00893,0.00853,False
4282,B3GAT2,1,0.0,0.01509,0.0,0.01145,0.00853,False
4283,WDR83,1,0.0,0.01699,0.0,0.00977,0.00852,False
4284,SLC18A1,1,0.0,0.01555,0.0,0.011,0.00852,False
4285,MED21,1,0.0,0.01732,0.0,0.00948,0.00851,False
4286,NLRP5,1,0.0,0.01629,0.0,0.01035,0.00851,False
4287,PTCRA,1,0.0,0.01015,0.0,0.0156,0.00851,False
4288,SUCLA2,1,0.0,0.01709,0.0,0.00963,0.0085,False
4289,MTMR4,1,0.0,0.00944,0.0,0.01621,0.0085,False
4290,PFAS,1,0.0,0.01619,0.0,0.01039,0.00849,False
4291,HACE1,1,0.0,0.01509,0.0,0.01133,0.00849,False
4292,B3GAT1,1,0.0,0.015,0.0,0.0114,0.00849,False
4293,IWS1,1,0.0,0.01508,0.0,0.01131,0.00848,False
4294,NARS1,1,0.0,0.01754,0.0,0.00921,0.00848,False
4295,ARHGAP35,1,0.0,0.01532,0.0,0.01106,0.00847,False
4296,COL14A1,1,0.0,0.01448,0.0,0.01177,0.00847,False
4297,NPRL2,1,0.0,0.01687,0.0,0.00972,0.00846,False
4298,THBS4,1,0.0,0.01415,0.0,0.01204,0.00846,False
4299,NLGN4X,1,0.0,0.013,0.0,0.01301,0.00846,False
4300,G6PD,1,0.0,0.0178,0.0,0.00891,0.00846,False
4301,FABP3,1,0.0,0.01785,0.0,0.00888,0.00846,False
4302,CHMP2B,1,0.0,0.01738,0.0,0.00926,0.00846,False
4303,UBQLN1,1,0.0,0.01413,0.0,0.01203,0.00845,False
4304,NEO1,1,0.0,0.01077,0.0,0.0149,0.00845,False
4305,XPNPEP2,1,0.0,0.01493,0.0,0.01136,0.00845,False
4306,CS,1,0.0,0.01713,0.0,0.00946,0.00845,False
4307,MCM8,1,0.0,0.01689,0.0,0.00967,0.00845,False
4308,ALDH6A1,1,0.0,0.0171,0.0,0.00945,0.00844,False
4309,DHX34,1,0.0,0.01376,0.0,0.01233,0.00844,False
4310,IGF2R,1,0.0,0.0149,0.0,0.01135,0.00844,False
4311,UEVLD,1,0.0,0.01736,0.0,0.00925,0.00844,False
4312,TCF25,1,0.0,0.01623,0.0,0.01018,0.00843,False
4313,RFX5,1,0.0,0.01473,0.0,0.01145,0.00843,False
4314,NAV1,1,0.0,0.01147,0.0,0.01427,0.00843,False
4315,ATAD5,1,0.0,0.01722,0.0,0.00932,0.00843,False
4316,SH3GL3,1,0.0,0.01503,0.0,0.01121,0.00843,False
4317,LBR,1,0.0,0.01676,0.0,0.00968,0.00842,False
4318,ARHGAP31,1,0.0,0.01391,0.0,0.01213,0.00842,False
4319,RFXANK,1,0.0,0.01471,0.0,0.01144,0.00842,False
4320,HOMER2,1,0.0,0.01291,0.0,0.01295,0.00841,False
4321,PLS3,1,0.0,0.01283,0.0,0.01304,0.00841,False
4322,GCLC,1,0.0,0.01773,0.0,0.00883,0.00841,False
4323,TICRR,1,0.0,0.01679,0.0,0.00963,0.00841,False
4324,CCN2,1,0.0,0.01089,0.0,0.0147,0.00841,False
4325,NRARP,1,0.0,0.01345,0.0,0.0125,0.00841,False
4326,PUM2,1,0.0,0.01447,0.0,0.01162,0.00841,False
4327,RARS2,1,0.0,0.01722,0.0,0.00926,0.00841,False
4328,FAM98A,1,0.0,0.01498,0.0,0.01119,0.00841,False
4329,PREP,1,0.0,0.01481,0.0,0.0113,0.0084,False
4330,RFXAP,1,0.0,0.01466,0.0,0.01142,0.0084,False
4331,ACOT12,1,0.0,0.01702,0.0,0.00942,0.0084,False
4332,EXOC6,1,0.0,0.01434,0.0,0.01172,0.0084,False
4333,APH1A,1,0.0,0.01392,0.0,0.01205,0.00839,False
4334,CUL3,1,0.0,0.0154,0.0,0.01076,0.00839,False
4335,CHMP4B,1,0.0,0.01723,0.0,0.0092,0.00839,False
4336,GABRQ,1,0.0,0.01073,0.0,0.01477,0.00839,False
4337,NEIL2,1,0.0,0.0154,0.0,0.01076,0.00839,False
4338,NLGN3,1,0.0,0.01286,0.0,0.01292,0.00838,False
4339,PGAM5,1,0.0,0.01538,0.0,0.01075,0.00838,False
4340,DAPK3,1,0.0,0.01382,0.0,0.01207,0.00837,False
4341,TET1,1,0.0,0.01087,0.0,0.01459,0.00837,False
4342,POLR2D,1,0.0,0.01484,0.0,0.01118,0.00837,False
4343,TROAP,1,0.0,0.0153,0.0,0.01079,0.00837,False
4344,PLA1A,1,0.0,0.0151,0.0,0.01094,0.00836,False
4345,LRP2,1,0.0,0.01345,0.0,0.01235,0.00836,False
4346,ACTN4,1,0.0,0.01271,0.0,0.01295,0.00835,False
4347,ALDH1B1,1,0.0,0.01758,0.0,0.00878,0.00835,False
4348,MTHFD2,1,0.0,0.01647,0.0,0.00974,0.00835,False
4349,KLF11,1,0.0,0.00779,0.0,0.01714,0.00834,False
4350,DTL,1,0.0,0.01702,0.0,0.00924,0.00834,False
4351,MAGOHB,1,0.0,0.01414,0.0,0.01172,0.00834,False
4352,ETAA1,1,0.0,0.01624,0.0,0.00991,0.00834,False
4353,TPX2,1,0.0,0.01426,0.0,0.01161,0.00834,False
4354,MTHFD2L,1,0.0,0.01644,0.0,0.00973,0.00834,False
4355,MYCN,1,0.0,0.01424,0.0,0.0116,0.00833,False
4356,IQCJ-SCHIP1,1,0.0,0.01322,0.0,0.01248,0.00833,False
4357,SYNM,1,0.0,0.01533,0.0,0.01066,0.00833,False
4358,HUWE1,1,0.0,0.01476,0.0,0.01116,0.00833,False
4359,NPRL3,1,0.0,0.01654,0.0,0.00959,0.00832,False
4360,AIFM1,1,0.0,0.01452,0.0,0.01132,0.00832,False
4361,SEMA6C,1,0.0,0.01562,0.0,0.01038,0.00832,False
4362,ICE2,1,0.0,0.01458,0.0,0.01124,0.00831,False
4363,NELFE,1,0.0,0.01458,0.0,0.01124,0.00831,False
4364,MAFF,1,0.0,0.00985,0.0,0.01529,0.00831,False
4365,RBFOX2,1,0.0,0.01426,0.0,0.01151,0.00831,False
4366,RNF144A,1,0.0,0.01471,0.0,0.01113,0.00831,False
4367,KIF4A,1,0.0,0.01518,0.0,0.01073,0.00831,False
4368,DPP3,1,0.0,0.01524,0.0,0.01069,0.00831,False
4369,GEN1,1,0.0,0.01646,0.0,0.00964,0.00831,False
4370,TJP2,1,0.0,0.01501,0.0,0.01086,0.0083,False
4371,UBA6,1,0.0,0.01469,0.0,0.01112,0.0083,False
4372,IKZF5,1,0.0,0.00981,0.0,0.01529,0.0083,False
4373,DEPDC5,1,0.0,0.01649,0.0,0.00956,0.0083,False
4374,NUSAP1,1,0.0,0.01434,0.0,0.01142,0.0083,False
4375,TRIM69,1,0.0,0.01521,0.0,0.01067,0.0083,False
4376,HLA-DQA2,1,0.0,0.01358,0.0,0.01206,0.00829,False
4377,HLA-DRB5,1,0.0,0.01358,0.0,0.01206,0.00829,False
4378,FBL,1,0.0,0.00854,0.0,0.01636,0.00829,False
4379,CREB3,1,0.0,0.01549,0.0,0.0104,0.00829,False
4380,DSG1,1,0.0,0.01264,0.0,0.01286,0.00829,False
4381,RHD,1,0.0,0.0138,0.0,0.01184,0.00829,False
4382,GIT1,1,0.0,0.0144,0.0,0.01135,0.00829,False
4383,PAK2,1,0.0,0.0144,0.0,0.01135,0.00829,False
4384,CA7,1,0.0,0.0173,0.0,0.00884,0.00828,False
4385,FADS3,1,0.0,0.01476,0.0,0.01101,0.00828,False
4386,GIT2,1,0.0,0.01438,0.0,0.01134,0.00828,False
4387,PAK3,1,0.0,0.01438,0.0,0.01134,0.00828,False
4388,UBIAD1,1,0.0,0.0162,0.0,0.00976,0.00828,False
4389,SRRT,1,0.0,0.01401,0.0,0.01165,0.00828,False
4390,SPTBN2,1,0.0,0.0062,0.0,0.01831,0.00827,False
4391,SCRIB,1,0.0,0.01436,0.0,0.01132,0.00827,False
4392,ASPM,1,0.0,0.01428,0.0,0.01139,0.00827,False
4393,DMTN,1,0.0,0.01255,0.0,0.01285,0.00827,False
4394,ORC4,1,0.0,0.01645,0.0,0.00949,0.00826,False
4395,FLCN,1,0.0,0.01642,0.0,0.00953,0.00826,False
4396,ERCC6,1,0.0,0.0149,0.0,0.01084,0.00826,False
4397,EAF2,1,0.0,0.01448,0.0,0.01119,0.00826,False
4398,KRT5,1,0.0,0.01407,0.0,0.01155,0.00826,False
4399,TDO2,1,0.0,0.0145,0.0,0.01114,0.00825,False
4400,NEDD9,1,0.0,0.01407,0.0,0.0115,0.00825,False
4401,NDC80,1,0.0,0.01323,0.0,0.01225,0.00825,False
4402,PAK1,1,0.0,0.01432,0.0,0.0113,0.00825,False
4403,TOP1,1,0.0,0.01424,0.0,0.01136,0.00825,False
4404,GDF2,1,0.0,0.01389,0.0,0.01167,0.00825,False
4405,H2AX,1,0.0,0.01436,0.0,0.01124,0.00824,False
4406,POU4F3,1,0.0,0.01254,0.0,0.01279,0.00824,False
4407,GYPA,1,0.0,0.01372,0.0,0.01179,0.00824,False
4408,NLGN4Y,1,0.0,0.01259,0.0,0.01274,0.00824,False
4409,RBPJL,1,0.0,0.01409,0.0,0.01142,0.00823,False
4410,SARDH,1,0.0,0.01621,0.0,0.00963,0.00823,False
4411,AKT1S1,1,0.0,0.01455,0.0,0.01104,0.00823,False
4412,MBTPS2,1,0.0,0.01538,0.0,0.01034,0.00823,False
4413,MEP1A,1,0.0,0.01447,0.0,0.01112,0.00823,False
4414,RHEB,1,0.0,0.01455,0.0,0.01104,0.00823,False
4415,MARCHF6,1,0.0,0.01635,0.0,0.00951,0.00823,False
4416,PRR5,1,0.0,0.01455,0.0,0.01104,0.00823,False
4417,DEPTOR,1,0.0,0.01455,0.0,0.01104,0.00823,False
4418,TTI1,1,0.0,0.01455,0.0,0.01104,0.00823,False
4419,MAPKAP1,1,0.0,0.01455,0.0,0.01104,0.00823,False
4420,ELOA,1,0.0,0.01439,0.0,0.01114,0.00822,False
4421,MEP1B,1,0.0,0.01444,0.0,0.01111,0.00822,False
4422,KPNA7,1,0.0,0.01192,0.0,0.01326,0.00822,False
4423,AGA,1,0.0,0.01727,0.0,0.00867,0.00821,False
4424,GPC1,1,0.0,0.01396,0.0,0.01148,0.00821,False
4425,CENPE,1,0.0,0.01315,0.0,0.0122,0.00821,False
4426,RNF20,1,0.0,0.01478,0.0,0.01078,0.00821,False
4427,ARHGEF6,1,0.0,0.01421,0.0,0.01125,0.0082,False
4428,CREB3L1,1,0.0,0.01531,0.0,0.01031,0.0082,False
4429,PPID,1,0.0,0.01426,0.0,0.01119,0.0082,False
4430,DAPK2,1,0.0,0.01348,0.0,0.01188,0.0082,False
4431,RCC2,1,0.0,0.01311,0.0,0.01217,0.00819,False
4432,EFCAB6,1,0.0,0.01362,0.0,0.01173,0.00819,False
4433,TUBB,1,0.0,0.01447,0.0,0.011,0.00819,False
4434,UPRT,1,0.0,0.01327,0.0,0.01202,0.00819,False
4435,FH,1,0.0,0.01639,0.0,0.00935,0.00819,False
4436,RPS6KB2,1,0.0,0.01447,0.0,0.011,0.00819,False
4437,HRG,1,0.0,0.01588,0.0,0.00979,0.00819,False
4438,VPS51,1,0.0,0.01658,0.0,0.00916,0.00818,False
4439,LMOD1,1,0.0,0.01658,0.0,0.00915,0.00818,False
4440,TAP1,1,0.0,0.01204,0.0,0.01304,0.00818,False
4441,RALBP1,1,0.0,0.01008,0.0,0.01473,0.00818,False
4442,GGT5,1,0.0,0.01718,0.0,0.00864,0.00818,False
4443,PLA2G2A,1,0.0,0.01093,0.0,0.01402,0.00818,False
4444,GCDH,1,0.0,0.01636,0.0,0.00934,0.00818,False
4445,PKHD1,1,0.0,0.01191,0.0,0.01315,0.00817,False
4446,CEACAM8,1,0.0,0.01447,0.0,0.01094,0.00817,False
4447,HTR1D,1,0.0,0.01482,0.0,0.01062,0.00817,False
4448,CBFA2T2,1,0.0,0.01254,0.0,0.01259,0.00817,False
4449,HLA-DOB,1,0.0,0.01335,0.0,0.01192,0.00817,False
4450,THBS3,1,0.0,0.01356,0.0,0.01171,0.00817,False
4451,SORT1,1,0.0,0.01513,0.0,0.01034,0.00816,False
4452,HLA-DPB1,1,0.0,0.01332,0.0,0.0119,0.00816,False
4453,NBN,1,0.0,0.01584,0.0,0.00974,0.00816,False
4454,PTPN18,1,0.0,0.01054,0.0,0.01427,0.00816,False
4455,SRRM1,1,0.0,0.01377,0.0,0.01152,0.00816,False
4456,FNIP2,1,0.0,0.01619,0.0,0.00944,0.00816,False
4457,MBTPS1,1,0.0,0.01519,0.0,0.01026,0.00815,False
4458,RHCE,1,0.0,0.01354,0.0,0.01169,0.00815,False
4459,ERCC1,1,0.0,0.01447,0.0,0.01089,0.00815,False
4460,PARP10,1,0.0,0.01495,0.0,0.01048,0.00815,False
4461,DNM2,1,0.0,0.00853,0.0,0.01598,0.00815,False
4462,RNF19A,1,0.0,0.01438,0.0,0.01096,0.00815,False
4463,GGT6,1,0.0,0.01712,0.0,0.00861,0.00815,False
4464,DERA,1,0.0,0.01704,0.0,0.00863,0.00814,False
4465,ALOX5AP,1,0.0,0.01527,0.0,0.01015,0.00813,False
4466,L2HGDH,1,0.0,0.01706,0.0,0.00859,0.00813,False
4467,CHMP5,1,0.0,0.01664,0.0,0.00898,0.00813,False
4468,DOCK2,1,0.0,0.01401,0.0,0.01121,0.00813,False
4469,CA6,1,0.0,0.01692,0.0,0.0087,0.00812,False
4470,C9orf72,1,0.0,0.01438,0.0,0.01088,0.00812,False
4471,RUNDC3A,1,0.0,0.01032,0.0,0.01433,0.00811,False
4472,TNPO2,1,0.0,0.01238,0.0,0.01257,0.00811,False
4473,OXNAD1,1,0.0,0.0158,0.0,0.00964,0.00811,False
4474,SLC2A1,1,0.0,0.01771,0.0,0.008,0.00811,False
4475,CRTC2,1,0.0,0.01512,0.0,0.01022,0.00811,False
4476,GDF11,1,0.0,0.01302,0.0,0.01199,0.0081,False
4477,ACVR2B,1,0.0,0.01302,0.0,0.01199,0.0081,False
4478,MSTN,1,0.0,0.01302,0.0,0.01199,0.0081,False
4479,ATAD3A,1,0.0,0.01458,0.0,0.01065,0.0081,False
4480,SYNGR3,1,0.0,0.01412,0.0,0.01103,0.0081,False
4481,CYP8B1,1,0.0,0.01472,0.0,0.01053,0.0081,False
4482,KIFC1,1,0.0,0.01471,0.0,0.01051,0.00809,False
4483,RNASE3,1,0.0,0.01431,0.0,0.01086,0.00809,False
4484,MRPL32,1,0.0,0.0139,0.0,0.01119,0.00809,False
4485,LCA5,1,0.0,0.01593,0.0,0.00946,0.00809,False
4486,MRPS6,1,0.0,0.0139,0.0,0.01119,0.00809,False
4487,CREB3L2,1,0.0,0.01507,0.0,0.0102,0.00809,False
4488,CFL2,1,0.0,0.01223,0.0,0.01264,0.00809,False
4489,APBB1,1,0.0,0.01294,0.0,0.01203,0.00809,False
4490,RNPS1,1,0.0,0.0136,0.0,0.01142,0.00808,False
4491,CNPY1,1,0.0,0.01496,0.0,0.01027,0.00808,False
4492,P2RY8,1,0.0,0.00947,0.0,0.01498,0.00808,False
4493,SOD2,1,0.0,0.01338,0.0,0.01159,0.00807,False
4494,SOD2-2,1,0.0,0.01338,0.0,0.01159,0.00807,False
4495,BMPR2,1,0.0,0.01354,0.0,0.01147,0.00807,False
4496,RTEL1,1,0.0,0.01489,0.0,0.01029,0.00807,False
4497,MRPL20,1,0.0,0.01388,0.0,0.01118,0.00807,False
4498,KIF15,1,0.0,0.01466,0.0,0.01048,0.00807,False
4499,WARS2,1,0.0,0.01645,0.0,0.00896,0.00807,False
4500,LTA4H,1,0.0,0.01514,0.0,0.01009,0.00807,False
4501,SEMA3E,1,0.0,0.01506,0.0,0.01012,0.00806,False
4502,QARS1,1,0.0,0.01642,0.0,0.00895,0.00806,False
4503,LILRA4,1,0.0,0.00926,0.0,0.01509,0.00806,False
4504,H3BUN2_HUMAN,1,0.0,0.01639,0.0,0.00897,0.00806,False
4505,H3BMQ9_HUMAN,1,0.0,0.01639,0.0,0.00897,0.00806,False
4506,BMP10,1,0.0,0.0135,0.0,0.01144,0.00805,False
4507,FLOT1,1,0.0,0.01403,0.0,0.01099,0.00805,False
4508,TYMP,1,0.0,0.01567,0.0,0.00958,0.00805,False
4509,ABO,1,0.0,0.01363,0.0,0.01133,0.00805,False
4510,MDH2,1,0.0,0.01607,0.0,0.00922,0.00805,False
4511,CA12,1,0.0,0.01675,0.0,0.00864,0.00805,False
4512,CLCA1,1,0.0,0.01295,0.0,0.0119,0.00805,False
4513,DDIT4,1,0.0,0.01361,0.0,0.01129,0.00804,False
4514,ATF4,1,0.0,0.01496,0.0,0.01015,0.00804,False
4515,CENPF,1,0.0,0.01381,0.0,0.01114,0.00804,False
4516,COTL1,1,0.0,0.01507,0.0,0.01005,0.00804,False
4517,SDS,1,0.0,0.01577,0.0,0.00945,0.00804,False
4518,NOX1,1,0.0,0.0126,0.0,0.01213,0.00803,False
4519,TOP2B,1,0.0,0.01379,0.0,0.01112,0.00803,False
4520,CYBA,1,0.0,0.0126,0.0,0.01213,0.00803,False
4521,NOXO1,1,0.0,0.0126,0.0,0.01213,0.00803,False
4522,NFYA,1,0.0,0.01389,0.0,0.011,0.00802,False
4523,KLHL3,1,0.0,0.01462,0.0,0.01039,0.00802,False
4524,IKZF4,1,0.0,0.00937,0.0,0.01489,0.00802,False
4525,HYOU1,1,0.0,0.01175,0.0,0.01284,0.00802,False
4526,NFYC,1,0.0,0.01389,0.0,0.011,0.00802,False
4527,SNUPN,1,0.0,0.01274,0.0,0.01198,0.00802,False
4528,LTC4S,1,0.0,0.01501,0.0,0.01002,0.00801,False
4529,PTTG1,1,0.0,0.01359,0.0,0.01124,0.00801,False
4530,GLI2,1,0.0,0.01281,0.0,0.0119,0.00801,False
4531,H2BC11,1,0.0,0.01436,0.0,0.01057,0.00801,False
4532,SRR,1,0.0,0.0157,0.0,0.00942,0.00801,False
4533,PPP2R5A,1,0.0,0.00675,0.0,0.01711,0.00801,False
4534,HASPIN,1,0.0,0.01276,0.0,0.01196,0.00801,False
4535,TNS1,1,0.0,0.00955,0.0,0.01467,0.008,False
4536,PRKAR2A,1,0.0,0.01143,0.0,0.01307,0.008,False
4537,NTSR1,1,0.0,0.01496,0.0,0.01003,0.008,False
4538,RAB33B,1,0.0,0.01404,0.0,0.01081,0.008,False
4539,RFX1,1,0.0,0.01384,0.0,0.01098,0.008,False
4540,RB1CC1,1,0.0,0.01404,0.0,0.01081,0.008,False
4541,MED8,1,0.0,0.01557,0.0,0.00949,0.00799,False
4542,ACVR1B,1,0.0,0.0128,0.0,0.01186,0.00799,False
4543,ATF6B,1,0.0,0.01486,0.0,0.0101,0.00799,False
4544,MED27,1,0.0,0.01557,0.0,0.00949,0.00799,False
4545,MED20,1,0.0,0.01557,0.0,0.00949,0.00799,False
4546,MED22,1,0.0,0.01557,0.0,0.00949,0.00799,False
4547,BAMBI,1,0.0,0.0128,0.0,0.01186,0.00799,False
4548,PLG,1,0.0,0.01396,0.0,0.01086,0.00799,False
4549,NOXA1,1,0.0,0.01252,0.0,0.01209,0.00799,False
4550,MED24,1,0.0,0.01557,0.0,0.00949,0.00799,False
4551,MED25,1,0.0,0.01557,0.0,0.00949,0.00799,False
4552,CHIT1,1,0.0,0.01475,0.0,0.01016,0.00798,False
4553,HYDIN,1,0.0,0.01428,0.0,0.01054,0.00798,False
4554,DAO,1,0.0,0.01565,0.0,0.0094,0.00798,False
4555,RAB6A,1,0.0,0.01622,0.0,0.00891,0.00798,False
4556,CBR1,1,0.0,0.015,0.0,0.00995,0.00798,False
4557,CREB3L4,1,0.0,0.01484,0.0,0.01009,0.00798,False
4558,NCAPG,1,0.0,0.01366,0.0,0.01106,0.00797,False
4559,CADPS2,1,0.0,0.01085,0.0,0.01346,0.00797,False
4560,IPO4,1,0.0,0.01211,0.0,0.01239,0.00797,False
4561,SLC9A1,1,0.0,0.01495,0.0,0.00992,0.00796,False
4562,PIPOX,1,0.0,0.0156,0.0,0.00938,0.00796,False
4563,MICAL1,1,0.0,0.01484,0.0,0.01002,0.00796,False
4564,DHX38,1,0.0,0.01336,0.0,0.01129,0.00796,False
4565,GFAP,1,0.0,0.01452,0.0,0.01027,0.00795,False
4566,KISS1,1,0.0,0.01544,0.0,0.00948,0.00795,False
4567,UBE3C,1,0.0,0.01396,0.0,0.01075,0.00795,False
4568,GOLT1A,1,0.0,0.01544,0.0,0.00948,0.00795,False
4569,GOLT1B,1,0.0,0.01544,0.0,0.00948,0.00795,False
4570,ATP2A2,1,0.0,0.01493,0.0,0.00991,0.00795,False
4571,F11,1,0.0,0.01532,0.0,0.00955,0.00794,False
4572,MYL12B,1,0.0,0.01603,0.0,0.00894,0.00794,False
4573,TOP1MT,1,0.0,0.0136,0.0,0.01102,0.00794,False
4574,PNOC,1,0.0,0.01472,0.0,0.01005,0.00793,False
4575,SMAD6,1,0.0,0.01268,0.0,0.01179,0.00793,False
4576,CCDC122,1,0.0,0.00864,0.0,0.01525,0.00793,False
4577,FBXL17,1,0.0,0.01442,0.0,0.01029,0.00793,False
4578,PAK4,1,0.0,0.01366,0.0,0.01095,0.00793,False
4579,OTUB1,1,0.0,0.01273,0.0,0.01173,0.00793,False
4580,PRPF18,1,0.0,0.01549,0.0,0.00936,0.00792,False
4581,LIPF,1,0.0,0.01195,0.0,0.01238,0.00792,False
4582,PLN,1,0.0,0.01487,0.0,0.00988,0.00792,False
4583,AMIGO1,1,0.0,0.00565,0.0,0.01779,0.00792,False
4584,PAK6,1,0.0,0.01362,0.0,0.01093,0.00791,False
4585,NFYB,1,0.0,0.01367,0.0,0.01089,0.00791,False
4586,WIPI1,1,0.0,0.01385,0.0,0.01072,0.00791,False
4587,EXT2,1,0.0,0.01234,0.0,0.01204,0.00791,False
4588,PHAX,1,0.0,0.01253,0.0,0.01185,0.00791,False
4589,NQO1,1,0.0,0.01437,0.0,0.01027,0.00791,False
4590,ACD,1,0.0,0.0135,0.0,0.01102,0.00791,False
4591,ARHGEF12,1,0.0,0.0136,0.0,0.01092,0.0079,False
4592,RGP1,1,0.0,0.0156,0.0,0.0092,0.0079,False
4593,FOXN1,1,0.0,0.01493,0.0,0.00974,0.00789,False
4594,FGA,1,0.0,0.01521,0.0,0.0095,0.00789,False
4595,PCSK9,1,0.0,0.01535,0.0,0.0094,0.00789,False
4596,SMIM22,1,0.0,0.01557,0.0,0.00919,0.00789,False
4597,GGH,1,0.0,0.0148,0.0,0.00985,0.00789,False
4598,IRX4,1,0.0,0.01121,0.0,0.01291,0.00788,False
4599,SNCAIP,1,0.0,0.01353,0.0,0.01092,0.00788,False
4600,HJURP,1,0.0,0.01427,0.0,0.01029,0.00788,False
4601,CPEB1,1,0.0,0.01333,0.0,0.0111,0.00788,False
4602,DES,1,0.0,0.01437,0.0,0.0102,0.00788,False
4603,SELENOI,1,0.0,0.01453,0.0,0.01005,0.00788,False
4604,PBK,1,0.0,0.01347,0.0,0.01095,0.00787,False
4605,COL10A1,1,0.0,0.01295,0.0,0.01137,0.00787,False
4606,MSR1,1,0.0,0.01295,0.0,0.01137,0.00787,False
4607,DGKI,1,0.0,0.01031,0.0,0.01363,0.00787,False
4608,CDK7,1,0.0,0.01171,0.0,0.01246,0.00787,False
4609,NOX3,1,0.0,0.01229,0.0,0.01194,0.00787,False
4610,UBE2L6,1,0.0,0.01349,0.0,0.0109,0.00786,False
4611,RNF216,1,0.0,0.01377,0.0,0.01065,0.00786,False
4612,CTDP1,1,0.0,0.01166,0.0,0.01243,0.00785,False
4613,GSK3A,1,0.0,0.01248,0.0,0.01173,0.00785,False
4614,EEF1A1,1,0.0,0.0127,0.0,0.01154,0.00785,False
4615,DUOX1,1,0.0,0.01221,0.0,0.01189,0.00783,False
4616,SOD3,1,0.0,0.01289,0.0,0.01131,0.00783,False
4617,ENSP00000483415,1,0.0,0.012,0.0,0.01207,0.00782,False
4618,PDE9A,1,0.0,0.01323,0.0,0.01096,0.00781,False
4619,MMP8,1,0.0,0.01372,0.0,0.01056,0.00781,False
4620,H1-0,1,0.0,0.01181,0.0,0.01219,0.00781,False
4621,SYNE4,1,0.0,0.01422,0.0,0.01012,0.00781,False
4622,CA3,1,0.0,0.01616,0.0,0.00842,0.0078,False
4623,MTFMT,1,0.0,0.0146,0.0,0.00976,0.0078,False
4624,SEPTIN5,1,0.0,0.01337,0.0,0.01083,0.0078,False
4625,DHCR24,1,0.0,0.01536,0.0,0.0091,0.0078,False
4626,POLR2J,1,0.0,0.01365,0.0,0.01057,0.0078,False
4627,THPO,1,0.0,0.01037,0.0,0.01341,0.0078,False
4628,TRIP12,1,0.0,0.01366,0.0,0.01059,0.0078,False
4629,TMEM189-UBE2V1,1,0.0,0.01434,0.0,0.00996,0.00779,False
4630,TMEM189,1,0.0,0.01434,0.0,0.00996,0.00779,False
4631,SFTPD,1,0.0,0.01233,0.0,0.01167,0.00778,False
4632,EEF1A2,1,0.0,0.01258,0.0,0.01146,0.00778,False
4633,CSE1L,1,0.0,0.01229,0.0,0.01171,0.00778,False
4634,MRPL17,1,0.0,0.01328,0.0,0.01085,0.00778,False
4635,CREM,1,0.0,0.0144,0.0,0.00989,0.00778,False
4636,CA9,1,0.0,0.0161,0.0,0.0084,0.00777,False
4637,PYY,1,0.0,0.01447,0.0,0.00981,0.00777,False
4638,WARS1,1,0.0,0.01576,0.0,0.0087,0.00777,False
4639,MLANA,1,0.0,0.01253,0.0,0.01144,0.00776,False
4640,GPRIN2,1,0.0,0.01383,0.0,0.01032,0.00776,False
4641,LAMC1,1,0.0,0.01273,0.0,0.01125,0.00776,False
4642,TNFRSF21,1,0.0,0.00838,0.0,0.01499,0.00776,False
4643,ATN1,1,0.0,0.01314,0.0,0.0109,0.00776,False
4644,SARS1,1,0.0,0.01583,0.0,0.00856,0.00775,False
4645,RNF40,1,0.0,0.01381,0.0,0.0103,0.00775,False
4646,F12,1,0.0,0.01488,0.0,0.00936,0.00774,False
4647,HCRT,1,0.0,0.01429,0.0,0.00985,0.00774,False
4648,FARP2,1,0.0,0.01434,0.0,0.00979,0.00773,False
4649,ENC1,1,0.0,0.01399,0.0,0.01008,0.00773,False
4650,NPVF,1,0.0,0.01495,0.0,0.00928,0.00773,False
4651,RHOT2,1,0.0,0.01322,0.0,0.01076,0.00773,False
4652,XRCC6,1,0.0,0.01312,0.0,0.01082,0.00772,False
4653,CAPN1,1,0.0,0.01341,0.0,0.01055,0.00772,False
4654,C6,1,0.0,0.01235,0.0,0.01146,0.00771,False
4655,MAPKAPK5,1,0.0,0.01251,0.0,0.01131,0.00771,False
4656,KARS1,1,0.0,0.01575,0.0,0.00853,0.00771,False
4657,NBPF1,1,0.0,0.01373,0.0,0.01026,0.00771,False
4658,NAIP,1,0.0,0.01326,0.0,0.01067,0.00771,False
4659,SARS2,1,0.0,0.01575,0.0,0.00853,0.00771,False
4660,KLHL12,1,0.0,0.01395,0.0,0.01006,0.00771,False
4661,C9,1,0.0,0.01235,0.0,0.01146,0.00771,False
4662,C7,1,0.0,0.01235,0.0,0.01146,0.00771,False
4663,C8B,1,0.0,0.01235,0.0,0.01146,0.00771,False
4664,HMOX1,1,0.0,0.01395,0.0,0.01006,0.00771,False
4665,RHOT1,1,0.0,0.01318,0.0,0.01074,0.00771,False
4666,TMEM116,1,0.0,0.01489,0.0,0.00925,0.0077,False
4667,NAMPT,1,0.0,0.01367,0.0,0.01029,0.0077,False
4668,SLC2A3,1,0.0,0.01672,0.0,0.00768,0.0077,False
4669,SYNE1,1,0.0,0.01399,0.0,0.01002,0.0077,False
4670,MAPT,1,0.0,0.01235,0.0,0.01135,0.00768,False
4671,FRAT1,1,0.0,0.01235,0.0,0.01135,0.00768,False
4672,NUP42,1,0.0,0.0121,0.0,0.01159,0.00768,False
4673,CTC1,1,0.0,0.01405,0.0,0.0099,0.00768,False
4674,NMRK1,1,0.0,0.01363,0.0,0.01027,0.00768,False
4675,OTUD7B,1,0.0,0.01261,0.0,0.01115,0.00768,False
4676,MRPL19,1,0.0,0.01307,0.0,0.01074,0.00768,False
4677,HSD11B2,1,0.0,0.0138,0.0,0.01011,0.00768,False
4678,UBE2E2,1,0.0,0.0131,0.0,0.01069,0.00767,False
4679,MRPL27,1,0.0,0.01305,0.0,0.01073,0.00767,False
4680,PAK5,1,0.0,0.01313,0.0,0.01067,0.00767,False
4681,ENAM,1,0.0,0.00961,0.0,0.01366,0.00766,False
4682,CAMK4,1,0.0,0.01414,0.0,0.00977,0.00766,False
4683,PKIA,1,0.0,0.01206,0.0,0.01156,0.00766,False
4684,FLOT2,1,0.0,0.01321,0.0,0.01055,0.00766,False
4685,NPEPPS,1,0.0,0.01359,0.0,0.0102,0.00765,False
4686,ACVR1C,1,0.0,0.01214,0.0,0.01146,0.00765,False
4687,GDF15,1,0.0,0.0109,0.0,0.01251,0.00765,False
4688,LILRB1,1,0.0,0.01099,0.0,0.01243,0.00765,False
4689,ILK,1,0.0,0.01167,0.0,0.01185,0.00765,False
4690,PHF5A,1,0.0,0.01236,0.0,0.01123,0.00764,False
4691,DDX42,1,0.0,0.01236,0.0,0.01123,0.00764,False
4692,SF3B6,1,0.0,0.01236,0.0,0.01123,0.00764,False
4693,SF3B3,1,0.0,0.01236,0.0,0.01123,0.00764,False
4694,DDX46,1,0.0,0.01236,0.0,0.01123,0.00764,False
4695,SF3A1,1,0.0,0.01236,0.0,0.01123,0.00764,False
4696,HAL,1,0.0,0.0122,0.0,0.01137,0.00764,False
4697,RBMX2,1,0.0,0.01236,0.0,0.01123,0.00764,False
4698,ITGB1BP1,1,0.0,0.01166,0.0,0.01183,0.00764,False
4699,GNG11,1,0.0,0.01162,0.0,0.01185,0.00763,False
4700,GPR143,1,0.0,0.01473,0.0,0.00918,0.00763,False
4701,CDH1,1,0.0,0.01316,0.0,0.01053,0.00763,False
4702,IFT57,1,0.0,0.00965,0.0,0.01353,0.00763,False
4703,SLC12A1,1,0.0,0.01423,0.0,0.00959,0.00763,False
4704,APC2,1,0.0,0.01124,0.0,0.01217,0.00763,False
4705,GPR151,1,0.0,0.01406,0.0,0.00975,0.00763,False
4706,TUFM,1,0.0,0.01327,0.0,0.01041,0.00762,False
4707,MBOAT7,1,0.0,0.01393,0.0,0.00983,0.00762,False
4708,HTR2B,1,0.0,0.01367,0.0,0.01006,0.00762,False
4709,SEMA7A,1,0.0,0.0116,0.0,0.0118,0.00761,False
4710,CIPC,1,0.0,0.0157,0.0,0.00829,0.00761,False
4711,EXOC7,1,0.0,0.01535,0.0,0.00857,0.00761,False
4712,DUOX2,1,0.0,0.0118,0.0,0.01164,0.00761,False
4713,IRX5,1,0.0,0.00869,0.0,0.01428,0.0076,False
4714,CA4,1,0.0,0.01569,0.0,0.00825,0.0076,False
4715,ITSN2,1,0.0,0.01137,0.0,0.01198,0.0076,False
4716,TSC2,1,0.0,0.01217,0.0,0.01125,0.00759,False
4717,MAPK6,1,0.0,0.01228,0.0,0.01117,0.00759,False
4718,LRG1,1,0.0,0.01254,0.0,0.0109,0.00758,False
4719,EIF4G1,1,0.0,0.01247,0.0,0.01097,0.00758,False
4720,KLHL9,1,0.0,0.01368,0.0,0.00993,0.00758,False
4721,ATP7B,1,0.0,0.0113,0.0,0.01195,0.00757,False
4722,GCH1,1,0.0,0.01274,0.0,0.0107,0.00757,False
4723,WDR59,1,0.0,0.01385,0.0,0.00971,0.00756,False
4724,SEC31A,1,0.0,0.01385,0.0,0.00971,0.00756,False
4725,SLAMF6,1,0.0,0.01105,0.0,0.01212,0.00756,False
4726,SEC24D,1,0.0,0.01385,0.0,0.00971,0.00756,False
4727,WDR24,1,0.0,0.01385,0.0,0.00971,0.00756,False
4728,PMCH,1,0.0,0.01391,0.0,0.00968,0.00756,False
4729,SEC24A,1,0.0,0.01385,0.0,0.00971,0.00756,False
4730,AGK,1,0.0,0.01379,0.0,0.00976,0.00756,False
4731,FRAT2,1,0.0,0.01212,0.0,0.01121,0.00756,False
4732,XRCC5,1,0.0,0.01279,0.0,0.01064,0.00756,False
4733,SEC24B,1,0.0,0.01385,0.0,0.00971,0.00756,False
4734,COL21A1,1,0.0,0.01235,0.0,0.01103,0.00756,False
4735,SEC23A,1,0.0,0.01385,0.0,0.00971,0.00756,False
4736,SEC23B,1,0.0,0.01385,0.0,0.00971,0.00756,False
4737,MIOS,1,0.0,0.01385,0.0,0.00971,0.00756,False
4738,FBXL3,1,0.0,0.01559,0.0,0.00825,0.00756,False
4739,UGT2B17,1,0.0,0.01338,0.0,0.01009,0.00755,False
4740,EPN1,1,0.0,0.01128,0.0,0.01192,0.00755,False
4741,DBP,1,0.0,0.01556,0.0,0.00824,0.00755,False
4742,SEC31B,1,0.0,0.01383,0.0,0.0097,0.00755,False
4743,GSKIP,1,0.0,0.01208,0.0,0.01119,0.00754,False
4744,SAR1B,1,0.0,0.01381,0.0,0.00969,0.00754,False
4745,SAR1A,1,0.0,0.01381,0.0,0.00969,0.00754,False
4746,SERPINB2,1,0.0,0.01195,0.0,0.0113,0.00754,False
4747,LAMB3,1,0.0,0.01136,0.0,0.01182,0.00754,False
4748,NXF3,1,0.0,0.0118,0.0,0.01141,0.00753,False
4749,ATG14,1,0.0,0.01308,0.0,0.01032,0.00753,False
4750,MRPL36,1,0.0,0.01275,0.0,0.01057,0.00752,False
4751,NFE2,1,0.0,0.01095,0.0,0.0121,0.00752,False
4752,IAH1,1,0.0,0.01564,0.0,0.00808,0.00752,False
4753,RASGRP2,1,0.0,0.01094,0.0,0.01211,0.00752,False
4754,RAB26,1,0.0,0.01306,0.0,0.0103,0.00752,False
4755,PAH,1,0.0,0.01399,0.0,0.00949,0.00752,False
4756,PDE11A,1,0.0,0.01262,0.0,0.01063,0.00751,False
4757,PDIA6,1,0.0,0.01073,0.0,0.01225,0.00751,False
4758,ALK,1,0.0,0.01066,0.0,0.01234,0.00751,False
4759,CHID1,1,0.0,0.01371,0.0,0.00967,0.0075,False
4760,PECAM1,1,0.0,0.01237,0.0,0.01081,0.0075,False
4761,ATG13,1,0.0,0.01299,0.0,0.01027,0.00749,False
4762,NLRX1,1,0.0,0.01299,0.0,0.01027,0.00749,False
4763,AUTS2,1,0.0,0.01001,0.0,0.01282,0.00749,False
4764,SLC6A2,1,0.0,0.01335,0.0,0.00992,0.00748,False
4765,ITGAE,1,0.0,0.01069,0.0,0.01219,0.00747,False
4766,CNPY2,1,0.0,0.01366,0.0,0.00965,0.00747,False
4767,MRPL33,1,0.0,0.01263,0.0,0.01051,0.00747,False
4768,PAX4,1,0.0,0.00655,0.0,0.01569,0.00746,False
4769,DBH,1,0.0,0.01369,0.0,0.00957,0.00746,False
4770,LYL1,1,0.0,0.01119,0.0,0.01172,0.00746,False
4771,NMRK2,1,0.0,0.01314,0.0,0.01003,0.00745,False
4772,PRDX2,1,0.0,0.01215,0.0,0.01089,0.00745,False
4773,TIMP1,1,0.0,0.00924,0.0,0.01335,0.00745,False
4774,MNAT1,1,0.0,0.0109,0.0,0.01192,0.00744,False
4775,SRSF2,1,0.0,0.01277,0.0,0.01031,0.00744,False
4776,PTGER1,1,0.0,0.01006,0.0,0.01263,0.00744,False
4777,PDX1,1,0.0,0.01329,0.0,0.00983,0.00743,False
4778,NAA25,1,0.0,0.00972,0.0,0.0129,0.00743,False
4779,NLE1,1,0.0,0.01233,0.0,0.01065,0.00743,False
4780,TRPM8,1,0.0,0.01082,0.0,0.01196,0.00743,False
4781,RHOC,1,0.0,0.00861,0.0,0.01383,0.00742,False
4782,FBXO7,1,0.0,0.01208,0.0,0.01085,0.00742,False
4783,CEBPG,1,0.0,0.01265,0.0,0.01035,0.00742,False
4784,MRPL9,1,0.0,0.01254,0.0,0.01046,0.00742,False
4785,RAB36,1,0.0,0.01492,0.0,0.0084,0.00742,False
4786,APOA1,1,0.0,0.01145,0.0,0.01139,0.00742,False
4787,RAF1,1,0.0,0.0145,0.0,0.00875,0.00741,False
4788,TNFRSF11A,1,0.0,0.01089,0.0,0.01185,0.00741,False
4789,TRPA1,1,0.0,0.01077,0.0,0.01193,0.00741,False
4790,TNFRSF11B,1,0.0,0.01089,0.0,0.01185,0.00741,False
4791,TMBIM6,1,0.0,0.01277,0.0,0.01022,0.00741,False
4792,APOB,1,0.0,0.01141,0.0,0.01137,0.0074,False
4793,LRPPRC,1,0.0,0.01155,0.0,0.01125,0.0074,False
4794,NOX5,1,0.0,0.01139,0.0,0.01138,0.0074,False
4795,RECQL,1,0.0,0.0144,0.0,0.00879,0.0074,False
4796,NRXN1,1,0.0,0.01099,0.0,0.0117,0.00739,False
4797,MPL,1,0.0,0.00965,0.0,0.01285,0.00739,False
4798,PSIP1,1,0.0,0.01267,0.0,0.01025,0.00739,False
4799,NLRP1,1,0.0,0.00872,0.0,0.0136,0.00738,False
4800,CAPN2,1,0.0,0.0127,0.0,0.01018,0.00738,False
4801,LAMC2,1,0.0,0.01104,0.0,0.01162,0.00738,False
4802,LGALS4,1,0.0,0.01367,0.0,0.00936,0.00738,False
4803,SYNE2,1,0.0,0.01087,0.0,0.01174,0.00737,False
4804,DSP,1,0.0,0.01089,0.0,0.01171,0.00737,False
4805,DPYS,1,0.0,0.01413,0.0,0.00893,0.00736,False
4806,RCVRN,1,0.0,0.0065,0.0,0.01547,0.00736,False
4807,RARB,1,0.0,0.01135,0.0,0.0113,0.00736,False
4808,KPNA6,1,0.0,0.01035,0.0,0.01215,0.00736,False
4809,KCTD5,1,0.0,0.0083,0.0,0.01393,0.00736,False
4810,ADAM22,1,0.0,0.00728,0.0,0.01476,0.00735,False
4811,DUSP1,1,0.0,0.01153,0.0,0.01112,0.00735,False
4812,GHRH,1,0.0,0.01346,0.0,0.00947,0.00735,False
4813,KCTD16,1,0.0,0.00977,0.0,0.01259,0.00734,False
4814,TECPR1,1,0.0,0.01185,0.0,0.01081,0.00734,False
4815,ATG16L2,1,0.0,0.01185,0.0,0.01081,0.00734,False
4816,ERCC4,1,0.0,0.01275,0.0,0.01001,0.00733,False
4817,MAPKAPK3,1,0.0,0.01149,0.0,0.0111,0.00733,False
4818,GPR18,1,0.0,0.01516,0.0,0.00791,0.00732,False
4819,IPO11,1,0.0,0.01251,0.0,0.01017,0.00732,False
4820,DDX23,1,0.0,0.01079,0.0,0.01167,0.00732,False
4821,APOM,1,0.0,0.00889,0.0,0.01329,0.00732,False
4822,NR4A2,1,0.0,0.01303,0.0,0.00976,0.00732,False
4823,SPTAN1,1,0.0,0.01316,0.0,0.00962,0.00731,False
4824,FBXO38,1,0.0,0.01359,0.0,0.00923,0.00731,False
4825,CD2BP2,1,0.0,0.00813,0.0,0.01393,0.00731,False
4826,INO80,1,0.0,0.01352,0.0,0.00927,0.0073,False
4827,ONECUT1,1,0.0,0.01116,0.0,0.0113,0.0073,False
4828,BCL2L14,1,0.0,0.01415,0.0,0.00872,0.0073,False
4829,BST2,1,0.0,0.0103,0.0,0.01202,0.0073,False
4830,PPP2CB,1,0.0,0.01027,0.0,0.01206,0.0073,False
4831,PROX1,1,0.0,0.013,0.0,0.00969,0.00729,False
4832,PTGER2,1,0.0,0.0098,0.0,0.01244,0.00729,False
4833,SDHB,1,0.0,0.01306,0.0,0.00962,0.00729,False
4834,NUDT15,1,0.0,0.01283,0.0,0.00983,0.00729,False
4835,GJB3,1,0.0,0.00775,0.0,0.01416,0.00728,False
4836,GIPC1,1,0.0,0.01193,0.0,0.01057,0.00728,False
4837,ZNF652,1,0.0,0.01085,0.0,0.01149,0.00728,False
4838,ASPN,1,0.0,0.01145,0.0,0.011,0.00728,False
4839,SELE,1,0.0,0.01098,0.0,0.0114,0.00728,False
4840,VCAN,1,0.0,0.01096,0.0,0.01139,0.00728,False
4841,FOXP1-2,1,0.0,0.01022,0.0,0.01206,0.00728,False
4842,PTPN7,1,0.0,0.01138,0.0,0.01103,0.00727,False
4843,WDFY3,1,0.0,0.01172,0.0,0.01073,0.00727,False
4844,DUSP10,1,0.0,0.01136,0.0,0.01102,0.00727,False
4845,LACC1,1,0.0,0.00762,0.0,0.01425,0.00727,False
4846,PDE10A,1,0.0,0.01214,0.0,0.01037,0.00727,False
4847,DDX18,1,0.0,0.01224,0.0,0.01027,0.00727,False
4848,PTPRR,1,0.0,0.01135,0.0,0.01101,0.00726,False
4849,PDE1A,1,0.0,0.01211,0.0,0.01035,0.00726,False
4850,SERPINF2,1,0.0,0.01257,0.0,0.00997,0.00726,False
4851,PDE6A,1,0.0,0.01211,0.0,0.01035,0.00726,False
4852,BTN3A1,1,0.0,0.01017,0.0,0.01202,0.00726,False
4853,SLC7A11,1,0.0,0.01092,0.0,0.01137,0.00726,False
4854,EXOC4,1,0.0,0.01346,0.0,0.00917,0.00725,False
4855,EVPL,1,0.0,0.01068,0.0,0.01157,0.00725,False
4856,IGKV2D-29,1,0.0,0.00898,0.0,0.01303,0.00725,False
4857,MAP2K4,1,0.0,0.01133,0.0,0.011,0.00725,False
4858,P2RY11,1,0.0,0.01196,0.0,0.01042,0.00724,False
4859,ARL1,1,0.0,0.01451,0.0,0.00825,0.00724,False
4860,PICK1,1,0.0,0.01234,0.0,0.0101,0.00724,False
4861,SRSF4,1,0.0,0.01236,0.0,0.01009,0.00724,False
4862,BIRC6,1,0.0,0.01138,0.0,0.01092,0.00724,False
4863,SRSF6,1,0.0,0.01234,0.0,0.01008,0.00723,False
4864,VIPR1,1,0.0,0.01164,0.0,0.01069,0.00723,False
4865,BRS3,1,0.0,0.01329,0.0,0.00926,0.00723,False
4866,RARG,1,0.0,0.01109,0.0,0.01114,0.00722,False
4867,RPS6KA4,1,0.0,0.01127,0.0,0.01096,0.00722,False
4868,RAET1G,1,0.0,0.0102,0.0,0.01188,0.00722,False
4869,PTK7,1,0.0,0.01132,0.0,0.01092,0.00722,False
4870,AMPH,1,0.0,0.01077,0.0,0.0114,0.00722,False
4871,MYCL,1,0.0,0.01231,0.0,0.01004,0.00721,False
4872,TIAM1,1,0.0,0.01083,0.0,0.01131,0.00721,False
4873,POLN,1,0.0,0.01251,0.0,0.00989,0.00721,False
4874,ARMH3,1,0.0,0.00852,0.0,0.01327,0.0072,False
4875,NOP2,1,0.0,0.0121,0.0,0.0102,0.0072,False
4876,IQGAP1,1,0.0,0.01082,0.0,0.0113,0.0072,False
4877,ARPIN-AP3S2,1,0.0,0.01174,0.0,0.01049,0.00719,False
4878,FGR,1,0.0,0.01209,0.0,0.01018,0.00719,False
4879,PDE4DIP,1,0.0,0.01033,0.0,0.01168,0.00718,False
4880,NLRP14,1,0.0,0.01159,0.0,0.01058,0.00718,False
4881,PPP2R1B,1,0.0,0.01005,0.0,0.01191,0.00718,False
4882,GNGT2,1,0.0,0.01075,0.0,0.0113,0.00718,False
4883,MECOM,1,0.0,0.0085,0.0,0.01322,0.00718,False
4884,MOCS3,1,0.0,0.01371,0.0,0.00875,0.00718,False
4885,PDE6B,1,0.0,0.01194,0.0,0.01026,0.00717,False
4886,KRT8,1,0.0,0.01286,0.0,0.00947,0.00717,False
4887,YWHAQ,1,0.0,0.01057,0.0,0.01144,0.00717,False
4888,COL6A3,1,0.0,0.0112,0.0,0.01085,0.00716,False
4889,ABCB8,1,0.0,0.01322,0.0,0.00913,0.00716,False
4890,NMNAT3,1,0.0,0.01256,0.0,0.0097,0.00716,False
4891,IL18RAP,1,0.0,0.00796,0.0,0.01364,0.00716,False
4892,TGFA,1,0.0,0.00985,0.0,0.01202,0.00716,False
4893,IL37,1,0.0,0.00796,0.0,0.01364,0.00716,False
4894,LDHC,1,0.0,0.00622,0.0,0.01513,0.00716,False
4895,DDIT3,1,0.0,0.01165,0.0,0.01044,0.00715,False
4896,YWHAG,1,0.0,0.01051,0.0,0.01141,0.00715,False
4897,MID2,1,0.0,0.01417,0.0,0.00825,0.00714,False
4898,NMT2,1,0.0,0.01417,0.0,0.00825,0.00714,False
4899,ACOX1,1,0.0,0.01237,0.0,0.00979,0.00714,False
4900,ABCA2,1,0.0,0.01317,0.0,0.00911,0.00714,False
4901,ZNF217,1,0.0,0.01269,0.0,0.00953,0.00714,False
4902,MAP1LC3A,1,0.0,0.01143,0.0,0.01057,0.00713,False
4903,NEIL1,1,0.0,0.01023,0.0,0.01161,0.00713,False
4904,DZIP3,1,0.0,0.01186,0.0,0.0102,0.00713,False
4905,ITGA10,1,0.0,0.01004,0.0,0.01174,0.00712,False
4906,RNF128,1,0.0,0.01116,0.0,0.01079,0.00712,False
4907,AREG,1,0.0,0.00977,0.0,0.01196,0.00712,False
4908,IRX1,1,0.0,0.00789,0.0,0.01355,0.00711,False
4909,GJC3,1,0.0,0.00642,0.0,0.01481,0.00711,False
4910,ABHD4,1,0.0,0.01468,0.0,0.00774,0.00711,False
4911,TLE1,1,0.0,0.01038,0.0,0.01141,0.00711,False
4912,STAU1,1,0.0,0.01151,0.0,0.01043,0.0071,False
4913,PTPN23,1,0.0,0.01107,0.0,0.01081,0.0071,False
4914,SNAP91,1,0.0,0.01053,0.0,0.01125,0.0071,False
4915,DUSP9,1,0.0,0.01103,0.0,0.01082,0.0071,False
4916,KPNA2,1,0.0,0.01307,0.0,0.00909,0.0071,False
4917,XYLB,1,0.0,0.01266,0.0,0.00943,0.0071,False
4918,NR2C1,1,0.0,0.01056,0.0,0.01119,0.00709,False
4919,CABS1,1,0.0,0.01368,0.0,0.00853,0.00709,False
4920,CWC15,1,0.0,0.01095,0.0,0.01086,0.00709,False
4921,YJU2,1,0.0,0.01095,0.0,0.01086,0.00709,False
4922,RBM22,1,0.0,0.01095,0.0,0.01086,0.00709,False
4923,EDF1,1,0.0,0.01257,0.0,0.00947,0.00709,False
4924,ZUP1,1,0.0,0.0111,0.0,0.01075,0.00709,False
4925,NECAP1,1,0.0,0.01019,0.0,0.0115,0.00708,False
4926,AQR,1,0.0,0.01093,0.0,0.01085,0.00708,False
4927,ITGA11,1,0.0,0.00997,0.0,0.01169,0.00708,False
4928,CWC22,1,0.0,0.01093,0.0,0.01085,0.00708,False
4929,NOS1AP,1,0.0,0.00968,0.0,0.01193,0.00708,False
4930,NACA,1,0.0,0.01121,0.0,0.01062,0.00708,False
4931,VSIG2,1,0.0,0.01407,0.0,0.00818,0.00708,False
4932,YKT6,1,0.0,0.01407,0.0,0.00818,0.00708,False
4933,PHF1,1,0.0,0.01202,0.0,0.00989,0.00707,False
4934,ASNS,1,0.0,0.013,0.0,0.00906,0.00707,False
4935,TAT,1,0.0,0.01079,0.0,0.01095,0.00707,False
4936,EHD2,1,0.0,0.01048,0.0,0.01121,0.00707,False
4937,DGKA,1,0.0,0.0101,0.0,0.01154,0.00707,False
4938,HPD,1,0.0,0.01077,0.0,0.01094,0.00706,False
4939,ANKRD9,1,0.0,0.01269,0.0,0.00929,0.00706,False
4940,HNF1B,1,0.0,0.01069,0.0,0.01101,0.00706,False
4941,WNT10B,1,0.0,0.01162,0.0,0.01019,0.00705,False
4942,DDX55,1,0.0,0.01179,0.0,0.01003,0.00705,False
4943,PRPF39,1,0.0,0.01027,0.0,0.01133,0.00705,False
4944,RAD51AP1,1,0.0,0.01361,0.0,0.00846,0.00705,False
4945,RAET1L,1,0.0,0.00987,0.0,0.01165,0.00704,False
4946,ORC3,1,0.0,0.01178,0.0,0.01002,0.00704,False
4947,IPO13,1,0.0,0.01035,0.0,0.01124,0.00704,False
4948,CDH5,1,0.0,0.01145,0.0,0.0103,0.00704,False
4949,ZFYVE9,1,0.0,0.01046,0.0,0.01113,0.00703,False
4950,E2F4,1,0.0,0.01046,0.0,0.01113,0.00703,False
4951,CTPS1,1,0.0,0.01263,0.0,0.00926,0.00703,False
4952,PYGO2,1,0.0,0.01024,0.0,0.01131,0.00703,False
4953,SRSF5,1,0.0,0.01191,0.0,0.00986,0.00702,False
4954,GNL3,1,0.0,0.01174,0.0,0.01,0.00702,False
4955,CACNA1H,1,0.0,0.00899,0.0,0.01234,0.00702,False
4956,SKIL,1,0.0,0.01044,0.0,0.01112,0.00702,False
4957,SLFN12,1,0.0,0.01034,0.0,0.0112,0.00702,False
4958,ORC5,1,0.0,0.01174,0.0,0.01,0.00702,False
4959,BRIP1,1,0.0,0.01356,0.0,0.00844,0.00702,False
4960,MRVI1,1,0.0,0.0095,0.0,0.0119,0.00702,False
4961,TGOLN2,1,0.0,0.01007,0.0,0.01142,0.00702,False
4962,SHQ1,1,0.0,0.01261,0.0,0.00922,0.00701,False
4963,ABCG1,1,0.0,0.01091,0.0,0.01067,0.00701,False
4964,GSDME,1,0.0,0.01152,0.0,0.01014,0.00701,False
4965,PSTPIP2,1,0.0,0.00868,0.0,0.01257,0.00701,False
4966,NSUN6,1,0.0,0.01172,0.0,0.00999,0.00701,False
4967,TRIM33,1,0.0,0.01042,0.0,0.0111,0.00701,False
4968,RASD1,1,0.0,0.00953,0.0,0.01182,0.007,False
4969,E2F5,1,0.0,0.0104,0.0,0.01109,0.007,False
4970,EIF4E,1,0.0,0.01032,0.0,0.01113,0.00699,False
4971,RAD54L2,1,0.0,0.01235,0.0,0.00937,0.00698,False
4972,SYNJ2,1,0.0,0.00825,0.0,0.01285,0.00697,False
4973,HTR7,1,0.0,0.01036,0.0,0.01105,0.00697,False
4974,ATF1,1,0.0,0.01265,0.0,0.00907,0.00697,False
4975,BIN1,1,0.0,0.01002,0.0,0.01133,0.00697,False
4976,FBLN2,1,0.0,0.01083,0.0,0.01063,0.00697,False
4977,KAT6A,1,0.0,0.0103,0.0,0.01108,0.00697,False
4978,KIF17,1,0.0,0.00943,0.0,0.01182,0.00696,False
4979,JAM2,1,0.0,0.00922,0.0,0.01197,0.00696,False
4980,WDR18,1,0.0,0.01137,0.0,0.01012,0.00695,False
4981,CLCN7,1,0.0,0.01053,0.0,0.01084,0.00695,False
4982,GLIS2,1,0.0,0.01022,0.0,0.01109,0.00695,False
4983,SMAD9,1,0.0,0.0103,0.0,0.01103,0.00695,False
4984,CDCA7L,1,0.0,0.00996,0.0,0.01128,0.00694,False
4985,NUTM2A,1,0.0,0.01175,0.0,0.00975,0.00694,False
4986,GATA4,1,0.0,0.01056,0.0,0.01077,0.00694,False
4987,PPP3CC,1,0.0,0.01054,0.0,0.01076,0.00693,False
4988,PTK2B,1,0.0,0.00856,0.0,0.01247,0.00693,False
4989,RASGRF1,1,0.0,0.00936,0.0,0.01177,0.00693,False
4990,ISCU,1,0.0,0.0109,0.0,0.01044,0.00692,False
4991,FAM83H,1,0.0,0.01066,0.0,0.01063,0.00692,False
4992,WFS1,1,0.0,0.0104,0.0,0.01082,0.00691,False
4993,SPARC,1,0.0,0.01072,0.0,0.01056,0.00691,False
4994,RNF125,1,0.0,0.00892,0.0,0.01211,0.00691,False
4995,JPH1,1,0.0,0.00923,0.0,0.0118,0.0069,False
4996,FOXP1,1,0.0,0.00952,0.0,0.01157,0.0069,False
4997,RPL10A,1,0.0,0.01084,0.0,0.01041,0.0069,False
4998,ADRA2A,1,0.0,0.01163,0.0,0.00972,0.00689,False
4999,PDZK1,1,0.0,0.01042,0.0,0.01075,0.00689,False
5000,SKI,1,0.0,0.01018,0.0,0.01095,0.00689,False
5001,APLNR,1,0.0,0.01019,0.0,0.01094,0.00689,False
5002,HSPG2,1,0.0,0.01058,0.0,0.01061,0.00689,False
5003,CDKN2AIP,1,0.0,0.00829,0.0,0.01255,0.00688,False
5004,TRIM65,1,0.0,0.00885,0.0,0.01206,0.00688,False
5005,GNAT3,1,0.0,0.0079,0.0,0.01288,0.00688,False
5006,TRIM25,1,0.0,0.00885,0.0,0.01206,0.00688,False
5007,LPIN3,1,0.0,0.01234,0.0,0.00908,0.00688,False
5008,ENTPD1,1,0.0,0.01232,0.0,0.00911,0.00688,False
5009,TBXT,1,0.0,0.01007,0.0,0.01102,0.00688,False
5010,BMPR1B,1,0.0,0.0101,0.0,0.01099,0.00688,False
5011,SUGP1,1,0.0,0.01022,0.0,0.01088,0.00687,False
5012,PTPRF,1,0.0,0.00929,0.0,0.01167,0.00687,False
5013,TFIP11,1,0.0,0.01022,0.0,0.01088,0.00687,False
5014,IGF2BP1,1,0.0,0.00984,0.0,0.0112,0.00687,False
5015,ZNF346,1,0.0,0.00982,0.0,0.01119,0.00686,False
5016,CHMP1A,1,0.0,0.01063,0.0,0.01048,0.00686,False
5017,RBM10,1,0.0,0.01017,0.0,0.01085,0.00685,False
5018,GRB7,1,0.0,0.00929,0.0,0.01161,0.00685,False
5019,ERVFRD-1,1,0.0,0.01013,0.0,0.0109,0.00685,False
5020,NCK2,1,0.0,0.01145,0.0,0.00977,0.00685,False
5021,ERV3-1,1,0.0,0.01013,0.0,0.0109,0.00685,False
5022,PPP3R2,1,0.0,0.0104,0.0,0.01067,0.00685,False
5023,INPP5D,1,0.0,0.00812,0.0,0.01258,0.00684,False
5024,HIPK2,1,0.0,0.00967,0.0,0.01124,0.00684,False
5025,RPL38,1,0.0,0.01074,0.0,0.01035,0.00684,False
5026,RPL29,1,0.0,0.01074,0.0,0.01035,0.00684,False
5027,CHEK2,1,0.0,0.00967,0.0,0.01124,0.00684,False
5028,TP53BP2,1,0.0,0.00967,0.0,0.01124,0.00684,False
5029,USP7,1,0.0,0.00967,0.0,0.01124,0.00684,False
5030,TP53BP1,1,0.0,0.00967,0.0,0.01124,0.00684,False
5031,ATP2A1,1,0.0,0.00913,0.0,0.01172,0.00684,False
5032,NTSR2,1,0.0,0.01015,0.0,0.01084,0.00684,False
5033,OPTN,1,0.0,0.00654,0.0,0.01392,0.00683,False
5034,PPP3CB,1,0.0,0.01034,0.0,0.01064,0.00683,False
5035,CANT1,1,0.0,0.01215,0.0,0.00911,0.00683,False
5036,WNT3A,1,0.0,0.01057,0.0,0.01047,0.00683,False
5037,KLRF1,1,0.0,0.00969,0.0,0.01121,0.00683,False
5038,LSM11,1,0.0,0.01221,0.0,0.00902,0.00682,False
5039,PREX1,1,0.0,0.01006,0.0,0.01085,0.00682,False
5040,TEX10,1,0.0,0.0111,0.0,0.00997,0.00682,False
5041,PDE6C,1,0.0,0.01119,0.0,0.00985,0.00681,False
5042,CLDN1,1,0.0,0.01026,0.0,0.01065,0.00681,False
5043,ATP2B4,1,0.0,0.00919,0.0,0.01157,0.00681,False
5044,CRHR2,1,0.0,0.01195,0.0,0.0092,0.0068,False
5045,CD244,1,0.0,0.00963,0.0,0.01116,0.0068,False
5046,GK2,1,0.0,0.01203,0.0,0.00913,0.0068,False
5047,NFS1,1,0.0,0.01064,0.0,0.01029,0.0068,False
5048,GPATCH2,1,0.0,0.01008,0.0,0.0108,0.0068,False
5049,ENTPD3,1,0.0,0.01208,0.0,0.00908,0.0068,False
5050,ZFHX3,1,0.0,0.00839,0.0,0.01222,0.00679,False
5051,NCBP2L,1,0.0,0.01043,0.0,0.01046,0.00679,False
5052,DIABLO-2,1,0.0,0.01148,0.0,0.00955,0.00679,False
5053,AP1G2,1,0.0,0.01052,0.0,0.01036,0.00678,False
5054,SMO,1,0.0,0.01039,0.0,0.01046,0.00678,False
5055,KIF18A,1,0.0,0.01193,0.0,0.00915,0.00678,False
5056,VPS45,1,0.0,0.01337,0.0,0.0079,0.00678,False
5057,BAD,1,0.0,0.01092,0.0,0.01002,0.00678,False
5058,CEP55,1,0.0,0.01193,0.0,0.00915,0.00678,False
5059,RPL14,1,0.0,0.01059,0.0,0.01026,0.00677,False
5060,CD33,1,0.0,0.00938,0.0,0.01131,0.00677,False
5061,ESRRG,1,0.0,0.00996,0.0,0.01081,0.00677,False
5062,INSRR,1,0.0,0.0091,0.0,0.01153,0.00677,False
5063,ARFGAP1,1,0.0,0.00778,0.0,0.01265,0.00676,False
5064,MT-CO2,1,0.0,0.01195,0.0,0.00908,0.00676,False
5065,STMN4,1,0.0,0.01295,0.0,0.00822,0.00676,False
5066,FKBP1C,1,0.0,0.0113,0.0,0.00962,0.00676,False
5067,ZBTB47,1,0.0,0.00984,0.0,0.01084,0.00675,False
5068,GK,1,0.0,0.01193,0.0,0.00907,0.00675,False
5069,STK17A,1,0.0,0.01059,0.0,0.01019,0.00675,False
5070,CHDH,1,0.0,0.01211,0.0,0.00891,0.00675,False
5071,FAM83G,1,0.0,0.01033,0.0,0.01043,0.00675,False
5072,SPG7,1,0.0,0.01044,0.0,0.01032,0.00675,False
5073,KIF2B,1,0.0,0.01185,0.0,0.00911,0.00674,False
5074,ULBP3,1,0.0,0.00953,0.0,0.01109,0.00674,False
5075,NFE2L3,1,0.0,0.00948,0.0,0.01111,0.00673,False
5076,GLI3,1,0.0,0.01029,0.0,0.01041,0.00673,False
5077,FAM83D,1,0.0,0.01029,0.0,0.01041,0.00673,False
5078,ARFRP1,1,0.0,0.01326,0.0,0.00786,0.00673,False
5079,CDCA3,1,0.0,0.01183,0.0,0.0091,0.00673,False
5080,SOST,1,0.0,0.00961,0.0,0.011,0.00673,False
5081,ALOX12B,1,0.0,0.01126,0.0,0.00958,0.00673,False
5082,PAX8,1,0.0,0.01014,0.0,0.01054,0.00673,False
5083,GZMK,1,0.0,0.00977,0.0,0.01083,0.00672,False
5084,CEP250,1,0.0,0.00981,0.0,0.0108,0.00672,False
5085,PTPN4,1,0.0,0.00862,0.0,0.01181,0.00672,False
5086,CACNA2D1,1,0.0,0.00891,0.0,0.01156,0.00672,False
5087,SFRP1,1,0.0,0.00957,0.0,0.01098,0.00671,False
5088,GOLIM4,1,0.0,0.01321,0.0,0.00784,0.00671,False
5089,KIF14,1,0.0,0.01178,0.0,0.00908,0.00671,False
5090,LYRM4,1,0.0,0.01048,0.0,0.0102,0.00671,False
5091,U2SURP,1,0.0,0.01027,0.0,0.01037,0.00671,False
5092,KPNA1,1,0.0,0.01221,0.0,0.0087,0.00671,False
5093,MMS19,1,0.0,0.01229,0.0,0.00864,0.00671,False
5094,SPNS2,1,0.0,0.00784,0.0,0.0124,0.00669,False
5095,LPXN,1,0.0,0.00814,0.0,0.01213,0.00669,False
5096,LSM1,1,0.0,0.00994,0.0,0.01059,0.00669,False
5097,OCM2,1,0.0,0.00963,0.0,0.01087,0.00669,False
5098,FKBP2,1,0.0,0.01114,0.0,0.00953,0.00668,False
5099,DRD3,1,0.0,0.01167,0.0,0.00908,0.00668,False
5100,BCL9,1,0.0,0.00957,0.0,0.01087,0.00668,False
5101,IPO8,1,0.0,0.01121,0.0,0.00949,0.00668,False
5102,HSPA1L,1,0.0,0.0093,0.0,0.01113,0.00668,False
5103,CHAT,1,0.0,0.01166,0.0,0.00909,0.00668,False
5104,SNU13,1,0.0,0.00991,0.0,0.01056,0.00667,False
5105,TXNL4A,1,0.0,0.00991,0.0,0.01056,0.00667,False
5106,FAM49B,1,0.0,0.01167,0.0,0.00907,0.00667,False
5107,ZMAT2,1,0.0,0.00989,0.0,0.01055,0.00666,False
5108,MIXL1,1,0.0,0.00966,0.0,0.01075,0.00666,False
5109,NCALD,1,0.0,0.00796,0.0,0.01221,0.00666,False
5110,ZNF653,1,0.0,0.01167,0.0,0.00904,0.00666,False
5111,RIOK3,1,0.0,0.00824,0.0,0.0119,0.00664,False
5112,PYGO1,1,0.0,0.0095,0.0,0.01082,0.00664,False
5113,NCR3LG1,1,0.0,0.00934,0.0,0.01097,0.00664,False
5114,KPNA3,1,0.0,0.01206,0.0,0.00863,0.00664,False
5115,GLMN,1,0.0,0.00963,0.0,0.01068,0.00663,False
5116,RNASEL,1,0.0,0.00982,0.0,0.01053,0.00663,False
5117,DLX6,1,0.0,0.01077,0.0,0.00972,0.00663,False
5118,USP28,1,0.0,0.01019,0.0,0.01021,0.00663,False
5119,SYN3,1,0.0,0.01156,0.0,0.00904,0.00663,False
5120,BMF,1,0.0,0.01059,0.0,0.00984,0.00662,False
5121,RASA4,1,0.0,0.00925,0.0,0.01096,0.00661,False
5122,INPPL1,1,0.0,0.00773,0.0,0.01225,0.00661,False
5123,LIN7A,1,0.0,0.00877,0.0,0.01134,0.0066,False
5124,NFATC3,1,0.0,0.0099,0.0,0.01037,0.0066,False
5125,TCP1,1,0.0,0.01173,0.0,0.0088,0.0066,False
5126,MEF2B,1,0.0,0.00989,0.0,0.01036,0.00659,False
5127,LMAN1,1,0.0,0.00887,0.0,0.01123,0.00659,False
5128,STK17B,1,0.0,0.01029,0.0,0.01001,0.00659,False
5129,CACNB4,1,0.0,0.00614,0.0,0.01357,0.00659,False
5130,USP11,1,0.0,0.0117,0.0,0.00879,0.00659,False
5131,SDCBP,1,0.0,0.00852,0.0,0.01153,0.00659,False
5132,TAF4,1,0.0,0.01181,0.0,0.00868,0.00658,False
5133,CYP4A22,1,0.0,0.01095,0.0,0.00941,0.00658,False
5134,GEMIN2,1,0.0,0.00938,0.0,0.01074,0.00658,False
5135,SDHC,1,0.0,0.01154,0.0,0.00889,0.00657,False
5136,PDGFC,1,0.0,0.00848,0.0,0.01147,0.00656,False
5137,SET,1,0.0,0.00543,0.0,0.01408,0.00656,False
5138,PDGFA,1,0.0,0.00848,0.0,0.01147,0.00656,False
5139,FLT1,1,0.0,0.00697,0.0,0.01277,0.00656,False
5140,CYP2U1,1,0.0,0.01091,0.0,0.00939,0.00656,False
5141,PDGFD,1,0.0,0.00848,0.0,0.01147,0.00656,False
5142,EPHX2,1,0.0,0.01061,0.0,0.00965,0.00656,False
5143,PDGFB,1,0.0,0.00848,0.0,0.01147,0.00656,False
5144,ING4,1,0.0,0.00782,0.0,0.01199,0.00654,False
5145,RPL35A,1,0.0,0.00984,0.0,0.01025,0.00654,False
5146,RPL28,1,0.0,0.00984,0.0,0.01025,0.00654,False
5147,APAF1,1,0.0,0.01043,0.0,0.00975,0.00654,False
5148,HERC5,1,0.0,0.00947,0.0,0.01054,0.00653,False
5149,ARPIN,1,0.0,0.01041,0.0,0.00974,0.00653,False
5150,PFN1,1,0.0,0.01084,0.0,0.00938,0.00653,False
5151,GAS6,1,0.0,0.00778,0.0,0.01195,0.00652,False
5152,RNF11,1,0.0,0.00617,0.0,0.01333,0.00652,False
5153,PRDM14,1,0.0,0.00941,0.0,0.01056,0.00652,False
5154,RPL17-C18orf32,1,0.0,0.00979,0.0,0.01022,0.00651,False
5155,ENSP00000493607,1,0.0,0.00946,0.0,0.01047,0.0065,False
5156,LPIN1,1,0.0,0.01152,0.0,0.00869,0.0065,False
5157,NUDT13,1,0.0,0.01114,0.0,0.00899,0.00649,False
5158,SNRNP40,1,0.0,0.00887,0.0,0.01091,0.00648,False
5159,RNF8,1,0.0,0.01146,0.0,0.00867,0.00647,False
5160,CLEC1B,1,0.0,0.00691,0.0,0.01256,0.00647,False
5161,SLC12A2,1,0.0,0.0072,0.0,0.0123,0.00646,False
5162,FCER2,1,0.0,0.00705,0.0,0.01237,0.00645,False
5163,CYP27A1,1,0.0,0.01121,0.0,0.00881,0.00645,False
5164,RPL3,1,0.0,0.00966,0.0,0.01014,0.00645,False
5165,IL18BP,1,0.0,0.0068,0.0,0.01257,0.00644,False
5166,CACNG7,1,0.0,0.00936,0.0,0.01039,0.00644,False
5167,CTSK,1,0.0,0.00906,0.0,0.01063,0.00644,False
5168,ESRRA,1,0.0,0.00932,0.0,0.0104,0.00644,False
5169,AGFG2,1,0.0,0.00917,0.0,0.01053,0.00644,False
5170,M0R3G1_HUMAN,1,0.0,0.01218,0.0,0.00797,0.00644,False
5171,MALSU1,1,0.0,0.01101,0.0,0.00892,0.00643,False
5172,DGAT1,1,0.0,0.01054,0.0,0.00935,0.00643,False
5173,TEAD1,1,0.0,0.009,0.0,0.01067,0.00643,False
5174,LCT,1,0.0,0.00516,0.0,0.01394,0.00643,False
5175,SETBP1,1,0.0,0.01034,0.0,0.00951,0.00643,False
5176,GNG13,1,0.0,0.00931,0.0,0.01037,0.00642,False
5177,CLDN7,1,0.0,0.00951,0.0,0.01018,0.00642,False
5178,ANKK1,1,0.0,0.0111,0.0,0.0088,0.00641,False
5179,ALDH2,1,0.0,0.0111,0.0,0.0088,0.00641,False
5180,LGR4,1,0.0,0.009,0.0,0.0106,0.00641,False
5181,CRMP1,1,0.0,0.00978,0.0,0.00993,0.00641,False
5182,AAGAB,1,0.0,0.00885,0.0,0.01072,0.00641,False
5183,PCDH19,1,0.0,0.00673,0.0,0.01249,0.00639,False
5184,IFI27,1,0.0,0.00936,0.0,0.01023,0.00639,False
5185,TLE3,1,0.0,0.00921,0.0,0.01033,0.00638,False
5186,KCNH1-2,1,0.0,0.00667,0.0,0.0125,0.00638,False
5187,DLG5,1,0.0,0.00708,0.0,0.01217,0.00638,False
5188,RAB43,1,0.0,0.01209,0.0,0.00786,0.00638,False
5189,KCNK5,1,0.0,0.00703,0.0,0.01216,0.00637,False
5190,ZXDC,1,0.0,0.01049,0.0,0.0092,0.00637,False
5191,BACH1,1,0.0,0.00882,0.0,0.01065,0.00637,False
5192,MYB,1,0.0,0.00901,0.0,0.01046,0.00636,False
5193,ATP5F1B,1,0.0,0.00895,0.0,0.01051,0.00636,False
5194,PPP6C,1,0.0,0.00758,0.0,0.01166,0.00636,False
5195,PPARGC1B,1,0.0,0.01067,0.0,0.00899,0.00635,False
5196,GRIK4,1,0.0,0.00918,0.0,0.01027,0.00635,False
5197,NEDD8,1,0.0,0.00834,0.0,0.01095,0.00634,False
5198,GRM3,1,0.0,0.00794,0.0,0.01129,0.00633,False
5199,CDC37,1,0.0,0.00802,0.0,0.0112,0.00633,False
5200,SLC30A3,1,0.0,0.01001,0.0,0.00951,0.00633,False
5201,MARCKS,1,0.0,0.00806,0.0,0.01117,0.00633,False
5202,PTPRCAP,1,0.0,0.00742,0.0,0.01171,0.00633,False
5203,APCS,1,0.0,0.00719,0.0,0.01189,0.00632,False
5204,ICAM2,1,0.0,0.0079,0.0,0.01126,0.00631,False
5205,UCP3,1,0.0,0.01058,0.0,0.00895,0.00631,False
5206,SDAD1,1,0.0,0.01006,0.0,0.00939,0.00631,False
5207,FABP6,1,0.0,0.01092,0.0,0.00867,0.00631,False
5208,KLRG1,1,0.0,0.009,0.0,0.01032,0.00631,False
5209,AP1M2,1,0.0,0.00995,0.0,0.00948,0.0063,False
5210,LSM10,1,0.0,0.00882,0.0,0.01044,0.0063,False
5211,ATOH1,1,0.0,0.00888,0.0,0.01038,0.0063,False
5212,RIPK4,1,0.0,0.00801,0.0,0.01113,0.0063,False
5213,BHLHE22,1,0.0,0.00956,0.0,0.00978,0.00629,False
5214,RPS25,1,0.0,0.00908,0.0,0.01016,0.00628,False
5215,FERMT3,1,0.0,0.00864,0.0,0.01055,0.00628,False
5216,RPS4X,1,0.0,0.00908,0.0,0.01016,0.00628,False
5217,CNST,1,0.0,0.00872,0.0,0.01048,0.00628,False
5218,FCRL1,1,0.0,0.00733,0.0,0.01167,0.00628,False
5219,TEAD4,1,0.0,0.0087,0.0,0.01046,0.00627,False
5220,OCM,1,0.0,0.00884,0.0,0.01035,0.00627,False
5221,PIK3R5,1,0.0,0.00772,0.0,0.01129,0.00627,False
5222,NOP53,1,0.0,0.0094,0.0,0.00982,0.00626,False
5223,FABP1,1,0.0,0.00921,0.0,0.01,0.00626,False
5224,ETS2,1,0.0,0.00724,0.0,0.01168,0.00626,False
5225,SPDYA,1,0.0,0.00753,0.0,0.0114,0.00625,False
5226,CDH17,1,0.0,0.00817,0.0,0.01086,0.00625,False
5227,HSPA1B,1,0.0,0.00848,0.0,0.01056,0.00624,False
5228,NR1I3,1,0.0,0.00891,0.0,0.01019,0.00624,False
5229,TNIP3,1,0.0,0.00575,0.0,0.01291,0.00624,False
5230,SHISA9,1,0.0,0.00895,0.0,0.01013,0.00623,False
5231,GPER1,1,0.0,0.00827,0.0,0.01072,0.00623,False
5232,CEP70,1,0.0,0.00619,0.0,0.0125,0.00623,False
5233,WIPF1,1,0.0,0.00726,0.0,0.01158,0.00623,False
5234,CPB2,1,0.0,0.00942,0.0,0.00972,0.00623,False
5235,DDX27,1,0.0,0.00991,0.0,0.00929,0.00622,False
5236,RBL2,1,0.0,0.00783,0.0,0.01105,0.00622,False
5237,TLR10,1,0.0,0.00725,0.0,0.01156,0.00622,False
5238,BOLA3,1,0.0,0.00951,0.0,0.00963,0.00622,False
5239,TRPC3,1,0.0,0.00796,0.0,0.01095,0.00622,False
5240,FBXO4,1,0.0,0.00809,0.0,0.01078,0.0062,False
5241,F2R,1,0.0,0.00612,0.0,0.01247,0.0062,False
5242,CLPTM1L,1,0.0,0.01067,0.0,0.00855,0.0062,False
5243,PLCD3,1,0.0,0.01006,0.0,0.00909,0.0062,False
5244,IFI35,1,0.0,0.00899,0.0,0.01,0.0062,False
5245,OTC,1,0.0,0.008,0.0,0.01087,0.0062,False
5246,IRF2,1,0.0,0.0075,0.0,0.01126,0.00619,False
5247,GP1BA,1,0.0,0.00769,0.0,0.0111,0.00619,False
5248,TRPM6,1,0.0,0.00552,0.0,0.01292,0.00618,False
5249,RTP4,1,0.0,0.0088,0.0,0.01011,0.00618,False
5250,PPP6R1,1,0.0,0.00729,0.0,0.01142,0.00618,False
5251,CPT1B,1,0.0,0.01031,0.0,0.00881,0.00618,False
5252,DYRK1A,1,0.0,0.0077,0.0,0.01107,0.00618,False
5253,G6PC2,1,0.0,0.00934,0.0,0.00962,0.00617,False
5254,RBM28,1,0.0,0.0092,0.0,0.00971,0.00616,False
5255,GATM,1,0.0,0.0079,0.0,0.0108,0.00615,False
5256,CEBPZ,1,0.0,0.00974,0.0,0.00919,0.00614,False
5257,AGO3,1,0.0,0.00963,0.0,0.0093,0.00614,False
5258,GNG7,1,0.0,0.00861,0.0,0.01016,0.00614,False
5259,LCOR,1,0.0,0.00874,0.0,0.01003,0.00613,False
5260,AKAP7,1,0.0,0.00837,0.0,0.01035,0.00613,False
5261,FABP4,1,0.0,0.01017,0.0,0.00874,0.00611,False
5262,NOS3,1,0.0,0.00783,0.0,0.01075,0.00611,False
5263,TMEM175,1,0.0,0.00988,0.0,0.00899,0.00611,False
5264,HSPD1,1,0.0,0.00738,0.0,0.01109,0.0061,False
5265,PPP6R2,1,0.0,0.00713,0.0,0.01129,0.00609,False
5266,ATE1,1,0.0,0.0081,0.0,0.01047,0.00609,False
5267,NGF,1,0.0,0.00831,0.0,0.01027,0.00609,False
5268,BCCIP,1,0.0,0.00736,0.0,0.01109,0.00609,False
5269,CIZ1,1,0.0,0.00736,0.0,0.01109,0.00609,False
5270,RGS7BP,1,0.0,0.00808,0.0,0.01046,0.00608,False
5271,FAF1,1,0.0,0.00691,0.0,0.01146,0.00608,False
5272,THRA,1,0.0,0.00863,0.0,0.00995,0.00607,False
5273,NCOA5,1,0.0,0.00797,0.0,0.01051,0.00607,False
5274,CD14,1,0.0,0.00732,0.0,0.01105,0.00606,False
5275,SGPL1,1,0.0,0.00678,0.0,0.01151,0.00606,False
5276,IL1RN,1,0.0,0.00688,0.0,0.01141,0.00606,False
5277,ABI1,1,0.0,0.00951,0.0,0.00914,0.00605,False
5278,PLCD4,1,0.0,0.00976,0.0,0.00893,0.00605,False
5279,RETN,1,0.0,0.00729,0.0,0.01103,0.00605,False
5280,ADAMTS13,1,0.0,0.00859,0.0,0.00991,0.00605,False
5281,SMYD1,1,0.0,0.00619,0.0,0.01199,0.00605,False
5282,HERC6,1,0.0,0.00854,0.0,0.00995,0.00604,False
5283,TCF4,1,0.0,0.00849,0.0,0.00996,0.00603,False
5284,PLA2G4F,1,0.0,0.0102,0.0,0.0085,0.00603,False
5285,FXN,1,0.0,0.00911,0.0,0.0094,0.00602,False
5286,GNAZ,1,0.0,0.00648,0.0,0.01164,0.00602,False
5287,GCKR,1,0.0,0.00905,0.0,0.00944,0.00602,False
5288,UCP1,1,0.0,0.00997,0.0,0.00864,0.00601,False
5289,PLA2G12A,1,0.0,0.01015,0.0,0.00847,0.00601,False
5290,AP1S3,1,0.0,0.00936,0.0,0.00915,0.00601,False
5291,G6PC3,1,0.0,0.00835,0.0,0.01003,0.00601,False
5292,CNIH2,1,0.0,0.00853,0.0,0.00986,0.00601,False
5293,SIKE1,1,0.0,0.00698,0.0,0.01119,0.00601,False
5294,PLEKHA1,1,0.0,0.0085,0.0,0.00985,0.006,False
5295,CD1B,1,0.0,0.00639,0.0,0.01166,0.006,False
5296,MMP10,1,0.0,0.00876,0.0,0.00964,0.006,False
5297,UCP2,1,0.0,0.00995,0.0,0.00862,0.006,False
5298,CLEC11A,1,0.0,0.00656,0.0,0.01151,0.006,False
5299,MS4A7,1,0.0,0.00684,0.0,0.01126,0.00599,False
5300,AZI2,1,0.0,0.00694,0.0,0.01115,0.00598,False
5301,KLF4,1,0.0,0.01021,0.0,0.00833,0.00598,False
5302,NUP50,1,0.0,0.00854,0.0,0.00977,0.00598,False
5303,DDX56,1,0.0,0.00939,0.0,0.009,0.00597,False
5304,PUM3,1,0.0,0.00939,0.0,0.009,0.00597,False
5305,CBLC,1,0.0,0.0069,0.0,0.01115,0.00597,False
5306,SLC2A4,1,0.0,0.00986,0.0,0.00858,0.00596,False
5307,ATP6V1G3,1,0.0,0.00809,0.0,0.01006,0.00595,False
5308,MOGAT1,1,0.0,0.00956,0.0,0.00882,0.00595,False
5309,FGL2,1,0.0,0.00662,0.0,0.01132,0.00595,False
5310,PHLDA2,1,0.0,0.00715,0.0,0.01088,0.00595,False
5311,MACF1,1,0.0,0.00952,0.0,0.0088,0.00594,False
5312,CPT1C,1,0.0,0.00981,0.0,0.00855,0.00594,False
5313,XAF1,1,0.0,0.00849,0.0,0.00968,0.00594,False
5314,IL17C,1,0.0,0.00618,0.0,0.01168,0.00594,False
5315,CD93,1,0.0,0.00732,0.0,0.01068,0.00593,False
5316,IBTK,1,0.0,0.00629,0.0,0.0115,0.00591,False
5317,PNLIP,1,0.0,0.00946,0.0,0.00877,0.00591,False
5318,ELOB,1,0.0,0.00692,0.0,0.01097,0.00591,False
5319,QTRT1,1,0.0,0.00878,0.0,0.00936,0.00591,False
5320,TBKBP1,1,0.0,0.00678,0.0,0.01103,0.0059,False
5321,AGMO,1,0.0,0.00881,0.0,0.0093,0.0059,False
5322,VPS41,1,0.0,0.00913,0.0,0.00901,0.00589,False
5323,SH2B2,1,0.0,0.00675,0.0,0.01103,0.00589,False
5324,IFNA4,1,0.0,0.00745,0.0,0.01045,0.00589,False
5325,PTPN13,1,0.0,0.00659,0.0,0.01119,0.00589,False
5326,CD200,1,0.0,0.00668,0.0,0.01111,0.00589,False
5327,NPR1,1,0.0,0.00888,0.0,0.00919,0.00588,False
5328,RTN4,1,0.0,0.00647,0.0,0.01124,0.00588,False
5329,CMPK2,1,0.0,0.00822,0.0,0.00974,0.00587,False
5330,ERN1,1,0.0,0.00958,0.0,0.00856,0.00587,False
5331,GLRX5,1,0.0,0.0088,0.0,0.00921,0.00587,False
5332,MZB1,1,0.0,0.00661,0.0,0.01108,0.00586,False
5333,CRABP2,1,0.0,0.00965,0.0,0.00847,0.00586,False
5334,RARS1,1,0.0,0.00963,0.0,0.00846,0.00585,False
5335,ASIC3,1,0.0,0.00787,0.0,0.00997,0.00585,False
5336,HGD,1,0.0,0.00953,0.0,0.00855,0.00585,False
5337,PGRMC1,1,0.0,0.00696,0.0,0.01072,0.00584,False
5338,IFNA13,1,0.0,0.00735,0.0,0.01038,0.00584,False
5339,IFNA14,1,0.0,0.00736,0.0,0.01039,0.00584,False
5340,IFNA10,1,0.0,0.00736,0.0,0.01039,0.00584,False
5341,AIF1,1,0.0,0.00715,0.0,0.01056,0.00584,False
5342,CUL2,1,0.0,0.00678,0.0,0.01086,0.00583,False
5343,ALG2,1,0.0,0.00836,0.0,0.00949,0.00583,False
5344,BOLA1,1,0.0,0.00873,0.0,0.00917,0.00583,False
5345,ISCA2,1,0.0,0.00871,0.0,0.00916,0.00582,False
5346,ZNF398,1,0.0,0.00929,0.0,0.00867,0.00582,False
5347,DCSTAMP,1,0.0,0.0079,0.0,0.00986,0.00582,False
5348,ARL4A,1,0.0,0.00929,0.0,0.00867,0.00582,False
5349,DEFB4A,1,0.0,0.00675,0.0,0.01082,0.00581,False
5350,CACNG8,1,0.0,0.00813,0.0,0.0096,0.0058,False
5351,H2BC21,1,0.0,0.00837,0.0,0.00941,0.0058,False
5352,IL20RB,1,0.0,0.0055,0.0,0.01183,0.00579,False
5353,EDN1,1,0.0,0.00795,0.0,0.00972,0.00579,False
5354,IL20RA,1,0.0,0.0055,0.0,0.01183,0.00579,False
5355,DEFB1,1,0.0,0.00671,0.0,0.01079,0.00579,False
5356,CACNB2,1,0.0,0.00573,0.0,0.01163,0.00579,False
5357,NR2E1,1,0.0,0.00833,0.0,0.00938,0.00578,False
5358,PELI1,1,0.0,0.00615,0.0,0.01124,0.00578,False
5359,NDEL1,1,0.0,0.00814,0.0,0.00954,0.00578,False
5360,ISCA1,1,0.0,0.00864,0.0,0.00912,0.00578,False
5361,IFNA6,1,0.0,0.00723,0.0,0.01029,0.00577,False
5362,ACADM,1,0.0,0.00711,0.0,0.01038,0.00577,False
5363,PELI3,1,0.0,0.00614,0.0,0.01123,0.00577,False
5364,PELI2,1,0.0,0.00613,0.0,0.01122,0.00576,False
5365,IFNA21,1,0.0,0.0072,0.0,0.01027,0.00576,False
5366,IFNA16,1,0.0,0.0072,0.0,0.01027,0.00576,False
5367,H2AC18,1,0.0,0.00829,0.0,0.00936,0.00576,False
5368,IFNA7,1,0.0,0.0072,0.0,0.01027,0.00576,False
5369,BCORL1,1,0.0,0.00829,0.0,0.00936,0.00576,False
5370,CXCL16,1,0.0,0.00666,0.0,0.01075,0.00576,False
5371,TBPL2,1,0.0,0.00796,0.0,0.00965,0.00576,False
5372,SH3BP5,1,0.0,0.00603,0.0,0.01127,0.00575,False
5373,CUL5,1,0.0,0.00664,0.0,0.01075,0.00575,False
5374,SLC15A3,1,0.0,0.00701,0.0,0.0104,0.00574,False
5375,H2AC20,1,0.0,0.00825,0.0,0.00933,0.00574,False
5376,CDX2,1,0.0,0.00791,0.0,0.00961,0.00574,False
5377,IL31,1,0.0,0.00558,0.0,0.01163,0.00574,False
5378,USP21,1,0.0,0.00621,0.0,0.01109,0.00574,False
5379,GUCY2D,1,0.0,0.00861,0.0,0.00902,0.00574,False
5380,IL31RA,1,0.0,0.00556,0.0,0.0116,0.00573,False
5381,POM121,1,0.0,0.00804,0.0,0.00946,0.00572,False
5382,MAP3K8,1,0.0,0.00577,0.0,0.01138,0.00571,False
5383,CACNG6,1,0.0,0.00659,0.0,0.01068,0.00571,False
5384,GUCY2F,1,0.0,0.00855,0.0,0.00899,0.00571,False
5385,IL17B,1,0.0,0.0058,0.0,0.01134,0.00571,False
5386,CSNK2B,1,0.0,0.00624,0.0,0.01096,0.00571,False
5387,SPSB2,1,0.0,0.00711,0.0,0.01022,0.00571,False
5388,FOXO4,1,0.0,0.00632,0.0,0.01088,0.0057,False
5389,SURF4,1,0.0,0.00737,0.0,0.00996,0.0057,False
5390,CDCP1,1,0.0,0.00694,0.0,0.01035,0.0057,False
5391,LCN2,1,0.0,0.0058,0.0,0.01133,0.0057,False
5392,AKAP12,1,0.0,0.00755,0.0,0.00979,0.00569,False
5393,ERC1,1,0.0,0.00607,0.0,0.01104,0.00569,False
5394,DAOA,1,0.0,0.00736,0.0,0.00995,0.00569,False
5395,OSCAR,1,0.0,0.00764,0.0,0.00968,0.00568,False
5396,MRPS22,1,0.0,0.00737,0.0,0.00991,0.00568,False
5397,IYD,1,0.0,0.00842,0.0,0.00899,0.00567,False
5398,NOL9,1,0.0,0.00877,0.0,0.00868,0.00567,False
5399,SH2D1A,1,0.0,0.00685,0.0,0.01028,0.00566,False
5400,PTGDR2,1,0.0,0.00771,0.0,0.00957,0.00566,False
5401,PPP1R1B,1,0.0,0.0079,0.0,0.00939,0.00566,False
5402,PPBP,1,0.0,0.0067,0.0,0.01039,0.00565,False
5403,XIAP,1,0.0,0.00571,0.0,0.01121,0.00564,False
5404,CXCL14,1,0.0,0.00668,0.0,0.01038,0.00564,False
5405,ABI2,1,0.0,0.00868,0.0,0.00867,0.00564,False
5406,TAB3,1,0.0,0.00597,0.0,0.01095,0.00563,False
5407,OLFM2,1,0.0,0.0078,0.0,0.00939,0.00563,False
5408,NFKBID,1,0.0,0.00586,0.0,0.01105,0.00563,False
5409,LSP1,1,0.0,0.00634,0.0,0.01067,0.00563,False
5410,SLC22A18,1,0.0,0.00658,0.0,0.01043,0.00563,False
5411,ADCY1,1,0.0,0.00783,0.0,0.00934,0.00562,False
5412,CD1E,1,0.0,0.00576,0.0,0.01111,0.00561,False
5413,COMMD1,1,0.0,0.00638,0.0,0.01054,0.0056,False
5414,CACNG5,1,0.0,0.00774,0.0,0.00936,0.0056,False
5415,FOLR2,1,0.0,0.00672,0.0,0.01023,0.0056,False
5416,TSC1,1,0.0,0.00592,0.0,0.01091,0.00559,False
5417,CNTN6,1,0.0,0.00673,0.0,0.01019,0.00559,False
5418,TSNAX,1,0.0,0.00758,0.0,0.00948,0.00559,False
5419,CUX1,1,0.0,0.00763,0.0,0.00943,0.00559,False
5420,LGALS9B,1,0.0,0.0056,0.0,0.01116,0.00559,False
5421,LGALS9C,1,0.0,0.0056,0.0,0.01116,0.00559,False
5422,TGFB1I1,1,0.0,0.00624,0.0,0.0106,0.00558,False
5423,MOGAT2,1,0.0,0.00817,0.0,0.00892,0.00557,False
5424,IL1RL1,1,0.0,0.00604,0.0,0.01072,0.00556,False
5425,KRT7,1,0.0,0.00788,0.0,0.00915,0.00556,False
5426,RGS7,1,0.0,0.00709,0.0,0.00976,0.00554,False
5427,NCKAP1,1,0.0,0.00846,0.0,0.00855,0.00553,False
5428,SMN1,1,0.0,0.00705,0.0,0.00974,0.00552,False
5429,TRIM8,1,0.0,0.00621,0.0,0.01041,0.00551,False
5430,CDK3,1,0.0,0.00637,0.0,0.01027,0.0055,False
5431,CCR4,1,0.0,0.00607,0.0,0.01052,0.0055,False
5432,APOD,1,0.0,0.00668,0.0,0.00997,0.00549,False
5433,CD5L,1,0.0,0.00532,0.0,0.01111,0.00548,False
5434,BMI1,1,0.0,0.00576,0.0,0.0107,0.00547,False
5435,ADCY2,1,0.0,0.00755,0.0,0.00916,0.00547,False
5436,MIB2,1,0.0,0.00605,0.0,0.01042,0.00546,False
5437,OTUD5,1,0.0,0.00513,0.0,0.01119,0.00546,False
5438,IL36RN,1,0.0,0.00585,0.0,0.01056,0.00545,False
5439,CXCR6,1,0.0,0.00597,0.0,0.01045,0.00545,False
5440,RANBP9,1,0.0,0.00596,0.0,0.01047,0.00545,False
5441,VTCN1,1,0.0,0.00535,0.0,0.01093,0.00543,False
5442,SELPLG,1,0.0,0.00446,0.0,0.01169,0.00543,False
5443,DGKZ,1,0.0,0.00705,0.0,0.00946,0.00543,False
5444,TRAF3IP3,1,0.0,0.00507,0.0,0.01114,0.00542,False
5445,CXCL3,1,0.0,0.0059,0.0,0.01039,0.00541,False
5446,PTPRJ,1,0.0,0.00566,0.0,0.01061,0.00541,False
5447,IFNL3,1,0.0,0.00484,0.0,0.01126,0.00539,False
5448,CALCRL,1,0.0,0.00658,0.0,0.00974,0.00538,False
5449,CD163,1,0.0,0.00647,0.0,0.00982,0.00538,False
5450,CD1A,1,0.0,0.00537,0.0,0.01077,0.00538,False
5451,EEF1G,1,0.0,0.00681,0.0,0.00951,0.00537,False
5452,PFDN1,1,0.0,0.00775,0.0,0.00871,0.00537,False
5453,PIAS3,1,0.0,0.00499,0.0,0.01098,0.00534,False
5454,FCAR,1,0.0,0.00553,0.0,0.01049,0.00533,False
5455,PSMB9,1,0.0,0.00593,0.0,0.01003,0.00529,False
5456,NME1,1,0.0,0.00733,0.0,0.00881,0.00528,False
5457,KCNK3,1,0.0,0.00405,0.0,0.0116,0.00528,False
5458,FFAR1,1,0.0,0.00568,0.0,0.01019,0.00527,False
5459,MAPK7,1,0.0,0.00501,0.0,0.01073,0.00526,False
5460,CCR10,1,0.0,0.00565,0.0,0.01018,0.00526,False
5461,NLRP3,1,0.0,0.00482,0.0,0.01086,0.00525,False
5462,CRLF2,1,0.0,0.00388,0.0,0.01167,0.00525,False
5463,RINT1,1,0.0,0.00658,0.0,0.00935,0.00525,False
5464,GHR,1,0.0,0.00471,0.0,0.01091,0.00523,False
5465,CLCF1,1,0.0,0.00469,0.0,0.01092,0.00523,False
5466,TRIM62,1,0.0,0.00541,0.0,0.01031,0.00523,False
5467,DPPA3,1,0.0,0.00492,0.0,0.01073,0.00523,False
5468,PHEX,1,0.0,0.01034,0.0,0.00606,0.00522,False
5469,EDN3,1,0.0,0.00683,0.0,0.00899,0.0052,False
5470,PRLR,1,0.0,0.00466,0.0,0.01087,0.0052,False
5471,JDP2,1,0.0,0.00495,0.0,0.01062,0.0052,False
5472,RNF181,1,0.0,0.00556,0.0,0.01002,0.00517,False
5473,IL20,1,0.0,0.00452,0.0,0.0109,0.00517,False
5474,CISH,1,0.0,0.00396,0.0,0.01137,0.00517,False
5475,RPS3A,1,0.0,0.00594,0.0,0.00964,0.00515,False
5476,TRAIP,1,0.0,0.00492,0.0,0.01051,0.00515,False
5477,ACKR3,1,0.0,0.00706,0.0,0.00864,0.00514,False
5478,EEF1B2,1,0.0,0.00728,0.0,0.00843,0.00513,False
5479,PCDH15,1,0.0,0.00439,0.0,0.01091,0.00513,False
5480,PFDN4,1,0.0,0.00726,0.0,0.00842,0.00513,False
5481,FFAR2,1,0.0,0.00543,0.0,0.00998,0.00512,False
5482,DNTT,1,0.0,0.00537,0.0,0.00993,0.00509,False
5483,IL17D,1,0.0,0.0048,0.0,0.01044,0.00509,False
5484,FEM1A,1,0.0,0.00585,0.0,0.00949,0.00508,False
5485,SPATA2,1,0.0,0.0039,0.0,0.01117,0.00508,False
5486,TRNT1,1,0.0,0.00641,0.0,0.00902,0.00508,False
5487,LSG1,1,0.0,0.00756,0.0,0.008,0.00507,False
5488,SDCBP2,1,0.0,0.00578,0.0,0.00948,0.00505,False
5489,CCL25,1,0.0,0.00543,0.0,0.00977,0.00505,False
5490,NUDCD1,1,0.0,0.00618,0.0,0.00913,0.00505,False
5491,METTL1,1,0.0,0.00991,0.0,0.00591,0.00504,False
5492,SLC44A4,1,0.0,0.00404,0.0,0.01083,0.005,False
5493,BAIAP2L2,1,0.0,0.00513,0.0,0.00988,0.005,False
5494,PPP4R1,1,0.0,0.00558,0.0,0.0095,0.005,False
5495,PILRA,1,0.0,0.00464,0.0,0.01025,0.00498,False
5496,MPPE1,1,0.0,0.00537,0.0,0.00951,0.00494,False
5497,GBP1,1,0.0,0.00527,0.0,0.00952,0.00491,False
5498,MRPL22,1,0.0,0.00681,0.0,0.00815,0.0049,False
5499,DNTTIP2,1,0.0,0.00529,0.0,0.00943,0.00489,False
5500,SYNRG,1,0.0,0.00496,0.0,0.00973,0.00489,False
5501,DXO,1,0.0,0.0053,0.0,0.0094,0.00488,False
5502,MT2A,1,0.0,0.00556,0.0,0.00915,0.00487,False
5503,AATF,1,0.0,0.00526,0.0,0.0094,0.00487,False
5504,DDX49,1,0.0,0.00531,0.0,0.00936,0.00487,False
5505,ENPEP,1,0.0,0.0054,0.0,0.00926,0.00486,False
5506,EPO,1,0.0,0.00405,0.0,0.01039,0.00485,False
5507,IL9R,1,0.0,0.00309,0.0,0.01118,0.00484,False
5508,SOCS5,1,0.0,0.0033,0.0,0.01101,0.00484,False
5509,PRR15L,1,0.0,0.00574,0.0,0.00882,0.00481,False
5510,NOL11,1,0.0,0.00518,0.0,0.00927,0.0048,False
5511,PPP6R3,1,0.0,0.00489,0.0,0.00949,0.00479,False
5512,PPIG,1,0.0,0.00931,0.0,0.0057,0.00479,False
5513,COX7C,1,0.0,0.00386,0.0,0.01034,0.00478,False
5514,COX6B1,1,0.0,0.00386,0.0,0.01034,0.00478,False
5515,SEC61B,1,0.0,0.00545,0.0,0.00899,0.00478,False
5516,COX6A2,1,0.0,0.00385,0.0,0.01033,0.00477,False
5517,UQCRHL,1,0.0,0.00385,0.0,0.01033,0.00477,False
5518,CD37,1,0.0,0.00429,0.0,0.00992,0.00476,False
5519,MRPS7,1,0.0,0.00655,0.0,0.00799,0.00476,False
5520,DEF6,1,0.0,0.00411,0.0,0.01007,0.00476,False
5521,ACER2,1,0.0,0.00413,0.0,0.01007,0.00476,False
5522,BET1,1,0.0,0.00535,0.0,0.00891,0.00472,False
5523,FAM160A2,1,0.0,0.00355,0.0,0.01033,0.00468,False
5524,FSTL1,1,0.0,0.00454,0.0,0.00934,0.00463,False
5525,CD68,1,0.0,0.00406,0.0,0.00961,0.00458,False
5526,CBX7,1,0.0,0.00487,0.0,0.00891,0.00458,False
5527,HMCN1,1,0.0,0.00474,0.0,0.00896,0.00456,False
5528,GYPC,1,0.0,0.00394,0.0,0.00963,0.00455,False
5529,PSMD10,1,0.0,0.00447,0.0,0.00914,0.00454,False
5530,BET1L,1,0.0,0.0047,0.0,0.00894,0.00454,False
5531,AKTIP,1,0.0,0.00331,0.0,0.01008,0.00452,False
5532,CDKN3,1,0.0,0.00463,0.0,0.00873,0.00444,False
5533,LGALS2,1,0.0,0.00253,0.0,0.01025,0.00435,False
5534,COX7A1,1,0.0,0.00241,0.0,0.01032,0.00434,False
5535,KL,1,0.0,0.00817,0.0,0.0053,0.0043,False
5536,ENSP00000293826,1,0.0,0.00218,0.0,0.0103,0.00426,False
5537,TRAF4,1,0.0,0.00336,0.0,0.00916,0.00421,False
5538,CES3,1,0.0,0.00264,0.0,0.00965,0.00417,False
5539,ECSIT,1,0.0,0.00167,0.0,0.00997,0.00399,False
5540,TMEM126B,1,0.0,0.00167,0.0,0.00997,0.00399,False
5541,ACAD9,1,0.0,0.00167,0.0,0.00997,0.00399,False
5542,NDUFAF4,1,0.0,0.00167,0.0,0.00997,0.00399,False
5543,DNAJA3,1,0.0,0.00141,0.0,0.00857,0.00342,False
5544,MT-ND6,1,0.0,0.0,0.0,0.00964,0.00337,False
